cell_id,law,state,rep_seed,z_shift_p,z_perm_p,z_tw_p,trend_p,gate_lrv_k,gate_mp_k
null_gaussian,gaussian,null,17000,0.910448,0.880597,0.817276,0.075699,0,0
null_gaussian,gaussian,null,17001,0.208955,0.064677,0.006645,0.296001,0,0
null_gaussian,gaussian,null,17002,0.741294,0.666667,0.9701,0.28931,0,0
null_gaussian,gaussian,null,17003,0.517413,0.641791,0.717608,0.213773,0,0
null_gaussian,gaussian,null,17004,0.199005,0.149254,0.461794,0.456374,1,0
null_gaussian,gaussian,null,17005,0.741294,0.736318,0.714286,0.302954,0,0
null_gaussian,gaussian,null,17006,0.542289,0.422886,0.976744,0.47813,0,0
null_gaussian,gaussian,null,17007,0.522388,0.651741,0.202658,0.942123,0,0
null_gaussian,gaussian,null,17008,0.666667,0.701493,0.066445,0.494747,0,0
null_gaussian,gaussian,null,17009,0.975124,0.835821,0.076412,0.005147,0,0
null_gaussian,gaussian,null,17010,0.039801,0.029851,0.913621,0.794337,0,0
null_gaussian,gaussian,null,17011,0.333333,0.477612,0.421927,0.795844,0,0
null_gaussian,gaussian,null,17012,0.686567,0.462687,0.348837,0.820163,0,0
null_gaussian,gaussian,null,17013,0.233831,0.199005,0.837209,0.32498,0,0
null_gaussian,gaussian,null,17014,0.810945,0.845771,0.853821,0.826896,0,0
null_gaussian,gaussian,null,17015,0.960199,0.985075,0.139535,0.877299,0,0
null_gaussian,gaussian,null,17016,0.80597,0.880597,0.076412,0.291042,0,0
null_gaussian,gaussian,null,17017,0.024876,0.089552,0.07309,0.711208,0,0
null_gaussian,gaussian,null,17018,0.273632,0.18408,0.126246,0.347332,0,0
null_gaussian,gaussian,null,17019,1.0,0.99005,0.850498,0.217327,0,0
null_gaussian,gaussian,null,17020,0.273632,0.303483,0.07309,0.401998,0,0
null_gaussian,gaussian,null,17021,0.323383,0.552239,0.498339,0.796276,0,0
null_gaussian,gaussian,null,17022,0.447761,0.253731,0.860465,0.628087,0,0
null_gaussian,gaussian,null,17023,0.094527,0.094527,0.950166,0.834319,0,0
null_gaussian,gaussian,null,17024,0.800995,0.81592,0.242525,0.970656,0,0
null_gaussian,gaussian,null,17025,0.393035,0.393035,0.710963,0.182178,0,0
null_gaussian,gaussian,null,17026,0.024876,0.0199,0.003322,0.04342,0,0
null_gaussian,gaussian,null,17027,0.472637,0.38806,0.611296,0.293098,0,0
null_gaussian,gaussian,null,17028,0.40796,0.507463,0.335548,0.269014,0,0
null_gaussian,gaussian,null,17029,0.318408,0.378109,0.837209,0.72275,0,0
null_gaussian,gaussian,null,17030,0.457711,0.542289,0.946844,0.036887,0,0
null_gaussian,gaussian,null,17031,0.258706,0.20398,0.787375,0.324186,0,0
null_gaussian,gaussian,null,17032,0.850746,0.935323,0.920266,0.932277,0,0
null_gaussian,gaussian,null,17033,0.134328,0.069652,0.119601,0.399356,4,0
null_gaussian,gaussian,null,17034,0.179104,0.189055,0.664452,0.592048,0,0
null_gaussian,gaussian,null,17035,0.731343,0.462687,0.611296,0.940703,0,0
null_gaussian,gaussian,null,17036,0.079602,0.049751,0.009967,0.660916,0,0
null_gaussian,gaussian,null,17037,0.024876,0.00995,0.302326,0.838054,0,0
null_gaussian,gaussian,null,17038,0.293532,0.218905,0.431894,0.460739,0,0
null_gaussian,gaussian,null,17039,0.154229,0.38806,0.873754,0.146288,0,0
null_gaussian,gaussian,null,17040,0.338308,0.597015,0.421927,0.882636,0,0
null_gaussian,gaussian,null,17041,0.751244,0.701493,0.664452,0.388812,0,0
null_gaussian,gaussian,null,17042,0.572139,0.666667,0.305648,0.972572,0,0
null_gaussian,gaussian,null,17043,0.089552,0.004975,0.697674,0.120808,0,0
null_gaussian,gaussian,null,17044,0.800995,0.527363,0.401993,0.388592,0,0
null_gaussian,gaussian,null,17045,0.626866,0.527363,0.920266,0.424321,0,0
null_gaussian,gaussian,null,17046,0.308458,0.124378,0.69103,0.29104,0,0
null_gaussian,gaussian,null,17047,0.21393,0.164179,0.023256,0.973404,0,0
null_gaussian,gaussian,null,17048,0.238806,0.313433,0.641196,0.006828,1,1
null_gaussian,gaussian,null,17049,0.776119,0.691542,0.023256,0.816159,0,0
null_gaussian,gaussian,null,17050,0.880597,0.860697,0.318937,0.555847,0,0
null_gaussian,gaussian,null,17051,0.059701,0.119403,0.421927,0.065855,0,0
null_gaussian,gaussian,null,17052,0.61194,0.771144,0.767442,0.410932,0,0
null_gaussian,gaussian,null,17053,0.726368,0.855721,0.644518,0.82121,0,0
null_gaussian,gaussian,null,17054,0.492537,0.606965,0.239203,0.179686,0,0
null_gaussian,gaussian,null,17055,0.139303,0.233831,0.930233,0.260265,0,0
null_gaussian,gaussian,null,17056,0.437811,0.557214,0.554817,0.358629,0,0
null_gaussian,gaussian,null,17057,0.00995,0.014925,0.664452,0.06203,0,0
null_gaussian,gaussian,null,17058,0.38806,0.562189,0.664452,0.214013,0,0
null_gaussian,gaussian,null,17059,0.666667,0.701493,0.289037,0.699599,0,0
null_gaussian,gaussian,null,17060,0.935323,0.985075,0.265781,0.672785,0,0
null_gaussian,gaussian,null,17061,0.945274,0.835821,0.265781,0.083906,0,0
null_gaussian,gaussian,null,17062,0.557214,0.641791,0.571429,0.938866,0,0
null_gaussian,gaussian,null,17063,0.358209,0.676617,0.714286,0.107431,0,0
null_gaussian,gaussian,null,17064,0.955224,0.975124,0.023256,0.516642,0,0
null_gaussian,gaussian,null,17065,0.064677,0.109453,0.704319,0.576548,0,0
null_gaussian,gaussian,null,17066,0.049751,0.024876,0.405316,0.948793,0,0
null_gaussian,gaussian,null,17067,0.656716,0.865672,0.644518,0.414434,0,0
null_gaussian,gaussian,null,17068,0.706468,0.567164,0.023256,0.438881,0,0
null_gaussian,gaussian,null,17069,0.074627,0.074627,0.086379,0.037952,0,0
null_gaussian,gaussian,null,17070,0.960199,0.950249,0.289037,0.200387,0,0
null_gaussian,gaussian,null,17071,0.373134,0.452736,0.405316,0.07836,0,0
null_gaussian,gaussian,null,17072,0.41791,0.457711,0.880399,0.914779,0,0
null_gaussian,gaussian,null,17073,0.174129,0.348259,0.784053,0.751966,0,0
null_gaussian,gaussian,null,17074,0.169154,0.024876,0.431894,0.896297,0,0
null_gaussian,gaussian,null,17075,0.044776,0.034826,0.358804,0.386182,0,0
null_gaussian,gaussian,null,17076,0.955224,0.950249,0.92691,0.131991,0,0
null_gaussian,gaussian,null,17077,0.054726,0.054726,0.398671,0.083308,0,0
null_gaussian,gaussian,null,17078,0.651741,0.527363,0.0299,0.549064,0,0
null_gaussian,gaussian,null,17079,0.263682,0.437811,0.647841,0.893002,0,0
null_gaussian,gaussian,null,17080,0.149254,0.064677,0.528239,0.230249,0,0
null_gaussian,gaussian,null,17081,0.422886,0.412935,0.475083,0.012764,0,0
null_gaussian,gaussian,null,17082,0.651741,0.766169,0.219269,0.11317,0,0
null_gaussian,gaussian,null,17083,0.422886,0.412935,0.767442,0.665614,0,0
null_gaussian,gaussian,null,17084,0.437811,0.273632,0.757475,0.125777,0,0
null_gaussian,gaussian,null,17085,0.323383,0.507463,0.33887,0.215539,0,0
null_gaussian,gaussian,null,17086,0.218905,0.154229,0.395349,0.968005,0,0
null_gaussian,gaussian,null,17087,0.59204,0.587065,0.837209,0.999292,1,0
null_gaussian,gaussian,null,17088,0.572139,0.58209,0.38206,0.07037,0,0
null_gaussian,gaussian,null,17089,0.781095,0.661692,0.754153,0.378781,0,0
null_gaussian,gaussian,null,17090,0.422886,0.616915,0.475083,0.495505,0,0
null_gaussian,gaussian,null,17091,0.537313,0.577114,0.239203,0.091423,0,0
null_gaussian,gaussian,null,17092,0.338308,0.40796,1.0,0.720734,0,0
null_gaussian,gaussian,null,17093,0.820896,0.825871,0.225914,0.532232,0,0
null_gaussian,gaussian,null,17094,0.134328,0.039801,0.787375,0.068887,0,0
null_gaussian,gaussian,null,17095,0.701493,0.756219,0.295681,0.652109,0,0
null_gaussian,gaussian,null,17096,0.383085,0.527363,0.07309,0.696636,0,0
null_gaussian,gaussian,null,17097,0.895522,0.820896,0.817276,0.007793,0,0
null_gaussian,gaussian,null,17098,0.78607,0.766169,0.139535,0.351323,0,0
null_gaussian,gaussian,null,17099,0.557214,0.651741,0.747508,0.992189,0,0
null_gaussian,gaussian,null,17100,0.855721,0.741294,0.445183,0.836153,0,0
null_gaussian,gaussian,null,17101,0.393035,0.447761,0.056478,0.428984,1,0
null_gaussian,gaussian,null,17102,0.756219,0.830846,0.053156,0.647999,0,0
null_gaussian,gaussian,null,17103,0.283582,0.41791,0.096346,0.813516,0,0
null_gaussian,gaussian,null,17104,0.840796,0.925373,0.664452,0.988041,0,0
null_gaussian,gaussian,null,17105,0.318408,0.119403,0.79402,0.519572,0,0
null_gaussian,gaussian,null,17106,0.552239,0.626866,0.900332,0.232014,0,0
null_gaussian,gaussian,null,17107,0.960199,0.955224,0.332226,0.298543,1,0
null_gaussian,gaussian,null,17108,0.427861,0.353234,0.225914,0.203149,0,0
null_gaussian,gaussian,null,17109,0.552239,0.537313,0.488372,0.81996,0,0
null_gaussian,gaussian,null,17110,0.616915,0.353234,0.17608,0.286071,0,0
null_gaussian,gaussian,null,17111,0.636816,0.636816,0.508306,0.166588,0,0
null_gaussian,gaussian,null,17112,0.074627,0.174129,0.285714,0.590324,0,0
null_gaussian,gaussian,null,17113,0.487562,0.412935,0.757475,0.999502,0,0
null_gaussian,gaussian,null,17114,0.174129,0.164179,0.551495,0.877248,0,0
null_gaussian,gaussian,null,17115,0.124378,0.20398,0.461794,0.973775,0,0
null_gaussian,gaussian,null,17116,0.965174,0.955224,0.787375,0.992292,0,0
null_gaussian,gaussian,null,17117,0.358209,0.656716,0.594684,0.704396,0,0
null_gaussian,gaussian,null,17118,0.572139,0.666667,0.109635,0.229601,0,0
null_gaussian,gaussian,null,17119,0.58209,0.666667,0.594684,0.069496,0,0
null_gaussian,gaussian,null,17120,0.134328,0.089552,0.976744,0.045825,0,0
null_gaussian,gaussian,null,17121,0.039801,0.0199,0.106312,0.966799,0,0
null_gaussian,gaussian,null,17122,0.676617,0.746269,0.358804,0.336387,0,0
null_gaussian,gaussian,null,17123,0.532338,0.741294,0.059801,0.510962,0,0
null_gaussian,gaussian,null,17124,0.512438,0.442786,0.953488,0.025093,0,0
null_gaussian,gaussian,null,17125,0.467662,0.393035,0.657807,0.38111,0,0
null_gaussian,gaussian,null,17126,0.681592,0.542289,0.677741,0.681213,0,0
null_gaussian,gaussian,null,17127,0.661692,0.766169,0.548173,0.597216,0,0
null_gaussian,gaussian,null,17128,0.597015,0.676617,0.096346,0.172334,0,0
null_gaussian,gaussian,null,17129,0.477612,0.482587,0.737542,0.637739,0,0
null_gaussian,gaussian,null,17130,0.39801,0.368159,0.664452,0.487812,0,0
null_gaussian,gaussian,null,17131,0.029851,0.0199,0.059801,0.291348,0,0
null_gaussian,gaussian,null,17132,0.079602,0.114428,0.395349,0.066524,0,0
null_gaussian,gaussian,null,17133,0.333333,0.223881,0.033223,0.089082,0,0
null_gaussian,gaussian,null,17134,0.825871,0.890547,0.677741,0.194163,0,0
null_gaussian,gaussian,null,17135,0.706468,0.791045,0.059801,0.958197,0,0
null_gaussian,gaussian,null,17136,0.253731,0.527363,0.418605,0.032337,0,0
null_gaussian,gaussian,null,17137,0.666667,0.542289,0.17608,0.83917,0,0
null_gaussian,gaussian,null,17138,0.80597,0.835821,0.318937,0.38234,0,0
null_gaussian,gaussian,null,17139,0.218905,0.079602,0.584718,0.20872,0,0
null_gaussian,gaussian,null,17140,0.900498,0.621891,0.787375,0.145917,0,0
null_gaussian,gaussian,null,17141,0.910448,0.845771,0.966777,0.126721,0,0
null_gaussian,gaussian,null,17142,0.935323,0.955224,0.883721,0.974411,0,0
null_gaussian,gaussian,null,17143,0.61194,0.537313,0.837209,0.252837,0,0
null_gaussian,gaussian,null,17144,0.910448,0.865672,0.41196,0.012729,0,0
null_gaussian,gaussian,null,17145,0.860697,0.79602,0.930233,0.935728,0,0
null_gaussian,gaussian,null,17146,0.721393,0.791045,0.734219,0.290008,0,0
null_gaussian,gaussian,null,17147,0.462687,0.199005,0.863787,0.159985,0,0
null_gaussian,gaussian,null,17148,0.20398,0.283582,0.700997,0.450221,0,0
null_gaussian,gaussian,null,17149,0.746269,0.835821,0.754153,0.267875,0,0
null_gaussian,gaussian,null,17150,0.109453,0.273632,0.458472,0.870458,0,0
null_gaussian,gaussian,null,17151,0.865672,0.840796,0.096346,0.487545,0,0
null_gaussian,gaussian,null,17152,0.487562,0.238806,0.913621,0.467144,0,0
null_gaussian,gaussian,null,17153,0.945274,0.955224,0.953488,0.227153,0,0
null_gaussian,gaussian,null,17154,0.940299,0.870647,0.431894,0.968177,0,0
null_gaussian,gaussian,null,17155,0.845771,0.875622,0.840532,0.392935,0,0
null_gaussian,gaussian,null,17156,0.353234,0.412935,0.980066,0.421992,0,0
null_gaussian,gaussian,null,17157,0.074627,0.119403,0.046512,0.073662,0,0
null_gaussian,gaussian,null,17158,0.641791,0.497512,0.667774,0.409429,0,0
null_gaussian,gaussian,null,17159,0.726368,0.427861,0.192691,0.370939,0,0
null_gaussian,gaussian,null,17160,0.721393,0.696517,0.026578,0.239846,0,0
null_gaussian,gaussian,null,17161,0.024876,0.014925,0.950166,0.320113,0,0
null_gaussian,gaussian,null,17162,0.910448,0.905473,0.993355,0.826861,0,0
null_gaussian,gaussian,null,17163,0.577114,0.328358,0.421927,0.12187,0,0
null_gaussian,gaussian,null,17164,0.940299,0.776119,0.335548,0.96568,0,0
null_gaussian,gaussian,null,17165,0.701493,0.696517,0.594684,0.57956,0,0
null_gaussian,gaussian,null,17166,0.427861,0.477612,0.116279,0.673088,0,0
null_gaussian,gaussian,null,17167,0.641791,0.771144,0.591362,0.917129,0,0
null_gaussian,gaussian,null,17168,0.089552,0.228856,0.199336,0.483852,0,0
null_gaussian,gaussian,null,17169,0.228856,0.169154,0.225914,0.289178,0,0
null_gaussian,gaussian,null,17170,0.616915,0.616915,0.986711,0.385961,0,0
null_gaussian,gaussian,null,17171,0.641791,0.721393,0.096346,0.886228,0,0
null_gaussian,gaussian,null,17172,0.855721,0.950249,0.644518,0.919116,0,0
null_gaussian,gaussian,null,17173,0.328358,0.164179,0.687708,0.32574,0,0
null_gaussian,gaussian,null,17174,0.363184,0.288557,0.421927,0.253219,0,0
null_gaussian,gaussian,null,17175,0.691542,0.482587,0.421927,0.172822,0,0
null_gaussian,gaussian,null,17176,0.711443,0.606965,0.046512,0.7164,0,0
null_gaussian,gaussian,null,17177,0.378109,0.606965,0.863787,0.601372,0,0
null_gaussian,gaussian,null,17178,1.0,0.9801,0.196013,0.449743,0,0
null_gaussian,gaussian,null,17179,0.089552,0.109453,0.574751,0.236259,0,0
null_gaussian,gaussian,null,17180,0.60199,0.646766,0.255814,0.948926,0,0
null_gaussian,gaussian,null,17181,0.756219,0.706468,0.906977,0.840419,0,0
null_gaussian,gaussian,null,17182,0.323383,0.348259,0.07309,0.64314,0,0
null_gaussian,gaussian,null,17183,0.189055,0.084577,0.664452,0.787708,0,0
null_gaussian,gaussian,null,17184,0.343284,0.487562,0.591362,0.403314,0,0
null_gaussian,gaussian,null,17185,0.800995,0.771144,0.059801,0.64604,0,0
null_gaussian,gaussian,null,17186,0.20398,0.174129,0.355482,0.293066,0,0
null_gaussian,gaussian,null,17187,0.223881,0.308458,0.448505,0.624404,0,0
null_gaussian,gaussian,null,17188,0.930348,0.910448,0.10299,0.647142,0,0
null_gaussian,gaussian,null,17189,0.860697,0.791045,0.840532,0.264727,0,0
null_gaussian,gaussian,null,17190,0.119403,0.243781,0.305648,0.17141,0,0
null_gaussian,gaussian,null,17191,0.338308,0.368159,0.598007,0.960487,0,0
null_gaussian,gaussian,null,17192,0.462687,0.597015,0.930233,0.36286,0,0
null_gaussian,gaussian,null,17193,0.41791,0.432836,0.431894,0.746992,0,0
null_gaussian,gaussian,null,17194,0.40796,0.532338,0.607973,0.777517,0,0
null_gaussian,gaussian,null,17195,0.089552,0.054726,0.644518,0.338662,0,0
null_gaussian,gaussian,null,17196,0.208955,0.298507,0.581395,0.118232,0,0
null_gaussian,gaussian,null,17197,0.154229,0.099502,0.07309,0.307732,0,0
null_gaussian,gaussian,null,17198,0.552239,0.502488,0.099668,0.18144,0,0
null_gaussian,gaussian,null,17199,0.746269,0.820896,0.797342,0.205095,0,0
null_gaussian,gaussian,null,17200,0.597015,0.368159,0.368771,0.741728,0,0
null_gaussian,gaussian,null,17201,0.930348,0.975124,0.215947,0.519824,0,0
null_gaussian,gaussian,null,17202,0.835821,0.915423,0.664452,0.218534,0,0
null_gaussian,gaussian,null,17203,0.706468,0.676617,0.591362,0.371965,0,0
null_gaussian,gaussian,null,17204,0.044776,0.024876,0.774086,0.249843,0,0
null_gaussian,gaussian,null,17205,0.169154,0.19403,0.863787,0.45398,0,0
null_gaussian,gaussian,null,17206,0.970149,0.955224,0.837209,0.238114,0,0
null_gaussian,gaussian,null,17207,0.288557,0.124378,0.787375,0.701756,0,0
null_gaussian,gaussian,null,17208,0.38806,0.278607,0.554817,0.208522,0,0
null_gaussian,gaussian,null,17209,0.233831,0.104478,0.657807,0.07669,0,0
null_gaussian,gaussian,null,17210,1.0,0.960199,0.45515,0.776076,0,0
null_gaussian,gaussian,null,17211,0.144279,0.169154,0.574751,0.492474,0,0
null_gaussian,gaussian,null,17212,0.527363,0.487562,0.840532,0.680591,0,0
null_gaussian,gaussian,null,17213,0.273632,0.393035,0.196013,0.444022,0,0
null_gaussian,gaussian,null,17214,0.895522,0.79602,0.372093,0.019814,0,0
null_gaussian,gaussian,null,17215,0.447761,0.452736,0.611296,0.823933,0,0
null_gaussian,gaussian,null,17216,0.810945,0.711443,0.903654,0.967105,0,0
null_gaussian,gaussian,null,17217,0.099502,0.084577,0.079734,0.654246,0,0
null_gaussian,gaussian,null,17218,0.119403,0.363184,0.644518,0.281255,0,0
null_gaussian,gaussian,null,17219,0.681592,0.691542,0.003322,0.797652,0,0
null_gaussian,gaussian,null,17220,0.935323,0.9801,0.152824,0.93888,0,0
null_gaussian,gaussian,null,17221,0.58209,0.537313,0.488372,0.2525,0,0
null_gaussian,gaussian,null,17222,0.621891,0.422886,0.013289,0.678192,0,0
null_gaussian,gaussian,null,17223,0.253731,0.38806,0.933555,0.824012,0,0
null_gaussian,gaussian,null,17224,0.457711,0.353234,0.737542,0.700977,0,0
null_gaussian,gaussian,null,17225,0.666667,0.606965,0.873754,0.193848,0,0
null_gaussian,gaussian,null,17226,0.970149,0.925373,0.431894,0.006962,0,0
null_gaussian,gaussian,null,17227,0.427861,0.313433,0.800664,0.861218,0,0
null_gaussian,gaussian,null,17228,0.069652,0.069652,0.79402,0.944964,0,0
null_gaussian,gaussian,null,17229,0.243781,0.273632,0.262458,0.952971,0,0
null_gaussian,gaussian,null,17230,0.422886,0.427861,0.700997,0.498495,0,0
null_gaussian,gaussian,null,17231,0.905473,0.890547,0.405316,0.353188,0,0
null_gaussian,gaussian,null,17232,0.940299,0.885572,0.936877,0.644434,0,0
null_gaussian,gaussian,null,17233,0.044776,0.159204,0.023256,0.932268,0,0
null_gaussian,gaussian,null,17234,0.233831,0.243781,0.215947,0.868521,0,0
null_gaussian,gaussian,null,17235,0.626866,0.79602,0.710963,0.331657,0,0
null_gaussian,gaussian,null,17236,0.328358,0.134328,0.697674,0.700927,0,0
null_gaussian,gaussian,null,17237,0.024876,0.014925,0.086379,0.724723,0,0
null_gaussian,gaussian,null,17238,0.686567,0.676617,0.853821,0.311911,0,0
null_gaussian,gaussian,null,17239,0.920398,0.900498,0.774086,0.481017,0,0
null_gaussian,gaussian,null,17240,0.731343,0.781095,0.860465,0.601668,0,0
null_gaussian,gaussian,null,17241,0.298507,0.547264,0.07309,0.521971,0,0
null_gaussian,gaussian,null,17242,0.00995,0.0199,0.754153,0.12205,0,0
null_gaussian,gaussian,null,17243,0.686567,0.606965,0.225914,0.025933,0,0
null_gaussian,gaussian,null,17244,0.597015,0.636816,0.548173,0.146862,0,0
null_gaussian,gaussian,null,17245,0.761194,0.800995,0.817276,0.515909,0,0
null_gaussian,gaussian,null,17246,0.80597,0.850746,0.820598,0.018908,0,0
null_gaussian,gaussian,null,17247,0.621891,0.716418,0.810631,0.194138,0,0
null_gaussian,gaussian,null,17248,0.756219,0.736318,0.262458,0.078282,0,0
null_gaussian,gaussian,null,17249,0.412935,0.467662,0.79402,0.577249,0,0
null_gaussian,gaussian,null,17250,0.114428,0.109453,0.651163,0.99382,0,0
null_gaussian,gaussian,null,17251,0.462687,0.507463,0.671096,0.32146,0,0
null_gaussian,gaussian,null,17252,0.706468,0.950249,0.481728,0.625739,0,0
null_gaussian,gaussian,null,17253,0.870647,0.61194,0.637874,0.942323,0,0
null_gaussian,gaussian,null,17254,0.094527,0.189055,0.850498,0.686179,0,0
null_gaussian,gaussian,null,17255,0.169154,0.18408,0.059801,0.89563,1,0
null_gaussian,gaussian,null,17256,0.457711,0.512438,0.431894,0.317789,3,0
null_gaussian,gaussian,null,17257,0.104478,0.054726,0.07309,0.249402,0,0
null_gaussian,gaussian,null,17258,0.716418,0.616915,0.405316,0.820635,0,0
null_gaussian,gaussian,null,17259,0.965174,0.955224,0.817276,0.106211,0,0
null_gaussian,gaussian,null,17260,1.0,0.99005,0.800664,0.594867,0,0
null_gaussian,gaussian,null,17261,0.268657,0.199005,0.239203,0.102519,0,0
null_gaussian,gaussian,null,17262,0.522388,0.641791,0.700997,0.177138,0,0
null_gaussian,gaussian,null,17263,0.154229,0.049751,0.524917,0.415005,0,0
null_gaussian,gaussian,null,17264,0.651741,0.567164,0.740864,0.975017,0,0
null_gaussian,gaussian,null,17265,0.686567,0.646766,0.710963,0.800635,0,0
null_gaussian,gaussian,null,17266,0.378109,0.18408,0.950166,0.921115,0,0
null_gaussian,gaussian,null,17267,0.273632,0.442786,0.634551,0.369227,0,0
null_gaussian,gaussian,null,17268,0.482587,0.328358,0.292359,0.341981,0,0
null_gaussian,gaussian,null,17269,0.716418,0.606965,0.521595,0.790821,2,0
null_gaussian,gaussian,null,17270,0.437811,0.477612,0.69103,0.979684,0,0
null_gaussian,gaussian,null,17271,0.164179,0.154229,0.518272,0.562861,0,0
null_gaussian,gaussian,null,17272,0.696517,0.517413,0.186047,0.707665,0,0
null_gaussian,gaussian,null,17273,0.721393,0.860697,0.89701,0.376025,0,0
null_gaussian,gaussian,null,17274,0.293532,0.283582,0.305648,0.477906,0,0
null_gaussian,gaussian,null,17275,0.273632,0.179104,0.332226,0.96204,0,0
null_gaussian,gaussian,null,17276,0.517413,0.577114,0.405316,0.109925,0,0
null_gaussian,gaussian,null,17277,0.318408,0.258706,0.345515,0.58049,0,0
null_gaussian,gaussian,null,17278,0.303483,0.218905,0.305648,0.241249,0,0
null_gaussian,gaussian,null,17279,0.771144,0.80597,0.023256,0.598488,1,0
null_gaussian,gaussian,null,17280,0.238806,0.218905,0.431894,0.527597,1,0
null_gaussian,gaussian,null,17281,0.303483,0.412935,0.810631,0.404519,0,0
null_gaussian,gaussian,null,17282,0.00995,0.004975,0.299003,0.872044,0,0
null_gaussian,gaussian,null,17283,0.512438,0.208955,0.667774,0.807674,0,0
null_gaussian,gaussian,null,17284,0.218905,0.074627,0.817276,0.054843,0,0
null_gaussian,gaussian,null,17285,0.855721,0.900498,0.186047,0.462642,0,0
null_gaussian,gaussian,null,17286,0.567164,0.656716,0.82392,0.923628,0,0
null_gaussian,gaussian,null,17287,0.179104,0.313433,0.627907,0.974262,0,0
null_gaussian,gaussian,null,17288,0.437811,0.273632,0.657807,0.64995,0,0
null_gaussian,gaussian,null,17289,0.59204,0.681592,0.219269,0.010468,0,0
null_gaussian,gaussian,null,17290,0.636816,0.791045,0.707641,0.36837,0,0
null_gaussian,gaussian,null,17291,0.134328,0.19403,0.644518,0.306452,0,0
null_gaussian,gaussian,null,17292,0.59204,0.432836,0.305648,0.437563,0,0
null_gaussian,gaussian,null,17293,0.074627,0.054726,0.126246,0.459148,0,0
null_gaussian,gaussian,null,17294,0.572139,0.661692,0.930233,0.697701,1,0
null_gaussian,gaussian,null,17295,0.606965,0.577114,0.086379,0.780795,0,0
null_gaussian,gaussian,null,17296,0.462687,0.402985,0.611296,0.381921,0,0
null_gaussian,gaussian,null,17297,0.731343,0.487562,0.813953,0.343375,0,0
null_gaussian,gaussian,null,17298,0.522388,0.701493,0.086379,0.509431,0,0
null_gaussian,gaussian,null,17299,0.452736,0.338308,0.76412,0.105108,0,0
spiked_gaussian,gaussian,spiked,17000,1.0,0.9801,0.51495,0.415973,0,0
spiked_gaussian,gaussian,spiked,17001,0.318408,0.283582,0.551495,0.715636,1,1
spiked_gaussian,gaussian,spiked,17002,0.378109,0.512438,0.657807,0.74503,0,0
spiked_gaussian,gaussian,spiked,17003,0.253731,0.263682,0.714286,0.407428,2,0
spiked_gaussian,gaussian,spiked,17004,0.472637,0.587065,0.046512,0.550342,1,1
spiked_gaussian,gaussian,spiked,17005,0.935323,0.9801,0.169435,0.872717,1,1
spiked_gaussian,gaussian,spiked,17006,0.870647,0.711443,0.086379,0.460089,0,0
spiked_gaussian,gaussian,spiked,17007,0.422886,0.373134,0.053156,0.680438,0,0
spiked_gaussian,gaussian,spiked,17008,0.656716,0.39801,0.478405,0.442277,1,1
spiked_gaussian,gaussian,spiked,17009,0.218905,0.149254,0.023256,0.94805,1,1
spiked_gaussian,gaussian,spiked,17010,0.512438,0.552239,0.242525,0.038287,1,0
spiked_gaussian,gaussian,spiked,17011,0.621891,0.721393,0.418605,0.271117,1,1
spiked_gaussian,gaussian,spiked,17012,0.114428,0.358209,0.305648,0.284744,0,0
spiked_gaussian,gaussian,spiked,17013,0.656716,0.731343,0.538206,0.887933,1,1
spiked_gaussian,gaussian,spiked,17014,0.900498,0.61194,0.76412,0.714019,1,1
spiked_gaussian,gaussian,spiked,17015,0.18408,0.124378,0.059801,0.05879,1,1
spiked_gaussian,gaussian,spiked,17016,0.378109,0.462687,0.202658,0.498911,1,1
spiked_gaussian,gaussian,spiked,17017,0.144279,0.174129,0.44186,0.732437,1,1
spiked_gaussian,gaussian,spiked,17018,0.38806,0.472637,0.976744,0.288106,1,1
spiked_gaussian,gaussian,spiked,17019,0.338308,0.238806,0.019934,0.891886,0,0
spiked_gaussian,gaussian,spiked,17020,0.179104,0.368159,0.006645,0.559857,1,1
spiked_gaussian,gaussian,spiked,17021,0.61194,0.348259,0.192691,0.935175,1,1
spiked_gaussian,gaussian,spiked,17022,0.761194,0.761194,0.289037,0.438089,1,1
spiked_gaussian,gaussian,spiked,17023,0.144279,0.253731,0.262458,0.591946,1,1
spiked_gaussian,gaussian,spiked,17024,0.278607,0.238806,0.139535,0.071886,1,1
spiked_gaussian,gaussian,spiked,17025,0.920398,0.910448,0.647841,0.475008,1,1
spiked_gaussian,gaussian,spiked,17026,0.840796,0.900498,0.275748,0.218509,1,1
spiked_gaussian,gaussian,spiked,17027,0.736318,0.751244,0.096346,0.463839,1,1
spiked_gaussian,gaussian,spiked,17028,0.771144,0.701493,0.053156,0.216236,1,1
spiked_gaussian,gaussian,spiked,17029,0.945274,0.9801,0.810631,0.151218,0,0
spiked_gaussian,gaussian,spiked,17030,0.174129,0.064677,0.056478,0.758693,0,0
spiked_gaussian,gaussian,spiked,17031,0.044776,0.024876,0.036545,0.65394,0,0
spiked_gaussian,gaussian,spiked,17032,0.517413,0.646766,0.169435,0.707108,1,1
spiked_gaussian,gaussian,spiked,17033,0.641791,0.502488,0.079734,0.782881,1,1
spiked_gaussian,gaussian,spiked,17034,0.223881,0.318408,0.637874,0.315101,1,1
spiked_gaussian,gaussian,spiked,17035,0.452736,0.671642,0.023256,0.254525,1,1
spiked_gaussian,gaussian,spiked,17036,0.41791,0.442786,0.265781,0.955007,1,1
spiked_gaussian,gaussian,spiked,17037,0.442786,0.482587,0.056478,0.106123,0,0
spiked_gaussian,gaussian,spiked,17038,0.835821,0.950249,0.737542,0.192002,1,0
spiked_gaussian,gaussian,spiked,17039,0.651741,0.587065,0.877076,0.125891,1,1
spiked_gaussian,gaussian,spiked,17040,0.766169,0.835821,0.677741,0.388937,0,0
spiked_gaussian,gaussian,spiked,17041,0.746269,0.552239,0.438538,0.378446,1,1
spiked_gaussian,gaussian,spiked,17042,0.149254,0.159204,0.099668,0.529633,0,0
spiked_gaussian,gaussian,spiked,17043,0.691542,0.686567,0.016611,0.919526,0,0
spiked_gaussian,gaussian,spiked,17044,0.164179,0.278607,0.528239,0.573058,1,1
spiked_gaussian,gaussian,spiked,17045,0.791045,0.825871,0.186047,0.892166,1,1
spiked_gaussian,gaussian,spiked,17046,0.721393,0.547264,0.33887,0.366917,1,1
spiked_gaussian,gaussian,spiked,17047,0.164179,0.164179,0.930233,0.032952,1,1
spiked_gaussian,gaussian,spiked,17048,0.303483,0.218905,0.169435,0.023189,3,3
spiked_gaussian,gaussian,spiked,17049,0.129353,0.228856,0.219269,0.844852,0,0
spiked_gaussian,gaussian,spiked,17050,0.507463,0.457711,0.45515,0.055476,0,0
spiked_gaussian,gaussian,spiked,17051,0.333333,0.298507,0.139535,0.983191,2,0
spiked_gaussian,gaussian,spiked,17052,0.960199,0.751244,0.41196,0.579531,1,1
spiked_gaussian,gaussian,spiked,17053,1.0,0.975124,0.039867,0.653714,1,0
spiked_gaussian,gaussian,spiked,17054,1.0,0.945274,0.664452,0.976717,1,1
spiked_gaussian,gaussian,spiked,17055,0.457711,0.40796,0.265781,0.9687,1,1
spiked_gaussian,gaussian,spiked,17056,0.079602,0.064677,0.365449,0.19641,1,1
spiked_gaussian,gaussian,spiked,17057,0.114428,0.154229,0.421927,0.586132,1,1
spiked_gaussian,gaussian,spiked,17058,0.850746,0.716418,0.059801,0.962828,1,0
spiked_gaussian,gaussian,spiked,17059,0.587065,0.378109,0.671096,0.919177,0,0
spiked_gaussian,gaussian,spiked,17060,0.19403,0.218905,0.355482,0.303794,0,0
spiked_gaussian,gaussian,spiked,17061,0.41791,0.666667,0.916944,0.984651,1,1
spiked_gaussian,gaussian,spiked,17062,0.542289,0.402985,0.219269,0.948166,0,0
spiked_gaussian,gaussian,spiked,17063,0.049751,0.089552,0.209302,0.517275,1,1
spiked_gaussian,gaussian,spiked,17064,0.810945,0.895522,0.023256,0.907478,1,1
spiked_gaussian,gaussian,spiked,17065,0.368159,0.298507,0.362126,0.995792,0,0
spiked_gaussian,gaussian,spiked,17066,0.293532,0.283582,0.106312,0.199658,0,0
spiked_gaussian,gaussian,spiked,17067,0.368159,0.258706,0.69103,0.842191,0,0
spiked_gaussian,gaussian,spiked,17068,0.263682,0.19403,0.023256,0.986497,1,1
spiked_gaussian,gaussian,spiked,17069,0.59204,0.61194,0.053156,0.209042,0,0
spiked_gaussian,gaussian,spiked,17070,0.865672,0.900498,0.006645,0.326987,1,1
spiked_gaussian,gaussian,spiked,17071,0.751244,0.79602,0.265781,0.317803,0,0
spiked_gaussian,gaussian,spiked,17072,0.835821,0.80597,0.0299,0.958167,1,1
spiked_gaussian,gaussian,spiked,17073,0.721393,0.666667,0.993355,0.482272,1,1
spiked_gaussian,gaussian,spiked,17074,0.014925,0.039801,0.421927,0.783407,1,1
spiked_gaussian,gaussian,spiked,17075,0.771144,0.646766,0.003322,0.770039,1,1
spiked_gaussian,gaussian,spiked,17076,0.567164,0.651741,0.737542,0.556647,1,1
spiked_gaussian,gaussian,spiked,17077,0.39801,0.228856,0.049834,0.163019,0,0
spiked_gaussian,gaussian,spiked,17078,0.169154,0.228856,0.232558,0.712478,1,1
spiked_gaussian,gaussian,spiked,17079,0.512438,0.21393,0.405316,0.467553,0,0
spiked_gaussian,gaussian,spiked,17080,0.457711,0.348259,0.089701,0.963324,0,0
spiked_gaussian,gaussian,spiked,17081,0.238806,0.278607,0.421927,0.554358,1,1
spiked_gaussian,gaussian,spiked,17082,0.054726,0.19403,0.76412,0.994683,0,0
spiked_gaussian,gaussian,spiked,17083,0.761194,0.731343,0.106312,0.130411,1,1
spiked_gaussian,gaussian,spiked,17084,0.721393,0.646766,0.853821,0.910585,0,0
spiked_gaussian,gaussian,spiked,17085,0.726368,0.746269,0.760797,0.462737,1,1
spiked_gaussian,gaussian,spiked,17086,0.731343,0.61194,0.239203,0.488163,0,0
spiked_gaussian,gaussian,spiked,17087,0.975124,0.930348,0.647841,0.332181,1,1
spiked_gaussian,gaussian,spiked,17088,0.189055,0.313433,0.255814,0.372861,0,1
spiked_gaussian,gaussian,spiked,17089,0.029851,0.034826,0.07309,0.094616,1,1
spiked_gaussian,gaussian,spiked,17090,0.437811,0.447761,0.940199,0.822349,1,0
spiked_gaussian,gaussian,spiked,17091,0.069652,0.069652,0.584718,0.168993,0,0
spiked_gaussian,gaussian,spiked,17092,0.865672,0.736318,0.51495,0.633051,1,0
spiked_gaussian,gaussian,spiked,17093,0.631841,0.547264,0.215947,0.299037,2,0
spiked_gaussian,gaussian,spiked,17094,0.467662,0.40796,0.272425,0.160004,1,1
spiked_gaussian,gaussian,spiked,17095,0.756219,0.691542,0.07309,0.126578,1,0
spiked_gaussian,gaussian,spiked,17096,0.597015,0.731343,0.259136,0.418242,0,0
spiked_gaussian,gaussian,spiked,17097,0.482587,0.497512,0.45515,0.546491,1,1
spiked_gaussian,gaussian,spiked,17098,0.731343,0.741294,0.654485,0.623079,0,0
spiked_gaussian,gaussian,spiked,17099,0.79602,0.646766,0.940199,0.420762,0,0
spiked_gaussian,gaussian,spiked,17100,0.78607,0.636816,0.757475,0.20858,0,0
spiked_gaussian,gaussian,spiked,17101,0.671642,0.721393,0.142857,0.003846,1,1
spiked_gaussian,gaussian,spiked,17102,0.870647,0.865672,0.006645,0.312076,1,1
spiked_gaussian,gaussian,spiked,17103,0.542289,0.61194,0.554817,0.537704,0,0
spiked_gaussian,gaussian,spiked,17104,0.482587,0.532338,0.189369,0.43074,1,1
spiked_gaussian,gaussian,spiked,17105,0.512438,0.61194,0.225914,0.373369,1,1
spiked_gaussian,gaussian,spiked,17106,0.641791,0.587065,0.644518,0.760036,1,1
spiked_gaussian,gaussian,spiked,17107,0.671642,0.606965,0.594684,0.117106,1,1
spiked_gaussian,gaussian,spiked,17108,0.810945,0.776119,0.790698,0.711622,1,0
spiked_gaussian,gaussian,spiked,17109,0.442786,0.60199,0.664452,0.797309,0,0
spiked_gaussian,gaussian,spiked,17110,0.139303,0.129353,0.524917,0.609118,1,0
spiked_gaussian,gaussian,spiked,17111,0.60199,0.532338,0.039867,0.940898,1,1
spiked_gaussian,gaussian,spiked,17112,0.38806,0.442786,0.431894,0.636488,0,0
spiked_gaussian,gaussian,spiked,17113,0.124378,0.074627,0.38206,0.189707,1,1
spiked_gaussian,gaussian,spiked,17114,0.850746,0.930348,0.504983,0.412771,0,0
spiked_gaussian,gaussian,spiked,17115,0.656716,0.671642,0.757475,0.381628,0,0
spiked_gaussian,gaussian,spiked,17116,0.995025,0.9801,0.607973,0.468565,1,1
spiked_gaussian,gaussian,spiked,17117,0.19403,0.18408,0.139535,0.058828,0,0
spiked_gaussian,gaussian,spiked,17118,0.547264,0.756219,0.554817,0.79991,0,0
spiked_gaussian,gaussian,spiked,17119,0.437811,0.467662,0.365449,0.564709,1,1
spiked_gaussian,gaussian,spiked,17120,0.975124,0.80597,0.039867,0.91112,1,0
spiked_gaussian,gaussian,spiked,17121,0.616915,0.761194,0.431894,0.468269,0,0
spiked_gaussian,gaussian,spiked,17122,0.358209,0.537313,0.27907,0.281339,1,1
spiked_gaussian,gaussian,spiked,17123,1.0,0.845771,0.92691,0.803203,1,1
spiked_gaussian,gaussian,spiked,17124,0.069652,0.069652,0.219269,0.360815,1,1
spiked_gaussian,gaussian,spiked,17125,0.616915,0.542289,0.255814,0.027134,0,0
spiked_gaussian,gaussian,spiked,17126,0.651741,0.502488,0.82392,0.228662,1,1
spiked_gaussian,gaussian,spiked,17127,0.61194,0.60199,0.774086,0.340358,0,0
spiked_gaussian,gaussian,spiked,17128,0.621891,0.696517,0.827243,0.909996,1,1
spiked_gaussian,gaussian,spiked,17129,0.18408,0.238806,0.647841,0.437311,1,1
spiked_gaussian,gaussian,spiked,17130,0.273632,0.283582,0.906977,0.854816,0,0
spiked_gaussian,gaussian,spiked,17131,0.771144,0.696517,0.554817,0.642061,1,1
spiked_gaussian,gaussian,spiked,17132,0.597015,0.60199,0.049834,0.94204,0,0
spiked_gaussian,gaussian,spiked,17133,0.502488,0.761194,0.578073,0.784036,1,1
spiked_gaussian,gaussian,spiked,17134,0.268657,0.154229,0.07309,0.742625,0,0
spiked_gaussian,gaussian,spiked,17135,0.915423,0.820896,0.644518,0.392288,1,1
spiked_gaussian,gaussian,spiked,17136,0.412935,0.293532,0.883721,0.434817,1,1
spiked_gaussian,gaussian,spiked,17137,0.20398,0.412935,0.169435,0.477194,3,0
spiked_gaussian,gaussian,spiked,17138,0.950249,0.830846,0.33887,0.931039,1,1
spiked_gaussian,gaussian,spiked,17139,0.104478,0.149254,0.172757,0.308399,1,0
spiked_gaussian,gaussian,spiked,17140,0.507463,0.313433,0.358804,0.11021,1,1
spiked_gaussian,gaussian,spiked,17141,0.716418,0.606965,0.358804,0.421609,1,1
spiked_gaussian,gaussian,spiked,17142,0.492537,0.681592,0.0299,0.316024,1,1
spiked_gaussian,gaussian,spiked,17143,0.572139,0.542289,0.076412,0.080961,0,0
spiked_gaussian,gaussian,spiked,17144,0.621891,0.587065,0.305648,0.732279,1,1
spiked_gaussian,gaussian,spiked,17145,0.159204,0.069652,0.106312,0.477524,0,0
spiked_gaussian,gaussian,spiked,17146,0.447761,0.233831,0.431894,0.373482,0,0
spiked_gaussian,gaussian,spiked,17147,0.199005,0.094527,0.07309,0.661399,0,0
spiked_gaussian,gaussian,spiked,17148,0.711443,0.78607,0.009967,0.797308,1,1
spiked_gaussian,gaussian,spiked,17149,0.711443,0.412935,0.305648,0.92239,2,0
spiked_gaussian,gaussian,spiked,17150,0.681592,0.572139,0.059801,0.839992,1,1
spiked_gaussian,gaussian,spiked,17151,0.597015,0.308458,0.461794,0.123351,0,0
spiked_gaussian,gaussian,spiked,17152,0.885572,0.905473,0.023256,0.54616,0,0
spiked_gaussian,gaussian,spiked,17153,0.074627,0.164179,0.27907,0.218722,1,1
spiked_gaussian,gaussian,spiked,17154,0.507463,0.502488,0.810631,0.337715,0,0
spiked_gaussian,gaussian,spiked,17155,0.681592,0.58209,0.066445,0.352662,1,1
spiked_gaussian,gaussian,spiked,17156,0.810945,0.880597,0.421927,0.364438,1,1
spiked_gaussian,gaussian,spiked,17157,0.870647,0.855721,0.810631,0.27338,1,1
spiked_gaussian,gaussian,spiked,17158,0.616915,0.696517,0.023256,0.188079,1,1
spiked_gaussian,gaussian,spiked,17159,0.313433,0.20398,0.169435,0.23309,0,0
spiked_gaussian,gaussian,spiked,17160,0.39801,0.353234,0.049834,0.037068,1,1
spiked_gaussian,gaussian,spiked,17161,0.930348,0.825871,0.305648,0.233674,1,1
spiked_gaussian,gaussian,spiked,17162,0.507463,0.18408,0.139535,0.440972,1,1
spiked_gaussian,gaussian,spiked,17163,0.422886,0.477612,0.358804,0.316821,1,1
spiked_gaussian,gaussian,spiked,17164,0.79602,0.656716,0.096346,0.56848,1,1
spiked_gaussian,gaussian,spiked,17165,0.452736,0.626866,0.481728,0.80045,1,1
spiked_gaussian,gaussian,spiked,17166,0.432836,0.487562,0.076412,0.796809,1,1
spiked_gaussian,gaussian,spiked,17167,0.502488,0.552239,0.006645,0.014023,1,1
spiked_gaussian,gaussian,spiked,17168,0.731343,0.666667,0.07309,0.599242,0,0
spiked_gaussian,gaussian,spiked,17169,0.61194,0.572139,0.395349,0.159784,1,1
spiked_gaussian,gaussian,spiked,17170,0.800995,0.766169,0.554817,0.614389,2,0
spiked_gaussian,gaussian,spiked,17171,0.865672,0.840796,0.262458,0.123755,0,0
spiked_gaussian,gaussian,spiked,17172,0.199005,0.094527,0.837209,0.228354,1,1
spiked_gaussian,gaussian,spiked,17173,0.263682,0.139303,0.046512,0.764058,1,1
spiked_gaussian,gaussian,spiked,17174,0.333333,0.422886,0.265781,0.68929,1,0
spiked_gaussian,gaussian,spiked,17175,0.094527,0.099502,0.07309,0.381671,0,0
spiked_gaussian,gaussian,spiked,17176,0.751244,0.791045,0.807309,0.375854,1,0
spiked_gaussian,gaussian,spiked,17177,0.691542,0.562189,0.554817,0.538813,1,0
spiked_gaussian,gaussian,spiked,17178,0.810945,0.920398,0.431894,0.818729,1,1
spiked_gaussian,gaussian,spiked,17179,1.0,0.995025,0.820598,0.105997,0,0
spiked_gaussian,gaussian,spiked,17180,0.457711,0.373134,0.936877,0.164998,0,0
spiked_gaussian,gaussian,spiked,17181,0.691542,0.661692,0.69103,0.835764,0,0
spiked_gaussian,gaussian,spiked,17182,0.587065,0.830846,0.006645,0.708563,1,1
spiked_gaussian,gaussian,spiked,17183,0.895522,0.905473,0.106312,0.057784,0,0
spiked_gaussian,gaussian,spiked,17184,0.348259,0.268657,0.435216,0.5002,1,1
spiked_gaussian,gaussian,spiked,17185,0.074627,0.139303,0.272425,0.807899,2,0
spiked_gaussian,gaussian,spiked,17186,0.61194,0.562189,0.554817,0.222321,0,0
spiked_gaussian,gaussian,spiked,17187,0.736318,0.766169,0.225914,0.504066,2,0
spiked_gaussian,gaussian,spiked,17188,0.034826,0.159204,0.581395,0.95389,0,0
spiked_gaussian,gaussian,spiked,17189,0.074627,0.049751,0.571429,0.321129,0,0
spiked_gaussian,gaussian,spiked,17190,0.502488,0.378109,0.654485,0.102838,0,0
spiked_gaussian,gaussian,spiked,17191,0.179104,0.159204,0.478405,0.306662,1,1
spiked_gaussian,gaussian,spiked,17192,0.432836,0.348259,0.634551,0.721471,1,1
spiked_gaussian,gaussian,spiked,17193,0.860697,0.885572,0.016611,0.096605,1,1
spiked_gaussian,gaussian,spiked,17194,0.656716,0.497512,0.431894,0.106304,1,1
spiked_gaussian,gaussian,spiked,17195,0.631841,0.736318,0.880399,0.693454,0,0
spiked_gaussian,gaussian,spiked,17196,0.099502,0.154229,0.737542,0.146161,1,1
spiked_gaussian,gaussian,spiked,17197,0.671642,0.59204,0.554817,0.694431,1,1
spiked_gaussian,gaussian,spiked,17198,0.945274,0.985075,0.109635,0.74303,1,1
spiked_gaussian,gaussian,spiked,17199,0.21393,0.283582,0.438538,0.243323,0,0
spiked_gaussian,gaussian,spiked,17200,0.139303,0.149254,0.299003,0.179013,0,0
spiked_gaussian,gaussian,spiked,17201,0.363184,0.412935,0.362126,0.516989,1,1
spiked_gaussian,gaussian,spiked,17202,0.850746,0.865672,0.215947,0.813547,0,0
spiked_gaussian,gaussian,spiked,17203,0.18408,0.20398,0.066445,0.706236,0,0
spiked_gaussian,gaussian,spiked,17204,0.915423,0.935323,0.45515,0.750356,1,1
spiked_gaussian,gaussian,spiked,17205,0.890547,0.905473,0.0299,0.069376,0,0
spiked_gaussian,gaussian,spiked,17206,0.164179,0.18408,0.740864,0.45905,1,1
spiked_gaussian,gaussian,spiked,17207,0.373134,0.333333,0.45515,0.970521,1,1
spiked_gaussian,gaussian,spiked,17208,0.089552,0.134328,0.916944,0.563259,1,1
spiked_gaussian,gaussian,spiked,17209,0.159204,0.313433,0.734219,0.938219,1,1
spiked_gaussian,gaussian,spiked,17210,0.353234,0.676617,0.421927,0.59831,1,1
spiked_gaussian,gaussian,spiked,17211,0.825871,0.880597,0.222591,0.186965,1,1
spiked_gaussian,gaussian,spiked,17212,0.562189,0.850746,0.495017,0.452464,1,1
spiked_gaussian,gaussian,spiked,17213,0.995025,0.870647,0.734219,0.170543,0,0
spiked_gaussian,gaussian,spiked,17214,0.731343,0.800995,0.667774,0.05541,1,1
spiked_gaussian,gaussian,spiked,17215,0.820896,0.696517,0.026578,0.767142,0,0
spiked_gaussian,gaussian,spiked,17216,0.054726,0.029851,0.358804,0.012522,1,1
spiked_gaussian,gaussian,spiked,17217,0.925373,0.820896,0.27907,0.32422,0,0
spiked_gaussian,gaussian,spiked,17218,0.447761,0.378109,0.106312,0.858663,0,0
spiked_gaussian,gaussian,spiked,17219,0.925373,0.955224,0.754153,0.04328,1,1
spiked_gaussian,gaussian,spiked,17220,0.885572,0.925373,0.089701,0.285924,0,0
spiked_gaussian,gaussian,spiked,17221,0.029851,0.029851,0.654485,0.037899,1,1
spiked_gaussian,gaussian,spiked,17222,0.258706,0.318408,0.013289,0.93508,1,1
spiked_gaussian,gaussian,spiked,17223,0.761194,0.860697,0.009967,0.77863,1,1
spiked_gaussian,gaussian,spiked,17224,0.059701,0.079602,0.013289,0.144415,0,0
spiked_gaussian,gaussian,spiked,17225,0.084577,0.064677,0.837209,0.688827,1,1
spiked_gaussian,gaussian,spiked,17226,0.477612,0.318408,0.405316,0.738234,0,0
spiked_gaussian,gaussian,spiked,17227,0.930348,0.955224,0.086379,0.583096,0,0
spiked_gaussian,gaussian,spiked,17228,0.149254,0.40796,0.421927,0.859848,1,0
spiked_gaussian,gaussian,spiked,17229,0.378109,0.442786,0.006645,0.057259,1,1
spiked_gaussian,gaussian,spiked,17230,0.18408,0.189055,0.478405,0.379128,0,1
spiked_gaussian,gaussian,spiked,17231,0.646766,0.701493,0.07309,0.549222,1,1
spiked_gaussian,gaussian,spiked,17232,0.094527,0.099502,0.554817,0.763694,1,1
spiked_gaussian,gaussian,spiked,17233,0.731343,0.512438,0.448505,0.347157,2,0
spiked_gaussian,gaussian,spiked,17234,0.666667,0.532338,0.179402,0.573714,1,1
spiked_gaussian,gaussian,spiked,17235,0.726368,0.577114,0.242525,0.527336,0,0
spiked_gaussian,gaussian,spiked,17236,0.144279,0.174129,0.504983,0.460738,1,1
spiked_gaussian,gaussian,spiked,17237,0.940299,0.855721,0.448505,0.508574,1,0
spiked_gaussian,gaussian,spiked,17238,0.059701,0.159204,0.408638,0.827027,0,1
spiked_gaussian,gaussian,spiked,17239,0.81592,0.791045,0.335548,0.70515,1,1
spiked_gaussian,gaussian,spiked,17240,0.532338,0.59204,0.747508,0.083714,1,1
spiked_gaussian,gaussian,spiked,17241,0.616915,0.701493,0.421927,0.501026,1,1
spiked_gaussian,gaussian,spiked,17242,0.900498,0.741294,0.747508,0.042666,0,0
spiked_gaussian,gaussian,spiked,17243,0.81592,0.676617,0.41196,0.893975,0,0
spiked_gaussian,gaussian,spiked,17244,0.442786,0.393035,0.737542,0.849024,0,0
spiked_gaussian,gaussian,spiked,17245,0.641791,0.791045,0.299003,0.885435,1,1
spiked_gaussian,gaussian,spiked,17246,0.179104,0.159204,0.089701,0.329258,1,1
spiked_gaussian,gaussian,spiked,17247,0.572139,0.58209,0.265781,0.714472,1,1
spiked_gaussian,gaussian,spiked,17248,0.104478,0.084577,0.0299,0.802848,1,0
spiked_gaussian,gaussian,spiked,17249,0.825871,0.885572,0.631229,0.834939,0,0
spiked_gaussian,gaussian,spiked,17250,0.238806,0.223881,0.76412,0.49119,0,0
spiked_gaussian,gaussian,spiked,17251,0.567164,0.557214,0.754153,0.50125,1,1
spiked_gaussian,gaussian,spiked,17252,0.995025,0.950249,0.07309,0.193485,0,0
spiked_gaussian,gaussian,spiked,17253,0.751244,0.885572,0.019934,0.627987,1,1
spiked_gaussian,gaussian,spiked,17254,0.034826,0.114428,0.44186,0.461369,1,0
spiked_gaussian,gaussian,spiked,17255,0.462687,0.567164,0.265781,0.549448,2,0
spiked_gaussian,gaussian,spiked,17256,0.567164,0.497512,0.265781,0.350708,1,1
spiked_gaussian,gaussian,spiked,17257,0.154229,0.144279,0.495017,0.199238,1,1
spiked_gaussian,gaussian,spiked,17258,0.875622,0.810945,0.51495,0.968608,0,0
spiked_gaussian,gaussian,spiked,17259,0.467662,0.597015,0.554817,0.409674,1,0
spiked_gaussian,gaussian,spiked,17260,0.825871,0.636816,0.265781,0.484793,0,0
spiked_gaussian,gaussian,spiked,17261,0.681592,0.626866,0.51495,0.15942,0,0
spiked_gaussian,gaussian,spiked,17262,0.452736,0.422886,0.920266,0.498595,2,2
spiked_gaussian,gaussian,spiked,17263,0.736318,0.756219,0.07309,0.118218,1,1
spiked_gaussian,gaussian,spiked,17264,0.024876,0.054726,0.79402,0.673686,2,2
spiked_gaussian,gaussian,spiked,17265,0.393035,0.597015,0.850498,0.789317,3,0
spiked_gaussian,gaussian,spiked,17266,0.691542,0.631841,0.222591,0.155634,0,0
spiked_gaussian,gaussian,spiked,17267,0.263682,0.293532,0.079734,0.139357,0,0
spiked_gaussian,gaussian,spiked,17268,0.029851,0.00995,0.07309,0.217874,1,1
spiked_gaussian,gaussian,spiked,17269,0.094527,0.109453,0.431894,0.639243,0,0
spiked_gaussian,gaussian,spiked,17270,0.870647,0.895522,0.594684,0.06898,1,1
spiked_gaussian,gaussian,spiked,17271,0.840796,0.825871,0.448505,0.788046,1,0
spiked_gaussian,gaussian,spiked,17272,0.278607,0.228856,0.807309,0.259662,1,1
spiked_gaussian,gaussian,spiked,17273,0.383085,0.20398,0.850498,0.552038,0,0
spiked_gaussian,gaussian,spiked,17274,0.253731,0.218905,0.009967,0.006871,1,1
spiked_gaussian,gaussian,spiked,17275,0.268657,0.154229,0.093023,0.13321,1,1
spiked_gaussian,gaussian,spiked,17276,0.995025,0.885572,0.644518,0.748355,0,0
spiked_gaussian,gaussian,spiked,17277,0.577114,0.686567,0.431894,0.293618,0,0
spiked_gaussian,gaussian,spiked,17278,0.517413,0.517413,0.189369,0.954147,1,1
spiked_gaussian,gaussian,spiked,17279,0.616915,0.721393,0.408638,0.430454,1,1
spiked_gaussian,gaussian,spiked,17280,0.502488,0.293532,0.358804,0.219956,1,0
spiked_gaussian,gaussian,spiked,17281,0.855721,0.870647,0.435216,0.907207,1,1
spiked_gaussian,gaussian,spiked,17282,0.552239,0.631841,0.023256,0.647491,1,1
spiked_gaussian,gaussian,spiked,17283,0.169154,0.149254,0.199336,0.986902,1,1
spiked_gaussian,gaussian,spiked,17284,0.353234,0.21393,0.053156,0.417964,1,0
spiked_gaussian,gaussian,spiked,17285,0.338308,0.39801,0.880399,0.358478,1,1
spiked_gaussian,gaussian,spiked,17286,0.940299,0.9801,0.578073,0.483474,0,0
spiked_gaussian,gaussian,spiked,17287,0.537313,0.492537,0.664452,0.703875,1,1
spiked_gaussian,gaussian,spiked,17288,0.915423,0.845771,0.880399,0.062866,0,0
spiked_gaussian,gaussian,spiked,17289,0.064677,0.014925,0.777409,0.0319,1,1
spiked_gaussian,gaussian,spiked,17290,0.895522,0.870647,0.421927,0.323814,1,1
spiked_gaussian,gaussian,spiked,17291,0.716418,0.925373,0.109635,0.457561,1,1
spiked_gaussian,gaussian,spiked,17292,0.686567,0.761194,0.0299,0.723499,1,1
spiked_gaussian,gaussian,spiked,17293,0.278607,0.283582,0.92691,0.203629,1,1
spiked_gaussian,gaussian,spiked,17294,0.945274,0.825871,0.292359,0.644835,1,1
spiked_gaussian,gaussian,spiked,17295,0.80597,0.646766,0.096346,0.546937,1,1
spiked_gaussian,gaussian,spiked,17296,0.676617,0.706468,0.126246,0.877161,1,1
spiked_gaussian,gaussian,spiked,17297,0.179104,0.064677,0.943522,0.658057,1,1
spiked_gaussian,gaussian,spiked,17298,0.900498,0.975124,0.883721,0.209853,0,0
spiked_gaussian,gaussian,spiked,17299,0.248756,0.373134,0.093023,0.669142,0,0
break_d1_gaussian,gaussian,break_d1,17000,1.0,0.9801,0.51495,0.415973,0,0
break_d1_gaussian,gaussian,break_d1,17001,0.318408,0.283582,0.551495,0.715636,1,1
break_d1_gaussian,gaussian,break_d1,17002,0.378109,0.512438,0.657807,0.74503,0,0
break_d1_gaussian,gaussian,break_d1,17003,0.253731,0.263682,0.714286,0.407428,2,0
break_d1_gaussian,gaussian,break_d1,17004,0.472637,0.587065,0.046512,0.550342,1,1
break_d1_gaussian,gaussian,break_d1,17005,0.935323,0.9801,0.169435,0.872717,1,1
break_d1_gaussian,gaussian,break_d1,17006,0.870647,0.711443,0.086379,0.460089,0,0
break_d1_gaussian,gaussian,break_d1,17007,0.422886,0.373134,0.053156,0.680438,0,0
break_d1_gaussian,gaussian,break_d1,17008,0.656716,0.39801,0.478405,0.442277,1,1
break_d1_gaussian,gaussian,break_d1,17009,0.218905,0.149254,0.023256,0.94805,1,1
break_d1_gaussian,gaussian,break_d1,17010,0.512438,0.552239,0.242525,0.038287,1,0
break_d1_gaussian,gaussian,break_d1,17011,0.621891,0.721393,0.418605,0.271117,1,1
break_d1_gaussian,gaussian,break_d1,17012,0.114428,0.358209,0.305648,0.284744,0,0
break_d1_gaussian,gaussian,break_d1,17013,0.656716,0.731343,0.538206,0.887933,1,1
break_d1_gaussian,gaussian,break_d1,17014,0.900498,0.61194,0.76412,0.714019,1,1
break_d1_gaussian,gaussian,break_d1,17015,0.18408,0.124378,0.059801,0.05879,1,1
break_d1_gaussian,gaussian,break_d1,17016,0.378109,0.462687,0.202658,0.498911,1,1
break_d1_gaussian,gaussian,break_d1,17017,0.144279,0.174129,0.44186,0.732437,1,1
break_d1_gaussian,gaussian,break_d1,17018,0.38806,0.472637,0.976744,0.288106,1,1
break_d1_gaussian,gaussian,break_d1,17019,0.338308,0.238806,0.019934,0.891886,0,0
break_d1_gaussian,gaussian,break_d1,17020,0.179104,0.368159,0.006645,0.559857,1,1
break_d1_gaussian,gaussian,break_d1,17021,0.61194,0.348259,0.192691,0.935175,1,1
break_d1_gaussian,gaussian,break_d1,17022,0.761194,0.761194,0.289037,0.438089,1,1
break_d1_gaussian,gaussian,break_d1,17023,0.144279,0.253731,0.262458,0.591946,1,1
break_d1_gaussian,gaussian,break_d1,17024,0.278607,0.238806,0.139535,0.071886,1,1
break_d1_gaussian,gaussian,break_d1,17025,0.920398,0.910448,0.647841,0.475008,1,1
break_d1_gaussian,gaussian,break_d1,17026,0.840796,0.900498,0.275748,0.218509,1,1
break_d1_gaussian,gaussian,break_d1,17027,0.736318,0.751244,0.096346,0.463839,1,1
break_d1_gaussian,gaussian,break_d1,17028,0.771144,0.701493,0.053156,0.216236,1,1
break_d1_gaussian,gaussian,break_d1,17029,0.945274,0.9801,0.810631,0.151218,0,0
break_d1_gaussian,gaussian,break_d1,17030,0.174129,0.064677,0.056478,0.758693,0,0
break_d1_gaussian,gaussian,break_d1,17031,0.044776,0.024876,0.036545,0.65394,0,0
break_d1_gaussian,gaussian,break_d1,17032,0.517413,0.646766,0.169435,0.707108,1,1
break_d1_gaussian,gaussian,break_d1,17033,0.641791,0.502488,0.079734,0.782881,1,1
break_d1_gaussian,gaussian,break_d1,17034,0.223881,0.318408,0.637874,0.315101,1,1
break_d1_gaussian,gaussian,break_d1,17035,0.452736,0.671642,0.023256,0.254525,1,1
break_d1_gaussian,gaussian,break_d1,17036,0.41791,0.442786,0.265781,0.955007,1,1
break_d1_gaussian,gaussian,break_d1,17037,0.442786,0.482587,0.056478,0.106123,0,0
break_d1_gaussian,gaussian,break_d1,17038,0.835821,0.950249,0.737542,0.192002,1,0
break_d1_gaussian,gaussian,break_d1,17039,0.651741,0.587065,0.877076,0.125891,1,1
break_d1_gaussian,gaussian,break_d1,17040,0.766169,0.835821,0.677741,0.388937,0,0
break_d1_gaussian,gaussian,break_d1,17041,0.746269,0.552239,0.438538,0.378446,1,1
break_d1_gaussian,gaussian,break_d1,17042,0.149254,0.159204,0.099668,0.529633,0,0
break_d1_gaussian,gaussian,break_d1,17043,0.691542,0.686567,0.016611,0.919526,0,0
break_d1_gaussian,gaussian,break_d1,17044,0.164179,0.278607,0.528239,0.573058,1,1
break_d1_gaussian,gaussian,break_d1,17045,0.791045,0.825871,0.186047,0.892166,1,1
break_d1_gaussian,gaussian,break_d1,17046,0.721393,0.547264,0.33887,0.366917,1,1
break_d1_gaussian,gaussian,break_d1,17047,0.164179,0.164179,0.930233,0.032952,1,1
break_d1_gaussian,gaussian,break_d1,17048,0.303483,0.218905,0.169435,0.023189,3,3
break_d1_gaussian,gaussian,break_d1,17049,0.129353,0.228856,0.219269,0.844852,0,0
break_d1_gaussian,gaussian,break_d1,17050,0.507463,0.457711,0.45515,0.055476,0,0
break_d1_gaussian,gaussian,break_d1,17051,0.333333,0.298507,0.139535,0.983191,2,0
break_d1_gaussian,gaussian,break_d1,17052,0.960199,0.751244,0.41196,0.579531,1,1
break_d1_gaussian,gaussian,break_d1,17053,1.0,0.975124,0.039867,0.653714,1,0
break_d1_gaussian,gaussian,break_d1,17054,1.0,0.945274,0.664452,0.976717,1,1
break_d1_gaussian,gaussian,break_d1,17055,0.457711,0.40796,0.265781,0.9687,1,1
break_d1_gaussian,gaussian,break_d1,17056,0.079602,0.064677,0.365449,0.19641,1,1
break_d1_gaussian,gaussian,break_d1,17057,0.114428,0.154229,0.421927,0.586132,1,1
break_d1_gaussian,gaussian,break_d1,17058,0.850746,0.716418,0.059801,0.962828,1,0
break_d1_gaussian,gaussian,break_d1,17059,0.587065,0.378109,0.671096,0.919177,0,0
break_d1_gaussian,gaussian,break_d1,17060,0.19403,0.218905,0.355482,0.303794,0,0
break_d1_gaussian,gaussian,break_d1,17061,0.41791,0.666667,0.916944,0.984651,1,1
break_d1_gaussian,gaussian,break_d1,17062,0.542289,0.402985,0.219269,0.948166,0,0
break_d1_gaussian,gaussian,break_d1,17063,0.049751,0.089552,0.209302,0.517275,1,1
break_d1_gaussian,gaussian,break_d1,17064,0.810945,0.895522,0.023256,0.907478,1,1
break_d1_gaussian,gaussian,break_d1,17065,0.368159,0.298507,0.362126,0.995792,0,0
break_d1_gaussian,gaussian,break_d1,17066,0.293532,0.283582,0.106312,0.199658,0,0
break_d1_gaussian,gaussian,break_d1,17067,0.368159,0.258706,0.69103,0.842191,0,0
break_d1_gaussian,gaussian,break_d1,17068,0.263682,0.19403,0.023256,0.986497,1,1
break_d1_gaussian,gaussian,break_d1,17069,0.59204,0.61194,0.053156,0.209042,0,0
break_d1_gaussian,gaussian,break_d1,17070,0.865672,0.900498,0.006645,0.326987,1,1
break_d1_gaussian,gaussian,break_d1,17071,0.751244,0.79602,0.265781,0.317803,0,0
break_d1_gaussian,gaussian,break_d1,17072,0.835821,0.80597,0.0299,0.958167,1,1
break_d1_gaussian,gaussian,break_d1,17073,0.721393,0.666667,0.993355,0.482272,1,1
break_d1_gaussian,gaussian,break_d1,17074,0.014925,0.039801,0.421927,0.783407,1,1
break_d1_gaussian,gaussian,break_d1,17075,0.771144,0.646766,0.003322,0.770039,1,1
break_d1_gaussian,gaussian,break_d1,17076,0.567164,0.651741,0.737542,0.556647,1,1
break_d1_gaussian,gaussian,break_d1,17077,0.39801,0.228856,0.049834,0.163019,0,0
break_d1_gaussian,gaussian,break_d1,17078,0.169154,0.228856,0.232558,0.712478,1,1
break_d1_gaussian,gaussian,break_d1,17079,0.512438,0.21393,0.405316,0.467553,0,0
break_d1_gaussian,gaussian,break_d1,17080,0.457711,0.348259,0.089701,0.963324,0,0
break_d1_gaussian,gaussian,break_d1,17081,0.238806,0.278607,0.421927,0.554358,1,1
break_d1_gaussian,gaussian,break_d1,17082,0.054726,0.19403,0.76412,0.994683,0,0
break_d1_gaussian,gaussian,break_d1,17083,0.761194,0.731343,0.106312,0.130411,1,1
break_d1_gaussian,gaussian,break_d1,17084,0.721393,0.646766,0.853821,0.910585,0,0
break_d1_gaussian,gaussian,break_d1,17085,0.726368,0.746269,0.760797,0.462737,1,1
break_d1_gaussian,gaussian,break_d1,17086,0.731343,0.61194,0.239203,0.488163,0,0
break_d1_gaussian,gaussian,break_d1,17087,0.975124,0.930348,0.647841,0.332181,1,1
break_d1_gaussian,gaussian,break_d1,17088,0.189055,0.313433,0.255814,0.372861,0,1
break_d1_gaussian,gaussian,break_d1,17089,0.029851,0.034826,0.07309,0.094616,1,1
break_d1_gaussian,gaussian,break_d1,17090,0.437811,0.447761,0.940199,0.822349,1,0
break_d1_gaussian,gaussian,break_d1,17091,0.069652,0.069652,0.584718,0.168993,0,0
break_d1_gaussian,gaussian,break_d1,17092,0.865672,0.736318,0.51495,0.633051,1,0
break_d1_gaussian,gaussian,break_d1,17093,0.631841,0.547264,0.215947,0.299037,2,0
break_d1_gaussian,gaussian,break_d1,17094,0.467662,0.40796,0.272425,0.160004,1,1
break_d1_gaussian,gaussian,break_d1,17095,0.756219,0.691542,0.07309,0.126578,1,0
break_d1_gaussian,gaussian,break_d1,17096,0.597015,0.731343,0.259136,0.418242,0,0
break_d1_gaussian,gaussian,break_d1,17097,0.482587,0.497512,0.45515,0.546491,1,1
break_d1_gaussian,gaussian,break_d1,17098,0.731343,0.741294,0.654485,0.623079,0,0
break_d1_gaussian,gaussian,break_d1,17099,0.79602,0.646766,0.940199,0.420762,0,0
break_d1_gaussian,gaussian,break_d1,17100,0.78607,0.636816,0.757475,0.20858,0,0
break_d1_gaussian,gaussian,break_d1,17101,0.671642,0.721393,0.142857,0.003846,1,1
break_d1_gaussian,gaussian,break_d1,17102,0.870647,0.865672,0.006645,0.312076,1,1
break_d1_gaussian,gaussian,break_d1,17103,0.542289,0.61194,0.554817,0.537704,0,0
break_d1_gaussian,gaussian,break_d1,17104,0.482587,0.532338,0.189369,0.43074,1,1
break_d1_gaussian,gaussian,break_d1,17105,0.512438,0.61194,0.225914,0.373369,1,1
break_d1_gaussian,gaussian,break_d1,17106,0.641791,0.587065,0.644518,0.760036,1,1
break_d1_gaussian,gaussian,break_d1,17107,0.671642,0.606965,0.594684,0.117106,1,1
break_d1_gaussian,gaussian,break_d1,17108,0.810945,0.776119,0.790698,0.711622,1,0
break_d1_gaussian,gaussian,break_d1,17109,0.442786,0.60199,0.664452,0.797309,0,0
break_d1_gaussian,gaussian,break_d1,17110,0.139303,0.129353,0.524917,0.609118,1,0
break_d1_gaussian,gaussian,break_d1,17111,0.60199,0.532338,0.039867,0.940898,1,1
break_d1_gaussian,gaussian,break_d1,17112,0.38806,0.442786,0.431894,0.636488,0,0
break_d1_gaussian,gaussian,break_d1,17113,0.124378,0.074627,0.38206,0.189707,1,1
break_d1_gaussian,gaussian,break_d1,17114,0.850746,0.930348,0.504983,0.412771,0,0
break_d1_gaussian,gaussian,break_d1,17115,0.656716,0.671642,0.757475,0.381628,0,0
break_d1_gaussian,gaussian,break_d1,17116,0.995025,0.9801,0.607973,0.468565,1,1
break_d1_gaussian,gaussian,break_d1,17117,0.19403,0.18408,0.139535,0.058828,0,0
break_d1_gaussian,gaussian,break_d1,17118,0.547264,0.756219,0.554817,0.79991,0,0
break_d1_gaussian,gaussian,break_d1,17119,0.437811,0.467662,0.365449,0.564709,1,1
break_d1_gaussian,gaussian,break_d1,17120,0.975124,0.80597,0.039867,0.91112,1,0
break_d1_gaussian,gaussian,break_d1,17121,0.616915,0.761194,0.431894,0.468269,0,0
break_d1_gaussian,gaussian,break_d1,17122,0.358209,0.537313,0.27907,0.281339,1,1
break_d1_gaussian,gaussian,break_d1,17123,1.0,0.845771,0.92691,0.803203,1,1
break_d1_gaussian,gaussian,break_d1,17124,0.069652,0.069652,0.219269,0.360815,1,1
break_d1_gaussian,gaussian,break_d1,17125,0.616915,0.542289,0.255814,0.027134,0,0
break_d1_gaussian,gaussian,break_d1,17126,0.651741,0.502488,0.82392,0.228662,1,1
break_d1_gaussian,gaussian,break_d1,17127,0.61194,0.60199,0.774086,0.340358,0,0
break_d1_gaussian,gaussian,break_d1,17128,0.621891,0.696517,0.827243,0.909996,1,1
break_d1_gaussian,gaussian,break_d1,17129,0.18408,0.238806,0.647841,0.437311,1,1
break_d1_gaussian,gaussian,break_d1,17130,0.273632,0.283582,0.906977,0.854816,0,0
break_d1_gaussian,gaussian,break_d1,17131,0.771144,0.696517,0.554817,0.642061,1,1
break_d1_gaussian,gaussian,break_d1,17132,0.597015,0.60199,0.049834,0.94204,0,0
break_d1_gaussian,gaussian,break_d1,17133,0.502488,0.761194,0.578073,0.784036,1,1
break_d1_gaussian,gaussian,break_d1,17134,0.268657,0.154229,0.07309,0.742625,0,0
break_d1_gaussian,gaussian,break_d1,17135,0.915423,0.820896,0.644518,0.392288,1,1
break_d1_gaussian,gaussian,break_d1,17136,0.412935,0.293532,0.883721,0.434817,1,1
break_d1_gaussian,gaussian,break_d1,17137,0.20398,0.412935,0.169435,0.477194,3,0
break_d1_gaussian,gaussian,break_d1,17138,0.950249,0.830846,0.33887,0.931039,1,1
break_d1_gaussian,gaussian,break_d1,17139,0.104478,0.149254,0.172757,0.308399,1,0
break_d1_gaussian,gaussian,break_d1,17140,0.507463,0.313433,0.358804,0.11021,1,1
break_d1_gaussian,gaussian,break_d1,17141,0.716418,0.606965,0.358804,0.421609,1,1
break_d1_gaussian,gaussian,break_d1,17142,0.492537,0.681592,0.0299,0.316024,1,1
break_d1_gaussian,gaussian,break_d1,17143,0.572139,0.542289,0.076412,0.080961,0,0
break_d1_gaussian,gaussian,break_d1,17144,0.621891,0.587065,0.305648,0.732279,1,1
break_d1_gaussian,gaussian,break_d1,17145,0.159204,0.069652,0.106312,0.477524,0,0
break_d1_gaussian,gaussian,break_d1,17146,0.447761,0.233831,0.431894,0.373482,0,0
break_d1_gaussian,gaussian,break_d1,17147,0.199005,0.094527,0.07309,0.661399,0,0
break_d1_gaussian,gaussian,break_d1,17148,0.711443,0.78607,0.009967,0.797308,1,1
break_d1_gaussian,gaussian,break_d1,17149,0.711443,0.412935,0.305648,0.92239,2,0
break_d1_gaussian,gaussian,break_d1,17150,0.681592,0.572139,0.059801,0.839992,1,1
break_d1_gaussian,gaussian,break_d1,17151,0.597015,0.308458,0.461794,0.123351,0,0
break_d1_gaussian,gaussian,break_d1,17152,0.885572,0.905473,0.023256,0.54616,0,0
break_d1_gaussian,gaussian,break_d1,17153,0.074627,0.164179,0.27907,0.218722,1,1
break_d1_gaussian,gaussian,break_d1,17154,0.507463,0.502488,0.810631,0.337715,0,0
break_d1_gaussian,gaussian,break_d1,17155,0.681592,0.58209,0.066445,0.352662,1,1
break_d1_gaussian,gaussian,break_d1,17156,0.810945,0.880597,0.421927,0.364438,1,1
break_d1_gaussian,gaussian,break_d1,17157,0.870647,0.855721,0.810631,0.27338,1,1
break_d1_gaussian,gaussian,break_d1,17158,0.616915,0.696517,0.023256,0.188079,1,1
break_d1_gaussian,gaussian,break_d1,17159,0.313433,0.20398,0.169435,0.23309,0,0
break_d1_gaussian,gaussian,break_d1,17160,0.39801,0.353234,0.049834,0.037068,1,1
break_d1_gaussian,gaussian,break_d1,17161,0.930348,0.825871,0.305648,0.233674,1,1
break_d1_gaussian,gaussian,break_d1,17162,0.507463,0.18408,0.139535,0.440972,1,1
break_d1_gaussian,gaussian,break_d1,17163,0.422886,0.477612,0.358804,0.316821,1,1
break_d1_gaussian,gaussian,break_d1,17164,0.79602,0.656716,0.096346,0.56848,1,1
break_d1_gaussian,gaussian,break_d1,17165,0.452736,0.626866,0.481728,0.80045,1,1
break_d1_gaussian,gaussian,break_d1,17166,0.432836,0.487562,0.076412,0.796809,1,1
break_d1_gaussian,gaussian,break_d1,17167,0.502488,0.552239,0.006645,0.014023,1,1
break_d1_gaussian,gaussian,break_d1,17168,0.731343,0.666667,0.07309,0.599242,0,0
break_d1_gaussian,gaussian,break_d1,17169,0.61194,0.572139,0.395349,0.159784,1,1
break_d1_gaussian,gaussian,break_d1,17170,0.800995,0.766169,0.554817,0.614389,2,0
break_d1_gaussian,gaussian,break_d1,17171,0.865672,0.840796,0.262458,0.123755,0,0
break_d1_gaussian,gaussian,break_d1,17172,0.199005,0.094527,0.837209,0.228354,1,1
break_d1_gaussian,gaussian,break_d1,17173,0.263682,0.139303,0.046512,0.764058,1,1
break_d1_gaussian,gaussian,break_d1,17174,0.333333,0.422886,0.265781,0.68929,1,0
break_d1_gaussian,gaussian,break_d1,17175,0.094527,0.099502,0.07309,0.381671,0,0
break_d1_gaussian,gaussian,break_d1,17176,0.751244,0.791045,0.807309,0.375854,1,0
break_d1_gaussian,gaussian,break_d1,17177,0.691542,0.562189,0.554817,0.538813,1,0
break_d1_gaussian,gaussian,break_d1,17178,0.810945,0.920398,0.431894,0.818729,1,1
break_d1_gaussian,gaussian,break_d1,17179,1.0,0.995025,0.820598,0.105997,0,0
break_d1_gaussian,gaussian,break_d1,17180,0.457711,0.373134,0.936877,0.164998,0,0
break_d1_gaussian,gaussian,break_d1,17181,0.691542,0.661692,0.69103,0.835764,0,0
break_d1_gaussian,gaussian,break_d1,17182,0.587065,0.830846,0.006645,0.708563,1,1
break_d1_gaussian,gaussian,break_d1,17183,0.895522,0.905473,0.106312,0.057784,0,0
break_d1_gaussian,gaussian,break_d1,17184,0.348259,0.268657,0.435216,0.5002,1,1
break_d1_gaussian,gaussian,break_d1,17185,0.074627,0.139303,0.272425,0.807899,2,0
break_d1_gaussian,gaussian,break_d1,17186,0.61194,0.562189,0.554817,0.222321,0,0
break_d1_gaussian,gaussian,break_d1,17187,0.736318,0.766169,0.225914,0.504066,2,0
break_d1_gaussian,gaussian,break_d1,17188,0.034826,0.159204,0.581395,0.95389,0,0
break_d1_gaussian,gaussian,break_d1,17189,0.074627,0.049751,0.571429,0.321129,0,0
break_d1_gaussian,gaussian,break_d1,17190,0.502488,0.378109,0.654485,0.102838,0,0
break_d1_gaussian,gaussian,break_d1,17191,0.179104,0.159204,0.478405,0.306662,1,1
break_d1_gaussian,gaussian,break_d1,17192,0.432836,0.348259,0.634551,0.721471,1,1
break_d1_gaussian,gaussian,break_d1,17193,0.860697,0.885572,0.016611,0.096605,1,1
break_d1_gaussian,gaussian,break_d1,17194,0.656716,0.497512,0.431894,0.106304,1,1
break_d1_gaussian,gaussian,break_d1,17195,0.631841,0.736318,0.880399,0.693454,0,0
break_d1_gaussian,gaussian,break_d1,17196,0.099502,0.154229,0.737542,0.146161,1,1
break_d1_gaussian,gaussian,break_d1,17197,0.671642,0.59204,0.554817,0.694431,1,1
break_d1_gaussian,gaussian,break_d1,17198,0.945274,0.985075,0.109635,0.74303,1,1
break_d1_gaussian,gaussian,break_d1,17199,0.21393,0.283582,0.438538,0.243323,0,0
break_d1_gaussian,gaussian,break_d1,17200,0.139303,0.149254,0.299003,0.179013,0,0
break_d1_gaussian,gaussian,break_d1,17201,0.363184,0.412935,0.362126,0.516989,1,1
break_d1_gaussian,gaussian,break_d1,17202,0.850746,0.865672,0.215947,0.813547,0,0
break_d1_gaussian,gaussian,break_d1,17203,0.18408,0.20398,0.066445,0.706236,0,0
break_d1_gaussian,gaussian,break_d1,17204,0.915423,0.935323,0.45515,0.750356,1,1
break_d1_gaussian,gaussian,break_d1,17205,0.890547,0.905473,0.0299,0.069376,0,0
break_d1_gaussian,gaussian,break_d1,17206,0.164179,0.18408,0.740864,0.45905,1,1
break_d1_gaussian,gaussian,break_d1,17207,0.373134,0.333333,0.45515,0.970521,1,1
break_d1_gaussian,gaussian,break_d1,17208,0.089552,0.134328,0.916944,0.563259,1,1
break_d1_gaussian,gaussian,break_d1,17209,0.159204,0.313433,0.734219,0.938219,1,1
break_d1_gaussian,gaussian,break_d1,17210,0.353234,0.676617,0.421927,0.59831,1,1
break_d1_gaussian,gaussian,break_d1,17211,0.825871,0.880597,0.222591,0.186965,1,1
break_d1_gaussian,gaussian,break_d1,17212,0.562189,0.850746,0.495017,0.452464,1,1
break_d1_gaussian,gaussian,break_d1,17213,0.995025,0.870647,0.734219,0.170543,0,0
break_d1_gaussian,gaussian,break_d1,17214,0.731343,0.800995,0.667774,0.05541,1,1
break_d1_gaussian,gaussian,break_d1,17215,0.820896,0.696517,0.026578,0.767142,0,0
break_d1_gaussian,gaussian,break_d1,17216,0.054726,0.029851,0.358804,0.012522,1,1
break_d1_gaussian,gaussian,break_d1,17217,0.925373,0.820896,0.27907,0.32422,0,0
break_d1_gaussian,gaussian,break_d1,17218,0.447761,0.378109,0.106312,0.858663,0,0
break_d1_gaussian,gaussian,break_d1,17219,0.925373,0.955224,0.754153,0.04328,1,1
break_d1_gaussian,gaussian,break_d1,17220,0.885572,0.925373,0.089701,0.285924,0,0
break_d1_gaussian,gaussian,break_d1,17221,0.029851,0.029851,0.654485,0.037899,1,1
break_d1_gaussian,gaussian,break_d1,17222,0.258706,0.318408,0.013289,0.93508,1,1
break_d1_gaussian,gaussian,break_d1,17223,0.761194,0.860697,0.009967,0.77863,1,1
break_d1_gaussian,gaussian,break_d1,17224,0.059701,0.079602,0.013289,0.144415,0,0
break_d1_gaussian,gaussian,break_d1,17225,0.084577,0.064677,0.837209,0.688827,1,1
break_d1_gaussian,gaussian,break_d1,17226,0.477612,0.318408,0.405316,0.738234,0,0
break_d1_gaussian,gaussian,break_d1,17227,0.930348,0.955224,0.086379,0.583096,0,0
break_d1_gaussian,gaussian,break_d1,17228,0.149254,0.40796,0.421927,0.859848,1,0
break_d1_gaussian,gaussian,break_d1,17229,0.378109,0.442786,0.006645,0.057259,1,1
break_d1_gaussian,gaussian,break_d1,17230,0.18408,0.189055,0.478405,0.379128,0,1
break_d1_gaussian,gaussian,break_d1,17231,0.646766,0.701493,0.07309,0.549222,1,1
break_d1_gaussian,gaussian,break_d1,17232,0.094527,0.099502,0.554817,0.763694,1,1
break_d1_gaussian,gaussian,break_d1,17233,0.731343,0.512438,0.448505,0.347157,2,0
break_d1_gaussian,gaussian,break_d1,17234,0.666667,0.532338,0.179402,0.573714,1,1
break_d1_gaussian,gaussian,break_d1,17235,0.726368,0.577114,0.242525,0.527336,0,0
break_d1_gaussian,gaussian,break_d1,17236,0.144279,0.174129,0.504983,0.460738,1,1
break_d1_gaussian,gaussian,break_d1,17237,0.940299,0.855721,0.448505,0.508574,1,0
break_d1_gaussian,gaussian,break_d1,17238,0.059701,0.159204,0.408638,0.827027,0,1
break_d1_gaussian,gaussian,break_d1,17239,0.81592,0.791045,0.335548,0.70515,1,1
break_d1_gaussian,gaussian,break_d1,17240,0.532338,0.59204,0.747508,0.083714,1,1
break_d1_gaussian,gaussian,break_d1,17241,0.616915,0.701493,0.421927,0.501026,1,1
break_d1_gaussian,gaussian,break_d1,17242,0.900498,0.741294,0.747508,0.042666,0,0
break_d1_gaussian,gaussian,break_d1,17243,0.81592,0.676617,0.41196,0.893975,0,0
break_d1_gaussian,gaussian,break_d1,17244,0.442786,0.393035,0.737542,0.849024,0,0
break_d1_gaussian,gaussian,break_d1,17245,0.641791,0.791045,0.299003,0.885435,1,1
break_d1_gaussian,gaussian,break_d1,17246,0.179104,0.159204,0.089701,0.329258,1,1
break_d1_gaussian,gaussian,break_d1,17247,0.572139,0.58209,0.265781,0.714472,1,1
break_d1_gaussian,gaussian,break_d1,17248,0.104478,0.084577,0.0299,0.802848,1,0
break_d1_gaussian,gaussian,break_d1,17249,0.825871,0.885572,0.631229,0.834939,0,0
break_d1_gaussian,gaussian,break_d1,17250,0.238806,0.223881,0.76412,0.49119,0,0
break_d1_gaussian,gaussian,break_d1,17251,0.567164,0.557214,0.754153,0.50125,1,1
break_d1_gaussian,gaussian,break_d1,17252,0.995025,0.950249,0.07309,0.193485,0,0
break_d1_gaussian,gaussian,break_d1,17253,0.751244,0.885572,0.019934,0.627987,1,1
break_d1_gaussian,gaussian,break_d1,17254,0.034826,0.114428,0.44186,0.461369,1,0
break_d1_gaussian,gaussian,break_d1,17255,0.462687,0.567164,0.265781,0.549448,2,0
break_d1_gaussian,gaussian,break_d1,17256,0.567164,0.497512,0.265781,0.350708,1,1
break_d1_gaussian,gaussian,break_d1,17257,0.154229,0.144279,0.495017,0.199238,1,1
break_d1_gaussian,gaussian,break_d1,17258,0.875622,0.810945,0.51495,0.968608,0,0
break_d1_gaussian,gaussian,break_d1,17259,0.467662,0.597015,0.554817,0.409674,1,0
break_d1_gaussian,gaussian,break_d1,17260,0.825871,0.636816,0.265781,0.484793,0,0
break_d1_gaussian,gaussian,break_d1,17261,0.681592,0.626866,0.51495,0.15942,0,0
break_d1_gaussian,gaussian,break_d1,17262,0.452736,0.422886,0.920266,0.498595,2,2
break_d1_gaussian,gaussian,break_d1,17263,0.736318,0.756219,0.07309,0.118218,1,1
break_d1_gaussian,gaussian,break_d1,17264,0.024876,0.054726,0.79402,0.673686,2,2
break_d1_gaussian,gaussian,break_d1,17265,0.393035,0.597015,0.850498,0.789317,3,0
break_d1_gaussian,gaussian,break_d1,17266,0.691542,0.631841,0.222591,0.155634,0,0
break_d1_gaussian,gaussian,break_d1,17267,0.263682,0.293532,0.079734,0.139357,0,0
break_d1_gaussian,gaussian,break_d1,17268,0.029851,0.00995,0.07309,0.217874,1,1
break_d1_gaussian,gaussian,break_d1,17269,0.094527,0.109453,0.431894,0.639243,0,0
break_d1_gaussian,gaussian,break_d1,17270,0.870647,0.895522,0.594684,0.06898,1,1
break_d1_gaussian,gaussian,break_d1,17271,0.840796,0.825871,0.448505,0.788046,1,0
break_d1_gaussian,gaussian,break_d1,17272,0.278607,0.228856,0.807309,0.259662,1,1
break_d1_gaussian,gaussian,break_d1,17273,0.383085,0.20398,0.850498,0.552038,0,0
break_d1_gaussian,gaussian,break_d1,17274,0.253731,0.218905,0.009967,0.006871,1,1
break_d1_gaussian,gaussian,break_d1,17275,0.268657,0.154229,0.093023,0.13321,1,1
break_d1_gaussian,gaussian,break_d1,17276,0.995025,0.885572,0.644518,0.748355,0,0
break_d1_gaussian,gaussian,break_d1,17277,0.577114,0.686567,0.431894,0.293618,0,0
break_d1_gaussian,gaussian,break_d1,17278,0.517413,0.517413,0.189369,0.954147,1,1
break_d1_gaussian,gaussian,break_d1,17279,0.616915,0.721393,0.408638,0.430454,1,1
break_d1_gaussian,gaussian,break_d1,17280,0.502488,0.293532,0.358804,0.219956,1,0
break_d1_gaussian,gaussian,break_d1,17281,0.855721,0.870647,0.435216,0.907207,1,1
break_d1_gaussian,gaussian,break_d1,17282,0.552239,0.631841,0.023256,0.647491,1,1
break_d1_gaussian,gaussian,break_d1,17283,0.169154,0.149254,0.199336,0.986902,1,1
break_d1_gaussian,gaussian,break_d1,17284,0.353234,0.21393,0.053156,0.417964,1,0
break_d1_gaussian,gaussian,break_d1,17285,0.338308,0.39801,0.880399,0.358478,1,1
break_d1_gaussian,gaussian,break_d1,17286,0.940299,0.9801,0.578073,0.483474,0,0
break_d1_gaussian,gaussian,break_d1,17287,0.537313,0.492537,0.664452,0.703875,1,1
break_d1_gaussian,gaussian,break_d1,17288,0.915423,0.845771,0.880399,0.062866,0,0
break_d1_gaussian,gaussian,break_d1,17289,0.064677,0.014925,0.777409,0.0319,1,1
break_d1_gaussian,gaussian,break_d1,17290,0.895522,0.870647,0.421927,0.323814,1,1
break_d1_gaussian,gaussian,break_d1,17291,0.716418,0.925373,0.109635,0.457561,1,1
break_d1_gaussian,gaussian,break_d1,17292,0.686567,0.761194,0.0299,0.723499,1,1
break_d1_gaussian,gaussian,break_d1,17293,0.278607,0.283582,0.92691,0.203629,1,1
break_d1_gaussian,gaussian,break_d1,17294,0.945274,0.825871,0.292359,0.644835,1,1
break_d1_gaussian,gaussian,break_d1,17295,0.80597,0.646766,0.096346,0.546937,1,1
break_d1_gaussian,gaussian,break_d1,17296,0.676617,0.706468,0.126246,0.877161,1,1
break_d1_gaussian,gaussian,break_d1,17297,0.179104,0.064677,0.943522,0.658057,1,1
break_d1_gaussian,gaussian,break_d1,17298,0.900498,0.975124,0.883721,0.209853,0,0
break_d1_gaussian,gaussian,break_d1,17299,0.248756,0.373134,0.093023,0.669142,0,0
break_d2_gaussian,gaussian,break_d2,17000,1.0,0.9801,0.51495,0.415973,0,0
break_d2_gaussian,gaussian,break_d2,17001,0.318408,0.283582,0.551495,0.715636,1,1
break_d2_gaussian,gaussian,break_d2,17002,0.378109,0.512438,0.657807,0.74503,0,0
break_d2_gaussian,gaussian,break_d2,17003,0.253731,0.263682,0.714286,0.407428,2,0
break_d2_gaussian,gaussian,break_d2,17004,0.472637,0.587065,0.046512,0.550342,1,1
break_d2_gaussian,gaussian,break_d2,17005,0.935323,0.9801,0.169435,0.872717,1,1
break_d2_gaussian,gaussian,break_d2,17006,0.870647,0.711443,0.086379,0.460089,0,0
break_d2_gaussian,gaussian,break_d2,17007,0.422886,0.373134,0.053156,0.680438,0,0
break_d2_gaussian,gaussian,break_d2,17008,0.656716,0.39801,0.478405,0.442277,1,1
break_d2_gaussian,gaussian,break_d2,17009,0.218905,0.149254,0.023256,0.94805,1,1
break_d2_gaussian,gaussian,break_d2,17010,0.512438,0.552239,0.242525,0.038287,1,0
break_d2_gaussian,gaussian,break_d2,17011,0.621891,0.721393,0.418605,0.271117,1,1
break_d2_gaussian,gaussian,break_d2,17012,0.114428,0.358209,0.305648,0.284744,0,0
break_d2_gaussian,gaussian,break_d2,17013,0.656716,0.731343,0.538206,0.887933,1,1
break_d2_gaussian,gaussian,break_d2,17014,0.900498,0.61194,0.76412,0.714019,1,1
break_d2_gaussian,gaussian,break_d2,17015,0.18408,0.124378,0.059801,0.05879,1,1
break_d2_gaussian,gaussian,break_d2,17016,0.378109,0.462687,0.202658,0.498911,1,1
break_d2_gaussian,gaussian,break_d2,17017,0.144279,0.174129,0.44186,0.732437,1,1
break_d2_gaussian,gaussian,break_d2,17018,0.38806,0.472637,0.976744,0.288106,1,1
break_d2_gaussian,gaussian,break_d2,17019,0.338308,0.238806,0.019934,0.891886,0,0
break_d2_gaussian,gaussian,break_d2,17020,0.179104,0.368159,0.006645,0.559857,1,1
break_d2_gaussian,gaussian,break_d2,17021,0.61194,0.348259,0.192691,0.935175,1,1
break_d2_gaussian,gaussian,break_d2,17022,0.761194,0.761194,0.289037,0.438089,1,1
break_d2_gaussian,gaussian,break_d2,17023,0.144279,0.253731,0.262458,0.591946,1,1
break_d2_gaussian,gaussian,break_d2,17024,0.278607,0.238806,0.139535,0.071886,1,1
break_d2_gaussian,gaussian,break_d2,17025,0.920398,0.910448,0.647841,0.475008,1,1
break_d2_gaussian,gaussian,break_d2,17026,0.840796,0.900498,0.275748,0.218509,1,1
break_d2_gaussian,gaussian,break_d2,17027,0.736318,0.751244,0.096346,0.463839,1,1
break_d2_gaussian,gaussian,break_d2,17028,0.771144,0.701493,0.053156,0.216236,1,1
break_d2_gaussian,gaussian,break_d2,17029,0.945274,0.9801,0.810631,0.151218,0,0
break_d2_gaussian,gaussian,break_d2,17030,0.174129,0.064677,0.056478,0.758693,0,0
break_d2_gaussian,gaussian,break_d2,17031,0.044776,0.024876,0.036545,0.65394,0,0
break_d2_gaussian,gaussian,break_d2,17032,0.517413,0.646766,0.169435,0.707108,1,1
break_d2_gaussian,gaussian,break_d2,17033,0.641791,0.502488,0.079734,0.782881,1,1
break_d2_gaussian,gaussian,break_d2,17034,0.223881,0.318408,0.637874,0.315101,1,1
break_d2_gaussian,gaussian,break_d2,17035,0.452736,0.671642,0.023256,0.254525,1,1
break_d2_gaussian,gaussian,break_d2,17036,0.41791,0.442786,0.265781,0.955007,1,1
break_d2_gaussian,gaussian,break_d2,17037,0.442786,0.482587,0.056478,0.106123,0,0
break_d2_gaussian,gaussian,break_d2,17038,0.835821,0.950249,0.737542,0.192002,1,0
break_d2_gaussian,gaussian,break_d2,17039,0.651741,0.587065,0.877076,0.125891,1,1
break_d2_gaussian,gaussian,break_d2,17040,0.766169,0.835821,0.677741,0.388937,0,0
break_d2_gaussian,gaussian,break_d2,17041,0.746269,0.552239,0.438538,0.378446,1,1
break_d2_gaussian,gaussian,break_d2,17042,0.149254,0.159204,0.099668,0.529633,0,0
break_d2_gaussian,gaussian,break_d2,17043,0.691542,0.686567,0.016611,0.919526,0,0
break_d2_gaussian,gaussian,break_d2,17044,0.164179,0.278607,0.528239,0.573058,1,1
break_d2_gaussian,gaussian,break_d2,17045,0.791045,0.825871,0.186047,0.892166,1,1
break_d2_gaussian,gaussian,break_d2,17046,0.721393,0.547264,0.33887,0.366917,1,1
break_d2_gaussian,gaussian,break_d2,17047,0.164179,0.164179,0.930233,0.032952,1,1
break_d2_gaussian,gaussian,break_d2,17048,0.303483,0.218905,0.169435,0.023189,3,3
break_d2_gaussian,gaussian,break_d2,17049,0.129353,0.228856,0.219269,0.844852,0,0
break_d2_gaussian,gaussian,break_d2,17050,0.507463,0.457711,0.45515,0.055476,0,0
break_d2_gaussian,gaussian,break_d2,17051,0.333333,0.298507,0.139535,0.983191,2,0
break_d2_gaussian,gaussian,break_d2,17052,0.960199,0.751244,0.41196,0.579531,1,1
break_d2_gaussian,gaussian,break_d2,17053,1.0,0.975124,0.039867,0.653714,1,0
break_d2_gaussian,gaussian,break_d2,17054,1.0,0.945274,0.664452,0.976717,1,1
break_d2_gaussian,gaussian,break_d2,17055,0.457711,0.40796,0.265781,0.9687,1,1
break_d2_gaussian,gaussian,break_d2,17056,0.079602,0.064677,0.365449,0.19641,1,1
break_d2_gaussian,gaussian,break_d2,17057,0.114428,0.154229,0.421927,0.586132,1,1
break_d2_gaussian,gaussian,break_d2,17058,0.850746,0.716418,0.059801,0.962828,1,0
break_d2_gaussian,gaussian,break_d2,17059,0.587065,0.378109,0.671096,0.919177,0,0
break_d2_gaussian,gaussian,break_d2,17060,0.19403,0.218905,0.355482,0.303794,0,0
break_d2_gaussian,gaussian,break_d2,17061,0.41791,0.666667,0.916944,0.984651,1,1
break_d2_gaussian,gaussian,break_d2,17062,0.542289,0.402985,0.219269,0.948166,0,0
break_d2_gaussian,gaussian,break_d2,17063,0.049751,0.089552,0.209302,0.517275,1,1
break_d2_gaussian,gaussian,break_d2,17064,0.810945,0.895522,0.023256,0.907478,1,1
break_d2_gaussian,gaussian,break_d2,17065,0.368159,0.298507,0.362126,0.995792,0,0
break_d2_gaussian,gaussian,break_d2,17066,0.293532,0.283582,0.106312,0.199658,0,0
break_d2_gaussian,gaussian,break_d2,17067,0.368159,0.258706,0.69103,0.842191,0,0
break_d2_gaussian,gaussian,break_d2,17068,0.263682,0.19403,0.023256,0.986497,1,1
break_d2_gaussian,gaussian,break_d2,17069,0.59204,0.61194,0.053156,0.209042,0,0
break_d2_gaussian,gaussian,break_d2,17070,0.865672,0.900498,0.006645,0.326987,1,1
break_d2_gaussian,gaussian,break_d2,17071,0.751244,0.79602,0.265781,0.317803,0,0
break_d2_gaussian,gaussian,break_d2,17072,0.835821,0.80597,0.0299,0.958167,1,1
break_d2_gaussian,gaussian,break_d2,17073,0.721393,0.666667,0.993355,0.482272,1,1
break_d2_gaussian,gaussian,break_d2,17074,0.014925,0.039801,0.421927,0.783407,1,1
break_d2_gaussian,gaussian,break_d2,17075,0.771144,0.646766,0.003322,0.770039,1,1
break_d2_gaussian,gaussian,break_d2,17076,0.567164,0.651741,0.737542,0.556647,1,1
break_d2_gaussian,gaussian,break_d2,17077,0.39801,0.228856,0.049834,0.163019,0,0
break_d2_gaussian,gaussian,break_d2,17078,0.169154,0.228856,0.232558,0.712478,1,1
break_d2_gaussian,gaussian,break_d2,17079,0.512438,0.21393,0.405316,0.467553,0,0
break_d2_gaussian,gaussian,break_d2,17080,0.457711,0.348259,0.089701,0.963324,0,0
break_d2_gaussian,gaussian,break_d2,17081,0.238806,0.278607,0.421927,0.554358,1,1
break_d2_gaussian,gaussian,break_d2,17082,0.054726,0.19403,0.76412,0.994683,0,0
break_d2_gaussian,gaussian,break_d2,17083,0.761194,0.731343,0.106312,0.130411,1,1
break_d2_gaussian,gaussian,break_d2,17084,0.721393,0.646766,0.853821,0.910585,0,0
break_d2_gaussian,gaussian,break_d2,17085,0.726368,0.746269,0.760797,0.462737,1,1
break_d2_gaussian,gaussian,break_d2,17086,0.731343,0.61194,0.239203,0.488163,0,0
break_d2_gaussian,gaussian,break_d2,17087,0.975124,0.930348,0.647841,0.332181,1,1
break_d2_gaussian,gaussian,break_d2,17088,0.189055,0.313433,0.255814,0.372861,0,1
break_d2_gaussian,gaussian,break_d2,17089,0.029851,0.034826,0.07309,0.094616,1,1
break_d2_gaussian,gaussian,break_d2,17090,0.437811,0.447761,0.940199,0.822349,1,0
break_d2_gaussian,gaussian,break_d2,17091,0.069652,0.069652,0.584718,0.168993,0,0
break_d2_gaussian,gaussian,break_d2,17092,0.865672,0.736318,0.51495,0.633051,1,0
break_d2_gaussian,gaussian,break_d2,17093,0.631841,0.547264,0.215947,0.299037,2,0
break_d2_gaussian,gaussian,break_d2,17094,0.467662,0.40796,0.272425,0.160004,1,1
break_d2_gaussian,gaussian,break_d2,17095,0.756219,0.691542,0.07309,0.126578,1,0
break_d2_gaussian,gaussian,break_d2,17096,0.597015,0.731343,0.259136,0.418242,0,0
break_d2_gaussian,gaussian,break_d2,17097,0.482587,0.497512,0.45515,0.546491,1,1
break_d2_gaussian,gaussian,break_d2,17098,0.731343,0.741294,0.654485,0.623079,0,0
break_d2_gaussian,gaussian,break_d2,17099,0.79602,0.646766,0.940199,0.420762,0,0
break_d2_gaussian,gaussian,break_d2,17100,0.78607,0.636816,0.757475,0.20858,0,0
break_d2_gaussian,gaussian,break_d2,17101,0.671642,0.721393,0.142857,0.003846,1,1
break_d2_gaussian,gaussian,break_d2,17102,0.870647,0.865672,0.006645,0.312076,1,1
break_d2_gaussian,gaussian,break_d2,17103,0.542289,0.61194,0.554817,0.537704,0,0
break_d2_gaussian,gaussian,break_d2,17104,0.482587,0.532338,0.189369,0.43074,1,1
break_d2_gaussian,gaussian,break_d2,17105,0.512438,0.61194,0.225914,0.373369,1,1
break_d2_gaussian,gaussian,break_d2,17106,0.641791,0.587065,0.644518,0.760036,1,1
break_d2_gaussian,gaussian,break_d2,17107,0.671642,0.606965,0.594684,0.117106,1,1
break_d2_gaussian,gaussian,break_d2,17108,0.810945,0.776119,0.790698,0.711622,1,0
break_d2_gaussian,gaussian,break_d2,17109,0.442786,0.60199,0.664452,0.797309,0,0
break_d2_gaussian,gaussian,break_d2,17110,0.139303,0.129353,0.524917,0.609118,1,0
break_d2_gaussian,gaussian,break_d2,17111,0.60199,0.532338,0.039867,0.940898,1,1
break_d2_gaussian,gaussian,break_d2,17112,0.38806,0.442786,0.431894,0.636488,0,0
break_d2_gaussian,gaussian,break_d2,17113,0.124378,0.074627,0.38206,0.189707,1,1
break_d2_gaussian,gaussian,break_d2,17114,0.850746,0.930348,0.504983,0.412771,0,0
break_d2_gaussian,gaussian,break_d2,17115,0.656716,0.671642,0.757475,0.381628,0,0
break_d2_gaussian,gaussian,break_d2,17116,0.995025,0.9801,0.607973,0.468565,1,1
break_d2_gaussian,gaussian,break_d2,17117,0.19403,0.18408,0.139535,0.058828,0,0
break_d2_gaussian,gaussian,break_d2,17118,0.547264,0.756219,0.554817,0.79991,0,0
break_d2_gaussian,gaussian,break_d2,17119,0.437811,0.467662,0.365449,0.564709,1,1
break_d2_gaussian,gaussian,break_d2,17120,0.975124,0.80597,0.039867,0.91112,1,0
break_d2_gaussian,gaussian,break_d2,17121,0.616915,0.761194,0.431894,0.468269,0,0
break_d2_gaussian,gaussian,break_d2,17122,0.358209,0.537313,0.27907,0.281339,1,1
break_d2_gaussian,gaussian,break_d2,17123,1.0,0.845771,0.92691,0.803203,1,1
break_d2_gaussian,gaussian,break_d2,17124,0.069652,0.069652,0.219269,0.360815,1,1
break_d2_gaussian,gaussian,break_d2,17125,0.616915,0.542289,0.255814,0.027134,0,0
break_d2_gaussian,gaussian,break_d2,17126,0.651741,0.502488,0.82392,0.228662,1,1
break_d2_gaussian,gaussian,break_d2,17127,0.61194,0.60199,0.774086,0.340358,0,0
break_d2_gaussian,gaussian,break_d2,17128,0.621891,0.696517,0.827243,0.909996,1,1
break_d2_gaussian,gaussian,break_d2,17129,0.18408,0.238806,0.647841,0.437311,1,1
break_d2_gaussian,gaussian,break_d2,17130,0.273632,0.283582,0.906977,0.854816,0,0
break_d2_gaussian,gaussian,break_d2,17131,0.771144,0.696517,0.554817,0.642061,1,1
break_d2_gaussian,gaussian,break_d2,17132,0.597015,0.60199,0.049834,0.94204,0,0
break_d2_gaussian,gaussian,break_d2,17133,0.502488,0.761194,0.578073,0.784036,1,1
break_d2_gaussian,gaussian,break_d2,17134,0.268657,0.154229,0.07309,0.742625,0,0
break_d2_gaussian,gaussian,break_d2,17135,0.915423,0.820896,0.644518,0.392288,1,1
break_d2_gaussian,gaussian,break_d2,17136,0.412935,0.293532,0.883721,0.434817,1,1
break_d2_gaussian,gaussian,break_d2,17137,0.20398,0.412935,0.169435,0.477194,3,0
break_d2_gaussian,gaussian,break_d2,17138,0.950249,0.830846,0.33887,0.931039,1,1
break_d2_gaussian,gaussian,break_d2,17139,0.104478,0.149254,0.172757,0.308399,1,0
break_d2_gaussian,gaussian,break_d2,17140,0.507463,0.313433,0.358804,0.11021,1,1
break_d2_gaussian,gaussian,break_d2,17141,0.716418,0.606965,0.358804,0.421609,1,1
break_d2_gaussian,gaussian,break_d2,17142,0.492537,0.681592,0.0299,0.316024,1,1
break_d2_gaussian,gaussian,break_d2,17143,0.572139,0.542289,0.076412,0.080961,0,0
break_d2_gaussian,gaussian,break_d2,17144,0.621891,0.587065,0.305648,0.732279,1,1
break_d2_gaussian,gaussian,break_d2,17145,0.159204,0.069652,0.106312,0.477524,0,0
break_d2_gaussian,gaussian,break_d2,17146,0.447761,0.233831,0.431894,0.373482,0,0
break_d2_gaussian,gaussian,break_d2,17147,0.199005,0.094527,0.07309,0.661399,0,0
break_d2_gaussian,gaussian,break_d2,17148,0.711443,0.78607,0.009967,0.797308,1,1
break_d2_gaussian,gaussian,break_d2,17149,0.711443,0.412935,0.305648,0.92239,2,0
break_d2_gaussian,gaussian,break_d2,17150,0.681592,0.572139,0.059801,0.839992,1,1
break_d2_gaussian,gaussian,break_d2,17151,0.597015,0.308458,0.461794,0.123351,0,0
break_d2_gaussian,gaussian,break_d2,17152,0.885572,0.905473,0.023256,0.54616,0,0
break_d2_gaussian,gaussian,break_d2,17153,0.074627,0.164179,0.27907,0.218722,1,1
break_d2_gaussian,gaussian,break_d2,17154,0.507463,0.502488,0.810631,0.337715,0,0
break_d2_gaussian,gaussian,break_d2,17155,0.681592,0.58209,0.066445,0.352662,1,1
break_d2_gaussian,gaussian,break_d2,17156,0.810945,0.880597,0.421927,0.364438,1,1
break_d2_gaussian,gaussian,break_d2,17157,0.870647,0.855721,0.810631,0.27338,1,1
break_d2_gaussian,gaussian,break_d2,17158,0.616915,0.696517,0.023256,0.188079,1,1
break_d2_gaussian,gaussian,break_d2,17159,0.313433,0.20398,0.169435,0.23309,0,0
break_d2_gaussian,gaussian,break_d2,17160,0.39801,0.353234,0.049834,0.037068,1,1
break_d2_gaussian,gaussian,break_d2,17161,0.930348,0.825871,0.305648,0.233674,1,1
break_d2_gaussian,gaussian,break_d2,17162,0.507463,0.18408,0.139535,0.440972,1,1
break_d2_gaussian,gaussian,break_d2,17163,0.422886,0.477612,0.358804,0.316821,1,1
break_d2_gaussian,gaussian,break_d2,17164,0.79602,0.656716,0.096346,0.56848,1,1
break_d2_gaussian,gaussian,break_d2,17165,0.452736,0.626866,0.481728,0.80045,1,1
break_d2_gaussian,gaussian,break_d2,17166,0.432836,0.487562,0.076412,0.796809,1,1
break_d2_gaussian,gaussian,break_d2,17167,0.502488,0.552239,0.006645,0.014023,1,1
break_d2_gaussian,gaussian,break_d2,17168,0.731343,0.666667,0.07309,0.599242,0,0
break_d2_gaussian,gaussian,break_d2,17169,0.61194,0.572139,0.395349,0.159784,1,1
break_d2_gaussian,gaussian,break_d2,17170,0.800995,0.766169,0.554817,0.614389,2,0
break_d2_gaussian,gaussian,break_d2,17171,0.865672,0.840796,0.262458,0.123755,0,0
break_d2_gaussian,gaussian,break_d2,17172,0.199005,0.094527,0.837209,0.228354,1,1
break_d2_gaussian,gaussian,break_d2,17173,0.263682,0.139303,0.046512,0.764058,1,1
break_d2_gaussian,gaussian,break_d2,17174,0.333333,0.422886,0.265781,0.68929,1,0
break_d2_gaussian,gaussian,break_d2,17175,0.094527,0.099502,0.07309,0.381671,0,0
break_d2_gaussian,gaussian,break_d2,17176,0.751244,0.791045,0.807309,0.375854,1,0
break_d2_gaussian,gaussian,break_d2,17177,0.691542,0.562189,0.554817,0.538813,1,0
break_d2_gaussian,gaussian,break_d2,17178,0.810945,0.920398,0.431894,0.818729,1,1
break_d2_gaussian,gaussian,break_d2,17179,1.0,0.995025,0.820598,0.105997,0,0
break_d2_gaussian,gaussian,break_d2,17180,0.457711,0.373134,0.936877,0.164998,0,0
break_d2_gaussian,gaussian,break_d2,17181,0.691542,0.661692,0.69103,0.835764,0,0
break_d2_gaussian,gaussian,break_d2,17182,0.587065,0.830846,0.006645,0.708563,1,1
break_d2_gaussian,gaussian,break_d2,17183,0.895522,0.905473,0.106312,0.057784,0,0
break_d2_gaussian,gaussian,break_d2,17184,0.348259,0.268657,0.435216,0.5002,1,1
break_d2_gaussian,gaussian,break_d2,17185,0.074627,0.139303,0.272425,0.807899,2,0
break_d2_gaussian,gaussian,break_d2,17186,0.61194,0.562189,0.554817,0.222321,0,0
break_d2_gaussian,gaussian,break_d2,17187,0.736318,0.766169,0.225914,0.504066,2,0
break_d2_gaussian,gaussian,break_d2,17188,0.034826,0.159204,0.581395,0.95389,0,0
break_d2_gaussian,gaussian,break_d2,17189,0.074627,0.049751,0.571429,0.321129,0,0
break_d2_gaussian,gaussian,break_d2,17190,0.502488,0.378109,0.654485,0.102838,0,0
break_d2_gaussian,gaussian,break_d2,17191,0.179104,0.159204,0.478405,0.306662,1,1
break_d2_gaussian,gaussian,break_d2,17192,0.432836,0.348259,0.634551,0.721471,1,1
break_d2_gaussian,gaussian,break_d2,17193,0.860697,0.885572,0.016611,0.096605,1,1
break_d2_gaussian,gaussian,break_d2,17194,0.656716,0.497512,0.431894,0.106304,1,1
break_d2_gaussian,gaussian,break_d2,17195,0.631841,0.736318,0.880399,0.693454,0,0
break_d2_gaussian,gaussian,break_d2,17196,0.099502,0.154229,0.737542,0.146161,1,1
break_d2_gaussian,gaussian,break_d2,17197,0.671642,0.59204,0.554817,0.694431,1,1
break_d2_gaussian,gaussian,break_d2,17198,0.945274,0.985075,0.109635,0.74303,1,1
break_d2_gaussian,gaussian,break_d2,17199,0.21393,0.283582,0.438538,0.243323,0,0
break_d2_gaussian,gaussian,break_d2,17200,0.139303,0.149254,0.299003,0.179013,0,0
break_d2_gaussian,gaussian,break_d2,17201,0.363184,0.412935,0.362126,0.516989,1,1
break_d2_gaussian,gaussian,break_d2,17202,0.850746,0.865672,0.215947,0.813547,0,0
break_d2_gaussian,gaussian,break_d2,17203,0.18408,0.20398,0.066445,0.706236,0,0
break_d2_gaussian,gaussian,break_d2,17204,0.915423,0.935323,0.45515,0.750356,1,1
break_d2_gaussian,gaussian,break_d2,17205,0.890547,0.905473,0.0299,0.069376,0,0
break_d2_gaussian,gaussian,break_d2,17206,0.164179,0.18408,0.740864,0.45905,1,1
break_d2_gaussian,gaussian,break_d2,17207,0.373134,0.333333,0.45515,0.970521,1,1
break_d2_gaussian,gaussian,break_d2,17208,0.089552,0.134328,0.916944,0.563259,1,1
break_d2_gaussian,gaussian,break_d2,17209,0.159204,0.313433,0.734219,0.938219,1,1
break_d2_gaussian,gaussian,break_d2,17210,0.353234,0.676617,0.421927,0.59831,1,1
break_d2_gaussian,gaussian,break_d2,17211,0.825871,0.880597,0.222591,0.186965,1,1
break_d2_gaussian,gaussian,break_d2,17212,0.562189,0.850746,0.495017,0.452464,1,1
break_d2_gaussian,gaussian,break_d2,17213,0.995025,0.870647,0.734219,0.170543,0,0
break_d2_gaussian,gaussian,break_d2,17214,0.731343,0.800995,0.667774,0.05541,1,1
break_d2_gaussian,gaussian,break_d2,17215,0.820896,0.696517,0.026578,0.767142,0,0
break_d2_gaussian,gaussian,break_d2,17216,0.054726,0.029851,0.358804,0.012522,1,1
break_d2_gaussian,gaussian,break_d2,17217,0.925373,0.820896,0.27907,0.32422,0,0
break_d2_gaussian,gaussian,break_d2,17218,0.447761,0.378109,0.106312,0.858663,0,0
break_d2_gaussian,gaussian,break_d2,17219,0.925373,0.955224,0.754153,0.04328,1,1
break_d2_gaussian,gaussian,break_d2,17220,0.885572,0.925373,0.089701,0.285924,0,0
break_d2_gaussian,gaussian,break_d2,17221,0.029851,0.029851,0.654485,0.037899,1,1
break_d2_gaussian,gaussian,break_d2,17222,0.258706,0.318408,0.013289,0.93508,1,1
break_d2_gaussian,gaussian,break_d2,17223,0.761194,0.860697,0.009967,0.77863,1,1
break_d2_gaussian,gaussian,break_d2,17224,0.059701,0.079602,0.013289,0.144415,0,0
break_d2_gaussian,gaussian,break_d2,17225,0.084577,0.064677,0.837209,0.688827,1,1
break_d2_gaussian,gaussian,break_d2,17226,0.477612,0.318408,0.405316,0.738234,0,0
break_d2_gaussian,gaussian,break_d2,17227,0.930348,0.955224,0.086379,0.583096,0,0
break_d2_gaussian,gaussian,break_d2,17228,0.149254,0.40796,0.421927,0.859848,1,0
break_d2_gaussian,gaussian,break_d2,17229,0.378109,0.442786,0.006645,0.057259,1,1
break_d2_gaussian,gaussian,break_d2,17230,0.18408,0.189055,0.478405,0.379128,0,1
break_d2_gaussian,gaussian,break_d2,17231,0.646766,0.701493,0.07309,0.549222,1,1
break_d2_gaussian,gaussian,break_d2,17232,0.094527,0.099502,0.554817,0.763694,1,1
break_d2_gaussian,gaussian,break_d2,17233,0.731343,0.512438,0.448505,0.347157,2,0
break_d2_gaussian,gaussian,break_d2,17234,0.666667,0.532338,0.179402,0.573714,1,1
break_d2_gaussian,gaussian,break_d2,17235,0.726368,0.577114,0.242525,0.527336,0,0
break_d2_gaussian,gaussian,break_d2,17236,0.144279,0.174129,0.504983,0.460738,1,1
break_d2_gaussian,gaussian,break_d2,17237,0.940299,0.855721,0.448505,0.508574,1,0
break_d2_gaussian,gaussian,break_d2,17238,0.059701,0.159204,0.408638,0.827027,0,1
break_d2_gaussian,gaussian,break_d2,17239,0.81592,0.791045,0.335548,0.70515,1,1
break_d2_gaussian,gaussian,break_d2,17240,0.532338,0.59204,0.747508,0.083714,1,1
break_d2_gaussian,gaussian,break_d2,17241,0.616915,0.701493,0.421927,0.501026,1,1
break_d2_gaussian,gaussian,break_d2,17242,0.900498,0.741294,0.747508,0.042666,0,0
break_d2_gaussian,gaussian,break_d2,17243,0.81592,0.676617,0.41196,0.893975,0,0
break_d2_gaussian,gaussian,break_d2,17244,0.442786,0.393035,0.737542,0.849024,0,0
break_d2_gaussian,gaussian,break_d2,17245,0.641791,0.791045,0.299003,0.885435,1,1
break_d2_gaussian,gaussian,break_d2,17246,0.179104,0.159204,0.089701,0.329258,1,1
break_d2_gaussian,gaussian,break_d2,17247,0.572139,0.58209,0.265781,0.714472,1,1
break_d2_gaussian,gaussian,break_d2,17248,0.104478,0.084577,0.0299,0.802848,1,0
break_d2_gaussian,gaussian,break_d2,17249,0.825871,0.885572,0.631229,0.834939,0,0
break_d2_gaussian,gaussian,break_d2,17250,0.238806,0.223881,0.76412,0.49119,0,0
break_d2_gaussian,gaussian,break_d2,17251,0.567164,0.557214,0.754153,0.50125,1,1
break_d2_gaussian,gaussian,break_d2,17252,0.995025,0.950249,0.07309,0.193485,0,0
break_d2_gaussian,gaussian,break_d2,17253,0.751244,0.885572,0.019934,0.627987,1,1
break_d2_gaussian,gaussian,break_d2,17254,0.034826,0.114428,0.44186,0.461369,1,0
break_d2_gaussian,gaussian,break_d2,17255,0.462687,0.567164,0.265781,0.549448,2,0
break_d2_gaussian,gaussian,break_d2,17256,0.567164,0.497512,0.265781,0.350708,1,1
break_d2_gaussian,gaussian,break_d2,17257,0.154229,0.144279,0.495017,0.199238,1,1
break_d2_gaussian,gaussian,break_d2,17258,0.875622,0.810945,0.51495,0.968608,0,0
break_d2_gaussian,gaussian,break_d2,17259,0.467662,0.597015,0.554817,0.409674,1,0
break_d2_gaussian,gaussian,break_d2,17260,0.825871,0.636816,0.265781,0.484793,0,0
break_d2_gaussian,gaussian,break_d2,17261,0.681592,0.626866,0.51495,0.15942,0,0
break_d2_gaussian,gaussian,break_d2,17262,0.452736,0.422886,0.920266,0.498595,2,2
break_d2_gaussian,gaussian,break_d2,17263,0.736318,0.756219,0.07309,0.118218,1,1
break_d2_gaussian,gaussian,break_d2,17264,0.024876,0.054726,0.79402,0.673686,2,2
break_d2_gaussian,gaussian,break_d2,17265,0.393035,0.597015,0.850498,0.789317,3,0
break_d2_gaussian,gaussian,break_d2,17266,0.691542,0.631841,0.222591,0.155634,0,0
break_d2_gaussian,gaussian,break_d2,17267,0.263682,0.293532,0.079734,0.139357,0,0
break_d2_gaussian,gaussian,break_d2,17268,0.029851,0.00995,0.07309,0.217874,1,1
break_d2_gaussian,gaussian,break_d2,17269,0.094527,0.109453,0.431894,0.639243,0,0
break_d2_gaussian,gaussian,break_d2,17270,0.870647,0.895522,0.594684,0.06898,1,1
break_d2_gaussian,gaussian,break_d2,17271,0.840796,0.825871,0.448505,0.788046,1,0
break_d2_gaussian,gaussian,break_d2,17272,0.278607,0.228856,0.807309,0.259662,1,1
break_d2_gaussian,gaussian,break_d2,17273,0.383085,0.20398,0.850498,0.552038,0,0
break_d2_gaussian,gaussian,break_d2,17274,0.253731,0.218905,0.009967,0.006871,1,1
break_d2_gaussian,gaussian,break_d2,17275,0.268657,0.154229,0.093023,0.13321,1,1
break_d2_gaussian,gaussian,break_d2,17276,0.995025,0.885572,0.644518,0.748355,0,0
break_d2_gaussian,gaussian,break_d2,17277,0.577114,0.686567,0.431894,0.293618,0,0
break_d2_gaussian,gaussian,break_d2,17278,0.517413,0.517413,0.189369,0.954147,1,1
break_d2_gaussian,gaussian,break_d2,17279,0.616915,0.721393,0.408638,0.430454,1,1
break_d2_gaussian,gaussian,break_d2,17280,0.502488,0.293532,0.358804,0.219956,1,0
break_d2_gaussian,gaussian,break_d2,17281,0.855721,0.870647,0.435216,0.907207,1,1
break_d2_gaussian,gaussian,break_d2,17282,0.552239,0.631841,0.023256,0.647491,1,1
break_d2_gaussian,gaussian,break_d2,17283,0.169154,0.149254,0.199336,0.986902,1,1
break_d2_gaussian,gaussian,break_d2,17284,0.353234,0.21393,0.053156,0.417964,1,0
break_d2_gaussian,gaussian,break_d2,17285,0.338308,0.39801,0.880399,0.358478,1,1
break_d2_gaussian,gaussian,break_d2,17286,0.940299,0.9801,0.578073,0.483474,0,0
break_d2_gaussian,gaussian,break_d2,17287,0.537313,0.492537,0.664452,0.703875,1,1
break_d2_gaussian,gaussian,break_d2,17288,0.915423,0.845771,0.880399,0.062866,0,0
break_d2_gaussian,gaussian,break_d2,17289,0.064677,0.014925,0.777409,0.0319,1,1
break_d2_gaussian,gaussian,break_d2,17290,0.895522,0.870647,0.421927,0.323814,1,1
break_d2_gaussian,gaussian,break_d2,17291,0.716418,0.925373,0.109635,0.457561,1,1
break_d2_gaussian,gaussian,break_d2,17292,0.686567,0.761194,0.0299,0.723499,1,1
break_d2_gaussian,gaussian,break_d2,17293,0.278607,0.283582,0.92691,0.203629,1,1
break_d2_gaussian,gaussian,break_d2,17294,0.945274,0.825871,0.292359,0.644835,1,1
break_d2_gaussian,gaussian,break_d2,17295,0.80597,0.646766,0.096346,0.546937,1,1
break_d2_gaussian,gaussian,break_d2,17296,0.676617,0.706468,0.126246,0.877161,1,1
break_d2_gaussian,gaussian,break_d2,17297,0.179104,0.064677,0.943522,0.658057,1,1
break_d2_gaussian,gaussian,break_d2,17298,0.900498,0.975124,0.883721,0.209853,0,0
break_d2_gaussian,gaussian,break_d2,17299,0.248756,0.373134,0.093023,0.669142,0,0
null_ar1_r03,ar1_r03,null,17000,0.412935,0.258706,0.003322,0.787681,0,4
null_ar1_r03,ar1_r03,null,17001,0.557214,0.323383,0.003322,0.316542,0,3
null_ar1_r03,ar1_r03,null,17002,0.686567,0.651741,0.003322,0.001363,0,2
null_ar1_r03,ar1_r03,null,17003,0.78607,0.900498,0.003322,0.307705,0,1
null_ar1_r03,ar1_r03,null,17004,0.38806,0.20398,0.003322,0.121142,0,1
null_ar1_r03,ar1_r03,null,17005,0.358209,0.318408,0.006645,0.332977,0,2
null_ar1_r03,ar1_r03,null,17006,0.751244,0.820896,0.003322,0.221232,0,2
null_ar1_r03,ar1_r03,null,17007,0.034826,0.004975,0.003322,0.371741,0,1
null_ar1_r03,ar1_r03,null,17008,0.910448,0.915423,0.003322,0.143145,0,1
null_ar1_r03,ar1_r03,null,17009,0.666667,0.726368,0.003322,0.073783,0,1
null_ar1_r03,ar1_r03,null,17010,0.462687,0.373134,0.003322,0.390794,0,2
null_ar1_r03,ar1_r03,null,17011,0.761194,0.631841,0.003322,0.654799,0,3
null_ar1_r03,ar1_r03,null,17012,0.701493,0.711443,0.003322,0.16809,0,3
null_ar1_r03,ar1_r03,null,17013,0.487562,0.199005,0.003322,0.984065,0,1
null_ar1_r03,ar1_r03,null,17014,0.681592,0.79602,0.003322,0.263578,0,1
null_ar1_r03,ar1_r03,null,17015,0.825871,0.701493,0.003322,0.182601,0,2
null_ar1_r03,ar1_r03,null,17016,0.41791,0.60199,0.003322,0.444424,0,1
null_ar1_r03,ar1_r03,null,17017,0.756219,0.820896,0.013289,0.007164,0,4
null_ar1_r03,ar1_r03,null,17018,0.054726,0.079602,0.006645,0.591778,0,3
null_ar1_r03,ar1_r03,null,17019,0.064677,0.059701,0.003322,0.612232,0,3
null_ar1_r03,ar1_r03,null,17020,0.149254,0.333333,0.003322,0.713272,0,3
null_ar1_r03,ar1_r03,null,17021,0.38806,0.323383,0.003322,0.215175,0,1
null_ar1_r03,ar1_r03,null,17022,0.671642,0.427861,0.003322,0.981881,0,2
null_ar1_r03,ar1_r03,null,17023,0.094527,0.044776,0.003322,0.433378,0,1
null_ar1_r03,ar1_r03,null,17024,0.59204,0.328358,0.003322,0.825539,0,1
null_ar1_r03,ar1_r03,null,17025,0.253731,0.313433,0.003322,0.260195,0,1
null_ar1_r03,ar1_r03,null,17026,0.965174,0.940299,0.003322,0.787854,0,4
null_ar1_r03,ar1_r03,null,17027,0.955224,0.80597,0.003322,0.228412,0,2
null_ar1_r03,ar1_r03,null,17028,0.965174,0.81592,0.003322,0.525704,0,4
null_ar1_r03,ar1_r03,null,17029,0.766169,0.766169,0.003322,0.769811,0,3
null_ar1_r03,ar1_r03,null,17030,0.761194,0.716418,0.003322,0.796568,0,1
null_ar1_r03,ar1_r03,null,17031,0.61194,0.661692,0.023256,0.833328,0,1
null_ar1_r03,ar1_r03,null,17032,0.686567,0.547264,0.003322,0.721715,0,2
null_ar1_r03,ar1_r03,null,17033,0.20398,0.129353,0.006645,0.335168,0,3
null_ar1_r03,ar1_r03,null,17034,0.781095,0.925373,0.003322,0.000414,0,1
null_ar1_r03,ar1_r03,null,17035,0.288557,0.522388,0.003322,0.052742,0,4
null_ar1_r03,ar1_r03,null,17036,0.049751,0.024876,0.003322,0.415177,0,2
null_ar1_r03,ar1_r03,null,17037,0.79602,0.716418,0.003322,0.180548,0,3
null_ar1_r03,ar1_r03,null,17038,0.631841,0.771144,0.003322,0.080427,0,1
null_ar1_r03,ar1_r03,null,17039,0.641791,0.40796,0.003322,0.966135,0,3
null_ar1_r03,ar1_r03,null,17040,0.079602,0.18408,0.003322,0.733852,0,1
null_ar1_r03,ar1_r03,null,17041,0.472637,0.39801,0.003322,0.923386,0,1
null_ar1_r03,ar1_r03,null,17042,0.402985,0.477612,0.003322,0.069974,0,2
null_ar1_r03,ar1_r03,null,17043,0.522388,0.522388,0.003322,0.252815,0,1
null_ar1_r03,ar1_r03,null,17044,0.970149,0.945274,0.003322,0.778692,0,2
null_ar1_r03,ar1_r03,null,17045,0.447761,0.452736,0.003322,0.254122,0,2
null_ar1_r03,ar1_r03,null,17046,0.368159,0.18408,0.003322,0.218851,0,2
null_ar1_r03,ar1_r03,null,17047,0.348259,0.169154,0.003322,0.328686,0,1
null_ar1_r03,ar1_r03,null,17048,0.741294,0.686567,0.003322,0.760218,0,4
null_ar1_r03,ar1_r03,null,17049,0.119403,0.109453,0.003322,0.297185,0,1
null_ar1_r03,ar1_r03,null,17050,0.895522,0.875622,0.003322,0.469649,0,2
null_ar1_r03,ar1_r03,null,17051,0.20398,0.353234,0.003322,0.598214,0,1
null_ar1_r03,ar1_r03,null,17052,0.835821,0.835821,0.006645,0.026588,0,2
null_ar1_r03,ar1_r03,null,17053,0.044776,0.054726,0.003322,0.052989,0,4
null_ar1_r03,ar1_r03,null,17054,0.084577,0.064677,0.003322,0.959886,0,2
null_ar1_r03,ar1_r03,null,17055,0.557214,0.512438,0.003322,0.123549,0,1
null_ar1_r03,ar1_r03,null,17056,0.955224,0.920398,0.003322,0.495305,0,1
null_ar1_r03,ar1_r03,null,17057,0.044776,0.00995,0.003322,0.112234,0,2
null_ar1_r03,ar1_r03,null,17058,0.308458,0.119403,0.003322,0.033097,0,2
null_ar1_r03,ar1_r03,null,17059,0.298507,0.293532,0.003322,0.010565,0,3
null_ar1_r03,ar1_r03,null,17060,0.00995,0.044776,0.003322,0.662783,0,3
null_ar1_r03,ar1_r03,null,17061,0.00995,0.0199,0.003322,0.192218,0,4
null_ar1_r03,ar1_r03,null,17062,0.149254,0.064677,0.003322,0.004984,0,0
null_ar1_r03,ar1_r03,null,17063,0.348259,0.452736,0.003322,0.13735,0,1
null_ar1_r03,ar1_r03,null,17064,0.537313,0.666667,0.003322,0.668562,0,3
null_ar1_r03,ar1_r03,null,17065,0.751244,0.507463,0.009967,0.597138,0,4
null_ar1_r03,ar1_r03,null,17066,0.666667,0.562189,0.003322,0.43245,0,3
null_ar1_r03,ar1_r03,null,17067,0.467662,0.587065,0.003322,0.106471,0,0
null_ar1_r03,ar1_r03,null,17068,0.99005,0.985075,0.003322,0.697193,0,1
null_ar1_r03,ar1_r03,null,17069,0.80597,0.885572,0.003322,0.153973,0,1
null_ar1_r03,ar1_r03,null,17070,0.139303,0.293532,0.003322,0.447529,0,3
null_ar1_r03,ar1_r03,null,17071,0.900498,0.835821,0.003322,0.915174,0,1
null_ar1_r03,ar1_r03,null,17072,0.462687,0.268657,0.003322,0.069955,0,2
null_ar1_r03,ar1_r03,null,17073,0.442786,0.606965,0.003322,0.670061,0,1
null_ar1_r03,ar1_r03,null,17074,0.920398,0.935323,0.003322,0.41507,0,4
null_ar1_r03,ar1_r03,null,17075,0.636816,0.41791,0.003322,0.96525,0,3
null_ar1_r03,ar1_r03,null,17076,0.014925,0.014925,0.003322,0.25082,0,1
null_ar1_r03,ar1_r03,null,17077,0.323383,0.368159,0.003322,0.069839,0,2
null_ar1_r03,ar1_r03,null,17078,0.920398,0.960199,0.003322,0.429637,0,2
null_ar1_r03,ar1_r03,null,17079,0.766169,0.557214,0.003322,0.652287,0,1
null_ar1_r03,ar1_r03,null,17080,0.378109,0.333333,0.006645,0.862396,0,1
null_ar1_r03,ar1_r03,null,17081,0.034826,0.109453,0.003322,0.42374,0,3
null_ar1_r03,ar1_r03,null,17082,0.208955,0.169154,0.003322,0.148517,0,1
null_ar1_r03,ar1_r03,null,17083,0.034826,0.00995,0.003322,0.276128,0,4
null_ar1_r03,ar1_r03,null,17084,0.054726,0.024876,0.003322,0.883827,0,2
null_ar1_r03,ar1_r03,null,17085,0.791045,0.800995,0.003322,0.207446,0,1
null_ar1_r03,ar1_r03,null,17086,0.706468,0.756219,0.003322,0.09535,0,1
null_ar1_r03,ar1_r03,null,17087,0.890547,0.930348,0.003322,0.306256,0,2
null_ar1_r03,ar1_r03,null,17088,0.248756,0.149254,0.009967,0.505147,0,2
null_ar1_r03,ar1_r03,null,17089,0.830846,0.810945,0.006645,0.629223,0,1
null_ar1_r03,ar1_r03,null,17090,0.945274,0.930348,0.003322,0.311139,0,4
null_ar1_r03,ar1_r03,null,17091,0.522388,0.60199,0.003322,0.143243,0,1
null_ar1_r03,ar1_r03,null,17092,0.104478,0.233831,0.003322,0.693307,0,1
null_ar1_r03,ar1_r03,null,17093,0.895522,0.686567,0.003322,0.057472,0,1
null_ar1_r03,ar1_r03,null,17094,0.363184,0.283582,0.003322,0.722976,0,1
null_ar1_r03,ar1_r03,null,17095,0.447761,0.532338,0.003322,0.445136,0,2
null_ar1_r03,ar1_r03,null,17096,0.094527,0.089552,0.003322,0.412145,0,3
null_ar1_r03,ar1_r03,null,17097,0.462687,0.343284,0.003322,0.830113,0,1
null_ar1_r03,ar1_r03,null,17098,0.726368,0.726368,0.003322,0.132728,0,1
null_ar1_r03,ar1_r03,null,17099,0.139303,0.179104,0.003322,0.032024,0,3
null_ar1_r03,ar1_r03,null,17100,0.437811,0.522388,0.003322,0.520658,0,2
null_ar1_r03,ar1_r03,null,17101,0.771144,0.656716,0.003322,0.562655,0,2
null_ar1_r03,ar1_r03,null,17102,0.39801,0.59204,0.003322,0.54638,0,0
null_ar1_r03,ar1_r03,null,17103,0.925373,0.920398,0.003322,0.927206,0,3
null_ar1_r03,ar1_r03,null,17104,0.00995,0.014925,0.003322,0.831301,0,1
null_ar1_r03,ar1_r03,null,17105,0.054726,0.174129,0.003322,0.804505,0,2
null_ar1_r03,ar1_r03,null,17106,0.636816,0.567164,0.003322,0.479846,0,1
null_ar1_r03,ar1_r03,null,17107,0.199005,0.278607,0.003322,0.177765,0,3
null_ar1_r03,ar1_r03,null,17108,0.845771,0.761194,0.003322,0.167144,0,2
null_ar1_r03,ar1_r03,null,17109,0.149254,0.19403,0.003322,0.348056,0,2
null_ar1_r03,ar1_r03,null,17110,0.810945,0.915423,0.003322,0.6601,0,1
null_ar1_r03,ar1_r03,null,17111,0.383085,0.502488,0.003322,0.839606,0,1
null_ar1_r03,ar1_r03,null,17112,0.736318,0.552239,0.003322,0.176105,0,1
null_ar1_r03,ar1_r03,null,17113,0.800995,0.696517,0.003322,0.120388,0,1
null_ar1_r03,ar1_r03,null,17114,0.313433,0.492537,0.003322,0.199745,0,1
null_ar1_r03,ar1_r03,null,17115,0.641791,0.631841,0.003322,0.875756,0,1
null_ar1_r03,ar1_r03,null,17116,0.875622,0.751244,0.003322,0.0701,0,2
null_ar1_r03,ar1_r03,null,17117,0.18408,0.238806,0.003322,0.774913,0,1
null_ar1_r03,ar1_r03,null,17118,0.044776,0.049751,0.003322,0.53767,0,1
null_ar1_r03,ar1_r03,null,17119,0.567164,0.616915,0.003322,0.141922,0,1
null_ar1_r03,ar1_r03,null,17120,0.950249,0.850746,0.003322,0.123097,0,1
null_ar1_r03,ar1_r03,null,17121,0.661692,0.776119,0.003322,0.025798,0,2
null_ar1_r03,ar1_r03,null,17122,0.820896,0.756219,0.003322,0.857653,0,2
null_ar1_r03,ar1_r03,null,17123,0.179104,0.41791,0.003322,0.299308,0,2
null_ar1_r03,ar1_r03,null,17124,0.159204,0.333333,0.003322,0.026595,0,4
null_ar1_r03,ar1_r03,null,17125,0.363184,0.293532,0.003322,0.905359,0,3
null_ar1_r03,ar1_r03,null,17126,0.746269,0.676617,0.003322,0.228216,0,1
null_ar1_r03,ar1_r03,null,17127,0.0199,0.368159,0.003322,0.122584,0,1
null_ar1_r03,ar1_r03,null,17128,0.641791,0.412935,0.003322,0.759158,0,1
null_ar1_r03,ar1_r03,null,17129,0.373134,0.353234,0.003322,0.131858,0,2
null_ar1_r03,ar1_r03,null,17130,0.532338,0.626866,0.003322,0.005962,0,1
null_ar1_r03,ar1_r03,null,17131,0.681592,0.567164,0.003322,0.143542,0,2
null_ar1_r03,ar1_r03,null,17132,0.119403,0.313433,0.003322,0.134129,0,2
null_ar1_r03,ar1_r03,null,17133,0.865672,0.925373,0.003322,0.310713,0,2
null_ar1_r03,ar1_r03,null,17134,0.024876,0.014925,0.003322,0.047697,0,2
null_ar1_r03,ar1_r03,null,17135,0.298507,0.233831,0.003322,0.183035,0,1
null_ar1_r03,ar1_r03,null,17136,0.442786,0.363184,0.003322,0.081076,0,1
null_ar1_r03,ar1_r03,null,17137,0.920398,0.875622,0.003322,0.045911,0,1
null_ar1_r03,ar1_r03,null,17138,0.223881,0.119403,0.003322,0.359192,0,4
null_ar1_r03,ar1_r03,null,17139,0.60199,0.557214,0.003322,0.870032,0,3
null_ar1_r03,ar1_r03,null,17140,0.731343,0.875622,0.003322,0.090544,0,1
null_ar1_r03,ar1_r03,null,17141,0.701493,0.527363,0.003322,0.79198,0,1
null_ar1_r03,ar1_r03,null,17142,0.661692,0.681592,0.003322,0.157063,0,2
null_ar1_r03,ar1_r03,null,17143,0.547264,0.422886,0.003322,0.152132,0,1
null_ar1_r03,ar1_r03,null,17144,0.895522,0.81592,0.003322,0.038782,0,2
null_ar1_r03,ar1_r03,null,17145,0.412935,0.40796,0.003322,0.111454,0,1
null_ar1_r03,ar1_r03,null,17146,0.029851,0.039801,0.003322,0.357433,0,4
null_ar1_r03,ar1_r03,null,17147,0.363184,0.238806,0.003322,0.467316,0,1
null_ar1_r03,ar1_r03,null,17148,0.621891,0.537313,0.003322,0.837064,0,2
null_ar1_r03,ar1_r03,null,17149,0.676617,0.542289,0.003322,0.987633,0,1
null_ar1_r03,ar1_r03,null,17150,0.965174,0.870647,0.003322,0.019018,0,1
null_ar1_r03,ar1_r03,null,17151,0.00995,0.029851,0.003322,0.721085,0,1
null_ar1_r03,ar1_r03,null,17152,0.716418,0.78607,0.003322,0.148749,0,2
null_ar1_r03,ar1_r03,null,17153,0.074627,0.004975,0.006645,0.780313,0,1
null_ar1_r03,ar1_r03,null,17154,0.58209,0.61194,0.003322,0.531957,0,3
null_ar1_r03,ar1_r03,null,17155,0.502488,0.402985,0.003322,0.324115,0,1
null_ar1_r03,ar1_r03,null,17156,0.179104,0.273632,0.003322,0.460642,0,1
null_ar1_r03,ar1_r03,null,17157,0.537313,0.577114,0.003322,0.244537,0,1
null_ar1_r03,ar1_r03,null,17158,0.40796,0.39801,0.003322,0.132223,0,1
null_ar1_r03,ar1_r03,null,17159,0.129353,0.233831,0.003322,0.000595,0,1
null_ar1_r03,ar1_r03,null,17160,0.482587,0.557214,0.003322,0.040077,0,4
null_ar1_r03,ar1_r03,null,17161,0.278607,0.338308,0.003322,0.450635,0,1
null_ar1_r03,ar1_r03,null,17162,0.552239,0.621891,0.003322,0.582923,0,0
null_ar1_r03,ar1_r03,null,17163,0.074627,0.044776,0.003322,0.817214,0,3
null_ar1_r03,ar1_r03,null,17164,0.945274,0.865672,0.003322,0.040331,0,3
null_ar1_r03,ar1_r03,null,17165,0.711443,0.567164,0.003322,0.002884,0,1
null_ar1_r03,ar1_r03,null,17166,0.950249,0.870647,0.003322,0.768994,0,1
null_ar1_r03,ar1_r03,null,17167,0.910448,0.835821,0.003322,0.136657,0,1
null_ar1_r03,ar1_r03,null,17168,0.084577,0.014925,0.003322,0.381924,0,4
null_ar1_r03,ar1_r03,null,17169,0.950249,0.920398,0.003322,0.369048,0,1
null_ar1_r03,ar1_r03,null,17170,0.044776,0.109453,0.003322,0.387024,0,2
null_ar1_r03,ar1_r03,null,17171,0.855721,0.905473,0.003322,0.109345,0,1
null_ar1_r03,ar1_r03,null,17172,0.855721,0.572139,0.003322,0.067912,0,1
null_ar1_r03,ar1_r03,null,17173,0.368159,0.333333,0.003322,0.211554,0,1
null_ar1_r03,ar1_r03,null,17174,0.651741,0.756219,0.003322,0.671215,0,2
null_ar1_r03,ar1_r03,null,17175,0.751244,0.726368,0.003322,0.08138,0,1
null_ar1_r03,ar1_r03,null,17176,0.353234,0.258706,0.003322,0.927284,0,2
null_ar1_r03,ar1_r03,null,17177,0.791045,0.537313,0.003322,0.119792,0,2
null_ar1_r03,ar1_r03,null,17178,0.631841,0.701493,0.003322,0.883405,0,2
null_ar1_r03,ar1_r03,null,17179,0.761194,0.910448,0.003322,0.028326,0,1
null_ar1_r03,ar1_r03,null,17180,0.308458,0.383085,0.003322,0.236386,0,2
null_ar1_r03,ar1_r03,null,17181,0.557214,0.751244,0.003322,0.405383,0,3
null_ar1_r03,ar1_r03,null,17182,0.512438,0.537313,0.003322,0.01399,0,1
null_ar1_r03,ar1_r03,null,17183,0.800995,0.741294,0.003322,0.000391,0,1
null_ar1_r03,ar1_r03,null,17184,0.149254,0.21393,0.003322,0.915294,0,3
null_ar1_r03,ar1_r03,null,17185,0.228856,0.139303,0.003322,0.166811,0,1
null_ar1_r03,ar1_r03,null,17186,0.59204,0.512438,0.003322,0.497971,0,3
null_ar1_r03,ar1_r03,null,17187,0.691542,0.606965,0.003322,0.66627,0,1
null_ar1_r03,ar1_r03,null,17188,0.666667,0.497512,0.006645,0.006782,0,1
null_ar1_r03,ar1_r03,null,17189,0.960199,0.855721,0.003322,0.657071,0,1
null_ar1_r03,ar1_r03,null,17190,0.079602,0.507463,0.003322,0.092923,0,1
null_ar1_r03,ar1_r03,null,17191,0.59204,0.696517,0.003322,0.374333,0,3
null_ar1_r03,ar1_r03,null,17192,0.61194,0.651741,0.003322,0.120669,0,1
null_ar1_r03,ar1_r03,null,17193,0.995025,0.99005,0.003322,0.756603,0,3
null_ar1_r03,ar1_r03,null,17194,0.905473,0.9801,0.003322,0.260825,0,1
null_ar1_r03,ar1_r03,null,17195,0.472637,0.636816,0.003322,0.857698,0,2
null_ar1_r03,ar1_r03,null,17196,0.641791,0.776119,0.003322,0.997226,0,4
null_ar1_r03,ar1_r03,null,17197,0.507463,0.482587,0.003322,0.118127,0,4
null_ar1_r03,ar1_r03,null,17198,0.870647,0.870647,0.003322,0.545263,0,4
null_ar1_r03,ar1_r03,null,17199,0.960199,0.99005,0.003322,0.005174,0,1
null_ar1_r03,ar1_r03,null,17200,0.313433,0.218905,0.003322,0.35314,0,1
null_ar1_r03,ar1_r03,null,17201,0.402985,0.303483,0.003322,0.20664,0,2
null_ar1_r03,ar1_r03,null,17202,0.9801,0.960199,0.003322,0.703814,0,1
null_ar1_r03,ar1_r03,null,17203,0.691542,0.631841,0.003322,0.097916,0,2
null_ar1_r03,ar1_r03,null,17204,0.79602,0.845771,0.003322,0.04557,0,1
null_ar1_r03,ar1_r03,null,17205,0.587065,0.507463,0.003322,0.595635,0,2
null_ar1_r03,ar1_r03,null,17206,0.114428,0.069652,0.003322,0.072367,0,4
null_ar1_r03,ar1_r03,null,17207,0.830846,0.900498,0.003322,0.276125,0,1
null_ar1_r03,ar1_r03,null,17208,0.751244,0.746269,0.003322,0.455373,0,1
null_ar1_r03,ar1_r03,null,17209,0.820896,0.955224,0.003322,0.564446,0,1
null_ar1_r03,ar1_r03,null,17210,0.313433,0.537313,0.003322,0.645254,0,2
null_ar1_r03,ar1_r03,null,17211,0.243781,0.293532,0.003322,0.333019,0,1
null_ar1_r03,ar1_r03,null,17212,0.452736,0.293532,0.003322,0.032098,0,1
null_ar1_r03,ar1_r03,null,17213,0.124378,0.059701,0.003322,0.007752,0,2
null_ar1_r03,ar1_r03,null,17214,0.80597,0.890547,0.003322,0.737755,0,1
null_ar1_r03,ar1_r03,null,17215,0.353234,0.467662,0.003322,0.630195,0,2
null_ar1_r03,ar1_r03,null,17216,0.965174,0.895522,0.003322,0.015201,0,2
null_ar1_r03,ar1_r03,null,17217,0.800995,0.711443,0.003322,0.110505,0,2
null_ar1_r03,ar1_r03,null,17218,0.273632,0.238806,0.003322,0.693867,0,1
null_ar1_r03,ar1_r03,null,17219,0.9801,1.0,0.003322,0.976504,0,2
null_ar1_r03,ar1_r03,null,17220,0.328358,0.288557,0.003322,0.149353,0,1
null_ar1_r03,ar1_r03,null,17221,0.950249,0.845771,0.003322,0.852003,0,2
null_ar1_r03,ar1_r03,null,17222,0.870647,0.830846,0.003322,0.801902,0,4
null_ar1_r03,ar1_r03,null,17223,0.318408,0.328358,0.003322,0.153519,0,3
null_ar1_r03,ar1_r03,null,17224,0.079602,0.079602,0.003322,0.07393,0,1
null_ar1_r03,ar1_r03,null,17225,0.0199,0.223881,0.003322,0.652475,0,1
null_ar1_r03,ar1_r03,null,17226,0.462687,0.472637,0.003322,0.466347,0,1
null_ar1_r03,ar1_r03,null,17227,0.537313,0.606965,0.003322,0.285149,0,1
null_ar1_r03,ar1_r03,null,17228,0.532338,0.422886,0.003322,0.139073,0,1
null_ar1_r03,ar1_r03,null,17229,0.069652,0.044776,0.003322,0.687145,0,2
null_ar1_r03,ar1_r03,null,17230,0.069652,0.154229,0.003322,0.726296,0,1
null_ar1_r03,ar1_r03,null,17231,0.442786,0.467662,0.003322,0.038983,0,1
null_ar1_r03,ar1_r03,null,17232,0.00995,0.00995,0.003322,0.107532,0,1
null_ar1_r03,ar1_r03,null,17233,0.358209,0.353234,0.006645,0.992673,0,2
null_ar1_r03,ar1_r03,null,17234,0.58209,0.567164,0.003322,0.700549,0,1
null_ar1_r03,ar1_r03,null,17235,0.761194,0.482587,0.003322,0.087604,0,3
null_ar1_r03,ar1_r03,null,17236,0.830846,0.641791,0.003322,0.343243,0,1
null_ar1_r03,ar1_r03,null,17237,0.293532,0.308458,0.003322,0.928496,0,1
null_ar1_r03,ar1_r03,null,17238,0.054726,0.034826,0.003322,0.753017,0,1
null_ar1_r03,ar1_r03,null,17239,0.626866,0.791045,0.003322,0.325418,0,1
null_ar1_r03,ar1_r03,null,17240,0.044776,0.159204,0.003322,0.284908,0,4
null_ar1_r03,ar1_r03,null,17241,0.825871,0.79602,0.003322,0.656558,0,1
null_ar1_r03,ar1_r03,null,17242,0.935323,0.845771,0.003322,0.048031,0,2
null_ar1_r03,ar1_r03,null,17243,0.41791,0.522388,0.006645,0.628337,0,3
null_ar1_r03,ar1_r03,null,17244,0.522388,0.517413,0.003322,0.878537,0,4
null_ar1_r03,ar1_r03,null,17245,0.19403,0.348259,0.003322,0.610706,0,1
null_ar1_r03,ar1_r03,null,17246,0.378109,0.263682,0.003322,0.362052,0,1
null_ar1_r03,ar1_r03,null,17247,0.895522,0.955224,0.003322,0.033221,0,3
null_ar1_r03,ar1_r03,null,17248,0.283582,0.427861,0.003322,0.000231,0,1
null_ar1_r03,ar1_r03,null,17249,0.283582,0.308458,0.003322,0.793762,0,1
null_ar1_r03,ar1_r03,null,17250,0.238806,0.139303,0.003322,0.900025,0,1
null_ar1_r03,ar1_r03,null,17251,0.109453,0.174129,0.003322,0.500158,0,4
null_ar1_r03,ar1_r03,null,17252,0.985075,0.960199,0.003322,0.0027,0,2
null_ar1_r03,ar1_r03,null,17253,0.860697,0.850746,0.003322,0.464441,0,1
null_ar1_r03,ar1_r03,null,17254,0.21393,0.303483,0.006645,0.048461,0,1
null_ar1_r03,ar1_r03,null,17255,0.597015,0.641791,0.003322,0.127652,0,3
null_ar1_r03,ar1_r03,null,17256,0.064677,0.089552,0.003322,0.871789,0,3
null_ar1_r03,ar1_r03,null,17257,0.577114,0.497512,0.003322,0.125476,0,1
null_ar1_r03,ar1_r03,null,17258,0.721393,0.840796,0.003322,0.448105,0,1
null_ar1_r03,ar1_r03,null,17259,0.726368,0.766169,0.003322,0.310432,0,1
null_ar1_r03,ar1_r03,null,17260,0.885572,0.925373,0.009967,0.659998,0,2
null_ar1_r03,ar1_r03,null,17261,0.905473,0.920398,0.003322,0.81776,0,3
null_ar1_r03,ar1_r03,null,17262,0.701493,0.597015,0.003322,0.975149,0,3
null_ar1_r03,ar1_r03,null,17263,0.915423,0.880597,0.006645,0.668332,0,2
null_ar1_r03,ar1_r03,null,17264,0.587065,0.577114,0.003322,0.295196,0,2
null_ar1_r03,ar1_r03,null,17265,0.343284,0.40796,0.003322,0.014816,0,2
null_ar1_r03,ar1_r03,null,17266,0.756219,0.616915,0.003322,0.2787,0,1
null_ar1_r03,ar1_r03,null,17267,0.880597,0.915423,0.07309,0.496372,0,2
null_ar1_r03,ar1_r03,null,17268,0.810945,0.855721,0.003322,0.24464,0,1
null_ar1_r03,ar1_r03,null,17269,0.517413,0.502488,0.003322,0.072543,0,1
null_ar1_r03,ar1_r03,null,17270,0.870647,0.800995,0.003322,0.691397,0,1
null_ar1_r03,ar1_r03,null,17271,0.766169,0.60199,0.003322,0.482135,0,4
null_ar1_r03,ar1_r03,null,17272,0.248756,0.19403,0.003322,0.735599,0,3
null_ar1_r03,ar1_r03,null,17273,0.034826,0.109453,0.003322,0.384261,0,1
null_ar1_r03,ar1_r03,null,17274,0.149254,0.144279,0.003322,0.246477,0,1
null_ar1_r03,ar1_r03,null,17275,0.029851,0.004975,0.003322,0.023896,0,3
null_ar1_r03,ar1_r03,null,17276,0.950249,0.885572,0.003322,0.061111,0,1
null_ar1_r03,ar1_r03,null,17277,0.59204,0.587065,0.003322,0.036625,0,2
null_ar1_r03,ar1_r03,null,17278,0.910448,0.985075,0.003322,0.255234,0,2
null_ar1_r03,ar1_r03,null,17279,0.691542,0.676617,0.003322,0.025129,0,2
null_ar1_r03,ar1_r03,null,17280,0.079602,0.104478,0.003322,0.149277,0,3
null_ar1_r03,ar1_r03,null,17281,0.567164,0.676617,0.003322,0.000749,0,1
null_ar1_r03,ar1_r03,null,17282,0.741294,0.621891,0.003322,0.083813,0,4
null_ar1_r03,ar1_r03,null,17283,0.373134,0.636816,0.003322,0.777651,0,2
null_ar1_r03,ar1_r03,null,17284,0.457711,0.507463,0.003322,0.428801,0,2
null_ar1_r03,ar1_r03,null,17285,0.40796,0.547264,0.003322,0.211073,0,1
null_ar1_r03,ar1_r03,null,17286,0.542289,0.457711,0.003322,0.536986,0,2
null_ar1_r03,ar1_r03,null,17287,0.303483,0.248756,0.003322,0.34862,0,1
null_ar1_r03,ar1_r03,null,17288,0.915423,0.965174,0.003322,0.16781,0,1
null_ar1_r03,ar1_r03,null,17289,0.965174,0.965174,0.003322,0.047553,0,3
null_ar1_r03,ar1_r03,null,17290,0.258706,0.18408,0.003322,0.752442,0,2
null_ar1_r03,ar1_r03,null,17291,0.641791,0.437811,0.003322,0.526607,0,1
null_ar1_r03,ar1_r03,null,17292,0.472637,0.492537,0.003322,0.908957,0,4
null_ar1_r03,ar1_r03,null,17293,0.109453,0.049751,0.003322,0.24401,0,1
null_ar1_r03,ar1_r03,null,17294,0.502488,0.248756,0.003322,0.500805,0,1
null_ar1_r03,ar1_r03,null,17295,0.651741,0.641791,0.003322,0.372931,0,2
null_ar1_r03,ar1_r03,null,17296,0.129353,0.179104,0.003322,0.027665,0,4
null_ar1_r03,ar1_r03,null,17297,1.0,0.960199,0.003322,0.688897,0,1
null_ar1_r03,ar1_r03,null,17298,0.064677,0.149254,0.003322,0.252699,0,1
null_ar1_r03,ar1_r03,null,17299,0.656716,0.636816,0.003322,0.283592,0,1
spiked_ar1_r03,ar1_r03,spiked,17000,0.432836,0.343284,0.003322,0.155903,0,4
spiked_ar1_r03,ar1_r03,spiked,17001,0.412935,0.199005,0.003322,0.3589,0,3
spiked_ar1_r03,ar1_r03,spiked,17002,0.273632,0.313433,0.003322,0.651092,0,3
spiked_ar1_r03,ar1_r03,spiked,17003,0.452736,0.303483,0.003322,0.015059,0,2
spiked_ar1_r03,ar1_r03,spiked,17004,0.562189,0.517413,0.003322,0.316246,0,2
spiked_ar1_r03,ar1_r03,spiked,17005,0.641791,0.532338,0.003322,0.033176,0,1
spiked_ar1_r03,ar1_r03,spiked,17006,0.512438,0.547264,0.003322,0.364756,0,2
spiked_ar1_r03,ar1_r03,spiked,17007,0.069652,0.074627,0.003322,0.006872,0,4
spiked_ar1_r03,ar1_r03,spiked,17008,0.029851,0.129353,0.003322,0.786573,0,1
spiked_ar1_r03,ar1_r03,spiked,17009,0.860697,0.79602,0.003322,0.454447,0,1
spiked_ar1_r03,ar1_r03,spiked,17010,0.174129,0.039801,0.003322,0.302328,0,3
spiked_ar1_r03,ar1_r03,spiked,17011,0.791045,0.746269,0.003322,0.245181,0,1
spiked_ar1_r03,ar1_r03,spiked,17012,0.58209,0.557214,0.003322,0.318002,0,4
spiked_ar1_r03,ar1_r03,spiked,17013,0.129353,0.024876,0.003322,0.766864,0,1
spiked_ar1_r03,ar1_r03,spiked,17014,0.567164,0.706468,0.003322,0.020616,0,3
spiked_ar1_r03,ar1_r03,spiked,17015,0.686567,0.368159,0.003322,0.642461,0,1
spiked_ar1_r03,ar1_r03,spiked,17016,0.830846,0.761194,0.003322,0.592576,0,3
spiked_ar1_r03,ar1_r03,spiked,17017,0.393035,0.358209,0.046512,0.292035,0,1
spiked_ar1_r03,ar1_r03,spiked,17018,0.870647,0.885572,0.003322,0.850023,0,2
spiked_ar1_r03,ar1_r03,spiked,17019,0.00995,0.024876,0.006645,0.306421,0,2
spiked_ar1_r03,ar1_r03,spiked,17020,0.467662,0.422886,0.003322,0.047126,0,1
spiked_ar1_r03,ar1_r03,spiked,17021,0.995025,0.99005,0.003322,0.236851,0,1
spiked_ar1_r03,ar1_r03,spiked,17022,0.965174,0.995025,0.003322,0.815004,0,2
spiked_ar1_r03,ar1_r03,spiked,17023,0.766169,0.512438,0.003322,0.044889,0,1
spiked_ar1_r03,ar1_r03,spiked,17024,0.636816,0.597015,0.003322,0.016961,0,1
spiked_ar1_r03,ar1_r03,spiked,17025,0.895522,0.9801,0.003322,0.160149,0,3
spiked_ar1_r03,ar1_r03,spiked,17026,0.81592,0.835821,0.003322,0.482732,0,1
spiked_ar1_r03,ar1_r03,spiked,17027,0.104478,0.223881,0.003322,0.530804,0,2
spiked_ar1_r03,ar1_r03,spiked,17028,0.074627,0.069652,0.003322,0.321627,0,1
spiked_ar1_r03,ar1_r03,spiked,17029,0.054726,0.099502,0.006645,0.005076,0,1
spiked_ar1_r03,ar1_r03,spiked,17030,0.58209,0.492537,0.003322,0.276456,0,3
spiked_ar1_r03,ar1_r03,spiked,17031,0.208955,0.139303,0.006645,0.205942,0,1
spiked_ar1_r03,ar1_r03,spiked,17032,0.0199,0.014925,0.003322,0.760526,0,1
spiked_ar1_r03,ar1_r03,spiked,17033,0.731343,0.81592,0.013289,0.596707,0,1
spiked_ar1_r03,ar1_r03,spiked,17034,1.0,0.995025,0.003322,0.111592,0,1
spiked_ar1_r03,ar1_r03,spiked,17035,0.228856,0.054726,0.003322,0.914523,0,1
spiked_ar1_r03,ar1_r03,spiked,17036,0.517413,0.577114,0.003322,0.088858,0,3
spiked_ar1_r03,ar1_r03,spiked,17037,0.741294,0.81592,0.003322,0.992752,0,4
spiked_ar1_r03,ar1_r03,spiked,17038,0.437811,0.248756,0.003322,0.050789,0,4
spiked_ar1_r03,ar1_r03,spiked,17039,0.024876,0.014925,0.003322,0.446075,0,4
spiked_ar1_r03,ar1_r03,spiked,17040,0.810945,0.800995,0.003322,0.387732,0,1
spiked_ar1_r03,ar1_r03,spiked,17041,0.00995,0.004975,0.003322,0.841078,0,1
spiked_ar1_r03,ar1_r03,spiked,17042,0.159204,0.253731,0.003322,0.092114,0,1
spiked_ar1_r03,ar1_r03,spiked,17043,0.199005,0.353234,0.003322,0.101024,0,2
spiked_ar1_r03,ar1_r03,spiked,17044,0.835821,0.776119,0.003322,0.134379,0,4
spiked_ar1_r03,ar1_r03,spiked,17045,0.467662,0.228856,0.006645,0.632786,0,3
spiked_ar1_r03,ar1_r03,spiked,17046,0.014925,0.0199,0.003322,0.486683,0,1
spiked_ar1_r03,ar1_r03,spiked,17047,0.890547,0.960199,0.003322,0.546331,0,2
spiked_ar1_r03,ar1_r03,spiked,17048,0.164179,0.014925,0.003322,0.881337,0,3
spiked_ar1_r03,ar1_r03,spiked,17049,0.149254,0.029851,0.003322,0.176861,0,4
spiked_ar1_r03,ar1_r03,spiked,17050,0.830846,0.850746,0.003322,0.519424,0,2
spiked_ar1_r03,ar1_r03,spiked,17051,0.646766,0.641791,0.003322,0.92396,0,1
spiked_ar1_r03,ar1_r03,spiked,17052,0.960199,0.925373,0.003322,0.277544,0,1
spiked_ar1_r03,ar1_r03,spiked,17053,0.313433,0.40796,0.003322,0.140963,0,1
spiked_ar1_r03,ar1_r03,spiked,17054,0.293532,0.308458,0.003322,0.979777,0,3
spiked_ar1_r03,ar1_r03,spiked,17055,0.985075,0.985075,0.003322,0.205046,0,4
spiked_ar1_r03,ar1_r03,spiked,17056,0.318408,0.467662,0.003322,0.736085,0,2
spiked_ar1_r03,ar1_r03,spiked,17057,0.263682,0.159204,0.003322,0.706959,0,1
spiked_ar1_r03,ar1_r03,spiked,17058,0.024876,0.029851,0.003322,0.61422,0,3
spiked_ar1_r03,ar1_r03,spiked,17059,0.293532,0.353234,0.003322,0.440522,0,1
spiked_ar1_r03,ar1_r03,spiked,17060,0.631841,0.621891,0.003322,0.000427,0,4
spiked_ar1_r03,ar1_r03,spiked,17061,0.905473,0.885572,0.003322,0.578401,0,3
spiked_ar1_r03,ar1_r03,spiked,17062,0.706468,0.80597,0.003322,0.578449,0,1
spiked_ar1_r03,ar1_r03,spiked,17063,0.532338,0.606965,0.003322,0.195597,0,1
spiked_ar1_r03,ar1_r03,spiked,17064,0.348259,0.422886,0.003322,0.454582,0,1
spiked_ar1_r03,ar1_r03,spiked,17065,0.00995,0.00995,0.003322,0.150422,0,2
spiked_ar1_r03,ar1_r03,spiked,17066,0.910448,0.875622,0.003322,0.109687,0,3
spiked_ar1_r03,ar1_r03,spiked,17067,0.572139,0.59204,0.003322,0.664902,0,3
spiked_ar1_r03,ar1_r03,spiked,17068,0.99005,0.895522,0.003322,0.685015,0,1
spiked_ar1_r03,ar1_r03,spiked,17069,0.616915,0.61194,0.003322,0.065231,0,1
spiked_ar1_r03,ar1_r03,spiked,17070,0.144279,0.243781,0.003322,0.792744,0,1
spiked_ar1_r03,ar1_r03,spiked,17071,0.865672,0.895522,0.003322,0.677781,0,3
spiked_ar1_r03,ar1_r03,spiked,17072,0.497512,0.492537,0.003322,0.021059,0,1
spiked_ar1_r03,ar1_r03,spiked,17073,0.233831,0.432836,0.003322,0.75045,0,3
spiked_ar1_r03,ar1_r03,spiked,17074,0.691542,0.636816,0.003322,0.409991,0,1
spiked_ar1_r03,ar1_r03,spiked,17075,0.761194,0.328358,0.003322,0.795905,0,3
spiked_ar1_r03,ar1_r03,spiked,17076,0.527363,0.467662,0.003322,0.392726,0,2
spiked_ar1_r03,ar1_r03,spiked,17077,0.721393,0.840796,0.003322,0.064316,0,2
spiked_ar1_r03,ar1_r03,spiked,17078,0.174129,0.253731,0.003322,0.244085,0,1
spiked_ar1_r03,ar1_r03,spiked,17079,0.258706,0.208955,0.003322,0.024652,0,3
spiked_ar1_r03,ar1_r03,spiked,17080,0.089552,0.029851,0.009967,0.515436,0,4
spiked_ar1_r03,ar1_r03,spiked,17081,0.084577,0.149254,0.003322,0.922658,0,1
spiked_ar1_r03,ar1_r03,spiked,17082,0.800995,0.800995,0.003322,0.862777,0,1
spiked_ar1_r03,ar1_r03,spiked,17083,0.238806,0.179104,0.003322,0.468426,0,1
spiked_ar1_r03,ar1_r03,spiked,17084,0.218905,0.084577,0.003322,0.216357,0,2
spiked_ar1_r03,ar1_r03,spiked,17085,0.159204,0.119403,0.003322,0.318075,0,2
spiked_ar1_r03,ar1_r03,spiked,17086,0.935323,0.960199,0.003322,0.614143,0,1
spiked_ar1_r03,ar1_r03,spiked,17087,0.950249,0.850746,0.003322,0.39111,0,1
spiked_ar1_r03,ar1_r03,spiked,17088,0.905473,0.905473,0.003322,0.21462,0,2
spiked_ar1_r03,ar1_r03,spiked,17089,0.810945,0.915423,0.003322,0.052999,0,1
spiked_ar1_r03,ar1_r03,spiked,17090,0.875622,0.945274,0.003322,0.866035,0,1
spiked_ar1_r03,ar1_r03,spiked,17091,0.343284,0.552239,0.003322,0.013463,0,1
spiked_ar1_r03,ar1_r03,spiked,17092,0.701493,0.696517,0.003322,0.350883,0,1
spiked_ar1_r03,ar1_r03,spiked,17093,0.358209,0.383085,0.003322,0.801917,0,1
spiked_ar1_r03,ar1_r03,spiked,17094,0.412935,0.313433,0.003322,0.830173,0,1
spiked_ar1_r03,ar1_r03,spiked,17095,0.00995,0.064677,0.003322,0.3645,0,2
spiked_ar1_r03,ar1_r03,spiked,17096,0.114428,0.164179,0.003322,0.267276,0,1
spiked_ar1_r03,ar1_r03,spiked,17097,0.39801,0.412935,0.003322,0.6915,0,2
spiked_ar1_r03,ar1_r03,spiked,17098,0.338308,0.552239,0.003322,0.030449,0,1
spiked_ar1_r03,ar1_r03,spiked,17099,0.830846,0.80597,0.003322,0.364308,0,2
spiked_ar1_r03,ar1_r03,spiked,17100,0.238806,0.144279,0.003322,0.938604,0,3
spiked_ar1_r03,ar1_r03,spiked,17101,0.9801,0.920398,0.003322,0.003472,0,2
spiked_ar1_r03,ar1_r03,spiked,17102,0.781095,0.835821,0.003322,0.719231,0,2
spiked_ar1_r03,ar1_r03,spiked,17103,0.830846,0.741294,0.003322,0.704001,0,2
spiked_ar1_r03,ar1_r03,spiked,17104,0.716418,0.606965,0.003322,0.095555,0,2
spiked_ar1_r03,ar1_r03,spiked,17105,0.661692,0.731343,0.003322,0.000614,0,1
spiked_ar1_r03,ar1_r03,spiked,17106,0.79602,0.830846,0.006645,0.856357,0,1
spiked_ar1_r03,ar1_r03,spiked,17107,0.860697,0.895522,0.003322,0.021751,0,1
spiked_ar1_r03,ar1_r03,spiked,17108,0.452736,0.437811,0.003322,0.786061,0,2
spiked_ar1_r03,ar1_r03,spiked,17109,0.955224,0.756219,0.003322,0.615496,0,4
spiked_ar1_r03,ar1_r03,spiked,17110,0.870647,0.99005,0.003322,0.758858,0,2
spiked_ar1_r03,ar1_r03,spiked,17111,0.283582,0.487562,0.003322,0.008109,0,1
spiked_ar1_r03,ar1_r03,spiked,17112,0.542289,0.422886,0.003322,0.540635,0,4
spiked_ar1_r03,ar1_r03,spiked,17113,0.373134,0.532338,0.003322,0.137314,0,3
spiked_ar1_r03,ar1_r03,spiked,17114,0.855721,0.920398,0.003322,0.718063,0,2
spiked_ar1_r03,ar1_r03,spiked,17115,0.920398,0.925373,0.019934,0.040856,0,4
spiked_ar1_r03,ar1_r03,spiked,17116,0.134328,0.094527,0.003322,0.267514,0,1
spiked_ar1_r03,ar1_r03,spiked,17117,0.716418,0.502488,0.003322,0.406896,0,1
spiked_ar1_r03,ar1_r03,spiked,17118,0.134328,0.104478,0.003322,0.237597,0,2
spiked_ar1_r03,ar1_r03,spiked,17119,0.925373,0.915423,0.003322,0.646395,0,1
spiked_ar1_r03,ar1_r03,spiked,17120,0.129353,0.074627,0.003322,0.45475,0,3
spiked_ar1_r03,ar1_r03,spiked,17121,0.835821,0.900498,0.003322,0.370988,0,3
spiked_ar1_r03,ar1_r03,spiked,17122,0.308458,0.333333,0.003322,0.565831,0,3
spiked_ar1_r03,ar1_r03,spiked,17123,0.706468,0.447761,0.003322,0.634554,0,3
spiked_ar1_r03,ar1_r03,spiked,17124,0.298507,0.174129,0.003322,0.28353,0,4
spiked_ar1_r03,ar1_r03,spiked,17125,0.099502,0.119403,0.003322,0.005922,0,3
spiked_ar1_r03,ar1_r03,spiked,17126,0.38806,0.542289,0.003322,0.287076,0,1
spiked_ar1_r03,ar1_r03,spiked,17127,0.328358,0.378109,0.003322,0.014804,0,2
spiked_ar1_r03,ar1_r03,spiked,17128,0.850746,0.970149,0.003322,0.602866,0,3
spiked_ar1_r03,ar1_r03,spiked,17129,0.820896,0.825871,0.003322,0.486724,0,2
spiked_ar1_r03,ar1_r03,spiked,17130,0.850746,0.855721,0.003322,0.236531,0,1
spiked_ar1_r03,ar1_r03,spiked,17131,0.313433,0.512438,0.003322,0.402581,0,1
spiked_ar1_r03,ar1_r03,spiked,17132,0.363184,0.422886,0.003322,0.971,0,1
spiked_ar1_r03,ar1_r03,spiked,17133,0.741294,0.38806,0.003322,0.48636,0,2
spiked_ar1_r03,ar1_r03,spiked,17134,0.19403,0.114428,0.003322,0.650963,0,2
spiked_ar1_r03,ar1_r03,spiked,17135,0.870647,0.935323,0.003322,0.005826,0,1
spiked_ar1_r03,ar1_r03,spiked,17136,0.253731,0.338308,0.003322,0.85449,0,1
spiked_ar1_r03,ar1_r03,spiked,17137,0.80597,0.79602,0.003322,0.787659,0,1
spiked_ar1_r03,ar1_r03,spiked,17138,0.139303,0.18408,0.003322,0.209716,0,1
spiked_ar1_r03,ar1_r03,spiked,17139,0.303483,0.40796,0.003322,0.237861,0,4
spiked_ar1_r03,ar1_r03,spiked,17140,0.21393,0.243781,0.003322,0.486547,0,0
spiked_ar1_r03,ar1_r03,spiked,17141,0.825871,0.606965,0.003322,0.936828,0,2
spiked_ar1_r03,ar1_r03,spiked,17142,0.452736,0.532338,0.003322,0.494199,0,3
spiked_ar1_r03,ar1_r03,spiked,17143,0.243781,0.154229,0.003322,0.89139,0,1
spiked_ar1_r03,ar1_r03,spiked,17144,0.960199,0.985075,0.003322,0.174793,0,1
spiked_ar1_r03,ar1_r03,spiked,17145,0.487562,0.587065,0.003322,0.014344,0,2
spiked_ar1_r03,ar1_r03,spiked,17146,0.756219,0.706468,0.003322,0.402013,0,3
spiked_ar1_r03,ar1_r03,spiked,17147,0.542289,0.492537,0.003322,0.893588,0,1
spiked_ar1_r03,ar1_r03,spiked,17148,0.293532,0.373134,0.003322,0.689393,0,2
spiked_ar1_r03,ar1_r03,spiked,17149,0.462687,0.542289,0.003322,0.545408,0,3
spiked_ar1_r03,ar1_r03,spiked,17150,0.661692,0.79602,0.003322,0.654182,0,1
spiked_ar1_r03,ar1_r03,spiked,17151,0.323383,0.318408,0.003322,0.613535,0,2
spiked_ar1_r03,ar1_r03,spiked,17152,0.935323,0.9801,0.003322,0.238526,0,3
spiked_ar1_r03,ar1_r03,spiked,17153,0.761194,0.845771,0.003322,0.7233,0,1
spiked_ar1_r03,ar1_r03,spiked,17154,0.925373,0.776119,0.003322,0.769179,0,2
spiked_ar1_r03,ar1_r03,spiked,17155,0.945274,0.915423,0.003322,0.151546,0,2
spiked_ar1_r03,ar1_r03,spiked,17156,0.41791,0.542289,0.003322,0.464488,0,4
spiked_ar1_r03,ar1_r03,spiked,17157,0.358209,0.562189,0.003322,0.865148,0,1
spiked_ar1_r03,ar1_r03,spiked,17158,0.303483,0.621891,0.003322,0.037955,0,1
spiked_ar1_r03,ar1_r03,spiked,17159,0.965174,0.910448,0.003322,0.603713,0,3
spiked_ar1_r03,ar1_r03,spiked,17160,0.099502,0.064677,0.003322,0.074556,0,2
spiked_ar1_r03,ar1_r03,spiked,17161,0.497512,0.313433,0.003322,0.211282,0,2
spiked_ar1_r03,ar1_r03,spiked,17162,0.104478,0.114428,0.003322,0.677039,0,1
spiked_ar1_r03,ar1_r03,spiked,17163,0.263682,0.393035,0.003322,0.475927,0,2
spiked_ar1_r03,ar1_r03,spiked,17164,0.761194,0.800995,0.003322,0.568906,0,2
spiked_ar1_r03,ar1_r03,spiked,17165,0.950249,0.975124,0.003322,0.423868,0,1
spiked_ar1_r03,ar1_r03,spiked,17166,0.557214,0.58209,0.003322,0.058829,0,2
spiked_ar1_r03,ar1_r03,spiked,17167,0.149254,0.084577,0.003322,0.667192,0,3
spiked_ar1_r03,ar1_r03,spiked,17168,0.298507,0.293532,0.003322,0.951108,0,1
spiked_ar1_r03,ar1_r03,spiked,17169,0.40796,0.437811,0.003322,0.952799,0,1
spiked_ar1_r03,ar1_r03,spiked,17170,0.59204,0.59204,0.003322,0.378999,0,1
spiked_ar1_r03,ar1_r03,spiked,17171,0.656716,0.482587,0.003322,0.001764,0,2
spiked_ar1_r03,ar1_r03,spiked,17172,0.104478,0.104478,0.003322,0.537673,0,1
spiked_ar1_r03,ar1_r03,spiked,17173,0.104478,0.014925,0.003322,0.202211,0,1
spiked_ar1_r03,ar1_r03,spiked,17174,0.18408,0.20398,0.003322,0.189879,0,1
spiked_ar1_r03,ar1_r03,spiked,17175,0.487562,0.452736,0.003322,0.294755,0,4
spiked_ar1_r03,ar1_r03,spiked,17176,0.59204,0.373134,0.003322,0.049575,0,2
spiked_ar1_r03,ar1_r03,spiked,17177,0.900498,0.746269,0.003322,0.95911,0,1
spiked_ar1_r03,ar1_r03,spiked,17178,0.840796,0.776119,0.003322,0.021858,0,2
spiked_ar1_r03,ar1_r03,spiked,17179,0.427861,0.452736,0.006645,0.206109,0,2
spiked_ar1_r03,ar1_r03,spiked,17180,0.746269,0.701493,0.003322,0.880699,0,3
spiked_ar1_r03,ar1_r03,spiked,17181,0.238806,0.119403,0.003322,0.434748,0,3
spiked_ar1_r03,ar1_r03,spiked,17182,0.885572,0.910448,0.003322,0.820291,0,2
spiked_ar1_r03,ar1_r03,spiked,17183,0.572139,0.621891,0.003322,0.952858,0,2
spiked_ar1_r03,ar1_r03,spiked,17184,0.935323,0.865672,0.003322,0.112298,0,2
spiked_ar1_r03,ar1_r03,spiked,17185,0.800995,0.686567,0.003322,0.367702,0,3
spiked_ar1_r03,ar1_r03,spiked,17186,0.472637,0.39801,0.003322,0.103714,0,1
spiked_ar1_r03,ar1_r03,spiked,17187,0.835821,0.726368,0.003322,0.381078,0,1
spiked_ar1_r03,ar1_r03,spiked,17188,0.412935,0.522388,0.003322,0.527513,0,3
spiked_ar1_r03,ar1_r03,spiked,17189,0.094527,0.044776,0.003322,0.541967,0,1
spiked_ar1_r03,ar1_r03,spiked,17190,0.845771,0.845771,0.003322,0.483589,0,1
spiked_ar1_r03,ar1_r03,spiked,17191,0.631841,0.442786,0.003322,0.022052,0,2
spiked_ar1_r03,ar1_r03,spiked,17192,0.945274,0.900498,0.003322,0.609615,0,3
spiked_ar1_r03,ar1_r03,spiked,17193,0.80597,0.696517,0.003322,0.097267,0,2
spiked_ar1_r03,ar1_r03,spiked,17194,0.746269,0.681592,0.003322,0.006024,0,1
spiked_ar1_r03,ar1_r03,spiked,17195,0.975124,0.9801,0.003322,0.568978,0,4
spiked_ar1_r03,ar1_r03,spiked,17196,0.636816,0.552239,0.003322,0.827103,0,1
spiked_ar1_r03,ar1_r03,spiked,17197,0.855721,0.791045,0.003322,0.079229,0,3
spiked_ar1_r03,ar1_r03,spiked,17198,0.736318,0.691542,0.003322,0.575786,0,1
spiked_ar1_r03,ar1_r03,spiked,17199,0.19403,0.333333,0.003322,0.047874,0,3
spiked_ar1_r03,ar1_r03,spiked,17200,0.517413,0.462687,0.003322,0.993238,0,1
spiked_ar1_r03,ar1_r03,spiked,17201,0.502488,0.557214,0.003322,0.737553,0,3
spiked_ar1_r03,ar1_r03,spiked,17202,0.706468,0.517413,0.003322,0.538362,0,1
spiked_ar1_r03,ar1_r03,spiked,17203,0.895522,0.870647,0.003322,0.411304,0,1
spiked_ar1_r03,ar1_r03,spiked,17204,0.482587,0.537313,0.003322,0.010045,0,2
spiked_ar1_r03,ar1_r03,spiked,17205,0.263682,0.238806,0.003322,0.832707,0,1
spiked_ar1_r03,ar1_r03,spiked,17206,0.726368,0.587065,0.003322,0.097898,0,1
spiked_ar1_r03,ar1_r03,spiked,17207,0.78607,0.885572,0.003322,0.068876,0,3
spiked_ar1_r03,ar1_r03,spiked,17208,0.895522,0.850746,0.003322,0.787111,0,1
spiked_ar1_r03,ar1_r03,spiked,17209,0.38806,0.60199,0.003322,0.615784,0,1
spiked_ar1_r03,ar1_r03,spiked,17210,0.761194,0.59204,0.003322,0.787158,0,2
spiked_ar1_r03,ar1_r03,spiked,17211,0.626866,0.368159,0.003322,0.710839,0,1
spiked_ar1_r03,ar1_r03,spiked,17212,0.124378,0.089552,0.003322,0.662909,0,2
spiked_ar1_r03,ar1_r03,spiked,17213,0.308458,0.129353,0.003322,0.468896,0,4
spiked_ar1_r03,ar1_r03,spiked,17214,0.457711,0.517413,0.003322,0.007422,0,1
spiked_ar1_r03,ar1_r03,spiked,17215,0.930348,0.930348,0.003322,0.243869,0,1
spiked_ar1_r03,ar1_r03,spiked,17216,0.781095,0.681592,0.003322,0.011655,0,1
spiked_ar1_r03,ar1_r03,spiked,17217,0.049751,0.054726,0.003322,0.70246,0,3
spiked_ar1_r03,ar1_r03,spiked,17218,0.373134,0.298507,0.003322,0.608799,0,3
spiked_ar1_r03,ar1_r03,spiked,17219,0.830846,0.835821,0.003322,0.764053,0,4
spiked_ar1_r03,ar1_r03,spiked,17220,0.721393,0.875622,0.003322,0.866488,0,1
spiked_ar1_r03,ar1_r03,spiked,17221,0.059701,0.144279,0.003322,0.679542,0,2
spiked_ar1_r03,ar1_r03,spiked,17222,0.268657,0.283582,0.003322,0.594228,0,2
spiked_ar1_r03,ar1_r03,spiked,17223,0.721393,0.60199,0.003322,0.212309,0,1
spiked_ar1_r03,ar1_r03,spiked,17224,0.567164,0.442786,0.003322,0.037746,0,1
spiked_ar1_r03,ar1_r03,spiked,17225,0.18408,0.169154,0.003322,0.22058,0,2
spiked_ar1_r03,ar1_r03,spiked,17226,0.343284,0.223881,0.003322,0.075091,0,4
spiked_ar1_r03,ar1_r03,spiked,17227,0.427861,0.492537,0.003322,0.099862,0,4
spiked_ar1_r03,ar1_r03,spiked,17228,0.343284,0.199005,0.003322,0.032011,0,1
spiked_ar1_r03,ar1_r03,spiked,17229,0.174129,0.049751,0.003322,0.011195,0,3
spiked_ar1_r03,ar1_r03,spiked,17230,0.587065,0.527363,0.003322,0.470764,0,1
spiked_ar1_r03,ar1_r03,spiked,17231,0.527363,0.81592,0.003322,0.127492,0,2
spiked_ar1_r03,ar1_r03,spiked,17232,0.651741,0.512438,0.003322,0.896069,0,2
spiked_ar1_r03,ar1_r03,spiked,17233,0.691542,0.636816,0.003322,0.482431,0,1
spiked_ar1_r03,ar1_r03,spiked,17234,0.18408,0.139303,0.003322,0.539227,0,2
spiked_ar1_r03,ar1_r03,spiked,17235,0.925373,0.870647,0.003322,0.367279,0,3
spiked_ar1_r03,ar1_r03,spiked,17236,0.885572,0.935323,0.003322,0.931389,0,1
spiked_ar1_r03,ar1_r03,spiked,17237,0.303483,0.21393,0.006645,0.183427,0,3
spiked_ar1_r03,ar1_r03,spiked,17238,0.179104,0.283582,0.003322,0.383528,0,3
spiked_ar1_r03,ar1_r03,spiked,17239,0.402985,0.412935,0.003322,0.195047,0,1
spiked_ar1_r03,ar1_r03,spiked,17240,0.517413,0.616915,0.003322,0.005067,0,2
spiked_ar1_r03,ar1_r03,spiked,17241,0.875622,0.80597,0.003322,0.161998,0,4
spiked_ar1_r03,ar1_r03,spiked,17242,0.104478,0.034826,0.006645,0.289632,0,1
spiked_ar1_r03,ar1_r03,spiked,17243,0.830846,0.771144,0.006645,0.485813,0,3
spiked_ar1_r03,ar1_r03,spiked,17244,0.522388,0.39801,0.003322,0.006098,0,1
spiked_ar1_r03,ar1_r03,spiked,17245,0.41791,0.492537,0.003322,0.047621,0,3
spiked_ar1_r03,ar1_r03,spiked,17246,0.462687,0.368159,0.003322,0.441556,0,3
spiked_ar1_r03,ar1_r03,spiked,17247,0.736318,0.636816,0.003322,0.977239,0,3
spiked_ar1_r03,ar1_r03,spiked,17248,0.139303,0.084577,0.003322,0.560219,0,1
spiked_ar1_r03,ar1_r03,spiked,17249,0.248756,0.268657,0.003322,0.190872,0,1
spiked_ar1_r03,ar1_r03,spiked,17250,0.482587,0.318408,0.003322,0.407973,0,2
spiked_ar1_r03,ar1_r03,spiked,17251,0.333333,0.129353,0.003322,0.265033,0,3
spiked_ar1_r03,ar1_r03,spiked,17252,0.064677,0.109453,0.003322,0.553833,0,3
spiked_ar1_r03,ar1_r03,spiked,17253,0.308458,0.228856,0.003322,0.018442,0,1
spiked_ar1_r03,ar1_r03,spiked,17254,0.452736,0.482587,0.006645,0.158849,0,2
spiked_ar1_r03,ar1_r03,spiked,17255,0.766169,0.751244,0.003322,0.755726,0,1
spiked_ar1_r03,ar1_r03,spiked,17256,0.298507,0.228856,0.003322,0.399692,0,1
spiked_ar1_r03,ar1_r03,spiked,17257,0.169154,0.20398,0.003322,0.302104,0,1
spiked_ar1_r03,ar1_r03,spiked,17258,0.761194,0.651741,0.003322,0.812455,0,3
spiked_ar1_r03,ar1_r03,spiked,17259,0.313433,0.313433,0.003322,0.078259,0,1
spiked_ar1_r03,ar1_r03,spiked,17260,0.950249,0.860697,0.003322,0.745843,0,2
spiked_ar1_r03,ar1_r03,spiked,17261,0.696517,0.746269,0.003322,0.088725,0,1
spiked_ar1_r03,ar1_r03,spiked,17262,0.701493,0.626866,0.003322,0.165785,0,2
spiked_ar1_r03,ar1_r03,spiked,17263,0.293532,0.338308,0.003322,0.06264,0,2
spiked_ar1_r03,ar1_r03,spiked,17264,0.492537,0.616915,0.003322,0.314471,0,1
spiked_ar1_r03,ar1_r03,spiked,17265,0.308458,0.532338,0.003322,0.766266,0,1
spiked_ar1_r03,ar1_r03,spiked,17266,0.129353,0.079602,0.003322,0.571527,0,3
spiked_ar1_r03,ar1_r03,spiked,17267,0.502488,0.39801,0.093023,0.404973,0,2
spiked_ar1_r03,ar1_r03,spiked,17268,0.9801,0.970149,0.003322,0.670746,0,3
spiked_ar1_r03,ar1_r03,spiked,17269,0.975124,0.960199,0.003322,0.674888,0,2
spiked_ar1_r03,ar1_r03,spiked,17270,0.492537,0.39801,0.003322,0.0437,0,1
spiked_ar1_r03,ar1_r03,spiked,17271,0.552239,0.497512,0.003322,0.019072,0,1
spiked_ar1_r03,ar1_r03,spiked,17272,0.965174,0.900498,0.003322,0.036134,0,1
spiked_ar1_r03,ar1_r03,spiked,17273,0.835821,0.791045,0.003322,0.553226,0,1
spiked_ar1_r03,ar1_r03,spiked,17274,0.442786,0.547264,0.003322,0.091545,0,2
spiked_ar1_r03,ar1_r03,spiked,17275,0.557214,0.736318,0.003322,0.912306,0,3
spiked_ar1_r03,ar1_r03,spiked,17276,0.60199,0.691542,0.003322,0.218722,0,1
spiked_ar1_r03,ar1_r03,spiked,17277,0.99005,0.970149,0.003322,0.043305,0,4
spiked_ar1_r03,ar1_r03,spiked,17278,0.492537,0.482587,0.003322,0.847178,0,1
spiked_ar1_r03,ar1_r03,spiked,17279,0.955224,0.99005,0.003322,0.43384,0,1
spiked_ar1_r03,ar1_r03,spiked,17280,0.542289,0.587065,0.003322,0.176188,0,1
spiked_ar1_r03,ar1_r03,spiked,17281,0.363184,0.462687,0.003322,0.202583,0,1
spiked_ar1_r03,ar1_r03,spiked,17282,0.716418,0.706468,0.003322,0.382747,0,1
spiked_ar1_r03,ar1_r03,spiked,17283,0.238806,0.472637,0.003322,0.686295,0,1
spiked_ar1_r03,ar1_r03,spiked,17284,0.18408,0.159204,0.003322,0.761158,0,1
spiked_ar1_r03,ar1_r03,spiked,17285,0.412935,0.40796,0.003322,0.421533,0,2
spiked_ar1_r03,ar1_r03,spiked,17286,0.353234,0.293532,0.003322,0.179984,0,1
spiked_ar1_r03,ar1_r03,spiked,17287,0.706468,0.58209,0.003322,0.157744,0,2
spiked_ar1_r03,ar1_r03,spiked,17288,0.159204,0.298507,0.003322,0.093318,0,1
spiked_ar1_r03,ar1_r03,spiked,17289,0.81592,0.875622,0.003322,0.006459,0,1
spiked_ar1_r03,ar1_r03,spiked,17290,0.870647,0.885572,0.003322,0.086561,0,3
spiked_ar1_r03,ar1_r03,spiked,17291,0.840796,0.960199,0.003322,0.505723,0,2
spiked_ar1_r03,ar1_r03,spiked,17292,0.39801,0.681592,0.003322,0.488898,0,1
spiked_ar1_r03,ar1_r03,spiked,17293,0.880597,0.771144,0.003322,0.729144,0,4
spiked_ar1_r03,ar1_r03,spiked,17294,0.278607,0.129353,0.003322,0.171037,0,1
spiked_ar1_r03,ar1_r03,spiked,17295,0.18408,0.099502,0.003322,0.92483,0,1
spiked_ar1_r03,ar1_r03,spiked,17296,0.781095,0.80597,0.003322,0.418871,0,1
spiked_ar1_r03,ar1_r03,spiked,17297,0.915423,0.935323,0.003322,0.202984,0,1
spiked_ar1_r03,ar1_r03,spiked,17298,0.283582,0.378109,0.003322,0.012274,0,1
spiked_ar1_r03,ar1_r03,spiked,17299,0.129353,0.094527,0.003322,0.21562,0,3
break_d1_ar1_r03,ar1_r03,break_d1,17000,0.432836,0.343284,0.003322,0.155903,0,4
break_d1_ar1_r03,ar1_r03,break_d1,17001,0.412935,0.199005,0.003322,0.3589,0,3
break_d1_ar1_r03,ar1_r03,break_d1,17002,0.273632,0.313433,0.003322,0.651092,0,3
break_d1_ar1_r03,ar1_r03,break_d1,17003,0.452736,0.303483,0.003322,0.015059,0,2
break_d1_ar1_r03,ar1_r03,break_d1,17004,0.562189,0.517413,0.003322,0.316246,0,2
break_d1_ar1_r03,ar1_r03,break_d1,17005,0.641791,0.532338,0.003322,0.033176,0,1
break_d1_ar1_r03,ar1_r03,break_d1,17006,0.512438,0.547264,0.003322,0.364756,0,2
break_d1_ar1_r03,ar1_r03,break_d1,17007,0.069652,0.074627,0.003322,0.006872,0,4
break_d1_ar1_r03,ar1_r03,break_d1,17008,0.029851,0.129353,0.003322,0.786573,0,1
break_d1_ar1_r03,ar1_r03,break_d1,17009,0.860697,0.79602,0.003322,0.454447,0,1
break_d1_ar1_r03,ar1_r03,break_d1,17010,0.174129,0.039801,0.003322,0.302328,0,3
break_d1_ar1_r03,ar1_r03,break_d1,17011,0.791045,0.746269,0.003322,0.245181,0,1
break_d1_ar1_r03,ar1_r03,break_d1,17012,0.58209,0.557214,0.003322,0.318002,0,4
break_d1_ar1_r03,ar1_r03,break_d1,17013,0.129353,0.024876,0.003322,0.766864,0,1
break_d1_ar1_r03,ar1_r03,break_d1,17014,0.567164,0.706468,0.003322,0.020616,0,3
break_d1_ar1_r03,ar1_r03,break_d1,17015,0.686567,0.368159,0.003322,0.642461,0,1
break_d1_ar1_r03,ar1_r03,break_d1,17016,0.830846,0.761194,0.003322,0.592576,0,3
break_d1_ar1_r03,ar1_r03,break_d1,17017,0.393035,0.358209,0.046512,0.292035,0,1
break_d1_ar1_r03,ar1_r03,break_d1,17018,0.870647,0.885572,0.003322,0.850023,0,2
break_d1_ar1_r03,ar1_r03,break_d1,17019,0.00995,0.024876,0.006645,0.306421,0,2
break_d1_ar1_r03,ar1_r03,break_d1,17020,0.467662,0.422886,0.003322,0.047126,0,1
break_d1_ar1_r03,ar1_r03,break_d1,17021,0.995025,0.99005,0.003322,0.236851,0,1
break_d1_ar1_r03,ar1_r03,break_d1,17022,0.965174,0.995025,0.003322,0.815004,0,2
break_d1_ar1_r03,ar1_r03,break_d1,17023,0.766169,0.512438,0.003322,0.044889,0,1
break_d1_ar1_r03,ar1_r03,break_d1,17024,0.636816,0.597015,0.003322,0.016961,0,1
break_d1_ar1_r03,ar1_r03,break_d1,17025,0.895522,0.9801,0.003322,0.160149,0,3
break_d1_ar1_r03,ar1_r03,break_d1,17026,0.81592,0.835821,0.003322,0.482732,0,1
break_d1_ar1_r03,ar1_r03,break_d1,17027,0.104478,0.223881,0.003322,0.530804,0,2
break_d1_ar1_r03,ar1_r03,break_d1,17028,0.074627,0.069652,0.003322,0.321627,0,1
break_d1_ar1_r03,ar1_r03,break_d1,17029,0.054726,0.099502,0.006645,0.005076,0,1
break_d1_ar1_r03,ar1_r03,break_d1,17030,0.58209,0.492537,0.003322,0.276456,0,3
break_d1_ar1_r03,ar1_r03,break_d1,17031,0.208955,0.139303,0.006645,0.205942,0,1
break_d1_ar1_r03,ar1_r03,break_d1,17032,0.0199,0.014925,0.003322,0.760526,0,1
break_d1_ar1_r03,ar1_r03,break_d1,17033,0.731343,0.81592,0.013289,0.596707,0,1
break_d1_ar1_r03,ar1_r03,break_d1,17034,1.0,0.995025,0.003322,0.111592,0,1
break_d1_ar1_r03,ar1_r03,break_d1,17035,0.228856,0.054726,0.003322,0.914523,0,1
break_d1_ar1_r03,ar1_r03,break_d1,17036,0.517413,0.577114,0.003322,0.088858,0,3
break_d1_ar1_r03,ar1_r03,break_d1,17037,0.741294,0.81592,0.003322,0.992752,0,4
break_d1_ar1_r03,ar1_r03,break_d1,17038,0.437811,0.248756,0.003322,0.050789,0,4
break_d1_ar1_r03,ar1_r03,break_d1,17039,0.024876,0.014925,0.003322,0.446075,0,4
break_d1_ar1_r03,ar1_r03,break_d1,17040,0.810945,0.800995,0.003322,0.387732,0,1
break_d1_ar1_r03,ar1_r03,break_d1,17041,0.00995,0.004975,0.003322,0.841078,0,1
break_d1_ar1_r03,ar1_r03,break_d1,17042,0.159204,0.253731,0.003322,0.092114,0,1
break_d1_ar1_r03,ar1_r03,break_d1,17043,0.199005,0.353234,0.003322,0.101024,0,2
break_d1_ar1_r03,ar1_r03,break_d1,17044,0.835821,0.776119,0.003322,0.134379,0,4
break_d1_ar1_r03,ar1_r03,break_d1,17045,0.467662,0.228856,0.006645,0.632786,0,3
break_d1_ar1_r03,ar1_r03,break_d1,17046,0.014925,0.0199,0.003322,0.486683,0,1
break_d1_ar1_r03,ar1_r03,break_d1,17047,0.890547,0.960199,0.003322,0.546331,0,2
break_d1_ar1_r03,ar1_r03,break_d1,17048,0.164179,0.014925,0.003322,0.881337,0,3
break_d1_ar1_r03,ar1_r03,break_d1,17049,0.149254,0.029851,0.003322,0.176861,0,4
break_d1_ar1_r03,ar1_r03,break_d1,17050,0.830846,0.850746,0.003322,0.519424,0,2
break_d1_ar1_r03,ar1_r03,break_d1,17051,0.646766,0.641791,0.003322,0.92396,0,1
break_d1_ar1_r03,ar1_r03,break_d1,17052,0.960199,0.925373,0.003322,0.277544,0,1
break_d1_ar1_r03,ar1_r03,break_d1,17053,0.313433,0.40796,0.003322,0.140963,0,1
break_d1_ar1_r03,ar1_r03,break_d1,17054,0.293532,0.308458,0.003322,0.979777,0,3
break_d1_ar1_r03,ar1_r03,break_d1,17055,0.985075,0.985075,0.003322,0.205046,0,4
break_d1_ar1_r03,ar1_r03,break_d1,17056,0.318408,0.467662,0.003322,0.736085,0,2
break_d1_ar1_r03,ar1_r03,break_d1,17057,0.263682,0.159204,0.003322,0.706959,0,1
break_d1_ar1_r03,ar1_r03,break_d1,17058,0.024876,0.029851,0.003322,0.61422,0,3
break_d1_ar1_r03,ar1_r03,break_d1,17059,0.293532,0.353234,0.003322,0.440522,0,1
break_d1_ar1_r03,ar1_r03,break_d1,17060,0.631841,0.621891,0.003322,0.000427,0,4
break_d1_ar1_r03,ar1_r03,break_d1,17061,0.905473,0.885572,0.003322,0.578401,0,3
break_d1_ar1_r03,ar1_r03,break_d1,17062,0.706468,0.80597,0.003322,0.578449,0,1
break_d1_ar1_r03,ar1_r03,break_d1,17063,0.532338,0.606965,0.003322,0.195597,0,1
break_d1_ar1_r03,ar1_r03,break_d1,17064,0.348259,0.422886,0.003322,0.454582,0,1
break_d1_ar1_r03,ar1_r03,break_d1,17065,0.00995,0.00995,0.003322,0.150422,0,2
break_d1_ar1_r03,ar1_r03,break_d1,17066,0.910448,0.875622,0.003322,0.109687,0,3
break_d1_ar1_r03,ar1_r03,break_d1,17067,0.572139,0.59204,0.003322,0.664902,0,3
break_d1_ar1_r03,ar1_r03,break_d1,17068,0.99005,0.895522,0.003322,0.685015,0,1
break_d1_ar1_r03,ar1_r03,break_d1,17069,0.616915,0.61194,0.003322,0.065231,0,1
break_d1_ar1_r03,ar1_r03,break_d1,17070,0.144279,0.243781,0.003322,0.792744,0,1
break_d1_ar1_r03,ar1_r03,break_d1,17071,0.865672,0.895522,0.003322,0.677781,0,3
break_d1_ar1_r03,ar1_r03,break_d1,17072,0.497512,0.492537,0.003322,0.021059,0,1
break_d1_ar1_r03,ar1_r03,break_d1,17073,0.233831,0.432836,0.003322,0.75045,0,3
break_d1_ar1_r03,ar1_r03,break_d1,17074,0.691542,0.636816,0.003322,0.409991,0,1
break_d1_ar1_r03,ar1_r03,break_d1,17075,0.761194,0.328358,0.003322,0.795905,0,3
break_d1_ar1_r03,ar1_r03,break_d1,17076,0.527363,0.467662,0.003322,0.392726,0,2
break_d1_ar1_r03,ar1_r03,break_d1,17077,0.721393,0.840796,0.003322,0.064316,0,2
break_d1_ar1_r03,ar1_r03,break_d1,17078,0.174129,0.253731,0.003322,0.244085,0,1
break_d1_ar1_r03,ar1_r03,break_d1,17079,0.258706,0.208955,0.003322,0.024652,0,3
break_d1_ar1_r03,ar1_r03,break_d1,17080,0.089552,0.029851,0.009967,0.515436,0,4
break_d1_ar1_r03,ar1_r03,break_d1,17081,0.084577,0.149254,0.003322,0.922658,0,1
break_d1_ar1_r03,ar1_r03,break_d1,17082,0.800995,0.800995,0.003322,0.862777,0,1
break_d1_ar1_r03,ar1_r03,break_d1,17083,0.238806,0.179104,0.003322,0.468426,0,1
break_d1_ar1_r03,ar1_r03,break_d1,17084,0.218905,0.084577,0.003322,0.216357,0,2
break_d1_ar1_r03,ar1_r03,break_d1,17085,0.159204,0.119403,0.003322,0.318075,0,2
break_d1_ar1_r03,ar1_r03,break_d1,17086,0.935323,0.960199,0.003322,0.614143,0,1
break_d1_ar1_r03,ar1_r03,break_d1,17087,0.950249,0.850746,0.003322,0.39111,0,1
break_d1_ar1_r03,ar1_r03,break_d1,17088,0.905473,0.905473,0.003322,0.21462,0,2
break_d1_ar1_r03,ar1_r03,break_d1,17089,0.810945,0.915423,0.003322,0.052999,0,1
break_d1_ar1_r03,ar1_r03,break_d1,17090,0.875622,0.945274,0.003322,0.866035,0,1
break_d1_ar1_r03,ar1_r03,break_d1,17091,0.343284,0.552239,0.003322,0.013463,0,1
break_d1_ar1_r03,ar1_r03,break_d1,17092,0.701493,0.696517,0.003322,0.350883,0,1
break_d1_ar1_r03,ar1_r03,break_d1,17093,0.358209,0.383085,0.003322,0.801917,0,1
break_d1_ar1_r03,ar1_r03,break_d1,17094,0.412935,0.313433,0.003322,0.830173,0,1
break_d1_ar1_r03,ar1_r03,break_d1,17095,0.00995,0.064677,0.003322,0.3645,0,2
break_d1_ar1_r03,ar1_r03,break_d1,17096,0.114428,0.164179,0.003322,0.267276,0,1
break_d1_ar1_r03,ar1_r03,break_d1,17097,0.39801,0.412935,0.003322,0.6915,0,2
break_d1_ar1_r03,ar1_r03,break_d1,17098,0.338308,0.552239,0.003322,0.030449,0,1
break_d1_ar1_r03,ar1_r03,break_d1,17099,0.830846,0.80597,0.003322,0.364308,0,2
break_d1_ar1_r03,ar1_r03,break_d1,17100,0.238806,0.144279,0.003322,0.938604,0,3
break_d1_ar1_r03,ar1_r03,break_d1,17101,0.9801,0.920398,0.003322,0.003472,0,2
break_d1_ar1_r03,ar1_r03,break_d1,17102,0.781095,0.835821,0.003322,0.719231,0,2
break_d1_ar1_r03,ar1_r03,break_d1,17103,0.830846,0.741294,0.003322,0.704001,0,2
break_d1_ar1_r03,ar1_r03,break_d1,17104,0.716418,0.606965,0.003322,0.095555,0,2
break_d1_ar1_r03,ar1_r03,break_d1,17105,0.661692,0.731343,0.003322,0.000614,0,1
break_d1_ar1_r03,ar1_r03,break_d1,17106,0.79602,0.830846,0.006645,0.856357,0,1
break_d1_ar1_r03,ar1_r03,break_d1,17107,0.860697,0.895522,0.003322,0.021751,0,1
break_d1_ar1_r03,ar1_r03,break_d1,17108,0.452736,0.437811,0.003322,0.786061,0,2
break_d1_ar1_r03,ar1_r03,break_d1,17109,0.955224,0.756219,0.003322,0.615496,0,4
break_d1_ar1_r03,ar1_r03,break_d1,17110,0.870647,0.99005,0.003322,0.758858,0,2
break_d1_ar1_r03,ar1_r03,break_d1,17111,0.283582,0.487562,0.003322,0.008109,0,1
break_d1_ar1_r03,ar1_r03,break_d1,17112,0.542289,0.422886,0.003322,0.540635,0,4
break_d1_ar1_r03,ar1_r03,break_d1,17113,0.373134,0.532338,0.003322,0.137314,0,3
break_d1_ar1_r03,ar1_r03,break_d1,17114,0.855721,0.920398,0.003322,0.718063,0,2
break_d1_ar1_r03,ar1_r03,break_d1,17115,0.920398,0.925373,0.019934,0.040856,0,4
break_d1_ar1_r03,ar1_r03,break_d1,17116,0.134328,0.094527,0.003322,0.267514,0,1
break_d1_ar1_r03,ar1_r03,break_d1,17117,0.716418,0.502488,0.003322,0.406896,0,1
break_d1_ar1_r03,ar1_r03,break_d1,17118,0.134328,0.104478,0.003322,0.237597,0,2
break_d1_ar1_r03,ar1_r03,break_d1,17119,0.925373,0.915423,0.003322,0.646395,0,1
break_d1_ar1_r03,ar1_r03,break_d1,17120,0.129353,0.074627,0.003322,0.45475,0,3
break_d1_ar1_r03,ar1_r03,break_d1,17121,0.835821,0.900498,0.003322,0.370988,0,3
break_d1_ar1_r03,ar1_r03,break_d1,17122,0.308458,0.333333,0.003322,0.565831,0,3
break_d1_ar1_r03,ar1_r03,break_d1,17123,0.706468,0.447761,0.003322,0.634554,0,3
break_d1_ar1_r03,ar1_r03,break_d1,17124,0.298507,0.174129,0.003322,0.28353,0,4
break_d1_ar1_r03,ar1_r03,break_d1,17125,0.099502,0.119403,0.003322,0.005922,0,3
break_d1_ar1_r03,ar1_r03,break_d1,17126,0.38806,0.542289,0.003322,0.287076,0,1
break_d1_ar1_r03,ar1_r03,break_d1,17127,0.328358,0.378109,0.003322,0.014804,0,2
break_d1_ar1_r03,ar1_r03,break_d1,17128,0.850746,0.970149,0.003322,0.602866,0,3
break_d1_ar1_r03,ar1_r03,break_d1,17129,0.820896,0.825871,0.003322,0.486724,0,2
break_d1_ar1_r03,ar1_r03,break_d1,17130,0.850746,0.855721,0.003322,0.236531,0,1
break_d1_ar1_r03,ar1_r03,break_d1,17131,0.313433,0.512438,0.003322,0.402581,0,1
break_d1_ar1_r03,ar1_r03,break_d1,17132,0.363184,0.422886,0.003322,0.971,0,1
break_d1_ar1_r03,ar1_r03,break_d1,17133,0.741294,0.38806,0.003322,0.48636,0,2
break_d1_ar1_r03,ar1_r03,break_d1,17134,0.19403,0.114428,0.003322,0.650963,0,2
break_d1_ar1_r03,ar1_r03,break_d1,17135,0.870647,0.935323,0.003322,0.005826,0,1
break_d1_ar1_r03,ar1_r03,break_d1,17136,0.253731,0.338308,0.003322,0.85449,0,1
break_d1_ar1_r03,ar1_r03,break_d1,17137,0.80597,0.79602,0.003322,0.787659,0,1
break_d1_ar1_r03,ar1_r03,break_d1,17138,0.139303,0.18408,0.003322,0.209716,0,1
break_d1_ar1_r03,ar1_r03,break_d1,17139,0.303483,0.40796,0.003322,0.237861,0,4
break_d1_ar1_r03,ar1_r03,break_d1,17140,0.21393,0.243781,0.003322,0.486547,0,0
break_d1_ar1_r03,ar1_r03,break_d1,17141,0.825871,0.606965,0.003322,0.936828,0,2
break_d1_ar1_r03,ar1_r03,break_d1,17142,0.452736,0.532338,0.003322,0.494199,0,3
break_d1_ar1_r03,ar1_r03,break_d1,17143,0.243781,0.154229,0.003322,0.89139,0,1
break_d1_ar1_r03,ar1_r03,break_d1,17144,0.960199,0.985075,0.003322,0.174793,0,1
break_d1_ar1_r03,ar1_r03,break_d1,17145,0.487562,0.587065,0.003322,0.014344,0,2
break_d1_ar1_r03,ar1_r03,break_d1,17146,0.756219,0.706468,0.003322,0.402013,0,3
break_d1_ar1_r03,ar1_r03,break_d1,17147,0.542289,0.492537,0.003322,0.893588,0,1
break_d1_ar1_r03,ar1_r03,break_d1,17148,0.293532,0.373134,0.003322,0.689393,0,2
break_d1_ar1_r03,ar1_r03,break_d1,17149,0.462687,0.542289,0.003322,0.545408,0,3
break_d1_ar1_r03,ar1_r03,break_d1,17150,0.661692,0.79602,0.003322,0.654182,0,1
break_d1_ar1_r03,ar1_r03,break_d1,17151,0.323383,0.318408,0.003322,0.613535,0,2
break_d1_ar1_r03,ar1_r03,break_d1,17152,0.935323,0.9801,0.003322,0.238526,0,3
break_d1_ar1_r03,ar1_r03,break_d1,17153,0.761194,0.845771,0.003322,0.7233,0,1
break_d1_ar1_r03,ar1_r03,break_d1,17154,0.925373,0.776119,0.003322,0.769179,0,2
break_d1_ar1_r03,ar1_r03,break_d1,17155,0.945274,0.915423,0.003322,0.151546,0,2
break_d1_ar1_r03,ar1_r03,break_d1,17156,0.41791,0.542289,0.003322,0.464488,0,4
break_d1_ar1_r03,ar1_r03,break_d1,17157,0.358209,0.562189,0.003322,0.865148,0,1
break_d1_ar1_r03,ar1_r03,break_d1,17158,0.303483,0.621891,0.003322,0.037955,0,1
break_d1_ar1_r03,ar1_r03,break_d1,17159,0.965174,0.910448,0.003322,0.603713,0,3
break_d1_ar1_r03,ar1_r03,break_d1,17160,0.099502,0.064677,0.003322,0.074556,0,2
break_d1_ar1_r03,ar1_r03,break_d1,17161,0.497512,0.313433,0.003322,0.211282,0,2
break_d1_ar1_r03,ar1_r03,break_d1,17162,0.104478,0.114428,0.003322,0.677039,0,1
break_d1_ar1_r03,ar1_r03,break_d1,17163,0.263682,0.393035,0.003322,0.475927,0,2
break_d1_ar1_r03,ar1_r03,break_d1,17164,0.761194,0.800995,0.003322,0.568906,0,2
break_d1_ar1_r03,ar1_r03,break_d1,17165,0.950249,0.975124,0.003322,0.423868,0,1
break_d1_ar1_r03,ar1_r03,break_d1,17166,0.557214,0.58209,0.003322,0.058829,0,2
break_d1_ar1_r03,ar1_r03,break_d1,17167,0.149254,0.084577,0.003322,0.667192,0,3
break_d1_ar1_r03,ar1_r03,break_d1,17168,0.298507,0.293532,0.003322,0.951108,0,1
break_d1_ar1_r03,ar1_r03,break_d1,17169,0.40796,0.437811,0.003322,0.952799,0,1
break_d1_ar1_r03,ar1_r03,break_d1,17170,0.59204,0.59204,0.003322,0.378999,0,1
break_d1_ar1_r03,ar1_r03,break_d1,17171,0.656716,0.482587,0.003322,0.001764,0,2
break_d1_ar1_r03,ar1_r03,break_d1,17172,0.104478,0.104478,0.003322,0.537673,0,1
break_d1_ar1_r03,ar1_r03,break_d1,17173,0.104478,0.014925,0.003322,0.202211,0,1
break_d1_ar1_r03,ar1_r03,break_d1,17174,0.18408,0.20398,0.003322,0.189879,0,1
break_d1_ar1_r03,ar1_r03,break_d1,17175,0.487562,0.452736,0.003322,0.294755,0,4
break_d1_ar1_r03,ar1_r03,break_d1,17176,0.59204,0.373134,0.003322,0.049575,0,2
break_d1_ar1_r03,ar1_r03,break_d1,17177,0.900498,0.746269,0.003322,0.95911,0,1
break_d1_ar1_r03,ar1_r03,break_d1,17178,0.840796,0.776119,0.003322,0.021858,0,2
break_d1_ar1_r03,ar1_r03,break_d1,17179,0.427861,0.452736,0.006645,0.206109,0,2
break_d1_ar1_r03,ar1_r03,break_d1,17180,0.746269,0.701493,0.003322,0.880699,0,3
break_d1_ar1_r03,ar1_r03,break_d1,17181,0.238806,0.119403,0.003322,0.434748,0,3
break_d1_ar1_r03,ar1_r03,break_d1,17182,0.885572,0.910448,0.003322,0.820291,0,2
break_d1_ar1_r03,ar1_r03,break_d1,17183,0.572139,0.621891,0.003322,0.952858,0,2
break_d1_ar1_r03,ar1_r03,break_d1,17184,0.935323,0.865672,0.003322,0.112298,0,2
break_d1_ar1_r03,ar1_r03,break_d1,17185,0.800995,0.686567,0.003322,0.367702,0,3
break_d1_ar1_r03,ar1_r03,break_d1,17186,0.472637,0.39801,0.003322,0.103714,0,1
break_d1_ar1_r03,ar1_r03,break_d1,17187,0.835821,0.726368,0.003322,0.381078,0,1
break_d1_ar1_r03,ar1_r03,break_d1,17188,0.412935,0.522388,0.003322,0.527513,0,3
break_d1_ar1_r03,ar1_r03,break_d1,17189,0.094527,0.044776,0.003322,0.541967,0,1
break_d1_ar1_r03,ar1_r03,break_d1,17190,0.845771,0.845771,0.003322,0.483589,0,1
break_d1_ar1_r03,ar1_r03,break_d1,17191,0.631841,0.442786,0.003322,0.022052,0,2
break_d1_ar1_r03,ar1_r03,break_d1,17192,0.945274,0.900498,0.003322,0.609615,0,3
break_d1_ar1_r03,ar1_r03,break_d1,17193,0.80597,0.696517,0.003322,0.097267,0,2
break_d1_ar1_r03,ar1_r03,break_d1,17194,0.746269,0.681592,0.003322,0.006024,0,1
break_d1_ar1_r03,ar1_r03,break_d1,17195,0.975124,0.9801,0.003322,0.568978,0,4
break_d1_ar1_r03,ar1_r03,break_d1,17196,0.636816,0.552239,0.003322,0.827103,0,1
break_d1_ar1_r03,ar1_r03,break_d1,17197,0.855721,0.791045,0.003322,0.079229,0,3
break_d1_ar1_r03,ar1_r03,break_d1,17198,0.736318,0.691542,0.003322,0.575786,0,1
break_d1_ar1_r03,ar1_r03,break_d1,17199,0.19403,0.333333,0.003322,0.047874,0,3
break_d1_ar1_r03,ar1_r03,break_d1,17200,0.517413,0.462687,0.003322,0.993238,0,1
break_d1_ar1_r03,ar1_r03,break_d1,17201,0.502488,0.557214,0.003322,0.737553,0,3
break_d1_ar1_r03,ar1_r03,break_d1,17202,0.706468,0.517413,0.003322,0.538362,0,1
break_d1_ar1_r03,ar1_r03,break_d1,17203,0.895522,0.870647,0.003322,0.411304,0,1
break_d1_ar1_r03,ar1_r03,break_d1,17204,0.482587,0.537313,0.003322,0.010045,0,2
break_d1_ar1_r03,ar1_r03,break_d1,17205,0.263682,0.238806,0.003322,0.832707,0,1
break_d1_ar1_r03,ar1_r03,break_d1,17206,0.726368,0.587065,0.003322,0.097898,0,1
break_d1_ar1_r03,ar1_r03,break_d1,17207,0.78607,0.885572,0.003322,0.068876,0,3
break_d1_ar1_r03,ar1_r03,break_d1,17208,0.895522,0.850746,0.003322,0.787111,0,1
break_d1_ar1_r03,ar1_r03,break_d1,17209,0.38806,0.60199,0.003322,0.615784,0,1
break_d1_ar1_r03,ar1_r03,break_d1,17210,0.761194,0.59204,0.003322,0.787158,0,2
break_d1_ar1_r03,ar1_r03,break_d1,17211,0.626866,0.368159,0.003322,0.710839,0,1
break_d1_ar1_r03,ar1_r03,break_d1,17212,0.124378,0.089552,0.003322,0.662909,0,2
break_d1_ar1_r03,ar1_r03,break_d1,17213,0.308458,0.129353,0.003322,0.468896,0,4
break_d1_ar1_r03,ar1_r03,break_d1,17214,0.457711,0.517413,0.003322,0.007422,0,1
break_d1_ar1_r03,ar1_r03,break_d1,17215,0.930348,0.930348,0.003322,0.243869,0,1
break_d1_ar1_r03,ar1_r03,break_d1,17216,0.781095,0.681592,0.003322,0.011655,0,1
break_d1_ar1_r03,ar1_r03,break_d1,17217,0.049751,0.054726,0.003322,0.70246,0,3
break_d1_ar1_r03,ar1_r03,break_d1,17218,0.373134,0.298507,0.003322,0.608799,0,3
break_d1_ar1_r03,ar1_r03,break_d1,17219,0.830846,0.835821,0.003322,0.764053,0,4
break_d1_ar1_r03,ar1_r03,break_d1,17220,0.721393,0.875622,0.003322,0.866488,0,1
break_d1_ar1_r03,ar1_r03,break_d1,17221,0.059701,0.144279,0.003322,0.679542,0,2
break_d1_ar1_r03,ar1_r03,break_d1,17222,0.268657,0.283582,0.003322,0.594228,0,2
break_d1_ar1_r03,ar1_r03,break_d1,17223,0.721393,0.60199,0.003322,0.212309,0,1
break_d1_ar1_r03,ar1_r03,break_d1,17224,0.567164,0.442786,0.003322,0.037746,0,1
break_d1_ar1_r03,ar1_r03,break_d1,17225,0.18408,0.169154,0.003322,0.22058,0,2
break_d1_ar1_r03,ar1_r03,break_d1,17226,0.343284,0.223881,0.003322,0.075091,0,4
break_d1_ar1_r03,ar1_r03,break_d1,17227,0.427861,0.492537,0.003322,0.099862,0,4
break_d1_ar1_r03,ar1_r03,break_d1,17228,0.343284,0.199005,0.003322,0.032011,0,1
break_d1_ar1_r03,ar1_r03,break_d1,17229,0.174129,0.049751,0.003322,0.011195,0,3
break_d1_ar1_r03,ar1_r03,break_d1,17230,0.587065,0.527363,0.003322,0.470764,0,1
break_d1_ar1_r03,ar1_r03,break_d1,17231,0.527363,0.81592,0.003322,0.127492,0,2
break_d1_ar1_r03,ar1_r03,break_d1,17232,0.651741,0.512438,0.003322,0.896069,0,2
break_d1_ar1_r03,ar1_r03,break_d1,17233,0.691542,0.636816,0.003322,0.482431,0,1
break_d1_ar1_r03,ar1_r03,break_d1,17234,0.18408,0.139303,0.003322,0.539227,0,2
break_d1_ar1_r03,ar1_r03,break_d1,17235,0.925373,0.870647,0.003322,0.367279,0,3
break_d1_ar1_r03,ar1_r03,break_d1,17236,0.885572,0.935323,0.003322,0.931389,0,1
break_d1_ar1_r03,ar1_r03,break_d1,17237,0.303483,0.21393,0.006645,0.183427,0,3
break_d1_ar1_r03,ar1_r03,break_d1,17238,0.179104,0.283582,0.003322,0.383528,0,3
break_d1_ar1_r03,ar1_r03,break_d1,17239,0.402985,0.412935,0.003322,0.195047,0,1
break_d1_ar1_r03,ar1_r03,break_d1,17240,0.517413,0.616915,0.003322,0.005067,0,2
break_d1_ar1_r03,ar1_r03,break_d1,17241,0.875622,0.80597,0.003322,0.161998,0,4
break_d1_ar1_r03,ar1_r03,break_d1,17242,0.104478,0.034826,0.006645,0.289632,0,1
break_d1_ar1_r03,ar1_r03,break_d1,17243,0.830846,0.771144,0.006645,0.485813,0,3
break_d1_ar1_r03,ar1_r03,break_d1,17244,0.522388,0.39801,0.003322,0.006098,0,1
break_d1_ar1_r03,ar1_r03,break_d1,17245,0.41791,0.492537,0.003322,0.047621,0,3
break_d1_ar1_r03,ar1_r03,break_d1,17246,0.462687,0.368159,0.003322,0.441556,0,3
break_d1_ar1_r03,ar1_r03,break_d1,17247,0.736318,0.636816,0.003322,0.977239,0,3
break_d1_ar1_r03,ar1_r03,break_d1,17248,0.139303,0.084577,0.003322,0.560219,0,1
break_d1_ar1_r03,ar1_r03,break_d1,17249,0.248756,0.268657,0.003322,0.190872,0,1
break_d1_ar1_r03,ar1_r03,break_d1,17250,0.482587,0.318408,0.003322,0.407973,0,2
break_d1_ar1_r03,ar1_r03,break_d1,17251,0.333333,0.129353,0.003322,0.265033,0,3
break_d1_ar1_r03,ar1_r03,break_d1,17252,0.064677,0.109453,0.003322,0.553833,0,3
break_d1_ar1_r03,ar1_r03,break_d1,17253,0.308458,0.228856,0.003322,0.018442,0,1
break_d1_ar1_r03,ar1_r03,break_d1,17254,0.452736,0.482587,0.006645,0.158849,0,2
break_d1_ar1_r03,ar1_r03,break_d1,17255,0.766169,0.751244,0.003322,0.755726,0,1
break_d1_ar1_r03,ar1_r03,break_d1,17256,0.298507,0.228856,0.003322,0.399692,0,1
break_d1_ar1_r03,ar1_r03,break_d1,17257,0.169154,0.20398,0.003322,0.302104,0,1
break_d1_ar1_r03,ar1_r03,break_d1,17258,0.761194,0.651741,0.003322,0.812455,0,3
break_d1_ar1_r03,ar1_r03,break_d1,17259,0.313433,0.313433,0.003322,0.078259,0,1
break_d1_ar1_r03,ar1_r03,break_d1,17260,0.950249,0.860697,0.003322,0.745843,0,2
break_d1_ar1_r03,ar1_r03,break_d1,17261,0.696517,0.746269,0.003322,0.088725,0,1
break_d1_ar1_r03,ar1_r03,break_d1,17262,0.701493,0.626866,0.003322,0.165785,0,2
break_d1_ar1_r03,ar1_r03,break_d1,17263,0.293532,0.338308,0.003322,0.06264,0,2
break_d1_ar1_r03,ar1_r03,break_d1,17264,0.492537,0.616915,0.003322,0.314471,0,1
break_d1_ar1_r03,ar1_r03,break_d1,17265,0.308458,0.532338,0.003322,0.766266,0,1
break_d1_ar1_r03,ar1_r03,break_d1,17266,0.129353,0.079602,0.003322,0.571527,0,3
break_d1_ar1_r03,ar1_r03,break_d1,17267,0.502488,0.39801,0.093023,0.404973,0,2
break_d1_ar1_r03,ar1_r03,break_d1,17268,0.9801,0.970149,0.003322,0.670746,0,3
break_d1_ar1_r03,ar1_r03,break_d1,17269,0.975124,0.960199,0.003322,0.674888,0,2
break_d1_ar1_r03,ar1_r03,break_d1,17270,0.492537,0.39801,0.003322,0.0437,0,1
break_d1_ar1_r03,ar1_r03,break_d1,17271,0.552239,0.497512,0.003322,0.019072,0,1
break_d1_ar1_r03,ar1_r03,break_d1,17272,0.965174,0.900498,0.003322,0.036134,0,1
break_d1_ar1_r03,ar1_r03,break_d1,17273,0.835821,0.791045,0.003322,0.553226,0,1
break_d1_ar1_r03,ar1_r03,break_d1,17274,0.442786,0.547264,0.003322,0.091545,0,2
break_d1_ar1_r03,ar1_r03,break_d1,17275,0.557214,0.736318,0.003322,0.912306,0,3
break_d1_ar1_r03,ar1_r03,break_d1,17276,0.60199,0.691542,0.003322,0.218722,0,1
break_d1_ar1_r03,ar1_r03,break_d1,17277,0.99005,0.970149,0.003322,0.043305,0,4
break_d1_ar1_r03,ar1_r03,break_d1,17278,0.492537,0.482587,0.003322,0.847178,0,1
break_d1_ar1_r03,ar1_r03,break_d1,17279,0.955224,0.99005,0.003322,0.43384,0,1
break_d1_ar1_r03,ar1_r03,break_d1,17280,0.542289,0.587065,0.003322,0.176188,0,1
break_d1_ar1_r03,ar1_r03,break_d1,17281,0.363184,0.462687,0.003322,0.202583,0,1
break_d1_ar1_r03,ar1_r03,break_d1,17282,0.716418,0.706468,0.003322,0.382747,0,1
break_d1_ar1_r03,ar1_r03,break_d1,17283,0.238806,0.472637,0.003322,0.686295,0,1
break_d1_ar1_r03,ar1_r03,break_d1,17284,0.18408,0.159204,0.003322,0.761158,0,1
break_d1_ar1_r03,ar1_r03,break_d1,17285,0.412935,0.40796,0.003322,0.421533,0,2
break_d1_ar1_r03,ar1_r03,break_d1,17286,0.353234,0.293532,0.003322,0.179984,0,1
break_d1_ar1_r03,ar1_r03,break_d1,17287,0.706468,0.58209,0.003322,0.157744,0,2
break_d1_ar1_r03,ar1_r03,break_d1,17288,0.159204,0.298507,0.003322,0.093318,0,1
break_d1_ar1_r03,ar1_r03,break_d1,17289,0.81592,0.875622,0.003322,0.006459,0,1
break_d1_ar1_r03,ar1_r03,break_d1,17290,0.870647,0.885572,0.003322,0.086561,0,3
break_d1_ar1_r03,ar1_r03,break_d1,17291,0.840796,0.960199,0.003322,0.505723,0,2
break_d1_ar1_r03,ar1_r03,break_d1,17292,0.39801,0.681592,0.003322,0.488898,0,1
break_d1_ar1_r03,ar1_r03,break_d1,17293,0.880597,0.771144,0.003322,0.729144,0,4
break_d1_ar1_r03,ar1_r03,break_d1,17294,0.278607,0.129353,0.003322,0.171037,0,1
break_d1_ar1_r03,ar1_r03,break_d1,17295,0.18408,0.099502,0.003322,0.92483,0,1
break_d1_ar1_r03,ar1_r03,break_d1,17296,0.781095,0.80597,0.003322,0.418871,0,1
break_d1_ar1_r03,ar1_r03,break_d1,17297,0.915423,0.935323,0.003322,0.202984,0,1
break_d1_ar1_r03,ar1_r03,break_d1,17298,0.283582,0.378109,0.003322,0.012274,0,1
break_d1_ar1_r03,ar1_r03,break_d1,17299,0.129353,0.094527,0.003322,0.21562,0,3
break_d2_ar1_r03,ar1_r03,break_d2,17000,0.432836,0.343284,0.003322,0.155903,0,4
break_d2_ar1_r03,ar1_r03,break_d2,17001,0.412935,0.199005,0.003322,0.3589,0,3
break_d2_ar1_r03,ar1_r03,break_d2,17002,0.273632,0.313433,0.003322,0.651092,0,3
break_d2_ar1_r03,ar1_r03,break_d2,17003,0.452736,0.303483,0.003322,0.015059,0,2
break_d2_ar1_r03,ar1_r03,break_d2,17004,0.562189,0.517413,0.003322,0.316246,0,2
break_d2_ar1_r03,ar1_r03,break_d2,17005,0.641791,0.532338,0.003322,0.033176,0,1
break_d2_ar1_r03,ar1_r03,break_d2,17006,0.512438,0.547264,0.003322,0.364756,0,2
break_d2_ar1_r03,ar1_r03,break_d2,17007,0.069652,0.074627,0.003322,0.006872,0,4
break_d2_ar1_r03,ar1_r03,break_d2,17008,0.029851,0.129353,0.003322,0.786573,0,1
break_d2_ar1_r03,ar1_r03,break_d2,17009,0.860697,0.79602,0.003322,0.454447,0,1
break_d2_ar1_r03,ar1_r03,break_d2,17010,0.174129,0.039801,0.003322,0.302328,0,3
break_d2_ar1_r03,ar1_r03,break_d2,17011,0.791045,0.746269,0.003322,0.245181,0,1
break_d2_ar1_r03,ar1_r03,break_d2,17012,0.58209,0.557214,0.003322,0.318002,0,4
break_d2_ar1_r03,ar1_r03,break_d2,17013,0.129353,0.024876,0.003322,0.766864,0,1
break_d2_ar1_r03,ar1_r03,break_d2,17014,0.567164,0.706468,0.003322,0.020616,0,3
break_d2_ar1_r03,ar1_r03,break_d2,17015,0.686567,0.368159,0.003322,0.642461,0,1
break_d2_ar1_r03,ar1_r03,break_d2,17016,0.830846,0.761194,0.003322,0.592576,0,3
break_d2_ar1_r03,ar1_r03,break_d2,17017,0.393035,0.358209,0.046512,0.292035,0,1
break_d2_ar1_r03,ar1_r03,break_d2,17018,0.870647,0.885572,0.003322,0.850023,0,2
break_d2_ar1_r03,ar1_r03,break_d2,17019,0.00995,0.024876,0.006645,0.306421,0,2
break_d2_ar1_r03,ar1_r03,break_d2,17020,0.467662,0.422886,0.003322,0.047126,0,1
break_d2_ar1_r03,ar1_r03,break_d2,17021,0.995025,0.99005,0.003322,0.236851,0,1
break_d2_ar1_r03,ar1_r03,break_d2,17022,0.965174,0.995025,0.003322,0.815004,0,2
break_d2_ar1_r03,ar1_r03,break_d2,17023,0.766169,0.512438,0.003322,0.044889,0,1
break_d2_ar1_r03,ar1_r03,break_d2,17024,0.636816,0.597015,0.003322,0.016961,0,1
break_d2_ar1_r03,ar1_r03,break_d2,17025,0.895522,0.9801,0.003322,0.160149,0,3
break_d2_ar1_r03,ar1_r03,break_d2,17026,0.81592,0.835821,0.003322,0.482732,0,1
break_d2_ar1_r03,ar1_r03,break_d2,17027,0.104478,0.223881,0.003322,0.530804,0,2
break_d2_ar1_r03,ar1_r03,break_d2,17028,0.074627,0.069652,0.003322,0.321627,0,1
break_d2_ar1_r03,ar1_r03,break_d2,17029,0.054726,0.099502,0.006645,0.005076,0,1
break_d2_ar1_r03,ar1_r03,break_d2,17030,0.58209,0.492537,0.003322,0.276456,0,3
break_d2_ar1_r03,ar1_r03,break_d2,17031,0.208955,0.139303,0.006645,0.205942,0,1
break_d2_ar1_r03,ar1_r03,break_d2,17032,0.0199,0.014925,0.003322,0.760526,0,1
break_d2_ar1_r03,ar1_r03,break_d2,17033,0.731343,0.81592,0.013289,0.596707,0,1
break_d2_ar1_r03,ar1_r03,break_d2,17034,1.0,0.995025,0.003322,0.111592,0,1
break_d2_ar1_r03,ar1_r03,break_d2,17035,0.228856,0.054726,0.003322,0.914523,0,1
break_d2_ar1_r03,ar1_r03,break_d2,17036,0.517413,0.577114,0.003322,0.088858,0,3
break_d2_ar1_r03,ar1_r03,break_d2,17037,0.741294,0.81592,0.003322,0.992752,0,4
break_d2_ar1_r03,ar1_r03,break_d2,17038,0.437811,0.248756,0.003322,0.050789,0,4
break_d2_ar1_r03,ar1_r03,break_d2,17039,0.024876,0.014925,0.003322,0.446075,0,4
break_d2_ar1_r03,ar1_r03,break_d2,17040,0.810945,0.800995,0.003322,0.387732,0,1
break_d2_ar1_r03,ar1_r03,break_d2,17041,0.00995,0.004975,0.003322,0.841078,0,1
break_d2_ar1_r03,ar1_r03,break_d2,17042,0.159204,0.253731,0.003322,0.092114,0,1
break_d2_ar1_r03,ar1_r03,break_d2,17043,0.199005,0.353234,0.003322,0.101024,0,2
break_d2_ar1_r03,ar1_r03,break_d2,17044,0.835821,0.776119,0.003322,0.134379,0,4
break_d2_ar1_r03,ar1_r03,break_d2,17045,0.467662,0.228856,0.006645,0.632786,0,3
break_d2_ar1_r03,ar1_r03,break_d2,17046,0.014925,0.0199,0.003322,0.486683,0,1
break_d2_ar1_r03,ar1_r03,break_d2,17047,0.890547,0.960199,0.003322,0.546331,0,2
break_d2_ar1_r03,ar1_r03,break_d2,17048,0.164179,0.014925,0.003322,0.881337,0,3
break_d2_ar1_r03,ar1_r03,break_d2,17049,0.149254,0.029851,0.003322,0.176861,0,4
break_d2_ar1_r03,ar1_r03,break_d2,17050,0.830846,0.850746,0.003322,0.519424,0,2
break_d2_ar1_r03,ar1_r03,break_d2,17051,0.646766,0.641791,0.003322,0.92396,0,1
break_d2_ar1_r03,ar1_r03,break_d2,17052,0.960199,0.925373,0.003322,0.277544,0,1
break_d2_ar1_r03,ar1_r03,break_d2,17053,0.313433,0.40796,0.003322,0.140963,0,1
break_d2_ar1_r03,ar1_r03,break_d2,17054,0.293532,0.308458,0.003322,0.979777,0,3
break_d2_ar1_r03,ar1_r03,break_d2,17055,0.985075,0.985075,0.003322,0.205046,0,4
break_d2_ar1_r03,ar1_r03,break_d2,17056,0.318408,0.467662,0.003322,0.736085,0,2
break_d2_ar1_r03,ar1_r03,break_d2,17057,0.263682,0.159204,0.003322,0.706959,0,1
break_d2_ar1_r03,ar1_r03,break_d2,17058,0.024876,0.029851,0.003322,0.61422,0,3
break_d2_ar1_r03,ar1_r03,break_d2,17059,0.293532,0.353234,0.003322,0.440522,0,1
break_d2_ar1_r03,ar1_r03,break_d2,17060,0.631841,0.621891,0.003322,0.000427,0,4
break_d2_ar1_r03,ar1_r03,break_d2,17061,0.905473,0.885572,0.003322,0.578401,0,3
break_d2_ar1_r03,ar1_r03,break_d2,17062,0.706468,0.80597,0.003322,0.578449,0,1
break_d2_ar1_r03,ar1_r03,break_d2,17063,0.532338,0.606965,0.003322,0.195597,0,1
break_d2_ar1_r03,ar1_r03,break_d2,17064,0.348259,0.422886,0.003322,0.454582,0,1
break_d2_ar1_r03,ar1_r03,break_d2,17065,0.00995,0.00995,0.003322,0.150422,0,2
break_d2_ar1_r03,ar1_r03,break_d2,17066,0.910448,0.875622,0.003322,0.109687,0,3
break_d2_ar1_r03,ar1_r03,break_d2,17067,0.572139,0.59204,0.003322,0.664902,0,3
break_d2_ar1_r03,ar1_r03,break_d2,17068,0.99005,0.895522,0.003322,0.685015,0,1
break_d2_ar1_r03,ar1_r03,break_d2,17069,0.616915,0.61194,0.003322,0.065231,0,1
break_d2_ar1_r03,ar1_r03,break_d2,17070,0.144279,0.243781,0.003322,0.792744,0,1
break_d2_ar1_r03,ar1_r03,break_d2,17071,0.865672,0.895522,0.003322,0.677781,0,3
break_d2_ar1_r03,ar1_r03,break_d2,17072,0.497512,0.492537,0.003322,0.021059,0,1
break_d2_ar1_r03,ar1_r03,break_d2,17073,0.233831,0.432836,0.003322,0.75045,0,3
break_d2_ar1_r03,ar1_r03,break_d2,17074,0.691542,0.636816,0.003322,0.409991,0,1
break_d2_ar1_r03,ar1_r03,break_d2,17075,0.761194,0.328358,0.003322,0.795905,0,3
break_d2_ar1_r03,ar1_r03,break_d2,17076,0.527363,0.467662,0.003322,0.392726,0,2
break_d2_ar1_r03,ar1_r03,break_d2,17077,0.721393,0.840796,0.003322,0.064316,0,2
break_d2_ar1_r03,ar1_r03,break_d2,17078,0.174129,0.253731,0.003322,0.244085,0,1
break_d2_ar1_r03,ar1_r03,break_d2,17079,0.258706,0.208955,0.003322,0.024652,0,3
break_d2_ar1_r03,ar1_r03,break_d2,17080,0.089552,0.029851,0.009967,0.515436,0,4
break_d2_ar1_r03,ar1_r03,break_d2,17081,0.084577,0.149254,0.003322,0.922658,0,1
break_d2_ar1_r03,ar1_r03,break_d2,17082,0.800995,0.800995,0.003322,0.862777,0,1
break_d2_ar1_r03,ar1_r03,break_d2,17083,0.238806,0.179104,0.003322,0.468426,0,1
break_d2_ar1_r03,ar1_r03,break_d2,17084,0.218905,0.084577,0.003322,0.216357,0,2
break_d2_ar1_r03,ar1_r03,break_d2,17085,0.159204,0.119403,0.003322,0.318075,0,2
break_d2_ar1_r03,ar1_r03,break_d2,17086,0.935323,0.960199,0.003322,0.614143,0,1
break_d2_ar1_r03,ar1_r03,break_d2,17087,0.950249,0.850746,0.003322,0.39111,0,1
break_d2_ar1_r03,ar1_r03,break_d2,17088,0.905473,0.905473,0.003322,0.21462,0,2
break_d2_ar1_r03,ar1_r03,break_d2,17089,0.810945,0.915423,0.003322,0.052999,0,1
break_d2_ar1_r03,ar1_r03,break_d2,17090,0.875622,0.945274,0.003322,0.866035,0,1
break_d2_ar1_r03,ar1_r03,break_d2,17091,0.343284,0.552239,0.003322,0.013463,0,1
break_d2_ar1_r03,ar1_r03,break_d2,17092,0.701493,0.696517,0.003322,0.350883,0,1
break_d2_ar1_r03,ar1_r03,break_d2,17093,0.358209,0.383085,0.003322,0.801917,0,1
break_d2_ar1_r03,ar1_r03,break_d2,17094,0.412935,0.313433,0.003322,0.830173,0,1
break_d2_ar1_r03,ar1_r03,break_d2,17095,0.00995,0.064677,0.003322,0.3645,0,2
break_d2_ar1_r03,ar1_r03,break_d2,17096,0.114428,0.164179,0.003322,0.267276,0,1
break_d2_ar1_r03,ar1_r03,break_d2,17097,0.39801,0.412935,0.003322,0.6915,0,2
break_d2_ar1_r03,ar1_r03,break_d2,17098,0.338308,0.552239,0.003322,0.030449,0,1
break_d2_ar1_r03,ar1_r03,break_d2,17099,0.830846,0.80597,0.003322,0.364308,0,2
break_d2_ar1_r03,ar1_r03,break_d2,17100,0.238806,0.144279,0.003322,0.938604,0,3
break_d2_ar1_r03,ar1_r03,break_d2,17101,0.9801,0.920398,0.003322,0.003472,0,2
break_d2_ar1_r03,ar1_r03,break_d2,17102,0.781095,0.835821,0.003322,0.719231,0,2
break_d2_ar1_r03,ar1_r03,break_d2,17103,0.830846,0.741294,0.003322,0.704001,0,2
break_d2_ar1_r03,ar1_r03,break_d2,17104,0.716418,0.606965,0.003322,0.095555,0,2
break_d2_ar1_r03,ar1_r03,break_d2,17105,0.661692,0.731343,0.003322,0.000614,0,1
break_d2_ar1_r03,ar1_r03,break_d2,17106,0.79602,0.830846,0.006645,0.856357,0,1
break_d2_ar1_r03,ar1_r03,break_d2,17107,0.860697,0.895522,0.003322,0.021751,0,1
break_d2_ar1_r03,ar1_r03,break_d2,17108,0.452736,0.437811,0.003322,0.786061,0,2
break_d2_ar1_r03,ar1_r03,break_d2,17109,0.955224,0.756219,0.003322,0.615496,0,4
break_d2_ar1_r03,ar1_r03,break_d2,17110,0.870647,0.99005,0.003322,0.758858,0,2
break_d2_ar1_r03,ar1_r03,break_d2,17111,0.283582,0.487562,0.003322,0.008109,0,1
break_d2_ar1_r03,ar1_r03,break_d2,17112,0.542289,0.422886,0.003322,0.540635,0,4
break_d2_ar1_r03,ar1_r03,break_d2,17113,0.373134,0.532338,0.003322,0.137314,0,3
break_d2_ar1_r03,ar1_r03,break_d2,17114,0.855721,0.920398,0.003322,0.718063,0,2
break_d2_ar1_r03,ar1_r03,break_d2,17115,0.920398,0.925373,0.019934,0.040856,0,4
break_d2_ar1_r03,ar1_r03,break_d2,17116,0.134328,0.094527,0.003322,0.267514,0,1
break_d2_ar1_r03,ar1_r03,break_d2,17117,0.716418,0.502488,0.003322,0.406896,0,1
break_d2_ar1_r03,ar1_r03,break_d2,17118,0.134328,0.104478,0.003322,0.237597,0,2
break_d2_ar1_r03,ar1_r03,break_d2,17119,0.925373,0.915423,0.003322,0.646395,0,1
break_d2_ar1_r03,ar1_r03,break_d2,17120,0.129353,0.074627,0.003322,0.45475,0,3
break_d2_ar1_r03,ar1_r03,break_d2,17121,0.835821,0.900498,0.003322,0.370988,0,3
break_d2_ar1_r03,ar1_r03,break_d2,17122,0.308458,0.333333,0.003322,0.565831,0,3
break_d2_ar1_r03,ar1_r03,break_d2,17123,0.706468,0.447761,0.003322,0.634554,0,3
break_d2_ar1_r03,ar1_r03,break_d2,17124,0.298507,0.174129,0.003322,0.28353,0,4
break_d2_ar1_r03,ar1_r03,break_d2,17125,0.099502,0.119403,0.003322,0.005922,0,3
break_d2_ar1_r03,ar1_r03,break_d2,17126,0.38806,0.542289,0.003322,0.287076,0,1
break_d2_ar1_r03,ar1_r03,break_d2,17127,0.328358,0.378109,0.003322,0.014804,0,2
break_d2_ar1_r03,ar1_r03,break_d2,17128,0.850746,0.970149,0.003322,0.602866,0,3
break_d2_ar1_r03,ar1_r03,break_d2,17129,0.820896,0.825871,0.003322,0.486724,0,2
break_d2_ar1_r03,ar1_r03,break_d2,17130,0.850746,0.855721,0.003322,0.236531,0,1
break_d2_ar1_r03,ar1_r03,break_d2,17131,0.313433,0.512438,0.003322,0.402581,0,1
break_d2_ar1_r03,ar1_r03,break_d2,17132,0.363184,0.422886,0.003322,0.971,0,1
break_d2_ar1_r03,ar1_r03,break_d2,17133,0.741294,0.38806,0.003322,0.48636,0,2
break_d2_ar1_r03,ar1_r03,break_d2,17134,0.19403,0.114428,0.003322,0.650963,0,2
break_d2_ar1_r03,ar1_r03,break_d2,17135,0.870647,0.935323,0.003322,0.005826,0,1
break_d2_ar1_r03,ar1_r03,break_d2,17136,0.253731,0.338308,0.003322,0.85449,0,1
break_d2_ar1_r03,ar1_r03,break_d2,17137,0.80597,0.79602,0.003322,0.787659,0,1
break_d2_ar1_r03,ar1_r03,break_d2,17138,0.139303,0.18408,0.003322,0.209716,0,1
break_d2_ar1_r03,ar1_r03,break_d2,17139,0.303483,0.40796,0.003322,0.237861,0,4
break_d2_ar1_r03,ar1_r03,break_d2,17140,0.21393,0.243781,0.003322,0.486547,0,0
break_d2_ar1_r03,ar1_r03,break_d2,17141,0.825871,0.606965,0.003322,0.936828,0,2
break_d2_ar1_r03,ar1_r03,break_d2,17142,0.452736,0.532338,0.003322,0.494199,0,3
break_d2_ar1_r03,ar1_r03,break_d2,17143,0.243781,0.154229,0.003322,0.89139,0,1
break_d2_ar1_r03,ar1_r03,break_d2,17144,0.960199,0.985075,0.003322,0.174793,0,1
break_d2_ar1_r03,ar1_r03,break_d2,17145,0.487562,0.587065,0.003322,0.014344,0,2
break_d2_ar1_r03,ar1_r03,break_d2,17146,0.756219,0.706468,0.003322,0.402013,0,3
break_d2_ar1_r03,ar1_r03,break_d2,17147,0.542289,0.492537,0.003322,0.893588,0,1
break_d2_ar1_r03,ar1_r03,break_d2,17148,0.293532,0.373134,0.003322,0.689393,0,2
break_d2_ar1_r03,ar1_r03,break_d2,17149,0.462687,0.542289,0.003322,0.545408,0,3
break_d2_ar1_r03,ar1_r03,break_d2,17150,0.661692,0.79602,0.003322,0.654182,0,1
break_d2_ar1_r03,ar1_r03,break_d2,17151,0.323383,0.318408,0.003322,0.613535,0,2
break_d2_ar1_r03,ar1_r03,break_d2,17152,0.935323,0.9801,0.003322,0.238526,0,3
break_d2_ar1_r03,ar1_r03,break_d2,17153,0.761194,0.845771,0.003322,0.7233,0,1
break_d2_ar1_r03,ar1_r03,break_d2,17154,0.925373,0.776119,0.003322,0.769179,0,2
break_d2_ar1_r03,ar1_r03,break_d2,17155,0.945274,0.915423,0.003322,0.151546,0,2
break_d2_ar1_r03,ar1_r03,break_d2,17156,0.41791,0.542289,0.003322,0.464488,0,4
break_d2_ar1_r03,ar1_r03,break_d2,17157,0.358209,0.562189,0.003322,0.865148,0,1
break_d2_ar1_r03,ar1_r03,break_d2,17158,0.303483,0.621891,0.003322,0.037955,0,1
break_d2_ar1_r03,ar1_r03,break_d2,17159,0.965174,0.910448,0.003322,0.603713,0,3
break_d2_ar1_r03,ar1_r03,break_d2,17160,0.099502,0.064677,0.003322,0.074556,0,2
break_d2_ar1_r03,ar1_r03,break_d2,17161,0.497512,0.313433,0.003322,0.211282,0,2
break_d2_ar1_r03,ar1_r03,break_d2,17162,0.104478,0.114428,0.003322,0.677039,0,1
break_d2_ar1_r03,ar1_r03,break_d2,17163,0.263682,0.393035,0.003322,0.475927,0,2
break_d2_ar1_r03,ar1_r03,break_d2,17164,0.761194,0.800995,0.003322,0.568906,0,2
break_d2_ar1_r03,ar1_r03,break_d2,17165,0.950249,0.975124,0.003322,0.423868,0,1
break_d2_ar1_r03,ar1_r03,break_d2,17166,0.557214,0.58209,0.003322,0.058829,0,2
break_d2_ar1_r03,ar1_r03,break_d2,17167,0.149254,0.084577,0.003322,0.667192,0,3
break_d2_ar1_r03,ar1_r03,break_d2,17168,0.298507,0.293532,0.003322,0.951108,0,1
break_d2_ar1_r03,ar1_r03,break_d2,17169,0.40796,0.437811,0.003322,0.952799,0,1
break_d2_ar1_r03,ar1_r03,break_d2,17170,0.59204,0.59204,0.003322,0.378999,0,1
break_d2_ar1_r03,ar1_r03,break_d2,17171,0.656716,0.482587,0.003322,0.001764,0,2
break_d2_ar1_r03,ar1_r03,break_d2,17172,0.104478,0.104478,0.003322,0.537673,0,1
break_d2_ar1_r03,ar1_r03,break_d2,17173,0.104478,0.014925,0.003322,0.202211,0,1
break_d2_ar1_r03,ar1_r03,break_d2,17174,0.18408,0.20398,0.003322,0.189879,0,1
break_d2_ar1_r03,ar1_r03,break_d2,17175,0.487562,0.452736,0.003322,0.294755,0,4
break_d2_ar1_r03,ar1_r03,break_d2,17176,0.59204,0.373134,0.003322,0.049575,0,2
break_d2_ar1_r03,ar1_r03,break_d2,17177,0.900498,0.746269,0.003322,0.95911,0,1
break_d2_ar1_r03,ar1_r03,break_d2,17178,0.840796,0.776119,0.003322,0.021858,0,2
break_d2_ar1_r03,ar1_r03,break_d2,17179,0.427861,0.452736,0.006645,0.206109,0,2
break_d2_ar1_r03,ar1_r03,break_d2,17180,0.746269,0.701493,0.003322,0.880699,0,3
break_d2_ar1_r03,ar1_r03,break_d2,17181,0.238806,0.119403,0.003322,0.434748,0,3
break_d2_ar1_r03,ar1_r03,break_d2,17182,0.885572,0.910448,0.003322,0.820291,0,2
break_d2_ar1_r03,ar1_r03,break_d2,17183,0.572139,0.621891,0.003322,0.952858,0,2
break_d2_ar1_r03,ar1_r03,break_d2,17184,0.935323,0.865672,0.003322,0.112298,0,2
break_d2_ar1_r03,ar1_r03,break_d2,17185,0.800995,0.686567,0.003322,0.367702,0,3
break_d2_ar1_r03,ar1_r03,break_d2,17186,0.472637,0.39801,0.003322,0.103714,0,1
break_d2_ar1_r03,ar1_r03,break_d2,17187,0.835821,0.726368,0.003322,0.381078,0,1
break_d2_ar1_r03,ar1_r03,break_d2,17188,0.412935,0.522388,0.003322,0.527513,0,3
break_d2_ar1_r03,ar1_r03,break_d2,17189,0.094527,0.044776,0.003322,0.541967,0,1
break_d2_ar1_r03,ar1_r03,break_d2,17190,0.845771,0.845771,0.003322,0.483589,0,1
break_d2_ar1_r03,ar1_r03,break_d2,17191,0.631841,0.442786,0.003322,0.022052,0,2
break_d2_ar1_r03,ar1_r03,break_d2,17192,0.945274,0.900498,0.003322,0.609615,0,3
break_d2_ar1_r03,ar1_r03,break_d2,17193,0.80597,0.696517,0.003322,0.097267,0,2
break_d2_ar1_r03,ar1_r03,break_d2,17194,0.746269,0.681592,0.003322,0.006024,0,1
break_d2_ar1_r03,ar1_r03,break_d2,17195,0.975124,0.9801,0.003322,0.568978,0,4
break_d2_ar1_r03,ar1_r03,break_d2,17196,0.636816,0.552239,0.003322,0.827103,0,1
break_d2_ar1_r03,ar1_r03,break_d2,17197,0.855721,0.791045,0.003322,0.079229,0,3
break_d2_ar1_r03,ar1_r03,break_d2,17198,0.736318,0.691542,0.003322,0.575786,0,1
break_d2_ar1_r03,ar1_r03,break_d2,17199,0.19403,0.333333,0.003322,0.047874,0,3
break_d2_ar1_r03,ar1_r03,break_d2,17200,0.517413,0.462687,0.003322,0.993238,0,1
break_d2_ar1_r03,ar1_r03,break_d2,17201,0.502488,0.557214,0.003322,0.737553,0,3
break_d2_ar1_r03,ar1_r03,break_d2,17202,0.706468,0.517413,0.003322,0.538362,0,1
break_d2_ar1_r03,ar1_r03,break_d2,17203,0.895522,0.870647,0.003322,0.411304,0,1
break_d2_ar1_r03,ar1_r03,break_d2,17204,0.482587,0.537313,0.003322,0.010045,0,2
break_d2_ar1_r03,ar1_r03,break_d2,17205,0.263682,0.238806,0.003322,0.832707,0,1
break_d2_ar1_r03,ar1_r03,break_d2,17206,0.726368,0.587065,0.003322,0.097898,0,1
break_d2_ar1_r03,ar1_r03,break_d2,17207,0.78607,0.885572,0.003322,0.068876,0,3
break_d2_ar1_r03,ar1_r03,break_d2,17208,0.895522,0.850746,0.003322,0.787111,0,1
break_d2_ar1_r03,ar1_r03,break_d2,17209,0.38806,0.60199,0.003322,0.615784,0,1
break_d2_ar1_r03,ar1_r03,break_d2,17210,0.761194,0.59204,0.003322,0.787158,0,2
break_d2_ar1_r03,ar1_r03,break_d2,17211,0.626866,0.368159,0.003322,0.710839,0,1
break_d2_ar1_r03,ar1_r03,break_d2,17212,0.124378,0.089552,0.003322,0.662909,0,2
break_d2_ar1_r03,ar1_r03,break_d2,17213,0.308458,0.129353,0.003322,0.468896,0,4
break_d2_ar1_r03,ar1_r03,break_d2,17214,0.457711,0.517413,0.003322,0.007422,0,1
break_d2_ar1_r03,ar1_r03,break_d2,17215,0.930348,0.930348,0.003322,0.243869,0,1
break_d2_ar1_r03,ar1_r03,break_d2,17216,0.781095,0.681592,0.003322,0.011655,0,1
break_d2_ar1_r03,ar1_r03,break_d2,17217,0.049751,0.054726,0.003322,0.70246,0,3
break_d2_ar1_r03,ar1_r03,break_d2,17218,0.373134,0.298507,0.003322,0.608799,0,3
break_d2_ar1_r03,ar1_r03,break_d2,17219,0.830846,0.835821,0.003322,0.764053,0,4
break_d2_ar1_r03,ar1_r03,break_d2,17220,0.721393,0.875622,0.003322,0.866488,0,1
break_d2_ar1_r03,ar1_r03,break_d2,17221,0.059701,0.144279,0.003322,0.679542,0,2
break_d2_ar1_r03,ar1_r03,break_d2,17222,0.268657,0.283582,0.003322,0.594228,0,2
break_d2_ar1_r03,ar1_r03,break_d2,17223,0.721393,0.60199,0.003322,0.212309,0,1
break_d2_ar1_r03,ar1_r03,break_d2,17224,0.567164,0.442786,0.003322,0.037746,0,1
break_d2_ar1_r03,ar1_r03,break_d2,17225,0.18408,0.169154,0.003322,0.22058,0,2
break_d2_ar1_r03,ar1_r03,break_d2,17226,0.343284,0.223881,0.003322,0.075091,0,4
break_d2_ar1_r03,ar1_r03,break_d2,17227,0.427861,0.492537,0.003322,0.099862,0,4
break_d2_ar1_r03,ar1_r03,break_d2,17228,0.343284,0.199005,0.003322,0.032011,0,1
break_d2_ar1_r03,ar1_r03,break_d2,17229,0.174129,0.049751,0.003322,0.011195,0,3
break_d2_ar1_r03,ar1_r03,break_d2,17230,0.587065,0.527363,0.003322,0.470764,0,1
break_d2_ar1_r03,ar1_r03,break_d2,17231,0.527363,0.81592,0.003322,0.127492,0,2
break_d2_ar1_r03,ar1_r03,break_d2,17232,0.651741,0.512438,0.003322,0.896069,0,2
break_d2_ar1_r03,ar1_r03,break_d2,17233,0.691542,0.636816,0.003322,0.482431,0,1
break_d2_ar1_r03,ar1_r03,break_d2,17234,0.18408,0.139303,0.003322,0.539227,0,2
break_d2_ar1_r03,ar1_r03,break_d2,17235,0.925373,0.870647,0.003322,0.367279,0,3
break_d2_ar1_r03,ar1_r03,break_d2,17236,0.885572,0.935323,0.003322,0.931389,0,1
break_d2_ar1_r03,ar1_r03,break_d2,17237,0.303483,0.21393,0.006645,0.183427,0,3
break_d2_ar1_r03,ar1_r03,break_d2,17238,0.179104,0.283582,0.003322,0.383528,0,3
break_d2_ar1_r03,ar1_r03,break_d2,17239,0.402985,0.412935,0.003322,0.195047,0,1
break_d2_ar1_r03,ar1_r03,break_d2,17240,0.517413,0.616915,0.003322,0.005067,0,2
break_d2_ar1_r03,ar1_r03,break_d2,17241,0.875622,0.80597,0.003322,0.161998,0,4
break_d2_ar1_r03,ar1_r03,break_d2,17242,0.104478,0.034826,0.006645,0.289632,0,1
break_d2_ar1_r03,ar1_r03,break_d2,17243,0.830846,0.771144,0.006645,0.485813,0,3
break_d2_ar1_r03,ar1_r03,break_d2,17244,0.522388,0.39801,0.003322,0.006098,0,1
break_d2_ar1_r03,ar1_r03,break_d2,17245,0.41791,0.492537,0.003322,0.047621,0,3
break_d2_ar1_r03,ar1_r03,break_d2,17246,0.462687,0.368159,0.003322,0.441556,0,3
break_d2_ar1_r03,ar1_r03,break_d2,17247,0.736318,0.636816,0.003322,0.977239,0,3
break_d2_ar1_r03,ar1_r03,break_d2,17248,0.139303,0.084577,0.003322,0.560219,0,1
break_d2_ar1_r03,ar1_r03,break_d2,17249,0.248756,0.268657,0.003322,0.190872,0,1
break_d2_ar1_r03,ar1_r03,break_d2,17250,0.482587,0.318408,0.003322,0.407973,0,2
break_d2_ar1_r03,ar1_r03,break_d2,17251,0.333333,0.129353,0.003322,0.265033,0,3
break_d2_ar1_r03,ar1_r03,break_d2,17252,0.064677,0.109453,0.003322,0.553833,0,3
break_d2_ar1_r03,ar1_r03,break_d2,17253,0.308458,0.228856,0.003322,0.018442,0,1
break_d2_ar1_r03,ar1_r03,break_d2,17254,0.452736,0.482587,0.006645,0.158849,0,2
break_d2_ar1_r03,ar1_r03,break_d2,17255,0.766169,0.751244,0.003322,0.755726,0,1
break_d2_ar1_r03,ar1_r03,break_d2,17256,0.298507,0.228856,0.003322,0.399692,0,1
break_d2_ar1_r03,ar1_r03,break_d2,17257,0.169154,0.20398,0.003322,0.302104,0,1
break_d2_ar1_r03,ar1_r03,break_d2,17258,0.761194,0.651741,0.003322,0.812455,0,3
break_d2_ar1_r03,ar1_r03,break_d2,17259,0.313433,0.313433,0.003322,0.078259,0,1
break_d2_ar1_r03,ar1_r03,break_d2,17260,0.950249,0.860697,0.003322,0.745843,0,2
break_d2_ar1_r03,ar1_r03,break_d2,17261,0.696517,0.746269,0.003322,0.088725,0,1
break_d2_ar1_r03,ar1_r03,break_d2,17262,0.701493,0.626866,0.003322,0.165785,0,2
break_d2_ar1_r03,ar1_r03,break_d2,17263,0.293532,0.338308,0.003322,0.06264,0,2
break_d2_ar1_r03,ar1_r03,break_d2,17264,0.492537,0.616915,0.003322,0.314471,0,1
break_d2_ar1_r03,ar1_r03,break_d2,17265,0.308458,0.532338,0.003322,0.766266,0,1
break_d2_ar1_r03,ar1_r03,break_d2,17266,0.129353,0.079602,0.003322,0.571527,0,3
break_d2_ar1_r03,ar1_r03,break_d2,17267,0.502488,0.39801,0.093023,0.404973,0,2
break_d2_ar1_r03,ar1_r03,break_d2,17268,0.9801,0.970149,0.003322,0.670746,0,3
break_d2_ar1_r03,ar1_r03,break_d2,17269,0.975124,0.960199,0.003322,0.674888,0,2
break_d2_ar1_r03,ar1_r03,break_d2,17270,0.492537,0.39801,0.003322,0.0437,0,1
break_d2_ar1_r03,ar1_r03,break_d2,17271,0.552239,0.497512,0.003322,0.019072,0,1
break_d2_ar1_r03,ar1_r03,break_d2,17272,0.965174,0.900498,0.003322,0.036134,0,1
break_d2_ar1_r03,ar1_r03,break_d2,17273,0.835821,0.791045,0.003322,0.553226,0,1
break_d2_ar1_r03,ar1_r03,break_d2,17274,0.442786,0.547264,0.003322,0.091545,0,2
break_d2_ar1_r03,ar1_r03,break_d2,17275,0.557214,0.736318,0.003322,0.912306,0,3
break_d2_ar1_r03,ar1_r03,break_d2,17276,0.60199,0.691542,0.003322,0.218722,0,1
break_d2_ar1_r03,ar1_r03,break_d2,17277,0.99005,0.970149,0.003322,0.043305,0,4
break_d2_ar1_r03,ar1_r03,break_d2,17278,0.492537,0.482587,0.003322,0.847178,0,1
break_d2_ar1_r03,ar1_r03,break_d2,17279,0.955224,0.99005,0.003322,0.43384,0,1
break_d2_ar1_r03,ar1_r03,break_d2,17280,0.542289,0.587065,0.003322,0.176188,0,1
break_d2_ar1_r03,ar1_r03,break_d2,17281,0.363184,0.462687,0.003322,0.202583,0,1
break_d2_ar1_r03,ar1_r03,break_d2,17282,0.716418,0.706468,0.003322,0.382747,0,1
break_d2_ar1_r03,ar1_r03,break_d2,17283,0.238806,0.472637,0.003322,0.686295,0,1
break_d2_ar1_r03,ar1_r03,break_d2,17284,0.18408,0.159204,0.003322,0.761158,0,1
break_d2_ar1_r03,ar1_r03,break_d2,17285,0.412935,0.40796,0.003322,0.421533,0,2
break_d2_ar1_r03,ar1_r03,break_d2,17286,0.353234,0.293532,0.003322,0.179984,0,1
break_d2_ar1_r03,ar1_r03,break_d2,17287,0.706468,0.58209,0.003322,0.157744,0,2
break_d2_ar1_r03,ar1_r03,break_d2,17288,0.159204,0.298507,0.003322,0.093318,0,1
break_d2_ar1_r03,ar1_r03,break_d2,17289,0.81592,0.875622,0.003322,0.006459,0,1
break_d2_ar1_r03,ar1_r03,break_d2,17290,0.870647,0.885572,0.003322,0.086561,0,3
break_d2_ar1_r03,ar1_r03,break_d2,17291,0.840796,0.960199,0.003322,0.505723,0,2
break_d2_ar1_r03,ar1_r03,break_d2,17292,0.39801,0.681592,0.003322,0.488898,0,1
break_d2_ar1_r03,ar1_r03,break_d2,17293,0.880597,0.771144,0.003322,0.729144,0,4
break_d2_ar1_r03,ar1_r03,break_d2,17294,0.278607,0.129353,0.003322,0.171037,0,1
break_d2_ar1_r03,ar1_r03,break_d2,17295,0.18408,0.099502,0.003322,0.92483,0,1
break_d2_ar1_r03,ar1_r03,break_d2,17296,0.781095,0.80597,0.003322,0.418871,0,1
break_d2_ar1_r03,ar1_r03,break_d2,17297,0.915423,0.935323,0.003322,0.202984,0,1
break_d2_ar1_r03,ar1_r03,break_d2,17298,0.283582,0.378109,0.003322,0.012274,0,1
break_d2_ar1_r03,ar1_r03,break_d2,17299,0.129353,0.094527,0.003322,0.21562,0,3
null_ar1_r07,ar1_r07,null,17000,0.288557,0.119403,0.003322,0.725369,0,2
null_ar1_r07,ar1_r07,null,17001,0.577114,0.283582,0.003322,0.040171,0,1
null_ar1_r07,ar1_r07,null,17002,0.482587,0.422886,0.003322,1e-06,0,1
null_ar1_r07,ar1_r07,null,17003,0.726368,0.79602,0.003322,0.038257,0,1
null_ar1_r07,ar1_r07,null,17004,0.432836,0.218905,0.003322,0.016029,0,1
null_ar1_r07,ar1_r07,null,17005,0.542289,0.393035,0.003322,0.205782,0,1
null_ar1_r07,ar1_r07,null,17006,0.482587,0.447761,0.003322,0.014234,0,4
null_ar1_r07,ar1_r07,null,17007,0.034826,0.0199,0.003322,0.189439,0,4
null_ar1_r07,ar1_r07,null,17008,0.283582,0.323383,0.003322,0.01116,0,3
null_ar1_r07,ar1_r07,null,17009,0.487562,0.38806,0.003322,0.000771,0,1
null_ar1_r07,ar1_r07,null,17010,0.61194,0.512438,0.003322,0.056348,0,4
null_ar1_r07,ar1_r07,null,17011,0.507463,0.457711,0.003322,0.493259,0,1
null_ar1_r07,ar1_r07,null,17012,0.656716,0.626866,0.003322,0.012734,0,1
null_ar1_r07,ar1_r07,null,17013,0.587065,0.228856,0.003322,0.930664,0,1
null_ar1_r07,ar1_r07,null,17014,0.626866,0.442786,0.003322,0.164642,0,2
null_ar1_r07,ar1_r07,null,17015,0.671642,0.437811,0.003322,0.054686,0,3
null_ar1_r07,ar1_r07,null,17016,0.482587,0.731343,0.003322,0.149448,0,4
null_ar1_r07,ar1_r07,null,17017,0.094527,0.039801,0.003322,2.5e-05,0,1
null_ar1_r07,ar1_r07,null,17018,0.373134,0.298507,0.003322,0.260907,0,1
null_ar1_r07,ar1_r07,null,17019,0.064677,0.024876,0.003322,0.583954,0,1
null_ar1_r07,ar1_r07,null,17020,0.0199,0.129353,0.003322,0.494772,0,4
null_ar1_r07,ar1_r07,null,17021,0.39801,0.288557,0.003322,0.078944,0,3
null_ar1_r07,ar1_r07,null,17022,0.393035,0.149254,0.003322,0.891918,0,1
null_ar1_r07,ar1_r07,null,17023,0.18408,0.079602,0.003322,0.231566,0,3
null_ar1_r07,ar1_r07,null,17024,0.661692,0.462687,0.003322,0.959295,0,1
null_ar1_r07,ar1_r07,null,17025,0.427861,0.497512,0.003322,0.128416,0,1
null_ar1_r07,ar1_r07,null,17026,0.835821,0.378109,0.003322,0.641779,0,1
null_ar1_r07,ar1_r07,null,17027,0.895522,0.776119,0.003322,0.063064,0,1
null_ar1_r07,ar1_r07,null,17028,0.686567,0.616915,0.003322,0.341937,0,1
null_ar1_r07,ar1_r07,null,17029,0.810945,0.681592,0.003322,0.672548,0,1
null_ar1_r07,ar1_r07,null,17030,0.641791,0.577114,0.003322,0.552423,0,4
null_ar1_r07,ar1_r07,null,17031,0.572139,0.487562,0.003322,0.814133,0,1
null_ar1_r07,ar1_r07,null,17032,0.59204,0.303483,0.003322,0.521127,0,2
null_ar1_r07,ar1_r07,null,17033,0.328358,0.248756,0.003322,0.067954,0,2
null_ar1_r07,ar1_r07,null,17034,0.751244,0.875622,0.003322,0.0,0,2
null_ar1_r07,ar1_r07,null,17035,0.099502,0.228856,0.003322,0.00473,0,1
null_ar1_r07,ar1_r07,null,17036,0.119403,0.104478,0.003322,0.136803,0,2
null_ar1_r07,ar1_r07,null,17037,0.40796,0.273632,0.003322,0.010681,0,2
null_ar1_r07,ar1_r07,null,17038,0.711443,0.58209,0.003322,0.001716,0,4
null_ar1_r07,ar1_r07,null,17039,0.437811,0.293532,0.003322,0.798544,0,1
null_ar1_r07,ar1_r07,null,17040,0.094527,0.218905,0.003322,0.798894,0,1
null_ar1_r07,ar1_r07,null,17041,0.651741,0.432836,0.003322,0.988459,0,3
null_ar1_r07,ar1_r07,null,17042,0.383085,0.442786,0.003322,0.001559,0,1
null_ar1_r07,ar1_r07,null,17043,0.577114,0.681592,0.003322,0.049421,0,3
null_ar1_r07,ar1_r07,null,17044,0.965174,0.945274,0.003322,0.515673,0,2
null_ar1_r07,ar1_r07,null,17045,0.21393,0.18408,0.003322,0.054697,0,3
null_ar1_r07,ar1_r07,null,17046,0.651741,0.61194,0.003322,0.061749,0,2
null_ar1_r07,ar1_r07,null,17047,0.328358,0.034826,0.003322,0.119611,0,2
null_ar1_r07,ar1_r07,null,17048,0.522388,0.363184,0.003322,0.622062,0,1
null_ar1_r07,ar1_r07,null,17049,0.273632,0.154229,0.003322,0.119352,0,4
null_ar1_r07,ar1_r07,null,17050,0.865672,0.721393,0.003322,0.330895,0,1
null_ar1_r07,ar1_r07,null,17051,0.154229,0.238806,0.003322,0.551394,0,1
null_ar1_r07,ar1_r07,null,17052,0.975124,0.945274,0.003322,4e-06,0,2
null_ar1_r07,ar1_r07,null,17053,0.034826,0.00995,0.003322,0.002021,0,1
null_ar1_r07,ar1_r07,null,17054,0.00995,0.039801,0.003322,0.876346,0,3
null_ar1_r07,ar1_r07,null,17055,0.383085,0.323383,0.003322,0.001794,0,1
null_ar1_r07,ar1_r07,null,17056,0.9801,0.915423,0.003322,0.233007,0,3
null_ar1_r07,ar1_r07,null,17057,0.238806,0.154229,0.003322,0.005582,0,1
null_ar1_r07,ar1_r07,null,17058,0.651741,0.41791,0.003322,0.00012,0,4
null_ar1_r07,ar1_r07,null,17059,0.651741,0.572139,0.003322,1.5e-05,0,2
null_ar1_r07,ar1_r07,null,17060,0.00995,0.044776,0.003322,0.512988,0,3
null_ar1_r07,ar1_r07,null,17061,0.024876,0.049751,0.003322,0.053311,0,4
null_ar1_r07,ar1_r07,null,17062,0.39801,0.18408,0.003322,2.2e-05,0,4
null_ar1_r07,ar1_r07,null,17063,0.393035,0.631841,0.003322,0.007224,0,3
null_ar1_r07,ar1_r07,null,17064,0.79602,0.820896,0.003322,0.540465,0,1
null_ar1_r07,ar1_r07,null,17065,0.776119,0.626866,0.003322,0.508395,0,2
null_ar1_r07,ar1_r07,null,17066,0.318408,0.21393,0.003322,0.093203,0,3
null_ar1_r07,ar1_r07,null,17067,0.59204,0.457711,0.003322,0.004931,0,1
null_ar1_r07,ar1_r07,null,17068,0.975124,1.0,0.003322,0.474699,0,1
null_ar1_r07,ar1_r07,null,17069,0.442786,0.333333,0.003322,0.063587,0,4
null_ar1_r07,ar1_r07,null,17070,0.328358,0.393035,0.003322,0.12079,0,1
null_ar1_r07,ar1_r07,null,17071,0.995025,0.995025,0.003322,0.643634,0,2
null_ar1_r07,ar1_r07,null,17072,0.562189,0.298507,0.003322,0.001341,0,1
null_ar1_r07,ar1_r07,null,17073,0.552239,0.567164,0.003322,0.441799,0,2
null_ar1_r07,ar1_r07,null,17074,0.706468,0.651741,0.003322,0.191992,0,3
null_ar1_r07,ar1_r07,null,17075,0.482587,0.21393,0.003322,0.851575,0,3
null_ar1_r07,ar1_r07,null,17076,0.094527,0.014925,0.003322,0.044956,0,4
null_ar1_r07,ar1_r07,null,17077,0.537313,0.522388,0.003322,0.001072,0,4
null_ar1_r07,ar1_r07,null,17078,0.825871,0.80597,0.003322,0.189093,0,1
null_ar1_r07,ar1_r07,null,17079,0.402985,0.298507,0.003322,0.316995,0,2
null_ar1_r07,ar1_r07,null,17080,0.293532,0.20398,0.003322,0.987957,0,2
null_ar1_r07,ar1_r07,null,17081,0.029851,0.089552,0.003322,0.297552,0,2
null_ar1_r07,ar1_r07,null,17082,0.59204,0.512438,0.003322,0.023823,0,1
null_ar1_r07,ar1_r07,null,17083,0.228856,0.263682,0.003322,0.095076,0,2
null_ar1_r07,ar1_r07,null,17084,0.104478,0.0199,0.003322,0.565495,0,2
null_ar1_r07,ar1_r07,null,17085,0.78607,0.771144,0.003322,0.044039,0,2
null_ar1_r07,ar1_r07,null,17086,0.830846,0.865672,0.003322,0.011738,0,1
null_ar1_r07,ar1_r07,null,17087,0.930348,0.880597,0.003322,0.02756,0,1
null_ar1_r07,ar1_r07,null,17088,0.288557,0.164179,0.003322,0.284398,0,2
null_ar1_r07,ar1_r07,null,17089,0.751244,0.736318,0.003322,0.642353,0,4
null_ar1_r07,ar1_r07,null,17090,0.835821,0.681592,0.003322,0.081534,0,2
null_ar1_r07,ar1_r07,null,17091,0.18408,0.258706,0.003322,0.003192,0,1
null_ar1_r07,ar1_r07,null,17092,0.119403,0.253731,0.003322,0.438038,0,4
null_ar1_r07,ar1_r07,null,17093,0.915423,0.696517,0.003322,1.1e-05,0,2
null_ar1_r07,ar1_r07,null,17094,0.502488,0.39801,0.003322,0.501889,0,1
null_ar1_r07,ar1_r07,null,17095,0.358209,0.482587,0.003322,0.278524,0,4
null_ar1_r07,ar1_r07,null,17096,0.358209,0.303483,0.003322,0.166855,0,3
null_ar1_r07,ar1_r07,null,17097,0.691542,0.492537,0.003322,0.683334,0,1
null_ar1_r07,ar1_r07,null,17098,0.895522,0.870647,0.003322,0.015378,0,4
null_ar1_r07,ar1_r07,null,17099,0.159204,0.144279,0.003322,0.000752,0,1
null_ar1_r07,ar1_r07,null,17100,0.273632,0.363184,0.003322,0.48298,0,4
null_ar1_r07,ar1_r07,null,17101,0.318408,0.308458,0.003322,0.143241,0,4
null_ar1_r07,ar1_r07,null,17102,0.21393,0.268657,0.003322,0.197485,0,2
null_ar1_r07,ar1_r07,null,17103,0.910448,0.79602,0.003322,0.948498,0,4
null_ar1_r07,ar1_r07,null,17104,0.437811,0.283582,0.003322,0.88425,0,1
null_ar1_r07,ar1_r07,null,17105,0.189055,0.208955,0.003322,0.461711,0,3
null_ar1_r07,ar1_r07,null,17106,0.716418,0.353234,0.003322,0.239648,0,1
null_ar1_r07,ar1_r07,null,17107,0.00995,0.004975,0.003322,0.004202,0,1
null_ar1_r07,ar1_r07,null,17108,0.756219,0.651741,0.003322,0.00548,0,3
null_ar1_r07,ar1_r07,null,17109,0.20398,0.348259,0.003322,0.062278,0,4
null_ar1_r07,ar1_r07,null,17110,0.845771,0.890547,0.003322,0.392775,0,1
null_ar1_r07,ar1_r07,null,17111,0.631841,0.60199,0.003322,0.960646,0,3
null_ar1_r07,ar1_r07,null,17112,0.810945,0.676617,0.003322,0.026025,0,1
null_ar1_r07,ar1_r07,null,17113,0.651741,0.567164,0.003322,0.00407,0,1
null_ar1_r07,ar1_r07,null,17114,0.606965,0.562189,0.003322,0.040923,0,2
null_ar1_r07,ar1_r07,null,17115,0.706468,0.681592,0.003322,0.703533,0,2
null_ar1_r07,ar1_r07,null,17116,0.915423,0.791045,0.003322,0.000632,0,1
null_ar1_r07,ar1_r07,null,17117,0.253731,0.189055,0.003322,0.574174,0,3
null_ar1_r07,ar1_r07,null,17118,0.064677,0.00995,0.003322,0.219883,0,1
null_ar1_r07,ar1_r07,null,17119,0.562189,0.666667,0.003322,0.020936,0,3
null_ar1_r07,ar1_r07,null,17120,0.885572,0.756219,0.003322,0.018438,0,4
null_ar1_r07,ar1_r07,null,17121,0.845771,0.830846,0.003322,0.001988,0,2
null_ar1_r07,ar1_r07,null,17122,0.502488,0.343284,0.003322,0.531905,0,1
null_ar1_r07,ar1_r07,null,17123,0.532338,0.517413,0.003322,0.060074,0,2
null_ar1_r07,ar1_r07,null,17124,0.074627,0.228856,0.003322,0.000126,0,2
null_ar1_r07,ar1_r07,null,17125,0.20398,0.079602,0.003322,0.758016,0,2
null_ar1_r07,ar1_r07,null,17126,0.38806,0.248756,0.003322,0.0421,0,3
null_ar1_r07,ar1_r07,null,17127,0.014925,0.079602,0.003322,0.011615,0,1
null_ar1_r07,ar1_r07,null,17128,0.412935,0.263682,0.003322,0.990476,0,2
null_ar1_r07,ar1_r07,null,17129,0.318408,0.174129,0.003322,0.035824,0,1
null_ar1_r07,ar1_r07,null,17130,0.716418,0.80597,0.003322,1e-06,0,1
null_ar1_r07,ar1_r07,null,17131,0.482587,0.41791,0.003322,0.035392,0,4
null_ar1_r07,ar1_r07,null,17132,0.044776,0.084577,0.003322,0.001962,0,3
null_ar1_r07,ar1_r07,null,17133,0.771144,0.860697,0.003322,0.061787,0,2
null_ar1_r07,ar1_r07,null,17134,0.049751,0.0199,0.003322,0.000364,0,3
null_ar1_r07,ar1_r07,null,17135,0.711443,0.656716,0.003322,0.007336,0,2
null_ar1_r07,ar1_r07,null,17136,0.243781,0.298507,0.003322,0.000596,0,4
null_ar1_r07,ar1_r07,null,17137,0.890547,0.875622,0.003322,0.00032,0,2
null_ar1_r07,ar1_r07,null,17138,0.199005,0.109453,0.003322,0.105891,0,4
null_ar1_r07,ar1_r07,null,17139,0.412935,0.21393,0.003322,0.7006,0,3
null_ar1_r07,ar1_r07,null,17140,0.686567,0.800995,0.003322,0.002296,0,3
null_ar1_r07,ar1_r07,null,17141,0.218905,0.089552,0.003322,0.43218,0,2
null_ar1_r07,ar1_r07,null,17142,0.422886,0.661692,0.003322,0.01927,0,4
null_ar1_r07,ar1_r07,null,17143,0.542289,0.283582,0.003322,0.00549,0,4
null_ar1_r07,ar1_r07,null,17144,0.920398,0.840796,0.003322,0.003525,0,1
null_ar1_r07,ar1_r07,null,17145,0.41791,0.348259,0.003322,0.002782,0,1
null_ar1_r07,ar1_r07,null,17146,0.039801,0.049751,0.003322,0.129334,0,2
null_ar1_r07,ar1_r07,null,17147,0.099502,0.069652,0.003322,0.106168,0,1
null_ar1_r07,ar1_r07,null,17148,0.114428,0.069652,0.003322,0.852616,0,4
null_ar1_r07,ar1_r07,null,17149,0.482587,0.38806,0.003322,0.994278,0,2
null_ar1_r07,ar1_r07,null,17150,0.825871,0.557214,0.003322,0.000311,0,2
null_ar1_r07,ar1_r07,null,17151,0.094527,0.119403,0.003322,0.391287,0,2
null_ar1_r07,ar1_r07,null,17152,0.776119,0.502488,0.003322,0.016176,0,3
null_ar1_r07,ar1_r07,null,17153,0.00995,0.039801,0.003322,0.490584,0,4
null_ar1_r07,ar1_r07,null,17154,0.552239,0.542289,0.003322,0.186636,0,2
null_ar1_r07,ar1_r07,null,17155,0.616915,0.427861,0.003322,0.142448,0,2
null_ar1_r07,ar1_r07,null,17156,0.094527,0.064677,0.003322,0.113464,0,1
null_ar1_r07,ar1_r07,null,17157,0.686567,0.79602,0.003322,0.091617,0,3
null_ar1_r07,ar1_r07,null,17158,0.681592,0.542289,0.003322,0.007679,0,2
null_ar1_r07,ar1_r07,null,17159,0.064677,0.129353,0.003322,0.0,0,2
null_ar1_r07,ar1_r07,null,17160,0.58209,0.58209,0.003322,0.005105,0,3
null_ar1_r07,ar1_r07,null,17161,0.567164,0.552239,0.003322,0.269743,0,2
null_ar1_r07,ar1_r07,null,17162,0.442786,0.437811,0.003322,0.248032,0,2
null_ar1_r07,ar1_r07,null,17163,0.427861,0.38806,0.003322,0.843877,0,2
null_ar1_r07,ar1_r07,null,17164,0.860697,0.60199,0.003322,0.000157,0,2
null_ar1_r07,ar1_r07,null,17165,0.860697,0.656716,0.003322,1e-06,0,1
null_ar1_r07,ar1_r07,null,17166,0.905473,0.751244,0.003322,0.843551,0,1
null_ar1_r07,ar1_r07,null,17167,0.860697,0.736318,0.003322,0.019891,0,1
null_ar1_r07,ar1_r07,null,17168,0.049751,0.00995,0.003322,0.241867,0,1
null_ar1_r07,ar1_r07,null,17169,0.691542,0.721393,0.003322,0.064671,0,2
null_ar1_r07,ar1_r07,null,17170,0.114428,0.024876,0.003322,0.213416,0,1
null_ar1_r07,ar1_r07,null,17171,0.084577,0.099502,0.003322,0.007633,0,1
null_ar1_r07,ar1_r07,null,17172,0.711443,0.542289,0.003322,0.009585,0,1
null_ar1_r07,ar1_r07,null,17173,0.054726,0.059701,0.003322,0.056896,0,1
null_ar1_r07,ar1_r07,null,17174,0.671642,0.641791,0.003322,0.713656,0,2
null_ar1_r07,ar1_r07,null,17175,0.467662,0.512438,0.003322,0.000482,0,2
null_ar1_r07,ar1_r07,null,17176,0.18408,0.124378,0.003322,0.903739,0,3
null_ar1_r07,ar1_r07,null,17177,0.432836,0.129353,0.003322,0.02081,0,1
null_ar1_r07,ar1_r07,null,17178,0.59204,0.358209,0.003322,0.998498,0,4
null_ar1_r07,ar1_r07,null,17179,0.771144,0.885572,0.003322,0.000708,0,2
null_ar1_r07,ar1_r07,null,17180,0.109453,0.049751,0.003322,0.054438,0,1
null_ar1_r07,ar1_r07,null,17181,0.870647,0.835821,0.003322,0.248612,0,3
null_ar1_r07,ar1_r07,null,17182,0.38806,0.19403,0.003322,1.8e-05,0,1
null_ar1_r07,ar1_r07,null,17183,0.880597,0.810945,0.003322,0.0,0,1
null_ar1_r07,ar1_r07,null,17184,0.40796,0.442786,0.003322,0.717073,0,1
null_ar1_r07,ar1_r07,null,17185,0.447761,0.348259,0.003322,0.012496,0,1
null_ar1_r07,ar1_r07,null,17186,0.80597,0.656716,0.003322,0.101469,0,4
null_ar1_r07,ar1_r07,null,17187,0.756219,0.616915,0.003322,0.489052,0,3
null_ar1_r07,ar1_r07,null,17188,0.587065,0.41791,0.003322,1e-06,0,3
null_ar1_r07,ar1_r07,null,17189,0.014925,0.223881,0.003322,0.360798,0,1
null_ar1_r07,ar1_r07,null,17190,0.646766,0.81592,0.003322,0.002549,0,1
null_ar1_r07,ar1_r07,null,17191,0.512438,0.383085,0.003322,0.064741,0,2
null_ar1_r07,ar1_r07,null,17192,0.557214,0.666667,0.003322,0.003751,0,2
null_ar1_r07,ar1_r07,null,17193,0.955224,0.99005,0.003322,0.679113,0,1
null_ar1_r07,ar1_r07,null,17194,0.905473,0.945274,0.003322,0.040476,0,1
null_ar1_r07,ar1_r07,null,17195,0.915423,0.875622,0.003322,0.779752,0,1
null_ar1_r07,ar1_r07,null,17196,0.253731,0.343284,0.003322,0.724082,0,1
null_ar1_r07,ar1_r07,null,17197,0.104478,0.218905,0.003322,0.008226,0,3
null_ar1_r07,ar1_r07,null,17198,0.860697,0.736318,0.003322,0.376892,0,2
null_ar1_r07,ar1_r07,null,17199,0.920398,0.910448,0.003322,6e-06,0,1
null_ar1_r07,ar1_r07,null,17200,0.218905,0.059701,0.003322,0.084048,0,4
null_ar1_r07,ar1_r07,null,17201,0.353234,0.338308,0.003322,0.012845,0,4
null_ar1_r07,ar1_r07,null,17202,0.940299,0.965174,0.003322,0.380984,0,2
null_ar1_r07,ar1_r07,null,17203,0.676617,0.701493,0.003322,0.012206,0,4
null_ar1_r07,ar1_r07,null,17204,0.895522,0.920398,0.003322,0.00075,0,3
null_ar1_r07,ar1_r07,null,17205,0.283582,0.109453,0.003322,0.456403,0,2
null_ar1_r07,ar1_r07,null,17206,0.064677,0.039801,0.003322,0.007173,0,1
null_ar1_r07,ar1_r07,null,17207,0.597015,0.626866,0.003322,0.06882,0,4
null_ar1_r07,ar1_r07,null,17208,0.80597,0.59204,0.003322,0.140254,0,3
null_ar1_r07,ar1_r07,null,17209,0.746269,0.830846,0.003322,0.490078,0,2
null_ar1_r07,ar1_r07,null,17210,0.412935,0.457711,0.003322,0.433816,0,1
null_ar1_r07,ar1_r07,null,17211,0.278607,0.343284,0.003322,0.080546,0,2
null_ar1_r07,ar1_r07,null,17212,0.298507,0.174129,0.003322,0.000536,0,1
null_ar1_r07,ar1_r07,null,17213,0.064677,0.069652,0.003322,1e-06,0,1
null_ar1_r07,ar1_r07,null,17214,0.567164,0.472637,0.003322,0.529794,0,1
null_ar1_r07,ar1_r07,null,17215,0.308458,0.343284,0.003322,0.291994,0,3
null_ar1_r07,ar1_r07,null,17216,0.587065,0.517413,0.003322,1e-06,0,3
null_ar1_r07,ar1_r07,null,17217,0.482587,0.472637,0.003322,0.007568,0,1
null_ar1_r07,ar1_r07,null,17218,0.621891,0.636816,0.003322,0.450246,0,2
null_ar1_r07,ar1_r07,null,17219,0.771144,0.572139,0.003322,0.951971,0,4
null_ar1_r07,ar1_r07,null,17220,0.134328,0.079602,0.003322,0.023574,0,1
null_ar1_r07,ar1_r07,null,17221,0.880597,0.60199,0.003322,0.679364,0,2
null_ar1_r07,ar1_r07,null,17222,0.880597,0.800995,0.003322,0.572919,0,2
null_ar1_r07,ar1_r07,null,17223,0.487562,0.497512,0.003322,0.025607,0,3
null_ar1_r07,ar1_r07,null,17224,0.099502,0.024876,0.003322,0.006241,0,1
null_ar1_r07,ar1_r07,null,17225,0.074627,0.144279,0.003322,0.278949,0,1
null_ar1_r07,ar1_r07,null,17226,0.40796,0.427861,0.003322,0.218563,0,2
null_ar1_r07,ar1_r07,null,17227,0.378109,0.597015,0.003322,0.038153,0,3
null_ar1_r07,ar1_r07,null,17228,0.089552,0.089552,0.003322,0.008192,0,1
null_ar1_r07,ar1_r07,null,17229,0.104478,0.094527,0.003322,0.512067,0,1
null_ar1_r07,ar1_r07,null,17230,0.074627,0.119403,0.003322,0.471211,0,4
null_ar1_r07,ar1_r07,null,17231,0.577114,0.422886,0.003322,0.001995,0,3
null_ar1_r07,ar1_r07,null,17232,0.014925,0.00995,0.003322,0.012621,0,1
null_ar1_r07,ar1_r07,null,17233,0.00995,0.034826,0.003322,0.975993,0,1
null_ar1_r07,ar1_r07,null,17234,0.676617,0.641791,0.003322,0.617596,0,4
null_ar1_r07,ar1_r07,null,17235,0.651741,0.258706,0.003322,0.002367,0,1
null_ar1_r07,ar1_r07,null,17236,0.880597,0.835821,0.003322,0.137643,0,1
null_ar1_r07,ar1_r07,null,17237,0.393035,0.41791,0.003322,0.680077,0,3
null_ar1_r07,ar1_r07,null,17238,0.223881,0.19403,0.003322,0.389029,0,1
null_ar1_r07,ar1_r07,null,17239,0.373134,0.258706,0.003322,0.025747,0,2
null_ar1_r07,ar1_r07,null,17240,0.079602,0.124378,0.003322,0.060505,0,3
null_ar1_r07,ar1_r07,null,17241,0.850746,0.810945,0.003322,0.514751,0,1
null_ar1_r07,ar1_r07,null,17242,0.865672,0.746269,0.003322,0.00218,0,4
null_ar1_r07,ar1_r07,null,17243,0.427861,0.512438,0.003322,0.50933,0,2
null_ar1_r07,ar1_r07,null,17244,0.587065,0.487562,0.003322,0.492996,0,4
null_ar1_r07,ar1_r07,null,17245,0.358209,0.353234,0.003322,0.469801,0,1
null_ar1_r07,ar1_r07,null,17246,0.169154,0.114428,0.003322,0.420072,0,1
null_ar1_r07,ar1_r07,null,17247,0.537313,0.477612,0.003322,0.00011,0,4
null_ar1_r07,ar1_r07,null,17248,0.890547,0.960199,0.003322,0.0,0,2
null_ar1_r07,ar1_r07,null,17249,0.820896,0.597015,0.003322,0.425503,0,1
null_ar1_r07,ar1_r07,null,17250,0.258706,0.119403,0.003322,0.486622,0,4
null_ar1_r07,ar1_r07,null,17251,0.830846,0.691542,0.003322,0.329173,0,1
null_ar1_r07,ar1_r07,null,17252,0.845771,0.641791,0.003322,0.0,0,2
null_ar1_r07,ar1_r07,null,17253,0.840796,0.865672,0.003322,0.102137,0,1
null_ar1_r07,ar1_r07,null,17254,0.179104,0.099502,0.003322,0.000531,0,2
null_ar1_r07,ar1_r07,null,17255,0.895522,0.820896,0.003322,0.01021,0,3
null_ar1_r07,ar1_r07,null,17256,0.731343,0.552239,0.003322,0.601088,0,3
null_ar1_r07,ar1_r07,null,17257,0.671642,0.60199,0.003322,0.010215,0,3
null_ar1_r07,ar1_r07,null,17258,0.711443,0.855721,0.003322,0.16583,0,1
null_ar1_r07,ar1_r07,null,17259,0.328358,0.179104,0.003322,0.131955,0,2
null_ar1_r07,ar1_r07,null,17260,0.422886,0.567164,0.003322,0.199276,0,2
null_ar1_r07,ar1_r07,null,17261,0.860697,0.81592,0.003322,0.7179,0,4
null_ar1_r07,ar1_r07,null,17262,0.228856,0.313433,0.003322,0.942262,0,2
null_ar1_r07,ar1_r07,null,17263,0.960199,0.850746,0.003322,0.432725,0,2
null_ar1_r07,ar1_r07,null,17264,0.333333,0.208955,0.003322,0.067041,0,1
null_ar1_r07,ar1_r07,null,17265,0.950249,0.791045,0.003322,3e-06,0,1
null_ar1_r07,ar1_r07,null,17266,0.741294,0.497512,0.003322,0.019485,0,2
null_ar1_r07,ar1_r07,null,17267,0.771144,0.80597,0.003322,0.206321,0,2
null_ar1_r07,ar1_r07,null,17268,0.830846,0.756219,0.003322,0.032908,0,1
null_ar1_r07,ar1_r07,null,17269,0.781095,0.756219,0.003322,0.002749,0,1
null_ar1_r07,ar1_r07,null,17270,0.129353,0.18408,0.003322,0.538178,0,1
null_ar1_r07,ar1_r07,null,17271,0.338308,0.208955,0.003322,0.318881,0,1
null_ar1_r07,ar1_r07,null,17272,0.462687,0.457711,0.003322,0.414285,0,1
null_ar1_r07,ar1_r07,null,17273,0.049751,0.044776,0.003322,0.077325,0,3
null_ar1_r07,ar1_r07,null,17274,0.114428,0.039801,0.003322,0.04768,0,1
null_ar1_r07,ar1_r07,null,17275,0.253731,0.199005,0.003322,0.000108,0,2
null_ar1_r07,ar1_r07,null,17276,0.41791,0.238806,0.003322,0.001698,0,1
null_ar1_r07,ar1_r07,null,17277,0.701493,0.756219,0.003322,0.000212,0,3
null_ar1_r07,ar1_r07,null,17278,0.646766,0.507463,0.003322,0.035696,0,3
null_ar1_r07,ar1_r07,null,17279,0.58209,0.393035,0.003322,8.1e-05,0,2
null_ar1_r07,ar1_r07,null,17280,0.089552,0.199005,0.003322,0.014681,0,4
null_ar1_r07,ar1_r07,null,17281,0.452736,0.666667,0.003322,0.0,0,3
null_ar1_r07,ar1_r07,null,17282,0.58209,0.507463,0.003322,0.006898,0,2
null_ar1_r07,ar1_r07,null,17283,0.432836,0.537313,0.003322,0.875235,0,1
null_ar1_r07,ar1_r07,null,17284,0.447761,0.40796,0.003322,0.461426,0,2
null_ar1_r07,ar1_r07,null,17285,0.333333,0.487562,0.003322,0.064342,0,2
null_ar1_r07,ar1_r07,null,17286,0.38806,0.288557,0.003322,0.256191,0,1
null_ar1_r07,ar1_r07,null,17287,0.547264,0.40796,0.003322,0.149822,0,2
null_ar1_r07,ar1_r07,null,17288,0.870647,0.915423,0.003322,0.003328,0,1
null_ar1_r07,ar1_r07,null,17289,0.995025,0.870647,0.003322,0.004028,0,2
null_ar1_r07,ar1_r07,null,17290,0.189055,0.084577,0.003322,0.537295,0,2
null_ar1_r07,ar1_r07,null,17291,0.716418,0.547264,0.003322,0.406851,0,1
null_ar1_r07,ar1_r07,null,17292,0.562189,0.666667,0.003322,0.717478,0,2
null_ar1_r07,ar1_r07,null,17293,0.064677,0.014925,0.003322,0.025117,0,2
null_ar1_r07,ar1_r07,null,17294,0.726368,0.467662,0.003322,0.120593,0,2
null_ar1_r07,ar1_r07,null,17295,0.59204,0.492537,0.003322,0.189465,0,2
null_ar1_r07,ar1_r07,null,17296,0.268657,0.253731,0.003322,0.00015,0,1
null_ar1_r07,ar1_r07,null,17297,0.920398,0.726368,0.003322,0.99832,0,1
null_ar1_r07,ar1_r07,null,17298,0.124378,0.164179,0.003322,0.032211,0,1
null_ar1_r07,ar1_r07,null,17299,0.751244,0.472637,0.003322,0.046329,0,2
spiked_ar1_r07,ar1_r07,spiked,17000,0.422886,0.328358,0.003322,0.089554,0,2
spiked_ar1_r07,ar1_r07,spiked,17001,0.41791,0.154229,0.003322,0.145406,0,1
spiked_ar1_r07,ar1_r07,spiked,17002,0.308458,0.298507,0.003322,0.097474,0,1
spiked_ar1_r07,ar1_r07,spiked,17003,0.701493,0.41791,0.003322,0.000783,0,1
spiked_ar1_r07,ar1_r07,spiked,17004,0.502488,0.447761,0.003322,0.311825,0,1
spiked_ar1_r07,ar1_r07,spiked,17005,0.58209,0.542289,0.003322,0.003335,0,1
spiked_ar1_r07,ar1_r07,spiked,17006,0.706468,0.661692,0.003322,0.24157,0,4
spiked_ar1_r07,ar1_r07,spiked,17007,0.014925,0.049751,0.003322,0.0,0,4
spiked_ar1_r07,ar1_r07,spiked,17008,0.109453,0.054726,0.003322,0.927744,0,2
spiked_ar1_r07,ar1_r07,spiked,17009,0.651741,0.631841,0.003322,0.31875,0,1
spiked_ar1_r07,ar1_r07,spiked,17010,0.104478,0.059701,0.003322,0.178734,0,3
spiked_ar1_r07,ar1_r07,spiked,17011,0.024876,0.074627,0.003322,0.445733,0,1
spiked_ar1_r07,ar1_r07,spiked,17012,0.338308,0.20398,0.003322,0.011734,0,1
spiked_ar1_r07,ar1_r07,spiked,17013,0.228856,0.059701,0.003322,0.404847,0,1
spiked_ar1_r07,ar1_r07,spiked,17014,0.935323,0.865672,0.003322,0.001681,0,2
spiked_ar1_r07,ar1_r07,spiked,17015,0.711443,0.442786,0.003322,0.203683,0,3
spiked_ar1_r07,ar1_r07,spiked,17016,0.502488,0.507463,0.003322,0.247324,0,4
spiked_ar1_r07,ar1_r07,spiked,17017,0.139303,0.079602,0.003322,0.043109,0,4
spiked_ar1_r07,ar1_r07,spiked,17018,0.850746,0.81592,0.003322,0.566641,0,4
spiked_ar1_r07,ar1_r07,spiked,17019,0.034826,0.039801,0.003322,0.096333,0,1
spiked_ar1_r07,ar1_r07,spiked,17020,0.40796,0.268657,0.003322,0.000936,0,1
spiked_ar1_r07,ar1_r07,spiked,17021,0.950249,0.965174,0.003322,0.058137,0,2
spiked_ar1_r07,ar1_r07,spiked,17022,0.955224,0.985075,0.003322,0.455615,0,1
spiked_ar1_r07,ar1_r07,spiked,17023,0.79602,0.547264,0.003322,0.001285,0,3
spiked_ar1_r07,ar1_r07,spiked,17024,0.855721,0.79602,0.003322,8.5e-05,0,1
spiked_ar1_r07,ar1_r07,spiked,17025,0.975124,0.970149,0.003322,0.122122,0,3
spiked_ar1_r07,ar1_r07,spiked,17026,0.776119,0.512438,0.003322,0.277065,0,1
spiked_ar1_r07,ar1_r07,spiked,17027,0.00995,0.064677,0.003322,0.532601,0,1
spiked_ar1_r07,ar1_r07,spiked,17028,0.00995,0.0199,0.003322,0.102439,0,1
spiked_ar1_r07,ar1_r07,spiked,17029,0.791045,0.606965,0.003322,9e-05,0,1
spiked_ar1_r07,ar1_r07,spiked,17030,0.452736,0.313433,0.003322,0.094745,0,4
spiked_ar1_r07,ar1_r07,spiked,17031,0.666667,0.492537,0.003322,0.139736,0,1
spiked_ar1_r07,ar1_r07,spiked,17032,0.039801,0.044776,0.003322,0.874306,0,3
spiked_ar1_r07,ar1_r07,spiked,17033,0.800995,0.905473,0.003322,0.48531,0,2
spiked_ar1_r07,ar1_r07,spiked,17034,0.995025,0.955224,0.003322,0.032774,0,2
spiked_ar1_r07,ar1_r07,spiked,17035,0.169154,0.059701,0.003322,0.701836,0,1
spiked_ar1_r07,ar1_r07,spiked,17036,0.587065,0.537313,0.003322,0.005507,0,2
spiked_ar1_r07,ar1_r07,spiked,17037,0.885572,0.676617,0.003322,0.75392,0,2
spiked_ar1_r07,ar1_r07,spiked,17038,0.432836,0.124378,0.003322,0.004328,0,4
spiked_ar1_r07,ar1_r07,spiked,17039,0.079602,0.029851,0.003322,0.723946,0,1
spiked_ar1_r07,ar1_r07,spiked,17040,0.9801,0.945274,0.003322,0.652635,0,1
spiked_ar1_r07,ar1_r07,spiked,17041,0.00995,0.00995,0.003322,0.978041,0,3
spiked_ar1_r07,ar1_r07,spiked,17042,0.348259,0.412935,0.003322,0.007286,0,1
spiked_ar1_r07,ar1_r07,spiked,17043,0.074627,0.084577,0.003322,0.002974,0,3
spiked_ar1_r07,ar1_r07,spiked,17044,0.731343,0.701493,0.003322,0.013802,0,2
spiked_ar1_r07,ar1_r07,spiked,17045,0.447761,0.233831,0.003322,0.391686,0,3
spiked_ar1_r07,ar1_r07,spiked,17046,0.084577,0.134328,0.003322,0.104986,0,2
spiked_ar1_r07,ar1_r07,spiked,17047,0.542289,0.393035,0.003322,0.564391,0,2
spiked_ar1_r07,ar1_r07,spiked,17048,0.109453,0.109453,0.003322,0.683637,0,1
spiked_ar1_r07,ar1_r07,spiked,17049,0.248756,0.253731,0.003322,0.065009,0,4
spiked_ar1_r07,ar1_r07,spiked,17050,0.890547,0.736318,0.003322,0.106942,0,2
spiked_ar1_r07,ar1_r07,spiked,17051,0.492537,0.358209,0.003322,0.830081,0,1
spiked_ar1_r07,ar1_r07,spiked,17052,0.860697,0.845771,0.003322,0.011818,0,2
spiked_ar1_r07,ar1_r07,spiked,17053,0.38806,0.477612,0.003322,0.013632,0,2
spiked_ar1_r07,ar1_r07,spiked,17054,0.139303,0.109453,0.003322,0.912323,0,3
spiked_ar1_r07,ar1_r07,spiked,17055,0.845771,0.835821,0.003322,0.120766,0,3
spiked_ar1_r07,ar1_r07,spiked,17056,0.089552,0.174129,0.003322,0.545801,0,2
spiked_ar1_r07,ar1_r07,spiked,17057,0.124378,0.124378,0.003322,0.287922,0,1
spiked_ar1_r07,ar1_r07,spiked,17058,0.00995,0.024876,0.003322,0.595338,0,2
spiked_ar1_r07,ar1_r07,spiked,17059,0.378109,0.512438,0.003322,0.129112,0,2
spiked_ar1_r07,ar1_r07,spiked,17060,0.507463,0.368159,0.003322,0.0,0,3
spiked_ar1_r07,ar1_r07,spiked,17061,0.900498,0.885572,0.003322,0.518366,0,2
spiked_ar1_r07,ar1_r07,spiked,17062,0.676617,0.577114,0.003322,0.389721,0,3
spiked_ar1_r07,ar1_r07,spiked,17063,0.452736,0.691542,0.003322,0.013087,0,2
spiked_ar1_r07,ar1_r07,spiked,17064,0.477612,0.402985,0.003322,0.432592,0,1
spiked_ar1_r07,ar1_r07,spiked,17065,0.00995,0.0199,0.003322,0.087515,0,2
spiked_ar1_r07,ar1_r07,spiked,17066,0.606965,0.38806,0.003322,0.002026,0,3
spiked_ar1_r07,ar1_r07,spiked,17067,0.283582,0.368159,0.003322,0.337733,0,4
spiked_ar1_r07,ar1_r07,spiked,17068,1.0,0.950249,0.003322,0.313161,0,1
spiked_ar1_r07,ar1_r07,spiked,17069,0.587065,0.522388,0.003322,0.000158,0,4
spiked_ar1_r07,ar1_r07,spiked,17070,0.228856,0.363184,0.003322,0.508821,0,1
spiked_ar1_r07,ar1_r07,spiked,17071,0.726368,0.701493,0.003322,0.649233,0,2
spiked_ar1_r07,ar1_r07,spiked,17072,0.756219,0.587065,0.003322,0.001173,0,1
spiked_ar1_r07,ar1_r07,spiked,17073,0.21393,0.248756,0.003322,0.6083,0,4
spiked_ar1_r07,ar1_r07,spiked,17074,0.671642,0.80597,0.003322,0.138327,0,1
spiked_ar1_r07,ar1_r07,spiked,17075,0.791045,0.328358,0.003322,0.546275,0,3
spiked_ar1_r07,ar1_r07,spiked,17076,0.139303,0.109453,0.003322,0.223306,0,2
spiked_ar1_r07,ar1_r07,spiked,17077,0.577114,0.447761,0.003322,0.036408,0,4
spiked_ar1_r07,ar1_r07,spiked,17078,0.343284,0.263682,0.003322,0.072131,0,3
spiked_ar1_r07,ar1_r07,spiked,17079,0.039801,0.049751,0.003322,0.00139,0,2
spiked_ar1_r07,ar1_r07,spiked,17080,0.064677,0.044776,0.003322,0.156698,0,2
spiked_ar1_r07,ar1_r07,spiked,17081,0.074627,0.114428,0.003322,0.5373,0,3
spiked_ar1_r07,ar1_r07,spiked,17082,0.800995,0.825871,0.003322,0.986656,0,3
spiked_ar1_r07,ar1_r07,spiked,17083,0.666667,0.58209,0.003322,0.315279,0,2
spiked_ar1_r07,ar1_r07,spiked,17084,0.40796,0.218905,0.003322,0.052251,0,2
spiked_ar1_r07,ar1_r07,spiked,17085,0.507463,0.263682,0.003322,0.071539,0,2
spiked_ar1_r07,ar1_r07,spiked,17086,0.930348,0.855721,0.003322,0.149047,0,1
spiked_ar1_r07,ar1_r07,spiked,17087,0.925373,0.915423,0.003322,0.248415,0,1
spiked_ar1_r07,ar1_r07,spiked,17088,0.905473,0.766169,0.003322,0.167648,0,1
spiked_ar1_r07,ar1_r07,spiked,17089,0.353234,0.457711,0.003322,0.007243,0,1
spiked_ar1_r07,ar1_r07,spiked,17090,0.631841,0.696517,0.003322,0.960082,0,2
spiked_ar1_r07,ar1_r07,spiked,17091,0.19403,0.338308,0.003322,7.3e-05,0,4
spiked_ar1_r07,ar1_r07,spiked,17092,0.567164,0.427861,0.003322,0.127681,0,4
spiked_ar1_r07,ar1_r07,spiked,17093,0.288557,0.288557,0.003322,0.496106,0,2
spiked_ar1_r07,ar1_r07,spiked,17094,0.79602,0.527363,0.003322,0.946175,0,3
spiked_ar1_r07,ar1_r07,spiked,17095,0.114428,0.19403,0.003322,0.734731,0,4
spiked_ar1_r07,ar1_r07,spiked,17096,0.258706,0.303483,0.003322,0.06063,0,4
spiked_ar1_r07,ar1_r07,spiked,17097,0.502488,0.41791,0.003322,0.47391,0,2
spiked_ar1_r07,ar1_r07,spiked,17098,0.502488,0.80597,0.003322,0.000655,0,4
spiked_ar1_r07,ar1_r07,spiked,17099,0.686567,0.621891,0.003322,0.371699,0,4
spiked_ar1_r07,ar1_r07,spiked,17100,0.268657,0.283582,0.003322,0.962842,0,4
spiked_ar1_r07,ar1_r07,spiked,17101,0.681592,0.656716,0.003322,0.000371,0,1
spiked_ar1_r07,ar1_r07,spiked,17102,0.532338,0.383085,0.003322,0.925636,0,2
spiked_ar1_r07,ar1_r07,spiked,17103,0.716418,0.661692,0.003322,0.68334,0,4
spiked_ar1_r07,ar1_r07,spiked,17104,0.666667,0.457711,0.003322,0.038472,0,1
spiked_ar1_r07,ar1_r07,spiked,17105,0.681592,0.850746,0.003322,1e-06,0,3
spiked_ar1_r07,ar1_r07,spiked,17106,0.517413,0.368159,0.003322,0.960218,0,1
spiked_ar1_r07,ar1_r07,spiked,17107,0.885572,0.791045,0.003322,0.010873,0,1
spiked_ar1_r07,ar1_r07,spiked,17108,0.79602,0.830846,0.003322,0.952069,0,2
spiked_ar1_r07,ar1_r07,spiked,17109,0.79602,0.671642,0.003322,0.377278,0,1
spiked_ar1_r07,ar1_r07,spiked,17110,0.880597,0.9801,0.003322,0.221313,0,1
spiked_ar1_r07,ar1_r07,spiked,17111,0.099502,0.20398,0.003322,1.5e-05,0,3
spiked_ar1_r07,ar1_r07,spiked,17112,0.716418,0.537313,0.003322,0.242077,0,1
spiked_ar1_r07,ar1_r07,spiked,17113,0.293532,0.343284,0.003322,0.003602,0,2
spiked_ar1_r07,ar1_r07,spiked,17114,0.537313,0.422886,0.003322,0.696428,0,4
spiked_ar1_r07,ar1_r07,spiked,17115,0.492537,0.621891,0.003322,0.008373,0,2
spiked_ar1_r07,ar1_r07,spiked,17116,0.19403,0.074627,0.003322,0.229671,0,3
spiked_ar1_r07,ar1_r07,spiked,17117,0.169154,0.074627,0.003322,0.063298,0,3
spiked_ar1_r07,ar1_r07,spiked,17118,0.079602,0.0199,0.003322,0.168653,0,1
spiked_ar1_r07,ar1_r07,spiked,17119,0.895522,0.835821,0.003322,0.609247,0,4
spiked_ar1_r07,ar1_r07,spiked,17120,0.174129,0.169154,0.003322,0.16379,0,4
spiked_ar1_r07,ar1_r07,spiked,17121,0.616915,0.751244,0.003322,0.055913,0,1
spiked_ar1_r07,ar1_r07,spiked,17122,0.164179,0.089552,0.003322,0.464628,0,1
spiked_ar1_r07,ar1_r07,spiked,17123,0.686567,0.373134,0.003322,0.334491,0,2
spiked_ar1_r07,ar1_r07,spiked,17124,0.606965,0.288557,0.003322,0.127335,0,1
spiked_ar1_r07,ar1_r07,spiked,17125,0.049751,0.039801,0.003322,0.000222,0,1
spiked_ar1_r07,ar1_r07,spiked,17126,0.393035,0.422886,0.003322,0.138148,0,3
spiked_ar1_r07,ar1_r07,spiked,17127,0.084577,0.024876,0.003322,0.000358,0,1
spiked_ar1_r07,ar1_r07,spiked,17128,0.761194,0.885572,0.003322,0.685227,0,1
spiked_ar1_r07,ar1_r07,spiked,17129,0.860697,0.706468,0.003322,0.255666,0,1
spiked_ar1_r07,ar1_r07,spiked,17130,0.522388,0.756219,0.003322,0.22413,0,1
spiked_ar1_r07,ar1_r07,spiked,17131,0.373134,0.308458,0.003322,0.163241,0,4
spiked_ar1_r07,ar1_r07,spiked,17132,0.039801,0.104478,0.003322,0.860586,0,3
spiked_ar1_r07,ar1_r07,spiked,17133,0.567164,0.482587,0.003322,0.397645,0,2
spiked_ar1_r07,ar1_r07,spiked,17134,0.104478,0.024876,0.003322,0.733367,0,2
spiked_ar1_r07,ar1_r07,spiked,17135,0.870647,0.840796,0.003322,0.000785,0,2
spiked_ar1_r07,ar1_r07,spiked,17136,0.174129,0.273632,0.003322,0.23143,0,4
spiked_ar1_r07,ar1_r07,spiked,17137,0.776119,0.621891,0.003322,0.534383,0,1
spiked_ar1_r07,ar1_r07,spiked,17138,0.298507,0.218905,0.003322,0.027063,0,3
spiked_ar1_r07,ar1_r07,spiked,17139,0.492537,0.522388,0.003322,0.144806,0,3
spiked_ar1_r07,ar1_r07,spiked,17140,0.676617,0.532338,0.003322,0.280727,0,3
spiked_ar1_r07,ar1_r07,spiked,17141,0.771144,0.467662,0.003322,0.798636,0,2
spiked_ar1_r07,ar1_r07,spiked,17142,0.199005,0.328358,0.003322,0.094332,0,4
spiked_ar1_r07,ar1_r07,spiked,17143,0.21393,0.059701,0.003322,0.391204,0,3
spiked_ar1_r07,ar1_r07,spiked,17144,0.910448,0.960199,0.003322,0.063115,0,1
spiked_ar1_r07,ar1_r07,spiked,17145,0.412935,0.562189,0.003322,0.000944,0,1
spiked_ar1_r07,ar1_r07,spiked,17146,0.258706,0.164179,0.003322,0.261616,0,2
spiked_ar1_r07,ar1_r07,spiked,17147,0.373134,0.159204,0.003322,0.692325,0,3
spiked_ar1_r07,ar1_r07,spiked,17148,0.059701,0.21393,0.003322,0.197904,0,4
spiked_ar1_r07,ar1_r07,spiked,17149,0.089552,0.094527,0.003322,0.228771,0,1
spiked_ar1_r07,ar1_r07,spiked,17150,0.472637,0.517413,0.003322,0.300752,0,4
spiked_ar1_r07,ar1_r07,spiked,17151,0.641791,0.671642,0.003322,0.486012,0,2
spiked_ar1_r07,ar1_r07,spiked,17152,0.711443,0.731343,0.003322,0.190392,0,1
spiked_ar1_r07,ar1_r07,spiked,17153,0.587065,0.482587,0.003322,0.797349,0,4
spiked_ar1_r07,ar1_r07,spiked,17154,0.900498,0.711443,0.003322,0.235085,0,2
spiked_ar1_r07,ar1_r07,spiked,17155,0.9801,0.99005,0.003322,0.011376,0,1
spiked_ar1_r07,ar1_r07,spiked,17156,0.238806,0.149254,0.003322,0.230161,0,1
spiked_ar1_r07,ar1_r07,spiked,17157,0.363184,0.507463,0.003322,0.913454,0,2
spiked_ar1_r07,ar1_r07,spiked,17158,0.427861,0.517413,0.003322,0.001104,0,2
spiked_ar1_r07,ar1_r07,spiked,17159,0.537313,0.358209,0.003322,0.707493,0,2
spiked_ar1_r07,ar1_r07,spiked,17160,0.059701,0.059701,0.003322,0.050522,0,3
spiked_ar1_r07,ar1_r07,spiked,17161,0.61194,0.393035,0.003322,0.047447,0,2
spiked_ar1_r07,ar1_r07,spiked,17162,0.089552,0.064677,0.003322,0.615578,0,4
spiked_ar1_r07,ar1_r07,spiked,17163,0.288557,0.208955,0.003322,0.515712,0,2
spiked_ar1_r07,ar1_r07,spiked,17164,0.716418,0.641791,0.003322,0.368108,0,2
spiked_ar1_r07,ar1_r07,spiked,17165,0.945274,0.870647,0.003322,0.122083,0,2
spiked_ar1_r07,ar1_r07,spiked,17166,0.333333,0.378109,0.003322,0.000721,0,1
spiked_ar1_r07,ar1_r07,spiked,17167,0.278607,0.19403,0.003322,0.10569,0,1
spiked_ar1_r07,ar1_r07,spiked,17168,0.910448,0.840796,0.003322,0.627392,0,1
spiked_ar1_r07,ar1_r07,spiked,17169,0.60199,0.517413,0.003322,0.665957,0,4
spiked_ar1_r07,ar1_r07,spiked,17170,0.651741,0.472637,0.003322,0.057738,0,1
spiked_ar1_r07,ar1_r07,spiked,17171,0.079602,0.014925,0.003322,9e-06,0,1
spiked_ar1_r07,ar1_r07,spiked,17172,0.174129,0.233831,0.003322,0.222872,0,1
spiked_ar1_r07,ar1_r07,spiked,17173,0.084577,0.014925,0.003322,0.018081,0,2
spiked_ar1_r07,ar1_r07,spiked,17174,0.099502,0.218905,0.003322,0.009942,0,3
spiked_ar1_r07,ar1_r07,spiked,17175,0.18408,0.228856,0.003322,0.102462,0,2
spiked_ar1_r07,ar1_r07,spiked,17176,0.253731,0.149254,0.003322,0.005807,0,3
spiked_ar1_r07,ar1_r07,spiked,17177,0.656716,0.681592,0.003322,0.85697,0,1
spiked_ar1_r07,ar1_r07,spiked,17178,0.577114,0.547264,0.003322,0.002808,0,3
spiked_ar1_r07,ar1_r07,spiked,17179,0.621891,0.457711,0.003322,0.145827,0,3
spiked_ar1_r07,ar1_r07,spiked,17180,0.283582,0.094527,0.003322,0.606988,0,1
spiked_ar1_r07,ar1_r07,spiked,17181,0.631841,0.666667,0.003322,0.447227,0,3
spiked_ar1_r07,ar1_r07,spiked,17182,1.0,0.985075,0.003322,0.521795,0,1
spiked_ar1_r07,ar1_r07,spiked,17183,0.791045,0.850746,0.003322,0.606506,0,1
spiked_ar1_r07,ar1_r07,spiked,17184,0.940299,0.890547,0.003322,0.026714,0,1
spiked_ar1_r07,ar1_r07,spiked,17185,0.731343,0.61194,0.003322,0.124715,0,1
spiked_ar1_r07,ar1_r07,spiked,17186,0.41791,0.159204,0.003322,0.023549,0,3
spiked_ar1_r07,ar1_r07,spiked,17187,0.218905,0.21393,0.003322,0.299238,0,4
spiked_ar1_r07,ar1_r07,spiked,17188,0.189055,0.179104,0.003322,0.071859,0,3
spiked_ar1_r07,ar1_r07,spiked,17189,0.114428,0.00995,0.003322,0.68197,0,1
spiked_ar1_r07,ar1_r07,spiked,17190,0.945274,0.945274,0.003322,0.117412,0,1
spiked_ar1_r07,ar1_r07,spiked,17191,0.348259,0.293532,0.003322,0.002514,0,4
spiked_ar1_r07,ar1_r07,spiked,17192,0.880597,0.855721,0.003322,0.728327,0,2
spiked_ar1_r07,ar1_r07,spiked,17193,0.731343,0.537313,0.003322,0.113655,0,1
spiked_ar1_r07,ar1_r07,spiked,17194,0.835821,0.736318,0.003322,1.5e-05,0,2
spiked_ar1_r07,ar1_r07,spiked,17195,0.995025,0.985075,0.003322,0.533009,0,4
spiked_ar1_r07,ar1_r07,spiked,17196,0.950249,0.810945,0.003322,0.446001,0,3
spiked_ar1_r07,ar1_r07,spiked,17197,0.651741,0.572139,0.003322,0.013697,0,3
spiked_ar1_r07,ar1_r07,spiked,17198,0.736318,0.860697,0.003322,0.518623,0,2
spiked_ar1_r07,ar1_r07,spiked,17199,0.353234,0.482587,0.003322,0.000529,0,2
spiked_ar1_r07,ar1_r07,spiked,17200,0.756219,0.542289,0.003322,0.912751,0,3
spiked_ar1_r07,ar1_r07,spiked,17201,0.447761,0.338308,0.003322,0.64074,0,3
spiked_ar1_r07,ar1_r07,spiked,17202,0.368159,0.253731,0.003322,0.373062,0,2
spiked_ar1_r07,ar1_r07,spiked,17203,0.895522,0.850746,0.003322,0.170621,0,1
spiked_ar1_r07,ar1_r07,spiked,17204,0.850746,0.716418,0.003322,3.1e-05,0,3
spiked_ar1_r07,ar1_r07,spiked,17205,0.218905,0.174129,0.003322,0.540317,0,2
spiked_ar1_r07,ar1_r07,spiked,17206,0.626866,0.562189,0.003322,0.000809,0,3
spiked_ar1_r07,ar1_r07,spiked,17207,0.59204,0.736318,0.003322,0.027655,0,1
spiked_ar1_r07,ar1_r07,spiked,17208,0.791045,0.701493,0.003322,0.209203,0,3
spiked_ar1_r07,ar1_r07,spiked,17209,0.472637,0.661692,0.003322,0.620253,0,2
spiked_ar1_r07,ar1_r07,spiked,17210,0.303483,0.21393,0.003322,0.638789,0,4
spiked_ar1_r07,ar1_r07,spiked,17211,0.422886,0.218905,0.003322,0.136487,0,2
spiked_ar1_r07,ar1_r07,spiked,17212,0.034826,0.119403,0.003322,0.340786,0,1
spiked_ar1_r07,ar1_r07,spiked,17213,0.298507,0.119403,0.003322,0.998802,0,2
spiked_ar1_r07,ar1_r07,spiked,17214,0.18408,0.104478,0.003322,0.00156,0,2
spiked_ar1_r07,ar1_r07,spiked,17215,0.701493,0.308458,0.003322,0.123201,0,1
spiked_ar1_r07,ar1_r07,spiked,17216,0.965174,0.756219,0.003322,0.000527,0,3
spiked_ar1_r07,ar1_r07,spiked,17217,0.044776,0.0199,0.003322,0.363819,0,1
spiked_ar1_r07,ar1_r07,spiked,17218,0.597015,0.651741,0.003322,0.269984,0,2
spiked_ar1_r07,ar1_r07,spiked,17219,0.885572,0.736318,0.003322,0.594537,0,4
spiked_ar1_r07,ar1_r07,spiked,17220,0.21393,0.437811,0.003322,0.742959,0,2
spiked_ar1_r07,ar1_r07,spiked,17221,0.00995,0.004975,0.003322,0.597765,0,2
spiked_ar1_r07,ar1_r07,spiked,17222,0.293532,0.333333,0.003322,0.171011,0,1
spiked_ar1_r07,ar1_r07,spiked,17223,0.681592,0.492537,0.003322,0.04868,0,2
spiked_ar1_r07,ar1_r07,spiked,17224,0.587065,0.517413,0.003322,0.00053,0,3
spiked_ar1_r07,ar1_r07,spiked,17225,0.099502,0.074627,0.003322,0.13029,0,1
spiked_ar1_r07,ar1_r07,spiked,17226,0.61194,0.288557,0.003322,0.002465,0,2
spiked_ar1_r07,ar1_r07,spiked,17227,0.81592,0.865672,0.003322,0.00889,0,2
spiked_ar1_r07,ar1_r07,spiked,17228,0.159204,0.094527,0.003322,0.000649,0,1
spiked_ar1_r07,ar1_r07,spiked,17229,0.109453,0.044776,0.003322,0.000971,0,2
spiked_ar1_r07,ar1_r07,spiked,17230,0.58209,0.487562,0.003322,0.184752,0,4
spiked_ar1_r07,ar1_r07,spiked,17231,0.353234,0.363184,0.003322,0.003517,0,1
spiked_ar1_r07,ar1_r07,spiked,17232,0.701493,0.58209,0.003322,0.464396,0,1
spiked_ar1_r07,ar1_r07,spiked,17233,0.686567,0.587065,0.003322,0.164065,0,1
spiked_ar1_r07,ar1_r07,spiked,17234,0.208955,0.099502,0.003322,0.233285,0,2
spiked_ar1_r07,ar1_r07,spiked,17235,0.671642,0.616915,0.003322,0.14565,0,1
spiked_ar1_r07,ar1_r07,spiked,17236,0.766169,0.746269,0.003322,0.76724,0,1
spiked_ar1_r07,ar1_r07,spiked,17237,0.447761,0.288557,0.003322,0.004242,0,4
spiked_ar1_r07,ar1_r07,spiked,17238,0.18408,0.273632,0.003322,0.337499,0,1
spiked_ar1_r07,ar1_r07,spiked,17239,0.174129,0.154229,0.003322,0.05277,0,1
spiked_ar1_r07,ar1_r07,spiked,17240,0.283582,0.248756,0.003322,0.001485,0,3
spiked_ar1_r07,ar1_r07,spiked,17241,0.970149,0.800995,0.003322,0.124551,0,1
spiked_ar1_r07,ar1_r07,spiked,17242,0.293532,0.089552,0.003322,0.257015,0,4
spiked_ar1_r07,ar1_r07,spiked,17243,0.78607,0.791045,0.003322,0.252175,0,2
spiked_ar1_r07,ar1_r07,spiked,17244,0.855721,0.875622,0.003322,8e-06,0,4
spiked_ar1_r07,ar1_r07,spiked,17245,0.263682,0.218905,0.003322,0.003421,0,1
spiked_ar1_r07,ar1_r07,spiked,17246,0.039801,0.049751,0.003322,0.058009,0,1
spiked_ar1_r07,ar1_r07,spiked,17247,0.373134,0.159204,0.003322,0.762507,0,3
spiked_ar1_r07,ar1_r07,spiked,17248,0.024876,0.084577,0.003322,0.15072,0,4
spiked_ar1_r07,ar1_r07,spiked,17249,0.626866,0.442786,0.003322,0.006716,0,1
spiked_ar1_r07,ar1_r07,spiked,17250,0.174129,0.059701,0.003322,0.137141,0,2
spiked_ar1_r07,ar1_r07,spiked,17251,0.447761,0.248756,0.003322,0.046395,0,1
spiked_ar1_r07,ar1_r07,spiked,17252,0.079602,0.059701,0.003322,0.776589,0,4
spiked_ar1_r07,ar1_r07,spiked,17253,0.756219,0.646766,0.003322,0.000236,0,1
spiked_ar1_r07,ar1_r07,spiked,17254,0.268657,0.114428,0.003322,0.029416,0,4
spiked_ar1_r07,ar1_r07,spiked,17255,0.930348,0.900498,0.003322,0.334167,0,1
spiked_ar1_r07,ar1_r07,spiked,17256,0.497512,0.318408,0.003322,0.200864,0,1
spiked_ar1_r07,ar1_r07,spiked,17257,0.303483,0.119403,0.003322,0.225484,0,1
spiked_ar1_r07,ar1_r07,spiked,17258,0.975124,0.965174,0.003322,0.93001,0,1
spiked_ar1_r07,ar1_r07,spiked,17259,0.343284,0.288557,0.003322,0.003361,0,2
spiked_ar1_r07,ar1_r07,spiked,17260,0.850746,0.80597,0.003322,0.699875,0,2
spiked_ar1_r07,ar1_r07,spiked,17261,0.706468,0.577114,0.003322,0.008718,0,3
spiked_ar1_r07,ar1_r07,spiked,17262,0.587065,0.502488,0.003322,0.01204,0,2
spiked_ar1_r07,ar1_r07,spiked,17263,0.606965,0.557214,0.003322,0.020674,0,2
spiked_ar1_r07,ar1_r07,spiked,17264,0.412935,0.432836,0.003322,0.083345,0,1
spiked_ar1_r07,ar1_r07,spiked,17265,0.363184,0.378109,0.003322,0.929766,0,1
spiked_ar1_r07,ar1_r07,spiked,17266,0.756219,0.472637,0.003322,0.209566,0,1
spiked_ar1_r07,ar1_r07,spiked,17267,0.60199,0.353234,0.003322,0.544325,0,2
spiked_ar1_r07,ar1_r07,spiked,17268,1.0,0.995025,0.003322,0.511982,0,1
spiked_ar1_r07,ar1_r07,spiked,17269,0.905473,0.895522,0.003322,0.573009,0,1
spiked_ar1_r07,ar1_r07,spiked,17270,0.60199,0.731343,0.003322,0.016342,0,1
spiked_ar1_r07,ar1_r07,spiked,17271,0.61194,0.38806,0.003322,0.000726,0,1
spiked_ar1_r07,ar1_r07,spiked,17272,0.960199,0.835821,0.003322,0.000841,0,1
spiked_ar1_r07,ar1_r07,spiked,17273,0.945274,0.9801,0.003322,0.322131,0,3
spiked_ar1_r07,ar1_r07,spiked,17274,0.542289,0.547264,0.003322,0.240466,0,2
spiked_ar1_r07,ar1_r07,spiked,17275,0.373134,0.432836,0.003322,0.698942,0,3
spiked_ar1_r07,ar1_r07,spiked,17276,0.59204,0.572139,0.003322,0.051935,0,3
spiked_ar1_r07,ar1_r07,spiked,17277,0.502488,0.552239,0.003322,0.005796,0,3
spiked_ar1_r07,ar1_r07,spiked,17278,0.621891,0.353234,0.003322,0.405554,0,2
spiked_ar1_r07,ar1_r07,spiked,17279,0.845771,0.880597,0.003322,0.086834,0,4
spiked_ar1_r07,ar1_r07,spiked,17280,0.363184,0.39801,0.003322,0.010827,0,2
spiked_ar1_r07,ar1_r07,spiked,17281,0.910448,0.870647,0.003322,0.097593,0,3
spiked_ar1_r07,ar1_r07,spiked,17282,0.363184,0.278607,0.003322,0.133866,0,3
spiked_ar1_r07,ar1_r07,spiked,17283,0.746269,0.756219,0.003322,0.206441,0,1
spiked_ar1_r07,ar1_r07,spiked,17284,0.039801,0.034826,0.003322,0.947027,0,2
spiked_ar1_r07,ar1_r07,spiked,17285,0.626866,0.651741,0.003322,0.716281,0,3
spiked_ar1_r07,ar1_r07,spiked,17286,0.144279,0.154229,0.003322,0.016034,0,2
spiked_ar1_r07,ar1_r07,spiked,17287,0.547264,0.532338,0.003322,0.007139,0,1
spiked_ar1_r07,ar1_r07,spiked,17288,0.81592,0.741294,0.003322,0.106742,0,1
spiked_ar1_r07,ar1_r07,spiked,17289,0.412935,0.298507,0.003322,0.000412,0,2
spiked_ar1_r07,ar1_r07,spiked,17290,0.378109,0.621891,0.003322,0.0054,0,2
spiked_ar1_r07,ar1_r07,spiked,17291,0.626866,0.547264,0.003322,0.272489,0,1
spiked_ar1_r07,ar1_r07,spiked,17292,0.532338,0.686567,0.003322,0.240674,0,2
spiked_ar1_r07,ar1_r07,spiked,17293,0.084577,0.134328,0.003322,0.311686,0,1
spiked_ar1_r07,ar1_r07,spiked,17294,0.39801,0.263682,0.003322,0.18948,0,1
spiked_ar1_r07,ar1_r07,spiked,17295,0.159204,0.079602,0.003322,0.738005,0,2
spiked_ar1_r07,ar1_r07,spiked,17296,0.671642,0.557214,0.003322,0.384039,0,1
spiked_ar1_r07,ar1_r07,spiked,17297,0.930348,0.885572,0.003322,0.044949,0,1
spiked_ar1_r07,ar1_r07,spiked,17298,0.263682,0.393035,0.003322,0.000675,0,1
spiked_ar1_r07,ar1_r07,spiked,17299,0.084577,0.084577,0.003322,0.007931,0,2
break_d1_ar1_r07,ar1_r07,break_d1,17000,0.422886,0.328358,0.003322,0.089554,0,2
break_d1_ar1_r07,ar1_r07,break_d1,17001,0.41791,0.154229,0.003322,0.145406,0,1
break_d1_ar1_r07,ar1_r07,break_d1,17002,0.308458,0.298507,0.003322,0.097474,0,1
break_d1_ar1_r07,ar1_r07,break_d1,17003,0.701493,0.41791,0.003322,0.000783,0,1
break_d1_ar1_r07,ar1_r07,break_d1,17004,0.502488,0.447761,0.003322,0.311825,0,1
break_d1_ar1_r07,ar1_r07,break_d1,17005,0.58209,0.542289,0.003322,0.003335,0,1
break_d1_ar1_r07,ar1_r07,break_d1,17006,0.706468,0.661692,0.003322,0.24157,0,4
break_d1_ar1_r07,ar1_r07,break_d1,17007,0.014925,0.049751,0.003322,0.0,0,4
break_d1_ar1_r07,ar1_r07,break_d1,17008,0.109453,0.054726,0.003322,0.927744,0,2
break_d1_ar1_r07,ar1_r07,break_d1,17009,0.651741,0.631841,0.003322,0.31875,0,1
break_d1_ar1_r07,ar1_r07,break_d1,17010,0.104478,0.059701,0.003322,0.178734,0,3
break_d1_ar1_r07,ar1_r07,break_d1,17011,0.024876,0.074627,0.003322,0.445733,0,1
break_d1_ar1_r07,ar1_r07,break_d1,17012,0.338308,0.20398,0.003322,0.011734,0,1
break_d1_ar1_r07,ar1_r07,break_d1,17013,0.228856,0.059701,0.003322,0.404847,0,1
break_d1_ar1_r07,ar1_r07,break_d1,17014,0.935323,0.865672,0.003322,0.001681,0,2
break_d1_ar1_r07,ar1_r07,break_d1,17015,0.711443,0.442786,0.003322,0.203683,0,3
break_d1_ar1_r07,ar1_r07,break_d1,17016,0.502488,0.507463,0.003322,0.247324,0,4
break_d1_ar1_r07,ar1_r07,break_d1,17017,0.139303,0.079602,0.003322,0.043109,0,4
break_d1_ar1_r07,ar1_r07,break_d1,17018,0.850746,0.81592,0.003322,0.566641,0,4
break_d1_ar1_r07,ar1_r07,break_d1,17019,0.034826,0.039801,0.003322,0.096333,0,1
break_d1_ar1_r07,ar1_r07,break_d1,17020,0.40796,0.268657,0.003322,0.000936,0,1
break_d1_ar1_r07,ar1_r07,break_d1,17021,0.950249,0.965174,0.003322,0.058137,0,2
break_d1_ar1_r07,ar1_r07,break_d1,17022,0.955224,0.985075,0.003322,0.455615,0,1
break_d1_ar1_r07,ar1_r07,break_d1,17023,0.79602,0.547264,0.003322,0.001285,0,3
break_d1_ar1_r07,ar1_r07,break_d1,17024,0.855721,0.79602,0.003322,8.5e-05,0,1
break_d1_ar1_r07,ar1_r07,break_d1,17025,0.975124,0.970149,0.003322,0.122122,0,3
break_d1_ar1_r07,ar1_r07,break_d1,17026,0.776119,0.512438,0.003322,0.277065,0,1
break_d1_ar1_r07,ar1_r07,break_d1,17027,0.00995,0.064677,0.003322,0.532601,0,1
break_d1_ar1_r07,ar1_r07,break_d1,17028,0.00995,0.0199,0.003322,0.102439,0,1
break_d1_ar1_r07,ar1_r07,break_d1,17029,0.791045,0.606965,0.003322,9e-05,0,1
break_d1_ar1_r07,ar1_r07,break_d1,17030,0.452736,0.313433,0.003322,0.094745,0,4
break_d1_ar1_r07,ar1_r07,break_d1,17031,0.666667,0.492537,0.003322,0.139736,0,1
break_d1_ar1_r07,ar1_r07,break_d1,17032,0.039801,0.044776,0.003322,0.874306,0,3
break_d1_ar1_r07,ar1_r07,break_d1,17033,0.800995,0.905473,0.003322,0.48531,0,2
break_d1_ar1_r07,ar1_r07,break_d1,17034,0.995025,0.955224,0.003322,0.032774,0,2
break_d1_ar1_r07,ar1_r07,break_d1,17035,0.169154,0.059701,0.003322,0.701836,0,1
break_d1_ar1_r07,ar1_r07,break_d1,17036,0.587065,0.537313,0.003322,0.005507,0,2
break_d1_ar1_r07,ar1_r07,break_d1,17037,0.885572,0.676617,0.003322,0.75392,0,2
break_d1_ar1_r07,ar1_r07,break_d1,17038,0.432836,0.124378,0.003322,0.004328,0,4
break_d1_ar1_r07,ar1_r07,break_d1,17039,0.079602,0.029851,0.003322,0.723946,0,1
break_d1_ar1_r07,ar1_r07,break_d1,17040,0.9801,0.945274,0.003322,0.652635,0,1
break_d1_ar1_r07,ar1_r07,break_d1,17041,0.00995,0.00995,0.003322,0.978041,0,3
break_d1_ar1_r07,ar1_r07,break_d1,17042,0.348259,0.412935,0.003322,0.007286,0,1
break_d1_ar1_r07,ar1_r07,break_d1,17043,0.074627,0.084577,0.003322,0.002974,0,3
break_d1_ar1_r07,ar1_r07,break_d1,17044,0.731343,0.701493,0.003322,0.013802,0,2
break_d1_ar1_r07,ar1_r07,break_d1,17045,0.447761,0.233831,0.003322,0.391686,0,3
break_d1_ar1_r07,ar1_r07,break_d1,17046,0.084577,0.134328,0.003322,0.104986,0,2
break_d1_ar1_r07,ar1_r07,break_d1,17047,0.542289,0.393035,0.003322,0.564391,0,2
break_d1_ar1_r07,ar1_r07,break_d1,17048,0.109453,0.109453,0.003322,0.683637,0,1
break_d1_ar1_r07,ar1_r07,break_d1,17049,0.248756,0.253731,0.003322,0.065009,0,4
break_d1_ar1_r07,ar1_r07,break_d1,17050,0.890547,0.736318,0.003322,0.106942,0,2
break_d1_ar1_r07,ar1_r07,break_d1,17051,0.492537,0.358209,0.003322,0.830081,0,1
break_d1_ar1_r07,ar1_r07,break_d1,17052,0.860697,0.845771,0.003322,0.011818,0,2
break_d1_ar1_r07,ar1_r07,break_d1,17053,0.38806,0.477612,0.003322,0.013632,0,2
break_d1_ar1_r07,ar1_r07,break_d1,17054,0.139303,0.109453,0.003322,0.912323,0,3
break_d1_ar1_r07,ar1_r07,break_d1,17055,0.845771,0.835821,0.003322,0.120766,0,3
break_d1_ar1_r07,ar1_r07,break_d1,17056,0.089552,0.174129,0.003322,0.545801,0,2
break_d1_ar1_r07,ar1_r07,break_d1,17057,0.124378,0.124378,0.003322,0.287922,0,1
break_d1_ar1_r07,ar1_r07,break_d1,17058,0.00995,0.024876,0.003322,0.595338,0,2
break_d1_ar1_r07,ar1_r07,break_d1,17059,0.378109,0.512438,0.003322,0.129112,0,2
break_d1_ar1_r07,ar1_r07,break_d1,17060,0.507463,0.368159,0.003322,0.0,0,3
break_d1_ar1_r07,ar1_r07,break_d1,17061,0.900498,0.885572,0.003322,0.518366,0,2
break_d1_ar1_r07,ar1_r07,break_d1,17062,0.676617,0.577114,0.003322,0.389721,0,3
break_d1_ar1_r07,ar1_r07,break_d1,17063,0.452736,0.691542,0.003322,0.013087,0,2
break_d1_ar1_r07,ar1_r07,break_d1,17064,0.477612,0.402985,0.003322,0.432592,0,1
break_d1_ar1_r07,ar1_r07,break_d1,17065,0.00995,0.0199,0.003322,0.087515,0,2
break_d1_ar1_r07,ar1_r07,break_d1,17066,0.606965,0.38806,0.003322,0.002026,0,3
break_d1_ar1_r07,ar1_r07,break_d1,17067,0.283582,0.368159,0.003322,0.337733,0,4
break_d1_ar1_r07,ar1_r07,break_d1,17068,1.0,0.950249,0.003322,0.313161,0,1
break_d1_ar1_r07,ar1_r07,break_d1,17069,0.587065,0.522388,0.003322,0.000158,0,4
break_d1_ar1_r07,ar1_r07,break_d1,17070,0.228856,0.363184,0.003322,0.508821,0,1
break_d1_ar1_r07,ar1_r07,break_d1,17071,0.726368,0.701493,0.003322,0.649233,0,2
break_d1_ar1_r07,ar1_r07,break_d1,17072,0.756219,0.587065,0.003322,0.001173,0,1
break_d1_ar1_r07,ar1_r07,break_d1,17073,0.21393,0.248756,0.003322,0.6083,0,4
break_d1_ar1_r07,ar1_r07,break_d1,17074,0.671642,0.80597,0.003322,0.138327,0,1
break_d1_ar1_r07,ar1_r07,break_d1,17075,0.791045,0.328358,0.003322,0.546275,0,3
break_d1_ar1_r07,ar1_r07,break_d1,17076,0.139303,0.109453,0.003322,0.223306,0,2
break_d1_ar1_r07,ar1_r07,break_d1,17077,0.577114,0.447761,0.003322,0.036408,0,4
break_d1_ar1_r07,ar1_r07,break_d1,17078,0.343284,0.263682,0.003322,0.072131,0,3
break_d1_ar1_r07,ar1_r07,break_d1,17079,0.039801,0.049751,0.003322,0.00139,0,2
break_d1_ar1_r07,ar1_r07,break_d1,17080,0.064677,0.044776,0.003322,0.156698,0,2
break_d1_ar1_r07,ar1_r07,break_d1,17081,0.074627,0.114428,0.003322,0.5373,0,3
break_d1_ar1_r07,ar1_r07,break_d1,17082,0.800995,0.825871,0.003322,0.986656,0,3
break_d1_ar1_r07,ar1_r07,break_d1,17083,0.666667,0.58209,0.003322,0.315279,0,2
break_d1_ar1_r07,ar1_r07,break_d1,17084,0.40796,0.218905,0.003322,0.052251,0,2
break_d1_ar1_r07,ar1_r07,break_d1,17085,0.507463,0.263682,0.003322,0.071539,0,2
break_d1_ar1_r07,ar1_r07,break_d1,17086,0.930348,0.855721,0.003322,0.149047,0,1
break_d1_ar1_r07,ar1_r07,break_d1,17087,0.925373,0.915423,0.003322,0.248415,0,1
break_d1_ar1_r07,ar1_r07,break_d1,17088,0.905473,0.766169,0.003322,0.167648,0,1
break_d1_ar1_r07,ar1_r07,break_d1,17089,0.353234,0.457711,0.003322,0.007243,0,1
break_d1_ar1_r07,ar1_r07,break_d1,17090,0.631841,0.696517,0.003322,0.960082,0,2
break_d1_ar1_r07,ar1_r07,break_d1,17091,0.19403,0.338308,0.003322,7.3e-05,0,4
break_d1_ar1_r07,ar1_r07,break_d1,17092,0.567164,0.427861,0.003322,0.127681,0,4
break_d1_ar1_r07,ar1_r07,break_d1,17093,0.288557,0.288557,0.003322,0.496106,0,2
break_d1_ar1_r07,ar1_r07,break_d1,17094,0.79602,0.527363,0.003322,0.946175,0,3
break_d1_ar1_r07,ar1_r07,break_d1,17095,0.114428,0.19403,0.003322,0.734731,0,4
break_d1_ar1_r07,ar1_r07,break_d1,17096,0.258706,0.303483,0.003322,0.06063,0,4
break_d1_ar1_r07,ar1_r07,break_d1,17097,0.502488,0.41791,0.003322,0.47391,0,2
break_d1_ar1_r07,ar1_r07,break_d1,17098,0.502488,0.80597,0.003322,0.000655,0,4
break_d1_ar1_r07,ar1_r07,break_d1,17099,0.686567,0.621891,0.003322,0.371699,0,4
break_d1_ar1_r07,ar1_r07,break_d1,17100,0.268657,0.283582,0.003322,0.962842,0,4
break_d1_ar1_r07,ar1_r07,break_d1,17101,0.681592,0.656716,0.003322,0.000371,0,1
break_d1_ar1_r07,ar1_r07,break_d1,17102,0.532338,0.383085,0.003322,0.925636,0,2
break_d1_ar1_r07,ar1_r07,break_d1,17103,0.716418,0.661692,0.003322,0.68334,0,4
break_d1_ar1_r07,ar1_r07,break_d1,17104,0.666667,0.457711,0.003322,0.038472,0,1
break_d1_ar1_r07,ar1_r07,break_d1,17105,0.681592,0.850746,0.003322,1e-06,0,3
break_d1_ar1_r07,ar1_r07,break_d1,17106,0.517413,0.368159,0.003322,0.960218,0,1
break_d1_ar1_r07,ar1_r07,break_d1,17107,0.885572,0.791045,0.003322,0.010873,0,1
break_d1_ar1_r07,ar1_r07,break_d1,17108,0.79602,0.830846,0.003322,0.952069,0,2
break_d1_ar1_r07,ar1_r07,break_d1,17109,0.79602,0.671642,0.003322,0.377278,0,1
break_d1_ar1_r07,ar1_r07,break_d1,17110,0.880597,0.9801,0.003322,0.221313,0,1
break_d1_ar1_r07,ar1_r07,break_d1,17111,0.099502,0.20398,0.003322,1.5e-05,0,3
break_d1_ar1_r07,ar1_r07,break_d1,17112,0.716418,0.537313,0.003322,0.242077,0,1
break_d1_ar1_r07,ar1_r07,break_d1,17113,0.293532,0.343284,0.003322,0.003602,0,2
break_d1_ar1_r07,ar1_r07,break_d1,17114,0.537313,0.422886,0.003322,0.696428,0,4
break_d1_ar1_r07,ar1_r07,break_d1,17115,0.492537,0.621891,0.003322,0.008373,0,2
break_d1_ar1_r07,ar1_r07,break_d1,17116,0.19403,0.074627,0.003322,0.229671,0,3
break_d1_ar1_r07,ar1_r07,break_d1,17117,0.169154,0.074627,0.003322,0.063298,0,3
break_d1_ar1_r07,ar1_r07,break_d1,17118,0.079602,0.0199,0.003322,0.168653,0,1
break_d1_ar1_r07,ar1_r07,break_d1,17119,0.895522,0.835821,0.003322,0.609247,0,4
break_d1_ar1_r07,ar1_r07,break_d1,17120,0.174129,0.169154,0.003322,0.16379,0,4
break_d1_ar1_r07,ar1_r07,break_d1,17121,0.616915,0.751244,0.003322,0.055913,0,1
break_d1_ar1_r07,ar1_r07,break_d1,17122,0.164179,0.089552,0.003322,0.464628,0,1
break_d1_ar1_r07,ar1_r07,break_d1,17123,0.686567,0.373134,0.003322,0.334491,0,2
break_d1_ar1_r07,ar1_r07,break_d1,17124,0.606965,0.288557,0.003322,0.127335,0,1
break_d1_ar1_r07,ar1_r07,break_d1,17125,0.049751,0.039801,0.003322,0.000222,0,1
break_d1_ar1_r07,ar1_r07,break_d1,17126,0.393035,0.422886,0.003322,0.138148,0,3
break_d1_ar1_r07,ar1_r07,break_d1,17127,0.084577,0.024876,0.003322,0.000358,0,1
break_d1_ar1_r07,ar1_r07,break_d1,17128,0.761194,0.885572,0.003322,0.685227,0,1
break_d1_ar1_r07,ar1_r07,break_d1,17129,0.860697,0.706468,0.003322,0.255666,0,1
break_d1_ar1_r07,ar1_r07,break_d1,17130,0.522388,0.756219,0.003322,0.22413,0,1
break_d1_ar1_r07,ar1_r07,break_d1,17131,0.373134,0.308458,0.003322,0.163241,0,4
break_d1_ar1_r07,ar1_r07,break_d1,17132,0.039801,0.104478,0.003322,0.860586,0,3
break_d1_ar1_r07,ar1_r07,break_d1,17133,0.567164,0.482587,0.003322,0.397645,0,2
break_d1_ar1_r07,ar1_r07,break_d1,17134,0.104478,0.024876,0.003322,0.733367,0,2
break_d1_ar1_r07,ar1_r07,break_d1,17135,0.870647,0.840796,0.003322,0.000785,0,2
break_d1_ar1_r07,ar1_r07,break_d1,17136,0.174129,0.273632,0.003322,0.23143,0,4
break_d1_ar1_r07,ar1_r07,break_d1,17137,0.776119,0.621891,0.003322,0.534383,0,1
break_d1_ar1_r07,ar1_r07,break_d1,17138,0.298507,0.218905,0.003322,0.027063,0,3
break_d1_ar1_r07,ar1_r07,break_d1,17139,0.492537,0.522388,0.003322,0.144806,0,3
break_d1_ar1_r07,ar1_r07,break_d1,17140,0.676617,0.532338,0.003322,0.280727,0,3
break_d1_ar1_r07,ar1_r07,break_d1,17141,0.771144,0.467662,0.003322,0.798636,0,2
break_d1_ar1_r07,ar1_r07,break_d1,17142,0.199005,0.328358,0.003322,0.094332,0,4
break_d1_ar1_r07,ar1_r07,break_d1,17143,0.21393,0.059701,0.003322,0.391204,0,3
break_d1_ar1_r07,ar1_r07,break_d1,17144,0.910448,0.960199,0.003322,0.063115,0,1
break_d1_ar1_r07,ar1_r07,break_d1,17145,0.412935,0.562189,0.003322,0.000944,0,1
break_d1_ar1_r07,ar1_r07,break_d1,17146,0.258706,0.164179,0.003322,0.261616,0,2
break_d1_ar1_r07,ar1_r07,break_d1,17147,0.373134,0.159204,0.003322,0.692325,0,3
break_d1_ar1_r07,ar1_r07,break_d1,17148,0.059701,0.21393,0.003322,0.197904,0,4
break_d1_ar1_r07,ar1_r07,break_d1,17149,0.089552,0.094527,0.003322,0.228771,0,1
break_d1_ar1_r07,ar1_r07,break_d1,17150,0.472637,0.517413,0.003322,0.300752,0,4
break_d1_ar1_r07,ar1_r07,break_d1,17151,0.641791,0.671642,0.003322,0.486012,0,2
break_d1_ar1_r07,ar1_r07,break_d1,17152,0.711443,0.731343,0.003322,0.190392,0,1
break_d1_ar1_r07,ar1_r07,break_d1,17153,0.587065,0.482587,0.003322,0.797349,0,4
break_d1_ar1_r07,ar1_r07,break_d1,17154,0.900498,0.711443,0.003322,0.235085,0,2
break_d1_ar1_r07,ar1_r07,break_d1,17155,0.9801,0.99005,0.003322,0.011376,0,1
break_d1_ar1_r07,ar1_r07,break_d1,17156,0.238806,0.149254,0.003322,0.230161,0,1
break_d1_ar1_r07,ar1_r07,break_d1,17157,0.363184,0.507463,0.003322,0.913454,0,2
break_d1_ar1_r07,ar1_r07,break_d1,17158,0.427861,0.517413,0.003322,0.001104,0,2
break_d1_ar1_r07,ar1_r07,break_d1,17159,0.537313,0.358209,0.003322,0.707493,0,2
break_d1_ar1_r07,ar1_r07,break_d1,17160,0.059701,0.059701,0.003322,0.050522,0,3
break_d1_ar1_r07,ar1_r07,break_d1,17161,0.61194,0.393035,0.003322,0.047447,0,2
break_d1_ar1_r07,ar1_r07,break_d1,17162,0.089552,0.064677,0.003322,0.615578,0,4
break_d1_ar1_r07,ar1_r07,break_d1,17163,0.288557,0.208955,0.003322,0.515712,0,2
break_d1_ar1_r07,ar1_r07,break_d1,17164,0.716418,0.641791,0.003322,0.368108,0,2
break_d1_ar1_r07,ar1_r07,break_d1,17165,0.945274,0.870647,0.003322,0.122083,0,2
break_d1_ar1_r07,ar1_r07,break_d1,17166,0.333333,0.378109,0.003322,0.000721,0,1
break_d1_ar1_r07,ar1_r07,break_d1,17167,0.278607,0.19403,0.003322,0.10569,0,1
break_d1_ar1_r07,ar1_r07,break_d1,17168,0.910448,0.840796,0.003322,0.627392,0,1
break_d1_ar1_r07,ar1_r07,break_d1,17169,0.60199,0.517413,0.003322,0.665957,0,4
break_d1_ar1_r07,ar1_r07,break_d1,17170,0.651741,0.472637,0.003322,0.057738,0,1
break_d1_ar1_r07,ar1_r07,break_d1,17171,0.079602,0.014925,0.003322,9e-06,0,1
break_d1_ar1_r07,ar1_r07,break_d1,17172,0.174129,0.233831,0.003322,0.222872,0,1
break_d1_ar1_r07,ar1_r07,break_d1,17173,0.084577,0.014925,0.003322,0.018081,0,2
break_d1_ar1_r07,ar1_r07,break_d1,17174,0.099502,0.218905,0.003322,0.009942,0,3
break_d1_ar1_r07,ar1_r07,break_d1,17175,0.18408,0.228856,0.003322,0.102462,0,2
break_d1_ar1_r07,ar1_r07,break_d1,17176,0.253731,0.149254,0.003322,0.005807,0,3
break_d1_ar1_r07,ar1_r07,break_d1,17177,0.656716,0.681592,0.003322,0.85697,0,1
break_d1_ar1_r07,ar1_r07,break_d1,17178,0.577114,0.547264,0.003322,0.002808,0,3
break_d1_ar1_r07,ar1_r07,break_d1,17179,0.621891,0.457711,0.003322,0.145827,0,3
break_d1_ar1_r07,ar1_r07,break_d1,17180,0.283582,0.094527,0.003322,0.606988,0,1
break_d1_ar1_r07,ar1_r07,break_d1,17181,0.631841,0.666667,0.003322,0.447227,0,3
break_d1_ar1_r07,ar1_r07,break_d1,17182,1.0,0.985075,0.003322,0.521795,0,1
break_d1_ar1_r07,ar1_r07,break_d1,17183,0.791045,0.850746,0.003322,0.606506,0,1
break_d1_ar1_r07,ar1_r07,break_d1,17184,0.940299,0.890547,0.003322,0.026714,0,1
break_d1_ar1_r07,ar1_r07,break_d1,17185,0.731343,0.61194,0.003322,0.124715,0,1
break_d1_ar1_r07,ar1_r07,break_d1,17186,0.41791,0.159204,0.003322,0.023549,0,3
break_d1_ar1_r07,ar1_r07,break_d1,17187,0.218905,0.21393,0.003322,0.299238,0,4
break_d1_ar1_r07,ar1_r07,break_d1,17188,0.189055,0.179104,0.003322,0.071859,0,3
break_d1_ar1_r07,ar1_r07,break_d1,17189,0.114428,0.00995,0.003322,0.68197,0,1
break_d1_ar1_r07,ar1_r07,break_d1,17190,0.945274,0.945274,0.003322,0.117412,0,1
break_d1_ar1_r07,ar1_r07,break_d1,17191,0.348259,0.293532,0.003322,0.002514,0,4
break_d1_ar1_r07,ar1_r07,break_d1,17192,0.880597,0.855721,0.003322,0.728327,0,2
break_d1_ar1_r07,ar1_r07,break_d1,17193,0.731343,0.537313,0.003322,0.113655,0,1
break_d1_ar1_r07,ar1_r07,break_d1,17194,0.835821,0.736318,0.003322,1.5e-05,0,2
break_d1_ar1_r07,ar1_r07,break_d1,17195,0.995025,0.985075,0.003322,0.533009,0,4
break_d1_ar1_r07,ar1_r07,break_d1,17196,0.950249,0.810945,0.003322,0.446001,0,3
break_d1_ar1_r07,ar1_r07,break_d1,17197,0.651741,0.572139,0.003322,0.013697,0,3
break_d1_ar1_r07,ar1_r07,break_d1,17198,0.736318,0.860697,0.003322,0.518623,0,2
break_d1_ar1_r07,ar1_r07,break_d1,17199,0.353234,0.482587,0.003322,0.000529,0,2
break_d1_ar1_r07,ar1_r07,break_d1,17200,0.756219,0.542289,0.003322,0.912751,0,3
break_d1_ar1_r07,ar1_r07,break_d1,17201,0.447761,0.338308,0.003322,0.64074,0,3
break_d1_ar1_r07,ar1_r07,break_d1,17202,0.368159,0.253731,0.003322,0.373062,0,2
break_d1_ar1_r07,ar1_r07,break_d1,17203,0.895522,0.850746,0.003322,0.170621,0,1
break_d1_ar1_r07,ar1_r07,break_d1,17204,0.850746,0.716418,0.003322,3.1e-05,0,3
break_d1_ar1_r07,ar1_r07,break_d1,17205,0.218905,0.174129,0.003322,0.540317,0,2
break_d1_ar1_r07,ar1_r07,break_d1,17206,0.626866,0.562189,0.003322,0.000809,0,3
break_d1_ar1_r07,ar1_r07,break_d1,17207,0.59204,0.736318,0.003322,0.027655,0,1
break_d1_ar1_r07,ar1_r07,break_d1,17208,0.791045,0.701493,0.003322,0.209203,0,3
break_d1_ar1_r07,ar1_r07,break_d1,17209,0.472637,0.661692,0.003322,0.620253,0,2
break_d1_ar1_r07,ar1_r07,break_d1,17210,0.303483,0.21393,0.003322,0.638789,0,4
break_d1_ar1_r07,ar1_r07,break_d1,17211,0.422886,0.218905,0.003322,0.136487,0,2
break_d1_ar1_r07,ar1_r07,break_d1,17212,0.034826,0.119403,0.003322,0.340786,0,1
break_d1_ar1_r07,ar1_r07,break_d1,17213,0.298507,0.119403,0.003322,0.998802,0,2
break_d1_ar1_r07,ar1_r07,break_d1,17214,0.18408,0.104478,0.003322,0.00156,0,2
break_d1_ar1_r07,ar1_r07,break_d1,17215,0.701493,0.308458,0.003322,0.123201,0,1
break_d1_ar1_r07,ar1_r07,break_d1,17216,0.965174,0.756219,0.003322,0.000527,0,3
break_d1_ar1_r07,ar1_r07,break_d1,17217,0.044776,0.0199,0.003322,0.363819,0,1
break_d1_ar1_r07,ar1_r07,break_d1,17218,0.597015,0.651741,0.003322,0.269984,0,2
break_d1_ar1_r07,ar1_r07,break_d1,17219,0.885572,0.736318,0.003322,0.594537,0,4
break_d1_ar1_r07,ar1_r07,break_d1,17220,0.21393,0.437811,0.003322,0.742959,0,2
break_d1_ar1_r07,ar1_r07,break_d1,17221,0.00995,0.004975,0.003322,0.597765,0,2
break_d1_ar1_r07,ar1_r07,break_d1,17222,0.293532,0.333333,0.003322,0.171011,0,1
break_d1_ar1_r07,ar1_r07,break_d1,17223,0.681592,0.492537,0.003322,0.04868,0,2
break_d1_ar1_r07,ar1_r07,break_d1,17224,0.587065,0.517413,0.003322,0.00053,0,3
break_d1_ar1_r07,ar1_r07,break_d1,17225,0.099502,0.074627,0.003322,0.13029,0,1
break_d1_ar1_r07,ar1_r07,break_d1,17226,0.61194,0.288557,0.003322,0.002465,0,2
break_d1_ar1_r07,ar1_r07,break_d1,17227,0.81592,0.865672,0.003322,0.00889,0,2
break_d1_ar1_r07,ar1_r07,break_d1,17228,0.159204,0.094527,0.003322,0.000649,0,1
break_d1_ar1_r07,ar1_r07,break_d1,17229,0.109453,0.044776,0.003322,0.000971,0,2
break_d1_ar1_r07,ar1_r07,break_d1,17230,0.58209,0.487562,0.003322,0.184752,0,4
break_d1_ar1_r07,ar1_r07,break_d1,17231,0.353234,0.363184,0.003322,0.003517,0,1
break_d1_ar1_r07,ar1_r07,break_d1,17232,0.701493,0.58209,0.003322,0.464396,0,1
break_d1_ar1_r07,ar1_r07,break_d1,17233,0.686567,0.587065,0.003322,0.164065,0,1
break_d1_ar1_r07,ar1_r07,break_d1,17234,0.208955,0.099502,0.003322,0.233285,0,2
break_d1_ar1_r07,ar1_r07,break_d1,17235,0.671642,0.616915,0.003322,0.14565,0,1
break_d1_ar1_r07,ar1_r07,break_d1,17236,0.766169,0.746269,0.003322,0.76724,0,1
break_d1_ar1_r07,ar1_r07,break_d1,17237,0.447761,0.288557,0.003322,0.004242,0,4
break_d1_ar1_r07,ar1_r07,break_d1,17238,0.18408,0.273632,0.003322,0.337499,0,1
break_d1_ar1_r07,ar1_r07,break_d1,17239,0.174129,0.154229,0.003322,0.05277,0,1
break_d1_ar1_r07,ar1_r07,break_d1,17240,0.283582,0.248756,0.003322,0.001485,0,3
break_d1_ar1_r07,ar1_r07,break_d1,17241,0.970149,0.800995,0.003322,0.124551,0,1
break_d1_ar1_r07,ar1_r07,break_d1,17242,0.293532,0.089552,0.003322,0.257015,0,4
break_d1_ar1_r07,ar1_r07,break_d1,17243,0.78607,0.791045,0.003322,0.252175,0,2
break_d1_ar1_r07,ar1_r07,break_d1,17244,0.855721,0.875622,0.003322,8e-06,0,4
break_d1_ar1_r07,ar1_r07,break_d1,17245,0.263682,0.218905,0.003322,0.003421,0,1
break_d1_ar1_r07,ar1_r07,break_d1,17246,0.039801,0.049751,0.003322,0.058009,0,1
break_d1_ar1_r07,ar1_r07,break_d1,17247,0.373134,0.159204,0.003322,0.762507,0,3
break_d1_ar1_r07,ar1_r07,break_d1,17248,0.024876,0.084577,0.003322,0.15072,0,4
break_d1_ar1_r07,ar1_r07,break_d1,17249,0.626866,0.442786,0.003322,0.006716,0,1
break_d1_ar1_r07,ar1_r07,break_d1,17250,0.174129,0.059701,0.003322,0.137141,0,2
break_d1_ar1_r07,ar1_r07,break_d1,17251,0.447761,0.248756,0.003322,0.046395,0,1
break_d1_ar1_r07,ar1_r07,break_d1,17252,0.079602,0.059701,0.003322,0.776589,0,4
break_d1_ar1_r07,ar1_r07,break_d1,17253,0.756219,0.646766,0.003322,0.000236,0,1
break_d1_ar1_r07,ar1_r07,break_d1,17254,0.268657,0.114428,0.003322,0.029416,0,4
break_d1_ar1_r07,ar1_r07,break_d1,17255,0.930348,0.900498,0.003322,0.334167,0,1
break_d1_ar1_r07,ar1_r07,break_d1,17256,0.497512,0.318408,0.003322,0.200864,0,1
break_d1_ar1_r07,ar1_r07,break_d1,17257,0.303483,0.119403,0.003322,0.225484,0,1
break_d1_ar1_r07,ar1_r07,break_d1,17258,0.975124,0.965174,0.003322,0.93001,0,1
break_d1_ar1_r07,ar1_r07,break_d1,17259,0.343284,0.288557,0.003322,0.003361,0,2
break_d1_ar1_r07,ar1_r07,break_d1,17260,0.850746,0.80597,0.003322,0.699875,0,2
break_d1_ar1_r07,ar1_r07,break_d1,17261,0.706468,0.577114,0.003322,0.008718,0,3
break_d1_ar1_r07,ar1_r07,break_d1,17262,0.587065,0.502488,0.003322,0.01204,0,2
break_d1_ar1_r07,ar1_r07,break_d1,17263,0.606965,0.557214,0.003322,0.020674,0,2
break_d1_ar1_r07,ar1_r07,break_d1,17264,0.412935,0.432836,0.003322,0.083345,0,1
break_d1_ar1_r07,ar1_r07,break_d1,17265,0.363184,0.378109,0.003322,0.929766,0,1
break_d1_ar1_r07,ar1_r07,break_d1,17266,0.756219,0.472637,0.003322,0.209566,0,1
break_d1_ar1_r07,ar1_r07,break_d1,17267,0.60199,0.353234,0.003322,0.544325,0,2
break_d1_ar1_r07,ar1_r07,break_d1,17268,1.0,0.995025,0.003322,0.511982,0,1
break_d1_ar1_r07,ar1_r07,break_d1,17269,0.905473,0.895522,0.003322,0.573009,0,1
break_d1_ar1_r07,ar1_r07,break_d1,17270,0.60199,0.731343,0.003322,0.016342,0,1
break_d1_ar1_r07,ar1_r07,break_d1,17271,0.61194,0.38806,0.003322,0.000726,0,1
break_d1_ar1_r07,ar1_r07,break_d1,17272,0.960199,0.835821,0.003322,0.000841,0,1
break_d1_ar1_r07,ar1_r07,break_d1,17273,0.945274,0.9801,0.003322,0.322131,0,3
break_d1_ar1_r07,ar1_r07,break_d1,17274,0.542289,0.547264,0.003322,0.240466,0,2
break_d1_ar1_r07,ar1_r07,break_d1,17275,0.373134,0.432836,0.003322,0.698942,0,3
break_d1_ar1_r07,ar1_r07,break_d1,17276,0.59204,0.572139,0.003322,0.051935,0,3
break_d1_ar1_r07,ar1_r07,break_d1,17277,0.502488,0.552239,0.003322,0.005796,0,3
break_d1_ar1_r07,ar1_r07,break_d1,17278,0.621891,0.353234,0.003322,0.405554,0,2
break_d1_ar1_r07,ar1_r07,break_d1,17279,0.845771,0.880597,0.003322,0.086834,0,4
break_d1_ar1_r07,ar1_r07,break_d1,17280,0.363184,0.39801,0.003322,0.010827,0,2
break_d1_ar1_r07,ar1_r07,break_d1,17281,0.910448,0.870647,0.003322,0.097593,0,3
break_d1_ar1_r07,ar1_r07,break_d1,17282,0.363184,0.278607,0.003322,0.133866,0,3
break_d1_ar1_r07,ar1_r07,break_d1,17283,0.746269,0.756219,0.003322,0.206441,0,1
break_d1_ar1_r07,ar1_r07,break_d1,17284,0.039801,0.034826,0.003322,0.947027,0,2
break_d1_ar1_r07,ar1_r07,break_d1,17285,0.626866,0.651741,0.003322,0.716281,0,3
break_d1_ar1_r07,ar1_r07,break_d1,17286,0.144279,0.154229,0.003322,0.016034,0,2
break_d1_ar1_r07,ar1_r07,break_d1,17287,0.547264,0.532338,0.003322,0.007139,0,1
break_d1_ar1_r07,ar1_r07,break_d1,17288,0.81592,0.741294,0.003322,0.106742,0,1
break_d1_ar1_r07,ar1_r07,break_d1,17289,0.412935,0.298507,0.003322,0.000412,0,2
break_d1_ar1_r07,ar1_r07,break_d1,17290,0.378109,0.621891,0.003322,0.0054,0,2
break_d1_ar1_r07,ar1_r07,break_d1,17291,0.626866,0.547264,0.003322,0.272489,0,1
break_d1_ar1_r07,ar1_r07,break_d1,17292,0.532338,0.686567,0.003322,0.240674,0,2
break_d1_ar1_r07,ar1_r07,break_d1,17293,0.084577,0.134328,0.003322,0.311686,0,1
break_d1_ar1_r07,ar1_r07,break_d1,17294,0.39801,0.263682,0.003322,0.18948,0,1
break_d1_ar1_r07,ar1_r07,break_d1,17295,0.159204,0.079602,0.003322,0.738005,0,2
break_d1_ar1_r07,ar1_r07,break_d1,17296,0.671642,0.557214,0.003322,0.384039,0,1
break_d1_ar1_r07,ar1_r07,break_d1,17297,0.930348,0.885572,0.003322,0.044949,0,1
break_d1_ar1_r07,ar1_r07,break_d1,17298,0.263682,0.393035,0.003322,0.000675,0,1
break_d1_ar1_r07,ar1_r07,break_d1,17299,0.084577,0.084577,0.003322,0.007931,0,2
break_d2_ar1_r07,ar1_r07,break_d2,17000,0.422886,0.328358,0.003322,0.089554,0,2
break_d2_ar1_r07,ar1_r07,break_d2,17001,0.41791,0.154229,0.003322,0.145406,0,1
break_d2_ar1_r07,ar1_r07,break_d2,17002,0.308458,0.298507,0.003322,0.097474,0,1
break_d2_ar1_r07,ar1_r07,break_d2,17003,0.701493,0.41791,0.003322,0.000783,0,1
break_d2_ar1_r07,ar1_r07,break_d2,17004,0.502488,0.447761,0.003322,0.311825,0,1
break_d2_ar1_r07,ar1_r07,break_d2,17005,0.58209,0.542289,0.003322,0.003335,0,1
break_d2_ar1_r07,ar1_r07,break_d2,17006,0.706468,0.661692,0.003322,0.24157,0,4
break_d2_ar1_r07,ar1_r07,break_d2,17007,0.014925,0.049751,0.003322,0.0,0,4
break_d2_ar1_r07,ar1_r07,break_d2,17008,0.109453,0.054726,0.003322,0.927744,0,2
break_d2_ar1_r07,ar1_r07,break_d2,17009,0.651741,0.631841,0.003322,0.31875,0,1
break_d2_ar1_r07,ar1_r07,break_d2,17010,0.104478,0.059701,0.003322,0.178734,0,3
break_d2_ar1_r07,ar1_r07,break_d2,17011,0.024876,0.074627,0.003322,0.445733,0,1
break_d2_ar1_r07,ar1_r07,break_d2,17012,0.338308,0.20398,0.003322,0.011734,0,1
break_d2_ar1_r07,ar1_r07,break_d2,17013,0.228856,0.059701,0.003322,0.404847,0,1
break_d2_ar1_r07,ar1_r07,break_d2,17014,0.935323,0.865672,0.003322,0.001681,0,2
break_d2_ar1_r07,ar1_r07,break_d2,17015,0.711443,0.442786,0.003322,0.203683,0,3
break_d2_ar1_r07,ar1_r07,break_d2,17016,0.502488,0.507463,0.003322,0.247324,0,4
break_d2_ar1_r07,ar1_r07,break_d2,17017,0.139303,0.079602,0.003322,0.043109,0,4
break_d2_ar1_r07,ar1_r07,break_d2,17018,0.850746,0.81592,0.003322,0.566641,0,4
break_d2_ar1_r07,ar1_r07,break_d2,17019,0.034826,0.039801,0.003322,0.096333,0,1
break_d2_ar1_r07,ar1_r07,break_d2,17020,0.40796,0.268657,0.003322,0.000936,0,1
break_d2_ar1_r07,ar1_r07,break_d2,17021,0.950249,0.965174,0.003322,0.058137,0,2
break_d2_ar1_r07,ar1_r07,break_d2,17022,0.955224,0.985075,0.003322,0.455615,0,1
break_d2_ar1_r07,ar1_r07,break_d2,17023,0.79602,0.547264,0.003322,0.001285,0,3
break_d2_ar1_r07,ar1_r07,break_d2,17024,0.855721,0.79602,0.003322,8.5e-05,0,1
break_d2_ar1_r07,ar1_r07,break_d2,17025,0.975124,0.970149,0.003322,0.122122,0,3
break_d2_ar1_r07,ar1_r07,break_d2,17026,0.776119,0.512438,0.003322,0.277065,0,1
break_d2_ar1_r07,ar1_r07,break_d2,17027,0.00995,0.064677,0.003322,0.532601,0,1
break_d2_ar1_r07,ar1_r07,break_d2,17028,0.00995,0.0199,0.003322,0.102439,0,1
break_d2_ar1_r07,ar1_r07,break_d2,17029,0.791045,0.606965,0.003322,9e-05,0,1
break_d2_ar1_r07,ar1_r07,break_d2,17030,0.452736,0.313433,0.003322,0.094745,0,4
break_d2_ar1_r07,ar1_r07,break_d2,17031,0.666667,0.492537,0.003322,0.139736,0,1
break_d2_ar1_r07,ar1_r07,break_d2,17032,0.039801,0.044776,0.003322,0.874306,0,3
break_d2_ar1_r07,ar1_r07,break_d2,17033,0.800995,0.905473,0.003322,0.48531,0,2
break_d2_ar1_r07,ar1_r07,break_d2,17034,0.995025,0.955224,0.003322,0.032774,0,2
break_d2_ar1_r07,ar1_r07,break_d2,17035,0.169154,0.059701,0.003322,0.701836,0,1
break_d2_ar1_r07,ar1_r07,break_d2,17036,0.587065,0.537313,0.003322,0.005507,0,2
break_d2_ar1_r07,ar1_r07,break_d2,17037,0.885572,0.676617,0.003322,0.75392,0,2
break_d2_ar1_r07,ar1_r07,break_d2,17038,0.432836,0.124378,0.003322,0.004328,0,4
break_d2_ar1_r07,ar1_r07,break_d2,17039,0.079602,0.029851,0.003322,0.723946,0,1
break_d2_ar1_r07,ar1_r07,break_d2,17040,0.9801,0.945274,0.003322,0.652635,0,1
break_d2_ar1_r07,ar1_r07,break_d2,17041,0.00995,0.00995,0.003322,0.978041,0,3
break_d2_ar1_r07,ar1_r07,break_d2,17042,0.348259,0.412935,0.003322,0.007286,0,1
break_d2_ar1_r07,ar1_r07,break_d2,17043,0.074627,0.084577,0.003322,0.002974,0,3
break_d2_ar1_r07,ar1_r07,break_d2,17044,0.731343,0.701493,0.003322,0.013802,0,2
break_d2_ar1_r07,ar1_r07,break_d2,17045,0.447761,0.233831,0.003322,0.391686,0,3
break_d2_ar1_r07,ar1_r07,break_d2,17046,0.084577,0.134328,0.003322,0.104986,0,2
break_d2_ar1_r07,ar1_r07,break_d2,17047,0.542289,0.393035,0.003322,0.564391,0,2
break_d2_ar1_r07,ar1_r07,break_d2,17048,0.109453,0.109453,0.003322,0.683637,0,1
break_d2_ar1_r07,ar1_r07,break_d2,17049,0.248756,0.253731,0.003322,0.065009,0,4
break_d2_ar1_r07,ar1_r07,break_d2,17050,0.890547,0.736318,0.003322,0.106942,0,2
break_d2_ar1_r07,ar1_r07,break_d2,17051,0.492537,0.358209,0.003322,0.830081,0,1
break_d2_ar1_r07,ar1_r07,break_d2,17052,0.860697,0.845771,0.003322,0.011818,0,2
break_d2_ar1_r07,ar1_r07,break_d2,17053,0.38806,0.477612,0.003322,0.013632,0,2
break_d2_ar1_r07,ar1_r07,break_d2,17054,0.139303,0.109453,0.003322,0.912323,0,3
break_d2_ar1_r07,ar1_r07,break_d2,17055,0.845771,0.835821,0.003322,0.120766,0,3
break_d2_ar1_r07,ar1_r07,break_d2,17056,0.089552,0.174129,0.003322,0.545801,0,2
break_d2_ar1_r07,ar1_r07,break_d2,17057,0.124378,0.124378,0.003322,0.287922,0,1
break_d2_ar1_r07,ar1_r07,break_d2,17058,0.00995,0.024876,0.003322,0.595338,0,2
break_d2_ar1_r07,ar1_r07,break_d2,17059,0.378109,0.512438,0.003322,0.129112,0,2
break_d2_ar1_r07,ar1_r07,break_d2,17060,0.507463,0.368159,0.003322,0.0,0,3
break_d2_ar1_r07,ar1_r07,break_d2,17061,0.900498,0.885572,0.003322,0.518366,0,2
break_d2_ar1_r07,ar1_r07,break_d2,17062,0.676617,0.577114,0.003322,0.389721,0,3
break_d2_ar1_r07,ar1_r07,break_d2,17063,0.452736,0.691542,0.003322,0.013087,0,2
break_d2_ar1_r07,ar1_r07,break_d2,17064,0.477612,0.402985,0.003322,0.432592,0,1
break_d2_ar1_r07,ar1_r07,break_d2,17065,0.00995,0.0199,0.003322,0.087515,0,2
break_d2_ar1_r07,ar1_r07,break_d2,17066,0.606965,0.38806,0.003322,0.002026,0,3
break_d2_ar1_r07,ar1_r07,break_d2,17067,0.283582,0.368159,0.003322,0.337733,0,4
break_d2_ar1_r07,ar1_r07,break_d2,17068,1.0,0.950249,0.003322,0.313161,0,1
break_d2_ar1_r07,ar1_r07,break_d2,17069,0.587065,0.522388,0.003322,0.000158,0,4
break_d2_ar1_r07,ar1_r07,break_d2,17070,0.228856,0.363184,0.003322,0.508821,0,1
break_d2_ar1_r07,ar1_r07,break_d2,17071,0.726368,0.701493,0.003322,0.649233,0,2
break_d2_ar1_r07,ar1_r07,break_d2,17072,0.756219,0.587065,0.003322,0.001173,0,1
break_d2_ar1_r07,ar1_r07,break_d2,17073,0.21393,0.248756,0.003322,0.6083,0,4
break_d2_ar1_r07,ar1_r07,break_d2,17074,0.671642,0.80597,0.003322,0.138327,0,1
break_d2_ar1_r07,ar1_r07,break_d2,17075,0.791045,0.328358,0.003322,0.546275,0,3
break_d2_ar1_r07,ar1_r07,break_d2,17076,0.139303,0.109453,0.003322,0.223306,0,2
break_d2_ar1_r07,ar1_r07,break_d2,17077,0.577114,0.447761,0.003322,0.036408,0,4
break_d2_ar1_r07,ar1_r07,break_d2,17078,0.343284,0.263682,0.003322,0.072131,0,3
break_d2_ar1_r07,ar1_r07,break_d2,17079,0.039801,0.049751,0.003322,0.00139,0,2
break_d2_ar1_r07,ar1_r07,break_d2,17080,0.064677,0.044776,0.003322,0.156698,0,2
break_d2_ar1_r07,ar1_r07,break_d2,17081,0.074627,0.114428,0.003322,0.5373,0,3
break_d2_ar1_r07,ar1_r07,break_d2,17082,0.800995,0.825871,0.003322,0.986656,0,3
break_d2_ar1_r07,ar1_r07,break_d2,17083,0.666667,0.58209,0.003322,0.315279,0,2
break_d2_ar1_r07,ar1_r07,break_d2,17084,0.40796,0.218905,0.003322,0.052251,0,2
break_d2_ar1_r07,ar1_r07,break_d2,17085,0.507463,0.263682,0.003322,0.071539,0,2
break_d2_ar1_r07,ar1_r07,break_d2,17086,0.930348,0.855721,0.003322,0.149047,0,1
break_d2_ar1_r07,ar1_r07,break_d2,17087,0.925373,0.915423,0.003322,0.248415,0,1
break_d2_ar1_r07,ar1_r07,break_d2,17088,0.905473,0.766169,0.003322,0.167648,0,1
break_d2_ar1_r07,ar1_r07,break_d2,17089,0.353234,0.457711,0.003322,0.007243,0,1
break_d2_ar1_r07,ar1_r07,break_d2,17090,0.631841,0.696517,0.003322,0.960082,0,2
break_d2_ar1_r07,ar1_r07,break_d2,17091,0.19403,0.338308,0.003322,7.3e-05,0,4
break_d2_ar1_r07,ar1_r07,break_d2,17092,0.567164,0.427861,0.003322,0.127681,0,4
break_d2_ar1_r07,ar1_r07,break_d2,17093,0.288557,0.288557,0.003322,0.496106,0,2
break_d2_ar1_r07,ar1_r07,break_d2,17094,0.79602,0.527363,0.003322,0.946175,0,3
break_d2_ar1_r07,ar1_r07,break_d2,17095,0.114428,0.19403,0.003322,0.734731,0,4
break_d2_ar1_r07,ar1_r07,break_d2,17096,0.258706,0.303483,0.003322,0.06063,0,4
break_d2_ar1_r07,ar1_r07,break_d2,17097,0.502488,0.41791,0.003322,0.47391,0,2
break_d2_ar1_r07,ar1_r07,break_d2,17098,0.502488,0.80597,0.003322,0.000655,0,4
break_d2_ar1_r07,ar1_r07,break_d2,17099,0.686567,0.621891,0.003322,0.371699,0,4
break_d2_ar1_r07,ar1_r07,break_d2,17100,0.268657,0.283582,0.003322,0.962842,0,4
break_d2_ar1_r07,ar1_r07,break_d2,17101,0.681592,0.656716,0.003322,0.000371,0,1
break_d2_ar1_r07,ar1_r07,break_d2,17102,0.532338,0.383085,0.003322,0.925636,0,2
break_d2_ar1_r07,ar1_r07,break_d2,17103,0.716418,0.661692,0.003322,0.68334,0,4
break_d2_ar1_r07,ar1_r07,break_d2,17104,0.666667,0.457711,0.003322,0.038472,0,1
break_d2_ar1_r07,ar1_r07,break_d2,17105,0.681592,0.850746,0.003322,1e-06,0,3
break_d2_ar1_r07,ar1_r07,break_d2,17106,0.517413,0.368159,0.003322,0.960218,0,1
break_d2_ar1_r07,ar1_r07,break_d2,17107,0.885572,0.791045,0.003322,0.010873,0,1
break_d2_ar1_r07,ar1_r07,break_d2,17108,0.79602,0.830846,0.003322,0.952069,0,2
break_d2_ar1_r07,ar1_r07,break_d2,17109,0.79602,0.671642,0.003322,0.377278,0,1
break_d2_ar1_r07,ar1_r07,break_d2,17110,0.880597,0.9801,0.003322,0.221313,0,1
break_d2_ar1_r07,ar1_r07,break_d2,17111,0.099502,0.20398,0.003322,1.5e-05,0,3
break_d2_ar1_r07,ar1_r07,break_d2,17112,0.716418,0.537313,0.003322,0.242077,0,1
break_d2_ar1_r07,ar1_r07,break_d2,17113,0.293532,0.343284,0.003322,0.003602,0,2
break_d2_ar1_r07,ar1_r07,break_d2,17114,0.537313,0.422886,0.003322,0.696428,0,4
break_d2_ar1_r07,ar1_r07,break_d2,17115,0.492537,0.621891,0.003322,0.008373,0,2
break_d2_ar1_r07,ar1_r07,break_d2,17116,0.19403,0.074627,0.003322,0.229671,0,3
break_d2_ar1_r07,ar1_r07,break_d2,17117,0.169154,0.074627,0.003322,0.063298,0,3
break_d2_ar1_r07,ar1_r07,break_d2,17118,0.079602,0.0199,0.003322,0.168653,0,1
break_d2_ar1_r07,ar1_r07,break_d2,17119,0.895522,0.835821,0.003322,0.609247,0,4
break_d2_ar1_r07,ar1_r07,break_d2,17120,0.174129,0.169154,0.003322,0.16379,0,4
break_d2_ar1_r07,ar1_r07,break_d2,17121,0.616915,0.751244,0.003322,0.055913,0,1
break_d2_ar1_r07,ar1_r07,break_d2,17122,0.164179,0.089552,0.003322,0.464628,0,1
break_d2_ar1_r07,ar1_r07,break_d2,17123,0.686567,0.373134,0.003322,0.334491,0,2
break_d2_ar1_r07,ar1_r07,break_d2,17124,0.606965,0.288557,0.003322,0.127335,0,1
break_d2_ar1_r07,ar1_r07,break_d2,17125,0.049751,0.039801,0.003322,0.000222,0,1
break_d2_ar1_r07,ar1_r07,break_d2,17126,0.393035,0.422886,0.003322,0.138148,0,3
break_d2_ar1_r07,ar1_r07,break_d2,17127,0.084577,0.024876,0.003322,0.000358,0,1
break_d2_ar1_r07,ar1_r07,break_d2,17128,0.761194,0.885572,0.003322,0.685227,0,1
break_d2_ar1_r07,ar1_r07,break_d2,17129,0.860697,0.706468,0.003322,0.255666,0,1
break_d2_ar1_r07,ar1_r07,break_d2,17130,0.522388,0.756219,0.003322,0.22413,0,1
break_d2_ar1_r07,ar1_r07,break_d2,17131,0.373134,0.308458,0.003322,0.163241,0,4
break_d2_ar1_r07,ar1_r07,break_d2,17132,0.039801,0.104478,0.003322,0.860586,0,3
break_d2_ar1_r07,ar1_r07,break_d2,17133,0.567164,0.482587,0.003322,0.397645,0,2
break_d2_ar1_r07,ar1_r07,break_d2,17134,0.104478,0.024876,0.003322,0.733367,0,2
break_d2_ar1_r07,ar1_r07,break_d2,17135,0.870647,0.840796,0.003322,0.000785,0,2
break_d2_ar1_r07,ar1_r07,break_d2,17136,0.174129,0.273632,0.003322,0.23143,0,4
break_d2_ar1_r07,ar1_r07,break_d2,17137,0.776119,0.621891,0.003322,0.534383,0,1
break_d2_ar1_r07,ar1_r07,break_d2,17138,0.298507,0.218905,0.003322,0.027063,0,3
break_d2_ar1_r07,ar1_r07,break_d2,17139,0.492537,0.522388,0.003322,0.144806,0,3
break_d2_ar1_r07,ar1_r07,break_d2,17140,0.676617,0.532338,0.003322,0.280727,0,3
break_d2_ar1_r07,ar1_r07,break_d2,17141,0.771144,0.467662,0.003322,0.798636,0,2
break_d2_ar1_r07,ar1_r07,break_d2,17142,0.199005,0.328358,0.003322,0.094332,0,4
break_d2_ar1_r07,ar1_r07,break_d2,17143,0.21393,0.059701,0.003322,0.391204,0,3
break_d2_ar1_r07,ar1_r07,break_d2,17144,0.910448,0.960199,0.003322,0.063115,0,1
break_d2_ar1_r07,ar1_r07,break_d2,17145,0.412935,0.562189,0.003322,0.000944,0,1
break_d2_ar1_r07,ar1_r07,break_d2,17146,0.258706,0.164179,0.003322,0.261616,0,2
break_d2_ar1_r07,ar1_r07,break_d2,17147,0.373134,0.159204,0.003322,0.692325,0,3
break_d2_ar1_r07,ar1_r07,break_d2,17148,0.059701,0.21393,0.003322,0.197904,0,4
break_d2_ar1_r07,ar1_r07,break_d2,17149,0.089552,0.094527,0.003322,0.228771,0,1
break_d2_ar1_r07,ar1_r07,break_d2,17150,0.472637,0.517413,0.003322,0.300752,0,4
break_d2_ar1_r07,ar1_r07,break_d2,17151,0.641791,0.671642,0.003322,0.486012,0,2
break_d2_ar1_r07,ar1_r07,break_d2,17152,0.711443,0.731343,0.003322,0.190392,0,1
break_d2_ar1_r07,ar1_r07,break_d2,17153,0.587065,0.482587,0.003322,0.797349,0,4
break_d2_ar1_r07,ar1_r07,break_d2,17154,0.900498,0.711443,0.003322,0.235085,0,2
break_d2_ar1_r07,ar1_r07,break_d2,17155,0.9801,0.99005,0.003322,0.011376,0,1
break_d2_ar1_r07,ar1_r07,break_d2,17156,0.238806,0.149254,0.003322,0.230161,0,1
break_d2_ar1_r07,ar1_r07,break_d2,17157,0.363184,0.507463,0.003322,0.913454,0,2
break_d2_ar1_r07,ar1_r07,break_d2,17158,0.427861,0.517413,0.003322,0.001104,0,2
break_d2_ar1_r07,ar1_r07,break_d2,17159,0.537313,0.358209,0.003322,0.707493,0,2
break_d2_ar1_r07,ar1_r07,break_d2,17160,0.059701,0.059701,0.003322,0.050522,0,3
break_d2_ar1_r07,ar1_r07,break_d2,17161,0.61194,0.393035,0.003322,0.047447,0,2
break_d2_ar1_r07,ar1_r07,break_d2,17162,0.089552,0.064677,0.003322,0.615578,0,4
break_d2_ar1_r07,ar1_r07,break_d2,17163,0.288557,0.208955,0.003322,0.515712,0,2
break_d2_ar1_r07,ar1_r07,break_d2,17164,0.716418,0.641791,0.003322,0.368108,0,2
break_d2_ar1_r07,ar1_r07,break_d2,17165,0.945274,0.870647,0.003322,0.122083,0,2
break_d2_ar1_r07,ar1_r07,break_d2,17166,0.333333,0.378109,0.003322,0.000721,0,1
break_d2_ar1_r07,ar1_r07,break_d2,17167,0.278607,0.19403,0.003322,0.10569,0,1
break_d2_ar1_r07,ar1_r07,break_d2,17168,0.910448,0.840796,0.003322,0.627392,0,1
break_d2_ar1_r07,ar1_r07,break_d2,17169,0.60199,0.517413,0.003322,0.665957,0,4
break_d2_ar1_r07,ar1_r07,break_d2,17170,0.651741,0.472637,0.003322,0.057738,0,1
break_d2_ar1_r07,ar1_r07,break_d2,17171,0.079602,0.014925,0.003322,9e-06,0,1
break_d2_ar1_r07,ar1_r07,break_d2,17172,0.174129,0.233831,0.003322,0.222872,0,1
break_d2_ar1_r07,ar1_r07,break_d2,17173,0.084577,0.014925,0.003322,0.018081,0,2
break_d2_ar1_r07,ar1_r07,break_d2,17174,0.099502,0.218905,0.003322,0.009942,0,3
break_d2_ar1_r07,ar1_r07,break_d2,17175,0.18408,0.228856,0.003322,0.102462,0,2
break_d2_ar1_r07,ar1_r07,break_d2,17176,0.253731,0.149254,0.003322,0.005807,0,3
break_d2_ar1_r07,ar1_r07,break_d2,17177,0.656716,0.681592,0.003322,0.85697,0,1
break_d2_ar1_r07,ar1_r07,break_d2,17178,0.577114,0.547264,0.003322,0.002808,0,3
break_d2_ar1_r07,ar1_r07,break_d2,17179,0.621891,0.457711,0.003322,0.145827,0,3
break_d2_ar1_r07,ar1_r07,break_d2,17180,0.283582,0.094527,0.003322,0.606988,0,1
break_d2_ar1_r07,ar1_r07,break_d2,17181,0.631841,0.666667,0.003322,0.447227,0,3
break_d2_ar1_r07,ar1_r07,break_d2,17182,1.0,0.985075,0.003322,0.521795,0,1
break_d2_ar1_r07,ar1_r07,break_d2,17183,0.791045,0.850746,0.003322,0.606506,0,1
break_d2_ar1_r07,ar1_r07,break_d2,17184,0.940299,0.890547,0.003322,0.026714,0,1
break_d2_ar1_r07,ar1_r07,break_d2,17185,0.731343,0.61194,0.003322,0.124715,0,1
break_d2_ar1_r07,ar1_r07,break_d2,17186,0.41791,0.159204,0.003322,0.023549,0,3
break_d2_ar1_r07,ar1_r07,break_d2,17187,0.218905,0.21393,0.003322,0.299238,0,4
break_d2_ar1_r07,ar1_r07,break_d2,17188,0.189055,0.179104,0.003322,0.071859,0,3
break_d2_ar1_r07,ar1_r07,break_d2,17189,0.114428,0.00995,0.003322,0.68197,0,1
break_d2_ar1_r07,ar1_r07,break_d2,17190,0.945274,0.945274,0.003322,0.117412,0,1
break_d2_ar1_r07,ar1_r07,break_d2,17191,0.348259,0.293532,0.003322,0.002514,0,4
break_d2_ar1_r07,ar1_r07,break_d2,17192,0.880597,0.855721,0.003322,0.728327,0,2
break_d2_ar1_r07,ar1_r07,break_d2,17193,0.731343,0.537313,0.003322,0.113655,0,1
break_d2_ar1_r07,ar1_r07,break_d2,17194,0.835821,0.736318,0.003322,1.5e-05,0,2
break_d2_ar1_r07,ar1_r07,break_d2,17195,0.995025,0.985075,0.003322,0.533009,0,4
break_d2_ar1_r07,ar1_r07,break_d2,17196,0.950249,0.810945,0.003322,0.446001,0,3
break_d2_ar1_r07,ar1_r07,break_d2,17197,0.651741,0.572139,0.003322,0.013697,0,3
break_d2_ar1_r07,ar1_r07,break_d2,17198,0.736318,0.860697,0.003322,0.518623,0,2
break_d2_ar1_r07,ar1_r07,break_d2,17199,0.353234,0.482587,0.003322,0.000529,0,2
break_d2_ar1_r07,ar1_r07,break_d2,17200,0.756219,0.542289,0.003322,0.912751,0,3
break_d2_ar1_r07,ar1_r07,break_d2,17201,0.447761,0.338308,0.003322,0.64074,0,3
break_d2_ar1_r07,ar1_r07,break_d2,17202,0.368159,0.253731,0.003322,0.373062,0,2
break_d2_ar1_r07,ar1_r07,break_d2,17203,0.895522,0.850746,0.003322,0.170621,0,1
break_d2_ar1_r07,ar1_r07,break_d2,17204,0.850746,0.716418,0.003322,3.1e-05,0,3
break_d2_ar1_r07,ar1_r07,break_d2,17205,0.218905,0.174129,0.003322,0.540317,0,2
break_d2_ar1_r07,ar1_r07,break_d2,17206,0.626866,0.562189,0.003322,0.000809,0,3
break_d2_ar1_r07,ar1_r07,break_d2,17207,0.59204,0.736318,0.003322,0.027655,0,1
break_d2_ar1_r07,ar1_r07,break_d2,17208,0.791045,0.701493,0.003322,0.209203,0,3
break_d2_ar1_r07,ar1_r07,break_d2,17209,0.472637,0.661692,0.003322,0.620253,0,2
break_d2_ar1_r07,ar1_r07,break_d2,17210,0.303483,0.21393,0.003322,0.638789,0,4
break_d2_ar1_r07,ar1_r07,break_d2,17211,0.422886,0.218905,0.003322,0.136487,0,2
break_d2_ar1_r07,ar1_r07,break_d2,17212,0.034826,0.119403,0.003322,0.340786,0,1
break_d2_ar1_r07,ar1_r07,break_d2,17213,0.298507,0.119403,0.003322,0.998802,0,2
break_d2_ar1_r07,ar1_r07,break_d2,17214,0.18408,0.104478,0.003322,0.00156,0,2
break_d2_ar1_r07,ar1_r07,break_d2,17215,0.701493,0.308458,0.003322,0.123201,0,1
break_d2_ar1_r07,ar1_r07,break_d2,17216,0.965174,0.756219,0.003322,0.000527,0,3
break_d2_ar1_r07,ar1_r07,break_d2,17217,0.044776,0.0199,0.003322,0.363819,0,1
break_d2_ar1_r07,ar1_r07,break_d2,17218,0.597015,0.651741,0.003322,0.269984,0,2
break_d2_ar1_r07,ar1_r07,break_d2,17219,0.885572,0.736318,0.003322,0.594537,0,4
break_d2_ar1_r07,ar1_r07,break_d2,17220,0.21393,0.437811,0.003322,0.742959,0,2
break_d2_ar1_r07,ar1_r07,break_d2,17221,0.00995,0.004975,0.003322,0.597765,0,2
break_d2_ar1_r07,ar1_r07,break_d2,17222,0.293532,0.333333,0.003322,0.171011,0,1
break_d2_ar1_r07,ar1_r07,break_d2,17223,0.681592,0.492537,0.003322,0.04868,0,2
break_d2_ar1_r07,ar1_r07,break_d2,17224,0.587065,0.517413,0.003322,0.00053,0,3
break_d2_ar1_r07,ar1_r07,break_d2,17225,0.099502,0.074627,0.003322,0.13029,0,1
break_d2_ar1_r07,ar1_r07,break_d2,17226,0.61194,0.288557,0.003322,0.002465,0,2
break_d2_ar1_r07,ar1_r07,break_d2,17227,0.81592,0.865672,0.003322,0.00889,0,2
break_d2_ar1_r07,ar1_r07,break_d2,17228,0.159204,0.094527,0.003322,0.000649,0,1
break_d2_ar1_r07,ar1_r07,break_d2,17229,0.109453,0.044776,0.003322,0.000971,0,2
break_d2_ar1_r07,ar1_r07,break_d2,17230,0.58209,0.487562,0.003322,0.184752,0,4
break_d2_ar1_r07,ar1_r07,break_d2,17231,0.353234,0.363184,0.003322,0.003517,0,1
break_d2_ar1_r07,ar1_r07,break_d2,17232,0.701493,0.58209,0.003322,0.464396,0,1
break_d2_ar1_r07,ar1_r07,break_d2,17233,0.686567,0.587065,0.003322,0.164065,0,1
break_d2_ar1_r07,ar1_r07,break_d2,17234,0.208955,0.099502,0.003322,0.233285,0,2
break_d2_ar1_r07,ar1_r07,break_d2,17235,0.671642,0.616915,0.003322,0.14565,0,1
break_d2_ar1_r07,ar1_r07,break_d2,17236,0.766169,0.746269,0.003322,0.76724,0,1
break_d2_ar1_r07,ar1_r07,break_d2,17237,0.447761,0.288557,0.003322,0.004242,0,4
break_d2_ar1_r07,ar1_r07,break_d2,17238,0.18408,0.273632,0.003322,0.337499,0,1
break_d2_ar1_r07,ar1_r07,break_d2,17239,0.174129,0.154229,0.003322,0.05277,0,1
break_d2_ar1_r07,ar1_r07,break_d2,17240,0.283582,0.248756,0.003322,0.001485,0,3
break_d2_ar1_r07,ar1_r07,break_d2,17241,0.970149,0.800995,0.003322,0.124551,0,1
break_d2_ar1_r07,ar1_r07,break_d2,17242,0.293532,0.089552,0.003322,0.257015,0,4
break_d2_ar1_r07,ar1_r07,break_d2,17243,0.78607,0.791045,0.003322,0.252175,0,2
break_d2_ar1_r07,ar1_r07,break_d2,17244,0.855721,0.875622,0.003322,8e-06,0,4
break_d2_ar1_r07,ar1_r07,break_d2,17245,0.263682,0.218905,0.003322,0.003421,0,1
break_d2_ar1_r07,ar1_r07,break_d2,17246,0.039801,0.049751,0.003322,0.058009,0,1
break_d2_ar1_r07,ar1_r07,break_d2,17247,0.373134,0.159204,0.003322,0.762507,0,3
break_d2_ar1_r07,ar1_r07,break_d2,17248,0.024876,0.084577,0.003322,0.15072,0,4
break_d2_ar1_r07,ar1_r07,break_d2,17249,0.626866,0.442786,0.003322,0.006716,0,1
break_d2_ar1_r07,ar1_r07,break_d2,17250,0.174129,0.059701,0.003322,0.137141,0,2
break_d2_ar1_r07,ar1_r07,break_d2,17251,0.447761,0.248756,0.003322,0.046395,0,1
break_d2_ar1_r07,ar1_r07,break_d2,17252,0.079602,0.059701,0.003322,0.776589,0,4
break_d2_ar1_r07,ar1_r07,break_d2,17253,0.756219,0.646766,0.003322,0.000236,0,1
break_d2_ar1_r07,ar1_r07,break_d2,17254,0.268657,0.114428,0.003322,0.029416,0,4
break_d2_ar1_r07,ar1_r07,break_d2,17255,0.930348,0.900498,0.003322,0.334167,0,1
break_d2_ar1_r07,ar1_r07,break_d2,17256,0.497512,0.318408,0.003322,0.200864,0,1
break_d2_ar1_r07,ar1_r07,break_d2,17257,0.303483,0.119403,0.003322,0.225484,0,1
break_d2_ar1_r07,ar1_r07,break_d2,17258,0.975124,0.965174,0.003322,0.93001,0,1
break_d2_ar1_r07,ar1_r07,break_d2,17259,0.343284,0.288557,0.003322,0.003361,0,2
break_d2_ar1_r07,ar1_r07,break_d2,17260,0.850746,0.80597,0.003322,0.699875,0,2
break_d2_ar1_r07,ar1_r07,break_d2,17261,0.706468,0.577114,0.003322,0.008718,0,3
break_d2_ar1_r07,ar1_r07,break_d2,17262,0.587065,0.502488,0.003322,0.01204,0,2
break_d2_ar1_r07,ar1_r07,break_d2,17263,0.606965,0.557214,0.003322,0.020674,0,2
break_d2_ar1_r07,ar1_r07,break_d2,17264,0.412935,0.432836,0.003322,0.083345,0,1
break_d2_ar1_r07,ar1_r07,break_d2,17265,0.363184,0.378109,0.003322,0.929766,0,1
break_d2_ar1_r07,ar1_r07,break_d2,17266,0.756219,0.472637,0.003322,0.209566,0,1
break_d2_ar1_r07,ar1_r07,break_d2,17267,0.60199,0.353234,0.003322,0.544325,0,2
break_d2_ar1_r07,ar1_r07,break_d2,17268,1.0,0.995025,0.003322,0.511982,0,1
break_d2_ar1_r07,ar1_r07,break_d2,17269,0.905473,0.895522,0.003322,0.573009,0,1
break_d2_ar1_r07,ar1_r07,break_d2,17270,0.60199,0.731343,0.003322,0.016342,0,1
break_d2_ar1_r07,ar1_r07,break_d2,17271,0.61194,0.38806,0.003322,0.000726,0,1
break_d2_ar1_r07,ar1_r07,break_d2,17272,0.960199,0.835821,0.003322,0.000841,0,1
break_d2_ar1_r07,ar1_r07,break_d2,17273,0.945274,0.9801,0.003322,0.322131,0,3
break_d2_ar1_r07,ar1_r07,break_d2,17274,0.542289,0.547264,0.003322,0.240466,0,2
break_d2_ar1_r07,ar1_r07,break_d2,17275,0.373134,0.432836,0.003322,0.698942,0,3
break_d2_ar1_r07,ar1_r07,break_d2,17276,0.59204,0.572139,0.003322,0.051935,0,3
break_d2_ar1_r07,ar1_r07,break_d2,17277,0.502488,0.552239,0.003322,0.005796,0,3
break_d2_ar1_r07,ar1_r07,break_d2,17278,0.621891,0.353234,0.003322,0.405554,0,2
break_d2_ar1_r07,ar1_r07,break_d2,17279,0.845771,0.880597,0.003322,0.086834,0,4
break_d2_ar1_r07,ar1_r07,break_d2,17280,0.363184,0.39801,0.003322,0.010827,0,2
break_d2_ar1_r07,ar1_r07,break_d2,17281,0.910448,0.870647,0.003322,0.097593,0,3
break_d2_ar1_r07,ar1_r07,break_d2,17282,0.363184,0.278607,0.003322,0.133866,0,3
break_d2_ar1_r07,ar1_r07,break_d2,17283,0.746269,0.756219,0.003322,0.206441,0,1
break_d2_ar1_r07,ar1_r07,break_d2,17284,0.039801,0.034826,0.003322,0.947027,0,2
break_d2_ar1_r07,ar1_r07,break_d2,17285,0.626866,0.651741,0.003322,0.716281,0,3
break_d2_ar1_r07,ar1_r07,break_d2,17286,0.144279,0.154229,0.003322,0.016034,0,2
break_d2_ar1_r07,ar1_r07,break_d2,17287,0.547264,0.532338,0.003322,0.007139,0,1
break_d2_ar1_r07,ar1_r07,break_d2,17288,0.81592,0.741294,0.003322,0.106742,0,1
break_d2_ar1_r07,ar1_r07,break_d2,17289,0.412935,0.298507,0.003322,0.000412,0,2
break_d2_ar1_r07,ar1_r07,break_d2,17290,0.378109,0.621891,0.003322,0.0054,0,2
break_d2_ar1_r07,ar1_r07,break_d2,17291,0.626866,0.547264,0.003322,0.272489,0,1
break_d2_ar1_r07,ar1_r07,break_d2,17292,0.532338,0.686567,0.003322,0.240674,0,2
break_d2_ar1_r07,ar1_r07,break_d2,17293,0.084577,0.134328,0.003322,0.311686,0,1
break_d2_ar1_r07,ar1_r07,break_d2,17294,0.39801,0.263682,0.003322,0.18948,0,1
break_d2_ar1_r07,ar1_r07,break_d2,17295,0.159204,0.079602,0.003322,0.738005,0,2
break_d2_ar1_r07,ar1_r07,break_d2,17296,0.671642,0.557214,0.003322,0.384039,0,1
break_d2_ar1_r07,ar1_r07,break_d2,17297,0.930348,0.885572,0.003322,0.044949,0,1
break_d2_ar1_r07,ar1_r07,break_d2,17298,0.263682,0.393035,0.003322,0.000675,0,1
break_d2_ar1_r07,ar1_r07,break_d2,17299,0.084577,0.084577,0.003322,0.007931,0,2
null_het,het,null,17000,0.945274,0.935323,0.003322,0.075699,0,4
null_het,het,null,17001,0.199005,0.044776,0.003322,0.296001,0,3
null_het,het,null,17002,0.766169,0.716418,0.003322,0.28931,0,1
null_het,het,null,17003,0.512438,0.61194,0.003322,0.213773,0,1
null_het,het,null,17004,0.253731,0.223881,0.003322,0.456374,0,4
null_het,het,null,17005,0.741294,0.731343,0.003322,0.302954,0,1
null_het,het,null,17006,0.631841,0.427861,0.003322,0.47813,0,3
null_het,het,null,17007,0.517413,0.656716,0.003322,0.942123,0,1
null_het,het,null,17008,0.606965,0.676617,0.003322,0.494747,0,3
null_het,het,null,17009,0.99005,0.885572,0.003322,0.005147,0,1
null_het,het,null,17010,0.039801,0.029851,0.003322,0.794337,0,2
null_het,het,null,17011,0.313433,0.462687,0.003322,0.795844,0,3
null_het,het,null,17012,0.651741,0.457711,0.003322,0.820163,0,4
null_het,het,null,17013,0.228856,0.199005,0.003322,0.32498,0,2
null_het,het,null,17014,0.810945,0.845771,0.003322,0.826896,0,1
null_het,het,null,17015,0.781095,0.865672,0.003322,0.877299,0,3
null_het,het,null,17016,0.830846,0.905473,0.003322,0.291042,0,3
null_het,het,null,17017,0.00995,0.059701,0.003322,0.711208,0,1
null_het,het,null,17018,0.268657,0.228856,0.003322,0.347332,0,1
null_het,het,null,17019,0.910448,0.910448,0.003322,0.217327,0,3
null_het,het,null,17020,0.169154,0.139303,0.003322,0.401998,0,2
null_het,het,null,17021,0.402985,0.616915,0.003322,0.796276,0,1
null_het,het,null,17022,0.38806,0.129353,0.003322,0.628087,0,1
null_het,het,null,17023,0.278607,0.208955,0.003322,0.834319,0,3
null_het,het,null,17024,0.800995,0.81592,0.003322,0.970656,0,1
null_het,het,null,17025,0.537313,0.502488,0.003322,0.182178,0,4
null_het,het,null,17026,0.024876,0.0199,0.003322,0.04342,0,1
null_het,het,null,17027,0.457711,0.358209,0.003322,0.293098,0,4
null_het,het,null,17028,0.38806,0.482587,0.003322,0.269014,0,2
null_het,het,null,17029,0.293532,0.313433,0.003322,0.72275,0,2
null_het,het,null,17030,0.572139,0.60199,0.003322,0.036887,0,2
null_het,het,null,17031,0.258706,0.189055,0.003322,0.324186,0,1
null_het,het,null,17032,0.835821,0.935323,0.003322,0.932277,0,1
null_het,het,null,17033,0.119403,0.104478,0.003322,0.399356,0,1
null_het,het,null,17034,0.243781,0.268657,0.003322,0.592048,0,4
null_het,het,null,17035,0.776119,0.537313,0.003322,0.940703,0,2
null_het,het,null,17036,0.079602,0.049751,0.003322,0.660916,0,2
null_het,het,null,17037,0.024876,0.074627,0.003322,0.838054,0,1
null_het,het,null,17038,0.293532,0.218905,0.003322,0.460739,0,3
null_het,het,null,17039,0.119403,0.338308,0.003322,0.146288,0,2
null_het,het,null,17040,0.169154,0.457711,0.003322,0.882636,0,2
null_het,het,null,17041,0.751244,0.716418,0.003322,0.388812,0,1
null_het,het,null,17042,0.572139,0.756219,0.003322,0.972572,0,3
null_het,het,null,17043,0.109453,0.034826,0.003322,0.120808,0,3
null_het,het,null,17044,0.835821,0.567164,0.003322,0.388592,0,3
null_het,het,null,17045,0.706468,0.557214,0.003322,0.424321,0,2
null_het,het,null,17046,0.258706,0.104478,0.003322,0.29104,0,2
null_het,het,null,17047,0.179104,0.154229,0.003322,0.973404,0,1
null_het,het,null,17048,0.164179,0.253731,0.003322,0.006828,0,2
null_het,het,null,17049,0.840796,0.711443,0.003322,0.816159,0,1
null_het,het,null,17050,0.58209,0.432836,0.003322,0.555847,0,2
null_het,het,null,17051,0.054726,0.109453,0.003322,0.065855,0,1
null_het,het,null,17052,0.616915,0.736318,0.003322,0.410932,0,1
null_het,het,null,17053,0.726368,0.855721,0.003322,0.82121,0,1
null_het,het,null,17054,0.492537,0.597015,0.003322,0.179686,0,1
null_het,het,null,17055,0.144279,0.19403,0.003322,0.260265,0,3
null_het,het,null,17056,0.562189,0.641791,0.003322,0.358629,0,3
null_het,het,null,17057,0.00995,0.024876,0.003322,0.06203,0,1
null_het,het,null,17058,0.527363,0.616915,0.003322,0.214013,0,3
null_het,het,null,17059,0.636816,0.691542,0.003322,0.699599,0,2
null_het,het,null,17060,0.935323,0.9801,0.003322,0.672785,0,2
null_het,het,null,17061,0.955224,0.910448,0.003322,0.083906,0,4
null_het,het,null,17062,0.542289,0.636816,0.003322,0.938866,0,1
null_het,het,null,17063,0.437811,0.776119,0.003322,0.107431,0,1
null_het,het,null,17064,0.955224,0.955224,0.003322,0.516642,0,1
null_het,het,null,17065,0.044776,0.104478,0.003322,0.576548,0,2
null_het,het,null,17066,0.039801,0.024876,0.003322,0.948793,0,2
null_het,het,null,17067,0.641791,0.870647,0.003322,0.414434,0,1
null_het,het,null,17068,0.706468,0.537313,0.003322,0.438881,0,4
null_het,het,null,17069,0.089552,0.104478,0.003322,0.037952,0,1
null_het,het,null,17070,0.975124,0.965174,0.003322,0.200387,0,2
null_het,het,null,17071,0.358209,0.427861,0.003322,0.07836,0,1
null_het,het,null,17072,0.333333,0.412935,0.003322,0.914779,0,4
null_het,het,null,17073,0.199005,0.358209,0.003322,0.751966,0,1
null_het,het,null,17074,0.074627,0.014925,0.003322,0.896297,0,1
null_het,het,null,17075,0.049751,0.064677,0.003322,0.386182,0,1
null_het,het,null,17076,0.875622,0.840796,0.003322,0.131991,0,1
null_het,het,null,17077,0.074627,0.059701,0.003322,0.083308,0,1
null_het,het,null,17078,0.636816,0.527363,0.003322,0.549064,0,1
null_het,het,null,17079,0.258706,0.432836,0.003322,0.893002,0,2
null_het,het,null,17080,0.134328,0.059701,0.003322,0.230249,0,1
null_het,het,null,17081,0.39801,0.412935,0.003322,0.012764,0,4
null_het,het,null,17082,0.61194,0.756219,0.003322,0.11317,0,1
null_het,het,null,17083,0.492537,0.562189,0.003322,0.665614,0,1
null_het,het,null,17084,0.402985,0.218905,0.003322,0.125777,0,4
null_het,het,null,17085,0.368159,0.60199,0.003322,0.215539,0,1
null_het,het,null,17086,0.218905,0.149254,0.003322,0.968005,0,1
null_het,het,null,17087,0.557214,0.577114,0.003322,0.999292,0,1
null_het,het,null,17088,0.651741,0.646766,0.003322,0.07037,0,2
null_het,het,null,17089,0.676617,0.606965,0.003322,0.378781,0,3
null_het,het,null,17090,0.59204,0.706468,0.003322,0.495505,0,2
null_het,het,null,17091,0.547264,0.552239,0.003322,0.091423,0,1
null_het,het,null,17092,0.338308,0.412935,0.003322,0.720734,0,1
null_het,het,null,17093,0.880597,0.850746,0.003322,0.532232,0,2
null_het,het,null,17094,0.149254,0.054726,0.003322,0.068887,0,1
null_het,het,null,17095,0.676617,0.696517,0.003322,0.652109,0,4
null_het,het,null,17096,0.482587,0.597015,0.003322,0.696636,0,3
null_het,het,null,17097,0.855721,0.696517,0.003322,0.007793,0,1
null_het,het,null,17098,0.79602,0.776119,0.003322,0.351323,0,4
null_het,het,null,17099,0.562189,0.681592,0.003322,0.992189,0,2
null_het,het,null,17100,0.791045,0.726368,0.003322,0.836153,0,1
null_het,het,null,17101,0.39801,0.447761,0.003322,0.428984,0,2
null_het,het,null,17102,0.746269,0.81592,0.003322,0.647999,0,2
null_het,het,null,17103,0.228856,0.383085,0.003322,0.813516,0,1
null_het,het,null,17104,0.850746,0.880597,0.003322,0.988041,0,3
null_het,het,null,17105,0.502488,0.208955,0.003322,0.519572,0,4
null_het,het,null,17106,0.736318,0.731343,0.003322,0.232014,0,3
null_het,het,null,17107,0.99005,0.9801,0.003322,0.298543,0,2
null_het,het,null,17108,0.547264,0.437811,0.003322,0.203149,0,3
null_het,het,null,17109,0.542289,0.532338,0.003322,0.81996,0,4
null_het,het,null,17110,0.567164,0.318408,0.003322,0.286071,0,4
null_het,het,null,17111,0.636816,0.636816,0.003322,0.166588,0,1
null_het,het,null,17112,0.139303,0.20398,0.003322,0.590324,0,1
null_het,het,null,17113,0.21393,0.189055,0.003322,0.999502,0,3
null_het,het,null,17114,0.094527,0.049751,0.003322,0.877248,0,1
null_het,het,null,17115,0.134328,0.263682,0.003322,0.973775,0,2
null_het,het,null,17116,0.965174,0.955224,0.003322,0.992292,0,1
null_het,het,null,17117,0.288557,0.651741,0.003322,0.704396,0,2
null_het,het,null,17118,0.666667,0.706468,0.003322,0.229601,0,2
null_het,het,null,17119,0.577114,0.651741,0.003322,0.069496,0,1
null_het,het,null,17120,0.129353,0.079602,0.003322,0.045825,0,1
null_het,het,null,17121,0.059701,0.0199,0.003322,0.966799,0,3
null_het,het,null,17122,0.651741,0.746269,0.003322,0.336387,0,1
null_het,het,null,17123,0.646766,0.776119,0.003322,0.510962,0,2
null_het,het,null,17124,0.512438,0.41791,0.003322,0.025093,0,3
null_het,het,null,17125,0.467662,0.38806,0.003322,0.38111,0,1
null_het,het,null,17126,0.855721,0.766169,0.003322,0.681213,0,4
null_het,het,null,17127,0.711443,0.830846,0.003322,0.597216,0,1
null_het,het,null,17128,0.656716,0.706468,0.003322,0.172334,0,1
null_het,het,null,17129,0.373134,0.402985,0.003322,0.637739,0,1
null_het,het,null,17130,0.482587,0.537313,0.003322,0.487812,0,4
null_het,het,null,17131,0.039801,0.029851,0.003322,0.291348,0,1
null_het,het,null,17132,0.059701,0.124378,0.003322,0.066524,0,1
null_het,het,null,17133,0.368159,0.208955,0.003322,0.089082,0,2
null_het,het,null,17134,0.771144,0.830846,0.003322,0.194163,0,1
null_het,het,null,17135,0.840796,0.835821,0.003322,0.958197,0,2
null_het,het,null,17136,0.293532,0.59204,0.003322,0.032337,0,2
null_het,het,null,17137,0.616915,0.552239,0.003322,0.83917,0,1
null_het,het,null,17138,0.781095,0.830846,0.003322,0.38234,0,1
null_het,het,null,17139,0.208955,0.079602,0.003322,0.20872,0,3
null_het,het,null,17140,0.915423,0.701493,0.003322,0.145917,0,2
null_het,het,null,17141,0.910448,0.810945,0.003322,0.126721,0,2
null_het,het,null,17142,0.895522,0.960199,0.003322,0.974411,0,1
null_het,het,null,17143,0.61194,0.542289,0.003322,0.252837,0,1
null_het,het,null,17144,0.910448,0.885572,0.003322,0.012729,0,1
null_het,het,null,17145,0.835821,0.756219,0.003322,0.935728,0,1
null_het,het,null,17146,0.771144,0.875622,0.003322,0.290008,0,2
null_het,het,null,17147,0.437811,0.18408,0.003322,0.159985,0,2
null_het,het,null,17148,0.19403,0.223881,0.003322,0.450221,0,3
null_het,het,null,17149,0.880597,0.920398,0.003322,0.267875,0,1
null_het,het,null,17150,0.099502,0.263682,0.003322,0.870458,0,4
null_het,het,null,17151,0.865672,0.855721,0.003322,0.487545,0,1
null_het,het,null,17152,0.567164,0.378109,0.003322,0.467144,0,2
null_het,het,null,17153,1.0,0.99005,0.003322,0.227153,0,2
null_het,het,null,17154,0.925373,0.840796,0.003322,0.968177,0,3
null_het,het,null,17155,0.910448,0.885572,0.003322,0.392935,0,1
null_het,het,null,17156,0.422886,0.60199,0.003322,0.421992,0,1
null_het,het,null,17157,0.074627,0.119403,0.003322,0.073662,0,1
null_het,het,null,17158,0.641791,0.492537,0.003322,0.409429,0,4
null_het,het,null,17159,0.691542,0.383085,0.003322,0.370939,0,1
null_het,het,null,17160,0.711443,0.681592,0.003322,0.239846,0,1
null_het,het,null,17161,0.024876,0.00995,0.003322,0.320113,0,1
null_het,het,null,17162,0.870647,0.905473,0.003322,0.826861,0,1
null_het,het,null,17163,0.79602,0.656716,0.003322,0.12187,0,1
null_het,het,null,17164,0.940299,0.776119,0.003322,0.96568,0,1
null_het,het,null,17165,0.691542,0.681592,0.003322,0.57956,0,1
null_het,het,null,17166,0.497512,0.577114,0.003322,0.673088,0,3
null_het,het,null,17167,0.681592,0.79602,0.003322,0.917129,0,1
null_het,het,null,17168,0.134328,0.338308,0.003322,0.483852,0,4
null_het,het,null,17169,0.253731,0.154229,0.003322,0.289178,0,1
null_het,het,null,17170,0.59204,0.577114,0.003322,0.385961,0,3
null_het,het,null,17171,0.636816,0.701493,0.003322,0.886228,0,2
null_het,het,null,17172,0.855721,0.965174,0.003322,0.919116,0,1
null_het,het,null,17173,0.328358,0.164179,0.003322,0.32574,0,4
null_het,het,null,17174,0.243781,0.258706,0.003322,0.253219,0,2
null_het,het,null,17175,0.701493,0.537313,0.003322,0.172822,0,1
null_het,het,null,17176,0.696517,0.616915,0.003322,0.7164,0,4
null_het,het,null,17177,0.452736,0.646766,0.003322,0.601372,0,1
null_het,het,null,17178,0.975124,0.970149,0.003322,0.449743,0,3
null_het,het,null,17179,0.089552,0.109453,0.003322,0.236259,0,4
null_het,het,null,17180,0.691542,0.736318,0.003322,0.948926,0,3
null_het,het,null,17181,0.830846,0.791045,0.003322,0.840419,0,2
null_het,het,null,17182,0.159204,0.288557,0.003322,0.64314,0,2
null_het,het,null,17183,0.233831,0.114428,0.003322,0.787708,0,1
null_het,het,null,17184,0.378109,0.552239,0.003322,0.403314,0,1
null_het,het,null,17185,0.751244,0.726368,0.003322,0.64604,0,1
null_het,het,null,17186,0.20398,0.174129,0.003322,0.293066,0,1
null_het,het,null,17187,0.129353,0.189055,0.003322,0.624404,0,4
null_het,het,null,17188,0.910448,0.905473,0.003322,0.647142,0,2
null_het,het,null,17189,0.860697,0.791045,0.003322,0.264727,0,1
null_het,het,null,17190,0.208955,0.402985,0.003322,0.17141,0,3
null_het,het,null,17191,0.159204,0.263682,0.003322,0.960487,0,1
null_het,het,null,17192,0.462687,0.597015,0.003322,0.36286,0,1
null_het,het,null,17193,0.353234,0.412935,0.003322,0.746992,0,1
null_het,het,null,17194,0.40796,0.532338,0.003322,0.777517,0,2
null_het,het,null,17195,0.104478,0.084577,0.003322,0.338662,0,2
null_het,het,null,17196,0.20398,0.283582,0.003322,0.118232,0,3
null_het,het,null,17197,0.154229,0.099502,0.003322,0.307732,0,1
null_het,het,null,17198,0.597015,0.567164,0.003322,0.18144,0,3
null_het,het,null,17199,0.746269,0.80597,0.003322,0.205095,0,4
null_het,het,null,17200,0.641791,0.462687,0.003322,0.741728,0,4
null_het,het,null,17201,0.925373,0.970149,0.003322,0.519824,0,1
null_het,het,null,17202,0.830846,0.915423,0.003322,0.218534,0,1
null_het,het,null,17203,0.651741,0.661692,0.003322,0.371965,0,3
null_het,het,null,17204,0.044776,0.024876,0.003322,0.249843,0,1
null_het,het,null,17205,0.079602,0.059701,0.003322,0.45398,0,3
null_het,het,null,17206,0.970149,0.955224,0.003322,0.238114,0,4
null_het,het,null,17207,0.094527,0.059701,0.003322,0.701756,0,2
null_het,het,null,17208,0.303483,0.298507,0.003322,0.208522,0,2
null_het,het,null,17209,0.233831,0.094527,0.003322,0.07669,0,2
null_het,het,null,17210,1.0,0.930348,0.003322,0.776076,0,2
null_het,het,null,17211,0.218905,0.174129,0.003322,0.492474,0,2
null_het,het,null,17212,0.606965,0.492537,0.003322,0.680591,0,1
null_het,het,null,17213,0.393035,0.552239,0.003322,0.444022,0,1
null_het,het,null,17214,0.970149,0.880597,0.003322,0.019814,0,1
null_het,het,null,17215,0.512438,0.597015,0.003322,0.823933,0,1
null_het,het,null,17216,0.820896,0.696517,0.003322,0.967105,0,1
null_het,het,null,17217,0.129353,0.129353,0.003322,0.654246,0,3
null_het,het,null,17218,0.119403,0.353234,0.003322,0.281255,0,1
null_het,het,null,17219,0.298507,0.258706,0.003322,0.797652,0,4
null_het,het,null,17220,0.527363,0.572139,0.003322,0.93888,0,4
null_het,het,null,17221,0.631841,0.60199,0.003322,0.2525,0,2
null_het,het,null,17222,0.736318,0.557214,0.003322,0.678192,0,4
null_het,het,null,17223,0.189055,0.368159,0.003322,0.824012,0,2
null_het,het,null,17224,0.587065,0.631841,0.003322,0.700977,0,1
null_het,het,null,17225,0.666667,0.60199,0.003322,0.193848,0,1
null_het,het,null,17226,0.945274,0.920398,0.003322,0.006962,0,2
null_het,het,null,17227,0.532338,0.41791,0.003322,0.861218,0,2
null_het,het,null,17228,0.139303,0.114428,0.003322,0.944964,0,4
null_het,het,null,17229,0.253731,0.273632,0.003322,0.952971,0,4
null_het,het,null,17230,0.353234,0.383085,0.003322,0.498495,0,2
null_het,het,null,17231,0.850746,0.880597,0.003322,0.353188,0,2
null_het,het,null,17232,0.920398,0.875622,0.003322,0.644434,0,3
null_het,het,null,17233,0.044776,0.134328,0.003322,0.932268,0,1
null_het,het,null,17234,0.248756,0.308458,0.003322,0.868521,0,1
null_het,het,null,17235,0.626866,0.746269,0.003322,0.331657,0,3
null_het,het,null,17236,0.323383,0.119403,0.003322,0.700927,0,2
null_het,het,null,17237,0.029851,0.00995,0.003322,0.724723,0,1
null_het,het,null,17238,0.621891,0.631841,0.003322,0.311911,0,4
null_het,het,null,17239,0.955224,0.935323,0.003322,0.481017,0,3
null_het,het,null,17240,0.577114,0.537313,0.003322,0.601668,0,2
null_het,het,null,17241,0.452736,0.59204,0.003322,0.521971,0,1
null_het,het,null,17242,0.00995,0.0199,0.003322,0.12205,0,4
null_het,het,null,17243,0.835821,0.78607,0.003322,0.025933,0,3
null_het,het,null,17244,0.766169,0.766169,0.003322,0.146862,0,1
null_het,het,null,17245,0.726368,0.800995,0.003322,0.515909,0,3
null_het,het,null,17246,0.80597,0.820896,0.003322,0.018908,0,1
null_het,het,null,17247,0.562189,0.706468,0.003322,0.194138,0,2
null_het,het,null,17248,0.781095,0.741294,0.003322,0.078282,0,1
null_het,het,null,17249,0.477612,0.512438,0.003322,0.577249,0,1
null_het,het,null,17250,0.104478,0.104478,0.003322,0.99382,0,2
null_het,het,null,17251,0.447761,0.512438,0.003322,0.32146,0,2
null_het,het,null,17252,0.835821,0.960199,0.003322,0.625739,0,4
null_het,het,null,17253,0.890547,0.686567,0.003322,0.942323,0,4
null_het,het,null,17254,0.074627,0.134328,0.003322,0.686179,0,1
null_het,het,null,17255,0.169154,0.19403,0.003322,0.89563,0,1
null_het,het,null,17256,0.447761,0.497512,0.003322,0.317789,0,1
null_het,het,null,17257,0.094527,0.064677,0.003322,0.249402,0,2
null_het,het,null,17258,0.577114,0.562189,0.003322,0.820635,0,1
null_het,het,null,17259,0.965174,0.940299,0.003322,0.106211,0,1
null_het,het,null,17260,1.0,0.99005,0.003322,0.594867,0,2
null_het,het,null,17261,0.298507,0.179104,0.003322,0.102519,0,4
null_het,het,null,17262,0.442786,0.636816,0.003322,0.177138,0,1
null_het,het,null,17263,0.139303,0.024876,0.003322,0.415005,0,2
null_het,het,null,17264,0.636816,0.572139,0.003322,0.975017,0,2
null_het,het,null,17265,0.741294,0.696517,0.003322,0.800635,0,2
null_het,het,null,17266,0.40796,0.238806,0.003322,0.921115,0,1
null_het,het,null,17267,0.273632,0.447761,0.003322,0.369227,0,3
null_het,het,null,17268,0.482587,0.308458,0.003322,0.341981,0,1
null_het,het,null,17269,0.721393,0.736318,0.003322,0.790821,0,2
null_het,het,null,17270,0.706468,0.681592,0.003322,0.979684,0,4
null_het,het,null,17271,0.343284,0.233831,0.003322,0.562861,0,1
null_het,het,null,17272,0.791045,0.597015,0.003322,0.707665,0,2
null_het,het,null,17273,0.721393,0.855721,0.003322,0.376025,0,1
null_het,het,null,17274,0.323383,0.283582,0.003322,0.477906,0,1
null_het,het,null,17275,0.064677,0.124378,0.003322,0.96204,0,1
null_het,het,null,17276,0.621891,0.60199,0.003322,0.109925,0,1
null_het,het,null,17277,0.318408,0.258706,0.003322,0.58049,0,3
null_het,het,null,17278,0.323383,0.303483,0.003322,0.241249,0,1
null_het,het,null,17279,0.751244,0.79602,0.003322,0.598488,0,2
null_het,het,null,17280,0.452736,0.358209,0.003322,0.527597,0,2
null_het,het,null,17281,0.422886,0.572139,0.003322,0.404519,0,4
null_het,het,null,17282,0.00995,0.004975,0.003322,0.872044,0,3
null_het,het,null,17283,0.572139,0.328358,0.003322,0.807674,0,1
null_het,het,null,17284,0.20398,0.074627,0.003322,0.054843,0,1
null_het,het,null,17285,0.835821,0.880597,0.003322,0.462642,0,1
null_het,het,null,17286,0.512438,0.656716,0.003322,0.923628,0,4
null_het,het,null,17287,0.164179,0.313433,0.003322,0.974262,0,3
null_het,het,null,17288,0.497512,0.363184,0.003322,0.64995,0,1
null_het,het,null,17289,0.567164,0.58209,0.003322,0.010468,0,2
null_het,het,null,17290,0.686567,0.81592,0.003322,0.36837,0,1
null_het,het,null,17291,0.094527,0.223881,0.003322,0.306452,0,3
null_het,het,null,17292,0.58209,0.402985,0.003322,0.437563,0,4
null_het,het,null,17293,0.064677,0.034826,0.003322,0.459148,0,1
null_het,het,null,17294,0.502488,0.636816,0.003322,0.697701,0,3
null_het,het,null,17295,0.681592,0.716418,0.003322,0.780795,0,3
null_het,het,null,17296,0.472637,0.402985,0.003322,0.381921,0,1
null_het,het,null,17297,0.751244,0.507463,0.003322,0.343375,0,1
null_het,het,null,17298,0.507463,0.656716,0.003322,0.509431,0,2
null_het,het,null,17299,0.452736,0.338308,0.003322,0.105108,0,3
spiked_het,het,spiked,17000,0.985075,0.9801,0.003322,0.643966,1,1
spiked_het,het,spiked,17001,0.318408,0.328358,0.003322,0.715262,1,2
spiked_het,het,spiked,17002,0.552239,0.771144,0.003322,0.282434,1,1
spiked_het,het,spiked,17003,0.164179,0.199005,0.003322,0.344943,1,1
spiked_het,het,spiked,17004,0.502488,0.577114,0.003322,0.692272,1,3
spiked_het,het,spiked,17005,0.517413,0.706468,0.003322,0.598711,1,2
spiked_het,het,spiked,17006,0.900498,0.855721,0.003322,0.579334,1,4
spiked_het,het,spiked,17007,0.532338,0.41791,0.003322,0.98002,1,4
spiked_het,het,spiked,17008,0.691542,0.40796,0.003322,0.594424,1,3
spiked_het,het,spiked,17009,0.169154,0.199005,0.003322,0.740744,1,3
spiked_het,het,spiked,17010,0.079602,0.099502,0.003322,0.064143,1,3
spiked_het,het,spiked,17011,0.263682,0.492537,0.003322,0.100292,1,3
spiked_het,het,spiked,17012,0.174129,0.522388,0.003322,0.468533,1,3
spiked_het,het,spiked,17013,0.527363,0.552239,0.003322,0.774978,1,1
spiked_het,het,spiked,17014,0.940299,0.686567,0.003322,0.642676,1,4
spiked_het,het,spiked,17015,0.21393,0.263682,0.003322,0.145464,1,2
spiked_het,het,spiked,17016,0.711443,0.502488,0.003322,0.880076,1,1
spiked_het,het,spiked,17017,0.099502,0.179104,0.003322,0.649749,1,2
spiked_het,het,spiked,17018,0.557214,0.666667,0.003322,0.191012,1,1
spiked_het,het,spiked,17019,0.223881,0.199005,0.003322,0.987493,1,3
spiked_het,het,spiked,17020,0.218905,0.318408,0.003322,0.678,1,1
spiked_het,het,spiked,17021,0.328358,0.263682,0.003322,0.783816,1,2
spiked_het,het,spiked,17022,0.631841,0.676617,0.003322,0.922105,1,1
spiked_het,het,spiked,17023,0.199005,0.283582,0.003322,0.603244,1,2
spiked_het,het,spiked,17024,0.343284,0.21393,0.003322,0.06012,1,4
spiked_het,het,spiked,17025,0.960199,0.965174,0.003322,0.834209,1,2
spiked_het,het,spiked,17026,0.950249,0.945274,0.003322,0.249516,1,1
spiked_het,het,spiked,17027,0.776119,0.860697,0.003322,0.610112,1,4
spiked_het,het,spiked,17028,0.781095,0.731343,0.003322,0.153075,1,4
spiked_het,het,spiked,17029,0.995025,0.9801,0.003322,0.095968,1,2
spiked_het,het,spiked,17030,0.174129,0.119403,0.003322,0.633339,1,4
spiked_het,het,spiked,17031,0.029851,0.039801,0.003322,0.773031,1,2
spiked_het,het,spiked,17032,0.432836,0.656716,0.003322,0.431009,1,4
spiked_het,het,spiked,17033,0.547264,0.442786,0.003322,0.766556,1,2
spiked_het,het,spiked,17034,0.41791,0.547264,0.003322,0.46641,1,1
spiked_het,het,spiked,17035,0.383085,0.587065,0.003322,0.413743,1,2
spiked_het,het,spiked,17036,0.298507,0.363184,0.003322,0.790743,1,1
spiked_het,het,spiked,17037,0.373134,0.507463,0.003322,0.03259,1,3
spiked_het,het,spiked,17038,0.776119,0.900498,0.003322,0.212711,1,4
spiked_het,het,spiked,17039,0.681592,0.597015,0.003322,0.204546,1,1
spiked_het,het,spiked,17040,0.631841,0.626866,0.003322,0.7868,1,1
spiked_het,het,spiked,17041,0.507463,0.333333,0.003322,0.362106,1,1
spiked_het,het,spiked,17042,0.154229,0.079602,0.003322,0.432711,1,1
spiked_het,het,spiked,17043,0.60199,0.706468,0.003322,0.808749,1,3
spiked_het,het,spiked,17044,0.059701,0.243781,0.003322,0.66972,1,4
spiked_het,het,spiked,17045,0.756219,0.781095,0.003322,0.825345,1,2
spiked_het,het,spiked,17046,0.736318,0.492537,0.003322,0.580901,1,1
spiked_het,het,spiked,17047,0.233831,0.179104,0.003322,0.031881,1,3
spiked_het,het,spiked,17048,0.278607,0.248756,0.003322,0.035553,1,2
spiked_het,het,spiked,17049,0.089552,0.114428,0.003322,0.996336,1,1
spiked_het,het,spiked,17050,0.572139,0.537313,0.003322,0.042052,1,1
spiked_het,het,spiked,17051,0.641791,0.442786,0.003322,0.710928,1,1
spiked_het,het,spiked,17052,0.840796,0.557214,0.003322,0.357127,1,2
spiked_het,het,spiked,17053,0.960199,0.965174,0.003322,0.487832,1,1
spiked_het,het,spiked,17054,0.965174,0.791045,0.003322,0.864269,1,1
spiked_het,het,spiked,17055,0.154229,0.124378,0.003322,0.757264,1,1
spiked_het,het,spiked,17056,0.199005,0.124378,0.003322,0.097711,1,2
spiked_het,het,spiked,17057,0.258706,0.243781,0.003322,0.425321,1,1
spiked_het,het,spiked,17058,0.59204,0.686567,0.003322,0.817615,1,1
spiked_het,het,spiked,17059,0.507463,0.313433,0.003322,0.969416,1,3
spiked_het,het,spiked,17060,0.41791,0.383085,0.003322,0.542108,0,3
spiked_het,het,spiked,17061,0.313433,0.562189,0.003322,0.855885,1,1
spiked_het,het,spiked,17062,0.721393,0.542289,0.003322,0.897389,1,1
spiked_het,het,spiked,17063,0.049751,0.079602,0.003322,0.603871,1,1
spiked_het,het,spiked,17064,0.671642,0.776119,0.003322,0.774696,1,1
spiked_het,het,spiked,17065,0.557214,0.462687,0.003322,0.702058,1,2
spiked_het,het,spiked,17066,0.238806,0.373134,0.003322,0.345783,1,2
spiked_het,het,spiked,17067,0.40796,0.303483,0.003322,0.635936,1,3
spiked_het,het,spiked,17068,0.293532,0.20398,0.003322,0.943945,1,1
spiked_het,het,spiked,17069,0.726368,0.676617,0.003322,0.211056,1,2
spiked_het,het,spiked,17070,0.751244,0.905473,0.003322,0.243657,1,1
spiked_het,het,spiked,17071,0.80597,0.900498,0.003322,0.506663,1,3
spiked_het,het,spiked,17072,0.736318,0.830846,0.003322,0.723326,1,1
spiked_het,het,spiked,17073,0.845771,0.681592,0.003322,0.595994,1,3
spiked_het,het,spiked,17074,0.00995,0.024876,0.003322,0.649541,1,1
spiked_het,het,spiked,17075,0.621891,0.631841,0.003322,0.639788,1,2
spiked_het,het,spiked,17076,0.263682,0.39801,0.003322,0.581501,1,4
spiked_het,het,spiked,17077,0.502488,0.278607,0.003322,0.538011,1,1
spiked_het,het,spiked,17078,0.248756,0.328358,0.003322,0.478226,1,3
spiked_het,het,spiked,17079,0.457711,0.208955,0.003322,0.19096,1,2
spiked_het,het,spiked,17080,0.522388,0.502488,0.003322,0.884788,1,1
spiked_het,het,spiked,17081,0.124378,0.19403,0.003322,0.53105,1,3
spiked_het,het,spiked,17082,0.074627,0.179104,0.003322,0.908825,1,1
spiked_het,het,spiked,17083,0.726368,0.701493,0.003322,0.23295,1,4
spiked_het,het,spiked,17084,0.626866,0.477612,0.003322,0.712992,1,1
spiked_het,het,spiked,17085,0.870647,0.915423,0.003322,0.300929,1,2
spiked_het,het,spiked,17086,0.835821,0.79602,0.003322,0.920301,1,4
spiked_het,het,spiked,17087,0.985075,0.850746,0.003322,0.404828,1,1
spiked_het,het,spiked,17088,0.169154,0.293532,0.003322,0.226527,1,1
spiked_het,het,spiked,17089,0.054726,0.159204,0.003322,0.096123,1,1
spiked_het,het,spiked,17090,0.427861,0.512438,0.003322,0.820287,0,2
spiked_het,het,spiked,17091,0.084577,0.059701,0.003322,0.270474,0,1
spiked_het,het,spiked,17092,0.965174,0.79602,0.003322,0.741677,1,4
spiked_het,het,spiked,17093,0.547264,0.527363,0.003322,0.492905,1,4
spiked_het,het,spiked,17094,0.373134,0.393035,0.003322,0.381438,1,1
spiked_het,het,spiked,17095,0.59204,0.437811,0.003322,0.268333,1,1
spiked_het,het,spiked,17096,0.781095,0.81592,0.003322,0.46622,1,3
spiked_het,het,spiked,17097,0.328358,0.20398,0.003322,0.651578,1,2
spiked_het,het,spiked,17098,0.542289,0.502488,0.003322,0.618917,0,1
spiked_het,het,spiked,17099,0.915423,0.736318,0.003322,0.211109,1,1
spiked_het,het,spiked,17100,0.671642,0.522388,0.003322,0.186939,1,2
spiked_het,het,spiked,17101,0.402985,0.378109,0.003322,0.038599,1,2
spiked_het,het,spiked,17102,0.81592,0.845771,0.003322,0.295206,1,1
spiked_het,het,spiked,17103,0.671642,0.666667,0.003322,0.590756,1,2
spiked_het,het,spiked,17104,0.59204,0.676617,0.003322,0.628183,1,3
spiked_het,het,spiked,17105,0.139303,0.159204,0.003322,0.704505,1,4
spiked_het,het,spiked,17106,0.517413,0.557214,0.003322,0.895862,1,1
spiked_het,het,spiked,17107,0.676617,0.557214,0.003322,0.027573,1,1
spiked_het,het,spiked,17108,0.736318,0.671642,0.003322,0.509078,1,1
spiked_het,het,spiked,17109,0.631841,0.746269,0.003322,0.718831,0,2
spiked_het,het,spiked,17110,0.273632,0.273632,0.003322,0.878804,1,2
spiked_het,het,spiked,17111,0.666667,0.532338,0.003322,0.87091,1,1
spiked_het,het,spiked,17112,0.358209,0.288557,0.003322,0.774731,1,1
spiked_het,het,spiked,17113,0.18408,0.139303,0.003322,0.267457,1,2
spiked_het,het,spiked,17114,0.955224,0.965174,0.003322,0.308913,1,4
spiked_het,het,spiked,17115,0.512438,0.562189,0.003322,0.480271,1,3
spiked_het,het,spiked,17116,0.880597,0.890547,0.003322,0.355718,1,1
spiked_het,het,spiked,17117,0.144279,0.159204,0.003322,0.148468,1,3
spiked_het,het,spiked,17118,0.179104,0.39801,0.003322,0.712599,1,1
spiked_het,het,spiked,17119,0.616915,0.60199,0.003322,0.967843,1,3
spiked_het,het,spiked,17120,0.925373,0.636816,0.003322,0.984938,1,4
spiked_het,het,spiked,17121,0.437811,0.467662,0.003322,0.683121,1,1
spiked_het,het,spiked,17122,0.353234,0.492537,0.003322,0.134603,1,1
spiked_het,het,spiked,17123,0.920398,0.781095,0.003322,0.92171,1,1
spiked_het,het,spiked,17124,0.054726,0.029851,0.003322,0.41569,1,3
spiked_het,het,spiked,17125,0.39801,0.378109,0.003322,0.099482,1,2
spiked_het,het,spiked,17126,0.641791,0.427861,0.003322,0.312897,1,2
spiked_het,het,spiked,17127,0.676617,0.646766,0.003322,0.510357,1,2
spiked_het,het,spiked,17128,0.577114,0.636816,0.003322,0.707398,1,1
spiked_het,het,spiked,17129,0.447761,0.452736,0.003322,0.393008,1,4
spiked_het,het,spiked,17130,0.393035,0.427861,0.003322,0.434599,1,2
spiked_het,het,spiked,17131,0.736318,0.741294,0.003322,0.674003,1,1
spiked_het,het,spiked,17132,0.452736,0.328358,0.003322,0.974699,1,2
spiked_het,het,spiked,17133,0.726368,0.820896,0.003322,0.516044,1,1
spiked_het,het,spiked,17134,0.358209,0.283582,0.003322,0.917329,1,3
spiked_het,het,spiked,17135,0.855721,0.696517,0.003322,0.911384,1,4
spiked_het,het,spiked,17136,0.497512,0.383085,0.003322,0.323931,1,4
spiked_het,het,spiked,17137,0.144279,0.288557,0.003322,0.488477,1,2
spiked_het,het,spiked,17138,0.945274,0.900498,0.003322,0.973888,1,1
spiked_het,het,spiked,17139,0.099502,0.144279,0.003322,0.878977,1,1
spiked_het,het,spiked,17140,0.537313,0.432836,0.003322,0.110723,1,4
spiked_het,het,spiked,17141,0.626866,0.477612,0.003322,0.545074,1,2
spiked_het,het,spiked,17142,0.572139,0.696517,0.003322,0.198291,1,1
spiked_het,het,spiked,17143,0.865672,0.81592,0.003322,0.136181,1,4
spiked_het,het,spiked,17144,0.855721,0.820896,0.003322,0.608924,1,4
spiked_het,het,spiked,17145,0.034826,0.004975,0.003322,0.239688,1,1
spiked_het,het,spiked,17146,0.477612,0.318408,0.003322,0.243687,1,3
spiked_het,het,spiked,17147,0.383085,0.218905,0.003322,0.596551,1,1
spiked_het,het,spiked,17148,0.830846,0.855721,0.003322,0.450224,1,4
spiked_het,het,spiked,17149,0.721393,0.402985,0.003322,0.922829,1,4
spiked_het,het,spiked,17150,0.721393,0.512438,0.003322,0.871683,1,1
spiked_het,het,spiked,17151,0.497512,0.20398,0.003322,0.308257,0,1
spiked_het,het,spiked,17152,0.885572,0.870647,0.003322,0.373274,1,1
spiked_het,het,spiked,17153,0.134328,0.258706,0.003322,0.121266,1,1
spiked_het,het,spiked,17154,0.726368,0.756219,0.003322,0.31393,1,4
spiked_het,het,spiked,17155,0.835821,0.885572,0.003322,0.162439,1,4
spiked_het,het,spiked,17156,0.925373,0.930348,0.003322,0.265882,1,2
spiked_het,het,spiked,17157,0.656716,0.766169,0.003322,0.217079,1,4
spiked_het,het,spiked,17158,0.875622,0.935323,0.003322,0.269901,1,1
spiked_het,het,spiked,17159,0.263682,0.134328,0.003322,0.087267,1,1
spiked_het,het,spiked,17160,0.248756,0.233831,0.003322,0.116491,1,1
spiked_het,het,spiked,17161,0.746269,0.701493,0.003322,0.559537,1,4
spiked_het,het,spiked,17162,0.348259,0.228856,0.003322,0.630286,1,1
spiked_het,het,spiked,17163,0.313433,0.378109,0.003322,0.179415,1,2
spiked_het,het,spiked,17164,0.915423,0.830846,0.003322,0.986185,1,3
spiked_het,het,spiked,17165,0.537313,0.666667,0.003322,0.917209,1,2
spiked_het,het,spiked,17166,0.532338,0.472637,0.003322,0.985011,1,2
spiked_het,het,spiked,17167,0.616915,0.621891,0.003322,0.019508,1,3
spiked_het,het,spiked,17168,0.865672,0.716418,0.003322,0.288366,1,4
spiked_het,het,spiked,17169,0.621891,0.547264,0.003322,0.161961,1,1
spiked_het,het,spiked,17170,0.741294,0.691542,0.003322,0.391508,1,1
spiked_het,het,spiked,17171,0.646766,0.731343,0.003322,0.239356,0,1
spiked_het,het,spiked,17172,0.263682,0.164179,0.003322,0.124519,1,1
spiked_het,het,spiked,17173,0.18408,0.109453,0.003322,0.643613,1,4
spiked_het,het,spiked,17174,0.378109,0.422886,0.003322,0.408889,1,1
spiked_het,het,spiked,17175,0.099502,0.084577,0.003322,0.364583,1,1
spiked_het,het,spiked,17176,0.865672,0.870647,0.003322,0.20605,1,3
spiked_het,het,spiked,17177,0.517413,0.562189,0.003322,0.730648,1,1
spiked_het,het,spiked,17178,0.552239,0.761194,0.003322,0.342097,1,2
spiked_het,het,spiked,17179,0.895522,0.985075,0.003322,0.124732,1,1
spiked_het,het,spiked,17180,0.268657,0.238806,0.003322,0.136612,1,1
spiked_het,het,spiked,17181,0.40796,0.457711,0.003322,0.759196,0,2
spiked_het,het,spiked,17182,0.134328,0.402985,0.003322,0.491915,1,1
spiked_het,het,spiked,17183,0.905473,0.930348,0.003322,0.101355,1,2
spiked_het,het,spiked,17184,0.343284,0.293532,0.003322,0.801472,1,2
spiked_het,het,spiked,17185,0.139303,0.298507,0.003322,0.769876,1,4
spiked_het,het,spiked,17186,0.412935,0.512438,0.003322,0.256512,1,2
spiked_het,het,spiked,17187,0.860697,0.915423,0.003322,0.787749,1,1
spiked_het,het,spiked,17188,0.0199,0.114428,0.003322,0.703194,1,3
spiked_het,het,spiked,17189,0.537313,0.542289,0.003322,0.446482,1,3
spiked_het,het,spiked,17190,0.736318,0.621891,0.003322,0.070586,1,1
spiked_het,het,spiked,17191,0.19403,0.154229,0.003322,0.627366,1,1
spiked_het,het,spiked,17192,0.228856,0.199005,0.003322,0.598373,1,2
spiked_het,het,spiked,17193,0.935323,0.915423,0.003322,0.025631,1,1
spiked_het,het,spiked,17194,0.462687,0.298507,0.003322,0.090925,1,2
spiked_het,het,spiked,17195,0.641791,0.716418,0.003322,0.876132,1,2
spiked_het,het,spiked,17196,0.089552,0.134328,0.003322,0.26767,1,1
spiked_het,het,spiked,17197,0.557214,0.502488,0.003322,0.974668,1,2
spiked_het,het,spiked,17198,1.0,0.995025,0.003322,0.93814,1,4
spiked_het,het,spiked,17199,0.472637,0.492537,0.003322,0.486837,1,2
spiked_het,het,spiked,17200,0.034826,0.044776,0.003322,0.284369,1,1
spiked_het,het,spiked,17201,0.597015,0.721393,0.003322,0.548166,1,3
spiked_het,het,spiked,17202,0.870647,0.860697,0.003322,0.992548,1,1
spiked_het,het,spiked,17203,0.283582,0.283582,0.003322,0.884532,1,1
spiked_het,het,spiked,17204,0.825871,0.900498,0.003322,0.728446,1,4
spiked_het,het,spiked,17205,0.905473,0.930348,0.003322,0.163164,0,2
spiked_het,het,spiked,17206,0.273632,0.20398,0.003322,0.550927,1,1
spiked_het,het,spiked,17207,0.412935,0.467662,0.003322,0.383026,1,1
spiked_het,het,spiked,17208,0.064677,0.164179,0.003322,0.995649,1,1
spiked_het,het,spiked,17209,0.079602,0.253731,0.003322,0.88312,1,1
spiked_het,het,spiked,17210,0.328358,0.736318,0.003322,0.521895,1,2
spiked_het,het,spiked,17211,0.955224,0.965174,0.003322,0.230175,1,2
spiked_het,het,spiked,17212,0.512438,0.810945,0.003322,0.317028,1,1
spiked_het,het,spiked,17213,1.0,0.940299,0.003322,0.325973,1,1
spiked_het,het,spiked,17214,0.820896,0.81592,0.003322,0.344983,1,4
spiked_het,het,spiked,17215,0.875622,0.691542,0.003322,0.521005,1,3
spiked_het,het,spiked,17216,0.109453,0.089552,0.003322,0.022122,1,2
spiked_het,het,spiked,17217,0.716418,0.61194,0.003322,0.385562,1,4
spiked_het,het,spiked,17218,0.507463,0.432836,0.003322,0.874514,1,2
spiked_het,het,spiked,17219,0.532338,0.572139,0.003322,0.130507,1,4
spiked_het,het,spiked,17220,0.606965,0.661692,0.003322,0.468967,1,2
spiked_het,het,spiked,17221,0.20398,0.164179,0.003322,0.027969,1,1
spiked_het,het,spiked,17222,0.199005,0.263682,0.003322,0.651181,1,3
spiked_het,het,spiked,17223,0.845771,0.885572,0.003322,0.919414,1,2
spiked_het,het,spiked,17224,0.0199,0.039801,0.003322,0.092413,1,1
spiked_het,het,spiked,17225,0.19403,0.089552,0.003322,0.413481,1,2
spiked_het,het,spiked,17226,0.248756,0.208955,0.003322,0.74988,1,2
spiked_het,het,spiked,17227,0.985075,0.9801,0.003322,0.555558,1,1
spiked_het,het,spiked,17228,0.313433,0.472637,0.003322,0.772096,1,3
spiked_het,het,spiked,17229,0.323383,0.338308,0.003322,0.062909,1,2
spiked_het,het,spiked,17230,0.149254,0.19403,0.003322,0.337528,1,3
spiked_het,het,spiked,17231,0.726368,0.80597,0.003322,0.77177,1,1
spiked_het,het,spiked,17232,0.044776,0.024876,0.003322,0.951277,1,4
spiked_het,het,spiked,17233,0.373134,0.268657,0.003322,0.260345,1,3
spiked_het,het,spiked,17234,0.552239,0.308458,0.003322,0.666692,0,2
spiked_het,het,spiked,17235,0.631841,0.472637,0.003322,0.519256,1,1
spiked_het,het,spiked,17236,0.074627,0.124378,0.003322,0.390059,1,2
spiked_het,het,spiked,17237,0.78607,0.666667,0.003322,0.406731,1,2
spiked_het,het,spiked,17238,0.059701,0.109453,0.003322,0.599818,1,1
spiked_het,het,spiked,17239,0.492537,0.547264,0.003322,0.309028,1,2
spiked_het,het,spiked,17240,0.487562,0.58209,0.003322,0.04074,1,2
spiked_het,het,spiked,17241,0.820896,0.870647,0.003322,0.318154,1,1
spiked_het,het,spiked,17242,0.800995,0.791045,0.003322,0.042062,1,1
spiked_het,het,spiked,17243,0.696517,0.606965,0.003322,0.961149,1,1
spiked_het,het,spiked,17244,0.238806,0.248756,0.003322,0.781959,1,1
spiked_het,het,spiked,17245,0.626866,0.726368,0.003322,0.6467,1,1
spiked_het,het,spiked,17246,0.104478,0.174129,0.003322,0.237888,1,2
spiked_het,het,spiked,17247,0.641791,0.626866,0.003322,0.758619,1,3
spiked_het,het,spiked,17248,0.054726,0.084577,0.003322,0.91762,1,1
spiked_het,het,spiked,17249,0.776119,0.825871,0.003322,0.715094,1,2
spiked_het,het,spiked,17250,0.208955,0.228856,0.003322,0.484821,0,3
spiked_het,het,spiked,17251,0.378109,0.38806,0.003322,0.568375,1,1
spiked_het,het,spiked,17252,0.995025,0.955224,0.003322,0.130039,0,2
spiked_het,het,spiked,17253,0.228856,0.343284,0.003322,0.969991,1,3
spiked_het,het,spiked,17254,0.039801,0.129353,0.003322,0.402778,1,1
spiked_het,het,spiked,17255,0.502488,0.567164,0.003322,0.380282,1,3
spiked_het,het,spiked,17256,0.348259,0.447761,0.003322,0.392542,1,2
spiked_het,het,spiked,17257,0.20398,0.139303,0.003322,0.240414,1,3
spiked_het,het,spiked,17258,0.965174,0.865672,0.003322,0.962437,0,4
spiked_het,het,spiked,17259,0.343284,0.368159,0.003322,0.503043,1,4
spiked_het,het,spiked,17260,0.761194,0.666667,0.003322,0.277803,0,4
spiked_het,het,spiked,17261,0.746269,0.840796,0.003322,0.380754,1,4
spiked_het,het,spiked,17262,0.915423,0.950249,0.003322,0.714116,1,1
spiked_het,het,spiked,17263,0.791045,0.771144,0.003322,0.346396,1,2
spiked_het,het,spiked,17264,0.049751,0.218905,0.003322,0.903967,1,1
spiked_het,het,spiked,17265,0.383085,0.562189,0.003322,0.944043,1,4
spiked_het,het,spiked,17266,0.855721,0.80597,0.003322,0.130723,1,4
spiked_het,het,spiked,17267,0.164179,0.124378,0.003322,0.253399,1,4
spiked_het,het,spiked,17268,0.109453,0.079602,0.003322,0.396169,1,1
spiked_het,het,spiked,17269,0.169154,0.114428,0.003322,0.457418,1,3
spiked_het,het,spiked,17270,0.850746,0.905473,0.003322,0.028259,1,1
spiked_het,het,spiked,17271,0.995025,0.9801,0.003322,0.737792,1,4
spiked_het,het,spiked,17272,0.472637,0.482587,0.003322,0.41458,1,1
spiked_het,het,spiked,17273,0.373134,0.40796,0.003322,0.381761,1,4
spiked_het,het,spiked,17274,0.268657,0.20398,0.003322,0.000722,1,1
spiked_het,het,spiked,17275,0.412935,0.238806,0.003322,0.169085,1,4
spiked_het,het,spiked,17276,1.0,0.930348,0.003322,0.998273,1,1
spiked_het,het,spiked,17277,0.572139,0.696517,0.003322,0.212622,0,2
spiked_het,het,spiked,17278,0.288557,0.40796,0.003322,0.478481,1,4
spiked_het,het,spiked,17279,0.626866,0.756219,0.003322,0.24966,1,1
spiked_het,het,spiked,17280,0.621891,0.38806,0.003322,0.106184,1,1
spiked_het,het,spiked,17281,0.945274,0.895522,0.003322,0.62009,1,2
spiked_het,het,spiked,17282,0.776119,0.945274,0.003322,0.631501,1,3
spiked_het,het,spiked,17283,0.089552,0.074627,0.003322,0.787663,1,1
spiked_het,het,spiked,17284,0.169154,0.099502,0.003322,0.642272,1,2
spiked_het,het,spiked,17285,0.208955,0.248756,0.003322,0.648352,1,1
spiked_het,het,spiked,17286,0.900498,0.905473,0.003322,0.373888,1,3
spiked_het,het,spiked,17287,0.761194,0.721393,0.003322,0.941043,1,1
spiked_het,het,spiked,17288,0.865672,0.81592,0.003322,0.154222,0,3
spiked_het,het,spiked,17289,0.084577,0.0199,0.003322,0.042134,1,2
spiked_het,het,spiked,17290,1.0,0.950249,0.003322,0.456341,1,4
spiked_het,het,spiked,17291,0.383085,0.716418,0.003322,0.312445,1,1
spiked_het,het,spiked,17292,0.686567,0.771144,0.003322,0.793374,1,3
spiked_het,het,spiked,17293,0.218905,0.199005,0.003322,0.249639,1,3
spiked_het,het,spiked,17294,0.771144,0.696517,0.003322,0.327633,1,4
spiked_het,het,spiked,17295,0.457711,0.432836,0.003322,0.619654,1,1
spiked_het,het,spiked,17296,0.706468,0.701493,0.003322,0.753627,1,1
spiked_het,het,spiked,17297,0.164179,0.094527,0.003322,0.56586,1,3
spiked_het,het,spiked,17298,0.925373,0.9801,0.003322,0.127591,1,2
spiked_het,het,spiked,17299,0.034826,0.18408,0.003322,0.265186,1,1
break_d1_het,het,break_d1,17000,0.985075,0.9801,0.003322,0.643966,1,1
break_d1_het,het,break_d1,17001,0.318408,0.328358,0.003322,0.715262,1,2
break_d1_het,het,break_d1,17002,0.552239,0.771144,0.003322,0.282434,1,1
break_d1_het,het,break_d1,17003,0.164179,0.199005,0.003322,0.344943,1,1
break_d1_het,het,break_d1,17004,0.502488,0.577114,0.003322,0.692272,1,3
break_d1_het,het,break_d1,17005,0.517413,0.706468,0.003322,0.598711,1,2
break_d1_het,het,break_d1,17006,0.900498,0.855721,0.003322,0.579334,1,4
break_d1_het,het,break_d1,17007,0.532338,0.41791,0.003322,0.98002,1,4
break_d1_het,het,break_d1,17008,0.691542,0.40796,0.003322,0.594424,1,3
break_d1_het,het,break_d1,17009,0.169154,0.199005,0.003322,0.740744,1,3
break_d1_het,het,break_d1,17010,0.079602,0.099502,0.003322,0.064143,1,3
break_d1_het,het,break_d1,17011,0.263682,0.492537,0.003322,0.100292,1,3
break_d1_het,het,break_d1,17012,0.174129,0.522388,0.003322,0.468533,1,3
break_d1_het,het,break_d1,17013,0.527363,0.552239,0.003322,0.774978,1,1
break_d1_het,het,break_d1,17014,0.940299,0.686567,0.003322,0.642676,1,4
break_d1_het,het,break_d1,17015,0.21393,0.263682,0.003322,0.145464,1,2
break_d1_het,het,break_d1,17016,0.711443,0.502488,0.003322,0.880076,1,1
break_d1_het,het,break_d1,17017,0.099502,0.179104,0.003322,0.649749,1,2
break_d1_het,het,break_d1,17018,0.557214,0.666667,0.003322,0.191012,1,1
break_d1_het,het,break_d1,17019,0.223881,0.199005,0.003322,0.987493,1,3
break_d1_het,het,break_d1,17020,0.218905,0.318408,0.003322,0.678,1,1
break_d1_het,het,break_d1,17021,0.328358,0.263682,0.003322,0.783816,1,2
break_d1_het,het,break_d1,17022,0.631841,0.676617,0.003322,0.922105,1,1
break_d1_het,het,break_d1,17023,0.199005,0.283582,0.003322,0.603244,1,2
break_d1_het,het,break_d1,17024,0.343284,0.21393,0.003322,0.06012,1,4
break_d1_het,het,break_d1,17025,0.960199,0.965174,0.003322,0.834209,1,2
break_d1_het,het,break_d1,17026,0.950249,0.945274,0.003322,0.249516,1,1
break_d1_het,het,break_d1,17027,0.776119,0.860697,0.003322,0.610112,1,4
break_d1_het,het,break_d1,17028,0.781095,0.731343,0.003322,0.153075,1,4
break_d1_het,het,break_d1,17029,0.995025,0.9801,0.003322,0.095968,1,2
break_d1_het,het,break_d1,17030,0.174129,0.119403,0.003322,0.633339,1,4
break_d1_het,het,break_d1,17031,0.029851,0.039801,0.003322,0.773031,1,2
break_d1_het,het,break_d1,17032,0.432836,0.656716,0.003322,0.431009,1,4
break_d1_het,het,break_d1,17033,0.547264,0.442786,0.003322,0.766556,1,2
break_d1_het,het,break_d1,17034,0.41791,0.547264,0.003322,0.46641,1,1
break_d1_het,het,break_d1,17035,0.383085,0.587065,0.003322,0.413743,1,2
break_d1_het,het,break_d1,17036,0.298507,0.363184,0.003322,0.790743,1,1
break_d1_het,het,break_d1,17037,0.373134,0.507463,0.003322,0.03259,1,3
break_d1_het,het,break_d1,17038,0.776119,0.900498,0.003322,0.212711,1,4
break_d1_het,het,break_d1,17039,0.681592,0.597015,0.003322,0.204546,1,1
break_d1_het,het,break_d1,17040,0.631841,0.626866,0.003322,0.7868,1,1
break_d1_het,het,break_d1,17041,0.507463,0.333333,0.003322,0.362106,1,1
break_d1_het,het,break_d1,17042,0.154229,0.079602,0.003322,0.432711,1,1
break_d1_het,het,break_d1,17043,0.60199,0.706468,0.003322,0.808749,1,3
break_d1_het,het,break_d1,17044,0.059701,0.243781,0.003322,0.66972,1,4
break_d1_het,het,break_d1,17045,0.756219,0.781095,0.003322,0.825345,1,2
break_d1_het,het,break_d1,17046,0.736318,0.492537,0.003322,0.580901,1,1
break_d1_het,het,break_d1,17047,0.233831,0.179104,0.003322,0.031881,1,3
break_d1_het,het,break_d1,17048,0.278607,0.248756,0.003322,0.035553,1,2
break_d1_het,het,break_d1,17049,0.089552,0.114428,0.003322,0.996336,1,1
break_d1_het,het,break_d1,17050,0.572139,0.537313,0.003322,0.042052,1,1
break_d1_het,het,break_d1,17051,0.641791,0.442786,0.003322,0.710928,1,1
break_d1_het,het,break_d1,17052,0.840796,0.557214,0.003322,0.357127,1,2
break_d1_het,het,break_d1,17053,0.960199,0.965174,0.003322,0.487832,1,1
break_d1_het,het,break_d1,17054,0.965174,0.791045,0.003322,0.864269,1,1
break_d1_het,het,break_d1,17055,0.154229,0.124378,0.003322,0.757264,1,1
break_d1_het,het,break_d1,17056,0.199005,0.124378,0.003322,0.097711,1,2
break_d1_het,het,break_d1,17057,0.258706,0.243781,0.003322,0.425321,1,1
break_d1_het,het,break_d1,17058,0.59204,0.686567,0.003322,0.817615,1,1
break_d1_het,het,break_d1,17059,0.507463,0.313433,0.003322,0.969416,1,3
break_d1_het,het,break_d1,17060,0.41791,0.383085,0.003322,0.542108,0,3
break_d1_het,het,break_d1,17061,0.313433,0.562189,0.003322,0.855885,1,1
break_d1_het,het,break_d1,17062,0.721393,0.542289,0.003322,0.897389,1,1
break_d1_het,het,break_d1,17063,0.049751,0.079602,0.003322,0.603871,1,1
break_d1_het,het,break_d1,17064,0.671642,0.776119,0.003322,0.774696,1,1
break_d1_het,het,break_d1,17065,0.557214,0.462687,0.003322,0.702058,1,2
break_d1_het,het,break_d1,17066,0.238806,0.373134,0.003322,0.345783,1,2
break_d1_het,het,break_d1,17067,0.40796,0.303483,0.003322,0.635936,1,3
break_d1_het,het,break_d1,17068,0.293532,0.20398,0.003322,0.943945,1,1
break_d1_het,het,break_d1,17069,0.726368,0.676617,0.003322,0.211056,1,2
break_d1_het,het,break_d1,17070,0.751244,0.905473,0.003322,0.243657,1,1
break_d1_het,het,break_d1,17071,0.80597,0.900498,0.003322,0.506663,1,3
break_d1_het,het,break_d1,17072,0.736318,0.830846,0.003322,0.723326,1,1
break_d1_het,het,break_d1,17073,0.845771,0.681592,0.003322,0.595994,1,3
break_d1_het,het,break_d1,17074,0.00995,0.024876,0.003322,0.649541,1,1
break_d1_het,het,break_d1,17075,0.621891,0.631841,0.003322,0.639788,1,2
break_d1_het,het,break_d1,17076,0.263682,0.39801,0.003322,0.581501,1,4
break_d1_het,het,break_d1,17077,0.502488,0.278607,0.003322,0.538011,1,1
break_d1_het,het,break_d1,17078,0.248756,0.328358,0.003322,0.478226,1,3
break_d1_het,het,break_d1,17079,0.457711,0.208955,0.003322,0.19096,1,2
break_d1_het,het,break_d1,17080,0.522388,0.502488,0.003322,0.884788,1,1
break_d1_het,het,break_d1,17081,0.124378,0.19403,0.003322,0.53105,1,3
break_d1_het,het,break_d1,17082,0.074627,0.179104,0.003322,0.908825,1,1
break_d1_het,het,break_d1,17083,0.726368,0.701493,0.003322,0.23295,1,4
break_d1_het,het,break_d1,17084,0.626866,0.477612,0.003322,0.712992,1,1
break_d1_het,het,break_d1,17085,0.870647,0.915423,0.003322,0.300929,1,2
break_d1_het,het,break_d1,17086,0.835821,0.79602,0.003322,0.920301,1,4
break_d1_het,het,break_d1,17087,0.985075,0.850746,0.003322,0.404828,1,1
break_d1_het,het,break_d1,17088,0.169154,0.293532,0.003322,0.226527,1,1
break_d1_het,het,break_d1,17089,0.054726,0.159204,0.003322,0.096123,1,1
break_d1_het,het,break_d1,17090,0.427861,0.512438,0.003322,0.820287,0,2
break_d1_het,het,break_d1,17091,0.084577,0.059701,0.003322,0.270474,0,1
break_d1_het,het,break_d1,17092,0.965174,0.79602,0.003322,0.741677,1,4
break_d1_het,het,break_d1,17093,0.547264,0.527363,0.003322,0.492905,1,4
break_d1_het,het,break_d1,17094,0.373134,0.393035,0.003322,0.381438,1,1
break_d1_het,het,break_d1,17095,0.59204,0.437811,0.003322,0.268333,1,1
break_d1_het,het,break_d1,17096,0.781095,0.81592,0.003322,0.46622,1,3
break_d1_het,het,break_d1,17097,0.328358,0.20398,0.003322,0.651578,1,2
break_d1_het,het,break_d1,17098,0.542289,0.502488,0.003322,0.618917,0,1
break_d1_het,het,break_d1,17099,0.915423,0.736318,0.003322,0.211109,1,1
break_d1_het,het,break_d1,17100,0.671642,0.522388,0.003322,0.186939,1,2
break_d1_het,het,break_d1,17101,0.402985,0.378109,0.003322,0.038599,1,2
break_d1_het,het,break_d1,17102,0.81592,0.845771,0.003322,0.295206,1,1
break_d1_het,het,break_d1,17103,0.671642,0.666667,0.003322,0.590756,1,2
break_d1_het,het,break_d1,17104,0.59204,0.676617,0.003322,0.628183,1,3
break_d1_het,het,break_d1,17105,0.139303,0.159204,0.003322,0.704505,1,4
break_d1_het,het,break_d1,17106,0.517413,0.557214,0.003322,0.895862,1,1
break_d1_het,het,break_d1,17107,0.676617,0.557214,0.003322,0.027573,1,1
break_d1_het,het,break_d1,17108,0.736318,0.671642,0.003322,0.509078,1,1
break_d1_het,het,break_d1,17109,0.631841,0.746269,0.003322,0.718831,0,2
break_d1_het,het,break_d1,17110,0.273632,0.273632,0.003322,0.878804,1,2
break_d1_het,het,break_d1,17111,0.666667,0.532338,0.003322,0.87091,1,1
break_d1_het,het,break_d1,17112,0.358209,0.288557,0.003322,0.774731,1,1
break_d1_het,het,break_d1,17113,0.18408,0.139303,0.003322,0.267457,1,2
break_d1_het,het,break_d1,17114,0.955224,0.965174,0.003322,0.308913,1,4
break_d1_het,het,break_d1,17115,0.512438,0.562189,0.003322,0.480271,1,3
break_d1_het,het,break_d1,17116,0.880597,0.890547,0.003322,0.355718,1,1
break_d1_het,het,break_d1,17117,0.144279,0.159204,0.003322,0.148468,1,3
break_d1_het,het,break_d1,17118,0.179104,0.39801,0.003322,0.712599,1,1
break_d1_het,het,break_d1,17119,0.616915,0.60199,0.003322,0.967843,1,3
break_d1_het,het,break_d1,17120,0.925373,0.636816,0.003322,0.984938,1,4
break_d1_het,het,break_d1,17121,0.437811,0.467662,0.003322,0.683121,1,1
break_d1_het,het,break_d1,17122,0.353234,0.492537,0.003322,0.134603,1,1
break_d1_het,het,break_d1,17123,0.920398,0.781095,0.003322,0.92171,1,1
break_d1_het,het,break_d1,17124,0.054726,0.029851,0.003322,0.41569,1,3
break_d1_het,het,break_d1,17125,0.39801,0.378109,0.003322,0.099482,1,2
break_d1_het,het,break_d1,17126,0.641791,0.427861,0.003322,0.312897,1,2
break_d1_het,het,break_d1,17127,0.676617,0.646766,0.003322,0.510357,1,2
break_d1_het,het,break_d1,17128,0.577114,0.636816,0.003322,0.707398,1,1
break_d1_het,het,break_d1,17129,0.447761,0.452736,0.003322,0.393008,1,4
break_d1_het,het,break_d1,17130,0.393035,0.427861,0.003322,0.434599,1,2
break_d1_het,het,break_d1,17131,0.736318,0.741294,0.003322,0.674003,1,1
break_d1_het,het,break_d1,17132,0.452736,0.328358,0.003322,0.974699,1,2
break_d1_het,het,break_d1,17133,0.726368,0.820896,0.003322,0.516044,1,1
break_d1_het,het,break_d1,17134,0.358209,0.283582,0.003322,0.917329,1,3
break_d1_het,het,break_d1,17135,0.855721,0.696517,0.003322,0.911384,1,4
break_d1_het,het,break_d1,17136,0.497512,0.383085,0.003322,0.323931,1,4
break_d1_het,het,break_d1,17137,0.144279,0.288557,0.003322,0.488477,1,2
break_d1_het,het,break_d1,17138,0.945274,0.900498,0.003322,0.973888,1,1
break_d1_het,het,break_d1,17139,0.099502,0.144279,0.003322,0.878977,1,1
break_d1_het,het,break_d1,17140,0.537313,0.432836,0.003322,0.110723,1,4
break_d1_het,het,break_d1,17141,0.626866,0.477612,0.003322,0.545074,1,2
break_d1_het,het,break_d1,17142,0.572139,0.696517,0.003322,0.198291,1,1
break_d1_het,het,break_d1,17143,0.865672,0.81592,0.003322,0.136181,1,4
break_d1_het,het,break_d1,17144,0.855721,0.820896,0.003322,0.608924,1,4
break_d1_het,het,break_d1,17145,0.034826,0.004975,0.003322,0.239688,1,1
break_d1_het,het,break_d1,17146,0.477612,0.318408,0.003322,0.243687,1,3
break_d1_het,het,break_d1,17147,0.383085,0.218905,0.003322,0.596551,1,1
break_d1_het,het,break_d1,17148,0.830846,0.855721,0.003322,0.450224,1,4
break_d1_het,het,break_d1,17149,0.721393,0.402985,0.003322,0.922829,1,4
break_d1_het,het,break_d1,17150,0.721393,0.512438,0.003322,0.871683,1,1
break_d1_het,het,break_d1,17151,0.497512,0.20398,0.003322,0.308257,0,1
break_d1_het,het,break_d1,17152,0.885572,0.870647,0.003322,0.373274,1,1
break_d1_het,het,break_d1,17153,0.134328,0.258706,0.003322,0.121266,1,1
break_d1_het,het,break_d1,17154,0.726368,0.756219,0.003322,0.31393,1,4
break_d1_het,het,break_d1,17155,0.835821,0.885572,0.003322,0.162439,1,4
break_d1_het,het,break_d1,17156,0.925373,0.930348,0.003322,0.265882,1,2
break_d1_het,het,break_d1,17157,0.656716,0.766169,0.003322,0.217079,1,4
break_d1_het,het,break_d1,17158,0.875622,0.935323,0.003322,0.269901,1,1
break_d1_het,het,break_d1,17159,0.263682,0.134328,0.003322,0.087267,1,1
break_d1_het,het,break_d1,17160,0.248756,0.233831,0.003322,0.116491,1,1
break_d1_het,het,break_d1,17161,0.746269,0.701493,0.003322,0.559537,1,4
break_d1_het,het,break_d1,17162,0.348259,0.228856,0.003322,0.630286,1,1
break_d1_het,het,break_d1,17163,0.313433,0.378109,0.003322,0.179415,1,2
break_d1_het,het,break_d1,17164,0.915423,0.830846,0.003322,0.986185,1,3
break_d1_het,het,break_d1,17165,0.537313,0.666667,0.003322,0.917209,1,2
break_d1_het,het,break_d1,17166,0.532338,0.472637,0.003322,0.985011,1,2
break_d1_het,het,break_d1,17167,0.616915,0.621891,0.003322,0.019508,1,3
break_d1_het,het,break_d1,17168,0.865672,0.716418,0.003322,0.288366,1,4
break_d1_het,het,break_d1,17169,0.621891,0.547264,0.003322,0.161961,1,1
break_d1_het,het,break_d1,17170,0.741294,0.691542,0.003322,0.391508,1,1
break_d1_het,het,break_d1,17171,0.646766,0.731343,0.003322,0.239356,0,1
break_d1_het,het,break_d1,17172,0.263682,0.164179,0.003322,0.124519,1,1
break_d1_het,het,break_d1,17173,0.18408,0.109453,0.003322,0.643613,1,4
break_d1_het,het,break_d1,17174,0.378109,0.422886,0.003322,0.408889,1,1
break_d1_het,het,break_d1,17175,0.099502,0.084577,0.003322,0.364583,1,1
break_d1_het,het,break_d1,17176,0.865672,0.870647,0.003322,0.20605,1,3
break_d1_het,het,break_d1,17177,0.517413,0.562189,0.003322,0.730648,1,1
break_d1_het,het,break_d1,17178,0.552239,0.761194,0.003322,0.342097,1,2
break_d1_het,het,break_d1,17179,0.895522,0.985075,0.003322,0.124732,1,1
break_d1_het,het,break_d1,17180,0.268657,0.238806,0.003322,0.136612,1,1
break_d1_het,het,break_d1,17181,0.40796,0.457711,0.003322,0.759196,0,2
break_d1_het,het,break_d1,17182,0.134328,0.402985,0.003322,0.491915,1,1
break_d1_het,het,break_d1,17183,0.905473,0.930348,0.003322,0.101355,1,2
break_d1_het,het,break_d1,17184,0.343284,0.293532,0.003322,0.801472,1,2
break_d1_het,het,break_d1,17185,0.139303,0.298507,0.003322,0.769876,1,4
break_d1_het,het,break_d1,17186,0.412935,0.512438,0.003322,0.256512,1,2
break_d1_het,het,break_d1,17187,0.860697,0.915423,0.003322,0.787749,1,1
break_d1_het,het,break_d1,17188,0.0199,0.114428,0.003322,0.703194,1,3
break_d1_het,het,break_d1,17189,0.537313,0.542289,0.003322,0.446482,1,3
break_d1_het,het,break_d1,17190,0.736318,0.621891,0.003322,0.070586,1,1
break_d1_het,het,break_d1,17191,0.19403,0.154229,0.003322,0.627366,1,1
break_d1_het,het,break_d1,17192,0.228856,0.199005,0.003322,0.598373,1,2
break_d1_het,het,break_d1,17193,0.935323,0.915423,0.003322,0.025631,1,1
break_d1_het,het,break_d1,17194,0.462687,0.298507,0.003322,0.090925,1,2
break_d1_het,het,break_d1,17195,0.641791,0.716418,0.003322,0.876132,1,2
break_d1_het,het,break_d1,17196,0.089552,0.134328,0.003322,0.26767,1,1
break_d1_het,het,break_d1,17197,0.557214,0.502488,0.003322,0.974668,1,2
break_d1_het,het,break_d1,17198,1.0,0.995025,0.003322,0.93814,1,4
break_d1_het,het,break_d1,17199,0.472637,0.492537,0.003322,0.486837,1,2
break_d1_het,het,break_d1,17200,0.034826,0.044776,0.003322,0.284369,1,1
break_d1_het,het,break_d1,17201,0.597015,0.721393,0.003322,0.548166,1,3
break_d1_het,het,break_d1,17202,0.870647,0.860697,0.003322,0.992548,1,1
break_d1_het,het,break_d1,17203,0.283582,0.283582,0.003322,0.884532,1,1
break_d1_het,het,break_d1,17204,0.825871,0.900498,0.003322,0.728446,1,4
break_d1_het,het,break_d1,17205,0.905473,0.930348,0.003322,0.163164,0,2
break_d1_het,het,break_d1,17206,0.273632,0.20398,0.003322,0.550927,1,1
break_d1_het,het,break_d1,17207,0.412935,0.467662,0.003322,0.383026,1,1
break_d1_het,het,break_d1,17208,0.064677,0.164179,0.003322,0.995649,1,1
break_d1_het,het,break_d1,17209,0.079602,0.253731,0.003322,0.88312,1,1
break_d1_het,het,break_d1,17210,0.328358,0.736318,0.003322,0.521895,1,2
break_d1_het,het,break_d1,17211,0.955224,0.965174,0.003322,0.230175,1,2
break_d1_het,het,break_d1,17212,0.512438,0.810945,0.003322,0.317028,1,1
break_d1_het,het,break_d1,17213,1.0,0.940299,0.003322,0.325973,1,1
break_d1_het,het,break_d1,17214,0.820896,0.81592,0.003322,0.344983,1,4
break_d1_het,het,break_d1,17215,0.875622,0.691542,0.003322,0.521005,1,3
break_d1_het,het,break_d1,17216,0.109453,0.089552,0.003322,0.022122,1,2
break_d1_het,het,break_d1,17217,0.716418,0.61194,0.003322,0.385562,1,4
break_d1_het,het,break_d1,17218,0.507463,0.432836,0.003322,0.874514,1,2
break_d1_het,het,break_d1,17219,0.532338,0.572139,0.003322,0.130507,1,4
break_d1_het,het,break_d1,17220,0.606965,0.661692,0.003322,0.468967,1,2
break_d1_het,het,break_d1,17221,0.20398,0.164179,0.003322,0.027969,1,1
break_d1_het,het,break_d1,17222,0.199005,0.263682,0.003322,0.651181,1,3
break_d1_het,het,break_d1,17223,0.845771,0.885572,0.003322,0.919414,1,2
break_d1_het,het,break_d1,17224,0.0199,0.039801,0.003322,0.092413,1,1
break_d1_het,het,break_d1,17225,0.19403,0.089552,0.003322,0.413481,1,2
break_d1_het,het,break_d1,17226,0.248756,0.208955,0.003322,0.74988,1,2
break_d1_het,het,break_d1,17227,0.985075,0.9801,0.003322,0.555558,1,1
break_d1_het,het,break_d1,17228,0.313433,0.472637,0.003322,0.772096,1,3
break_d1_het,het,break_d1,17229,0.323383,0.338308,0.003322,0.062909,1,2
break_d1_het,het,break_d1,17230,0.149254,0.19403,0.003322,0.337528,1,3
break_d1_het,het,break_d1,17231,0.726368,0.80597,0.003322,0.77177,1,1
break_d1_het,het,break_d1,17232,0.044776,0.024876,0.003322,0.951277,1,4
break_d1_het,het,break_d1,17233,0.373134,0.268657,0.003322,0.260345,1,3
break_d1_het,het,break_d1,17234,0.552239,0.308458,0.003322,0.666692,0,2
break_d1_het,het,break_d1,17235,0.631841,0.472637,0.003322,0.519256,1,1
break_d1_het,het,break_d1,17236,0.074627,0.124378,0.003322,0.390059,1,2
break_d1_het,het,break_d1,17237,0.78607,0.666667,0.003322,0.406731,1,2
break_d1_het,het,break_d1,17238,0.059701,0.109453,0.003322,0.599818,1,1
break_d1_het,het,break_d1,17239,0.492537,0.547264,0.003322,0.309028,1,2
break_d1_het,het,break_d1,17240,0.487562,0.58209,0.003322,0.04074,1,2
break_d1_het,het,break_d1,17241,0.820896,0.870647,0.003322,0.318154,1,1
break_d1_het,het,break_d1,17242,0.800995,0.791045,0.003322,0.042062,1,1
break_d1_het,het,break_d1,17243,0.696517,0.606965,0.003322,0.961149,1,1
break_d1_het,het,break_d1,17244,0.238806,0.248756,0.003322,0.781959,1,1
break_d1_het,het,break_d1,17245,0.626866,0.726368,0.003322,0.6467,1,1
break_d1_het,het,break_d1,17246,0.104478,0.174129,0.003322,0.237888,1,2
break_d1_het,het,break_d1,17247,0.641791,0.626866,0.003322,0.758619,1,3
break_d1_het,het,break_d1,17248,0.054726,0.084577,0.003322,0.91762,1,1
break_d1_het,het,break_d1,17249,0.776119,0.825871,0.003322,0.715094,1,2
break_d1_het,het,break_d1,17250,0.208955,0.228856,0.003322,0.484821,0,3
break_d1_het,het,break_d1,17251,0.378109,0.38806,0.003322,0.568375,1,1
break_d1_het,het,break_d1,17252,0.995025,0.955224,0.003322,0.130039,0,2
break_d1_het,het,break_d1,17253,0.228856,0.343284,0.003322,0.969991,1,3
break_d1_het,het,break_d1,17254,0.039801,0.129353,0.003322,0.402778,1,1
break_d1_het,het,break_d1,17255,0.502488,0.567164,0.003322,0.380282,1,3
break_d1_het,het,break_d1,17256,0.348259,0.447761,0.003322,0.392542,1,2
break_d1_het,het,break_d1,17257,0.20398,0.139303,0.003322,0.240414,1,3
break_d1_het,het,break_d1,17258,0.965174,0.865672,0.003322,0.962437,0,4
break_d1_het,het,break_d1,17259,0.343284,0.368159,0.003322,0.503043,1,4
break_d1_het,het,break_d1,17260,0.761194,0.666667,0.003322,0.277803,0,4
break_d1_het,het,break_d1,17261,0.746269,0.840796,0.003322,0.380754,1,4
break_d1_het,het,break_d1,17262,0.915423,0.950249,0.003322,0.714116,1,1
break_d1_het,het,break_d1,17263,0.791045,0.771144,0.003322,0.346396,1,2
break_d1_het,het,break_d1,17264,0.049751,0.218905,0.003322,0.903967,1,1
break_d1_het,het,break_d1,17265,0.383085,0.562189,0.003322,0.944043,1,4
break_d1_het,het,break_d1,17266,0.855721,0.80597,0.003322,0.130723,1,4
break_d1_het,het,break_d1,17267,0.164179,0.124378,0.003322,0.253399,1,4
break_d1_het,het,break_d1,17268,0.109453,0.079602,0.003322,0.396169,1,1
break_d1_het,het,break_d1,17269,0.169154,0.114428,0.003322,0.457418,1,3
break_d1_het,het,break_d1,17270,0.850746,0.905473,0.003322,0.028259,1,1
break_d1_het,het,break_d1,17271,0.995025,0.9801,0.003322,0.737792,1,4
break_d1_het,het,break_d1,17272,0.472637,0.482587,0.003322,0.41458,1,1
break_d1_het,het,break_d1,17273,0.373134,0.40796,0.003322,0.381761,1,4
break_d1_het,het,break_d1,17274,0.268657,0.20398,0.003322,0.000722,1,1
break_d1_het,het,break_d1,17275,0.412935,0.238806,0.003322,0.169085,1,4
break_d1_het,het,break_d1,17276,1.0,0.930348,0.003322,0.998273,1,1
break_d1_het,het,break_d1,17277,0.572139,0.696517,0.003322,0.212622,0,2
break_d1_het,het,break_d1,17278,0.288557,0.40796,0.003322,0.478481,1,4
break_d1_het,het,break_d1,17279,0.626866,0.756219,0.003322,0.24966,1,1
break_d1_het,het,break_d1,17280,0.621891,0.38806,0.003322,0.106184,1,1
break_d1_het,het,break_d1,17281,0.945274,0.895522,0.003322,0.62009,1,2
break_d1_het,het,break_d1,17282,0.776119,0.945274,0.003322,0.631501,1,3
break_d1_het,het,break_d1,17283,0.089552,0.074627,0.003322,0.787663,1,1
break_d1_het,het,break_d1,17284,0.169154,0.099502,0.003322,0.642272,1,2
break_d1_het,het,break_d1,17285,0.208955,0.248756,0.003322,0.648352,1,1
break_d1_het,het,break_d1,17286,0.900498,0.905473,0.003322,0.373888,1,3
break_d1_het,het,break_d1,17287,0.761194,0.721393,0.003322,0.941043,1,1
break_d1_het,het,break_d1,17288,0.865672,0.81592,0.003322,0.154222,0,3
break_d1_het,het,break_d1,17289,0.084577,0.0199,0.003322,0.042134,1,2
break_d1_het,het,break_d1,17290,1.0,0.950249,0.003322,0.456341,1,4
break_d1_het,het,break_d1,17291,0.383085,0.716418,0.003322,0.312445,1,1
break_d1_het,het,break_d1,17292,0.686567,0.771144,0.003322,0.793374,1,3
break_d1_het,het,break_d1,17293,0.218905,0.199005,0.003322,0.249639,1,3
break_d1_het,het,break_d1,17294,0.771144,0.696517,0.003322,0.327633,1,4
break_d1_het,het,break_d1,17295,0.457711,0.432836,0.003322,0.619654,1,1
break_d1_het,het,break_d1,17296,0.706468,0.701493,0.003322,0.753627,1,1
break_d1_het,het,break_d1,17297,0.164179,0.094527,0.003322,0.56586,1,3
break_d1_het,het,break_d1,17298,0.925373,0.9801,0.003322,0.127591,1,2
break_d1_het,het,break_d1,17299,0.034826,0.18408,0.003322,0.265186,1,1
break_d2_het,het,break_d2,17000,0.985075,0.9801,0.003322,0.643966,1,1
break_d2_het,het,break_d2,17001,0.318408,0.328358,0.003322,0.715262,1,2
break_d2_het,het,break_d2,17002,0.552239,0.771144,0.003322,0.282434,1,1
break_d2_het,het,break_d2,17003,0.164179,0.199005,0.003322,0.344943,1,1
break_d2_het,het,break_d2,17004,0.502488,0.577114,0.003322,0.692272,1,3
break_d2_het,het,break_d2,17005,0.517413,0.706468,0.003322,0.598711,1,2
break_d2_het,het,break_d2,17006,0.900498,0.855721,0.003322,0.579334,1,4
break_d2_het,het,break_d2,17007,0.532338,0.41791,0.003322,0.98002,1,4
break_d2_het,het,break_d2,17008,0.691542,0.40796,0.003322,0.594424,1,3
break_d2_het,het,break_d2,17009,0.169154,0.199005,0.003322,0.740744,1,3
break_d2_het,het,break_d2,17010,0.079602,0.099502,0.003322,0.064143,1,3
break_d2_het,het,break_d2,17011,0.263682,0.492537,0.003322,0.100292,1,3
break_d2_het,het,break_d2,17012,0.174129,0.522388,0.003322,0.468533,1,3
break_d2_het,het,break_d2,17013,0.527363,0.552239,0.003322,0.774978,1,1
break_d2_het,het,break_d2,17014,0.940299,0.686567,0.003322,0.642676,1,4
break_d2_het,het,break_d2,17015,0.21393,0.263682,0.003322,0.145464,1,2
break_d2_het,het,break_d2,17016,0.711443,0.502488,0.003322,0.880076,1,1
break_d2_het,het,break_d2,17017,0.099502,0.179104,0.003322,0.649749,1,2
break_d2_het,het,break_d2,17018,0.557214,0.666667,0.003322,0.191012,1,1
break_d2_het,het,break_d2,17019,0.223881,0.199005,0.003322,0.987493,1,3
break_d2_het,het,break_d2,17020,0.218905,0.318408,0.003322,0.678,1,1
break_d2_het,het,break_d2,17021,0.328358,0.263682,0.003322,0.783816,1,2
break_d2_het,het,break_d2,17022,0.631841,0.676617,0.003322,0.922105,1,1
break_d2_het,het,break_d2,17023,0.199005,0.283582,0.003322,0.603244,1,2
break_d2_het,het,break_d2,17024,0.343284,0.21393,0.003322,0.06012,1,4
break_d2_het,het,break_d2,17025,0.960199,0.965174,0.003322,0.834209,1,2
break_d2_het,het,break_d2,17026,0.950249,0.945274,0.003322,0.249516,1,1
break_d2_het,het,break_d2,17027,0.776119,0.860697,0.003322,0.610112,1,4
break_d2_het,het,break_d2,17028,0.781095,0.731343,0.003322,0.153075,1,4
break_d2_het,het,break_d2,17029,0.995025,0.9801,0.003322,0.095968,1,2
break_d2_het,het,break_d2,17030,0.174129,0.119403,0.003322,0.633339,1,4
break_d2_het,het,break_d2,17031,0.029851,0.039801,0.003322,0.773031,1,2
break_d2_het,het,break_d2,17032,0.432836,0.656716,0.003322,0.431009,1,4
break_d2_het,het,break_d2,17033,0.547264,0.442786,0.003322,0.766556,1,2
break_d2_het,het,break_d2,17034,0.41791,0.547264,0.003322,0.46641,1,1
break_d2_het,het,break_d2,17035,0.383085,0.587065,0.003322,0.413743,1,2
break_d2_het,het,break_d2,17036,0.298507,0.363184,0.003322,0.790743,1,1
break_d2_het,het,break_d2,17037,0.373134,0.507463,0.003322,0.03259,1,3
break_d2_het,het,break_d2,17038,0.776119,0.900498,0.003322,0.212711,1,4
break_d2_het,het,break_d2,17039,0.681592,0.597015,0.003322,0.204546,1,1
break_d2_het,het,break_d2,17040,0.631841,0.626866,0.003322,0.7868,1,1
break_d2_het,het,break_d2,17041,0.507463,0.333333,0.003322,0.362106,1,1
break_d2_het,het,break_d2,17042,0.154229,0.079602,0.003322,0.432711,1,1
break_d2_het,het,break_d2,17043,0.60199,0.706468,0.003322,0.808749,1,3
break_d2_het,het,break_d2,17044,0.059701,0.243781,0.003322,0.66972,1,4
break_d2_het,het,break_d2,17045,0.756219,0.781095,0.003322,0.825345,1,2
break_d2_het,het,break_d2,17046,0.736318,0.492537,0.003322,0.580901,1,1
break_d2_het,het,break_d2,17047,0.233831,0.179104,0.003322,0.031881,1,3
break_d2_het,het,break_d2,17048,0.278607,0.248756,0.003322,0.035553,1,2
break_d2_het,het,break_d2,17049,0.089552,0.114428,0.003322,0.996336,1,1
break_d2_het,het,break_d2,17050,0.572139,0.537313,0.003322,0.042052,1,1
break_d2_het,het,break_d2,17051,0.641791,0.442786,0.003322,0.710928,1,1
break_d2_het,het,break_d2,17052,0.840796,0.557214,0.003322,0.357127,1,2
break_d2_het,het,break_d2,17053,0.960199,0.965174,0.003322,0.487832,1,1
break_d2_het,het,break_d2,17054,0.965174,0.791045,0.003322,0.864269,1,1
break_d2_het,het,break_d2,17055,0.154229,0.124378,0.003322,0.757264,1,1
break_d2_het,het,break_d2,17056,0.199005,0.124378,0.003322,0.097711,1,2
break_d2_het,het,break_d2,17057,0.258706,0.243781,0.003322,0.425321,1,1
break_d2_het,het,break_d2,17058,0.59204,0.686567,0.003322,0.817615,1,1
break_d2_het,het,break_d2,17059,0.507463,0.313433,0.003322,0.969416,1,3
break_d2_het,het,break_d2,17060,0.41791,0.383085,0.003322,0.542108,0,3
break_d2_het,het,break_d2,17061,0.313433,0.562189,0.003322,0.855885,1,1
break_d2_het,het,break_d2,17062,0.721393,0.542289,0.003322,0.897389,1,1
break_d2_het,het,break_d2,17063,0.049751,0.079602,0.003322,0.603871,1,1
break_d2_het,het,break_d2,17064,0.671642,0.776119,0.003322,0.774696,1,1
break_d2_het,het,break_d2,17065,0.557214,0.462687,0.003322,0.702058,1,2
break_d2_het,het,break_d2,17066,0.238806,0.373134,0.003322,0.345783,1,2
break_d2_het,het,break_d2,17067,0.40796,0.303483,0.003322,0.635936,1,3
break_d2_het,het,break_d2,17068,0.293532,0.20398,0.003322,0.943945,1,1
break_d2_het,het,break_d2,17069,0.726368,0.676617,0.003322,0.211056,1,2
break_d2_het,het,break_d2,17070,0.751244,0.905473,0.003322,0.243657,1,1
break_d2_het,het,break_d2,17071,0.80597,0.900498,0.003322,0.506663,1,3
break_d2_het,het,break_d2,17072,0.736318,0.830846,0.003322,0.723326,1,1
break_d2_het,het,break_d2,17073,0.845771,0.681592,0.003322,0.595994,1,3
break_d2_het,het,break_d2,17074,0.00995,0.024876,0.003322,0.649541,1,1
break_d2_het,het,break_d2,17075,0.621891,0.631841,0.003322,0.639788,1,2
break_d2_het,het,break_d2,17076,0.263682,0.39801,0.003322,0.581501,1,4
break_d2_het,het,break_d2,17077,0.502488,0.278607,0.003322,0.538011,1,1
break_d2_het,het,break_d2,17078,0.248756,0.328358,0.003322,0.478226,1,3
break_d2_het,het,break_d2,17079,0.457711,0.208955,0.003322,0.19096,1,2
break_d2_het,het,break_d2,17080,0.522388,0.502488,0.003322,0.884788,1,1
break_d2_het,het,break_d2,17081,0.124378,0.19403,0.003322,0.53105,1,3
break_d2_het,het,break_d2,17082,0.074627,0.179104,0.003322,0.908825,1,1
break_d2_het,het,break_d2,17083,0.726368,0.701493,0.003322,0.23295,1,4
break_d2_het,het,break_d2,17084,0.626866,0.477612,0.003322,0.712992,1,1
break_d2_het,het,break_d2,17085,0.870647,0.915423,0.003322,0.300929,1,2
break_d2_het,het,break_d2,17086,0.835821,0.79602,0.003322,0.920301,1,4
break_d2_het,het,break_d2,17087,0.985075,0.850746,0.003322,0.404828,1,1
break_d2_het,het,break_d2,17088,0.169154,0.293532,0.003322,0.226527,1,1
break_d2_het,het,break_d2,17089,0.054726,0.159204,0.003322,0.096123,1,1
break_d2_het,het,break_d2,17090,0.427861,0.512438,0.003322,0.820287,0,2
break_d2_het,het,break_d2,17091,0.084577,0.059701,0.003322,0.270474,0,1
break_d2_het,het,break_d2,17092,0.965174,0.79602,0.003322,0.741677,1,4
break_d2_het,het,break_d2,17093,0.547264,0.527363,0.003322,0.492905,1,4
break_d2_het,het,break_d2,17094,0.373134,0.393035,0.003322,0.381438,1,1
break_d2_het,het,break_d2,17095,0.59204,0.437811,0.003322,0.268333,1,1
break_d2_het,het,break_d2,17096,0.781095,0.81592,0.003322,0.46622,1,3
break_d2_het,het,break_d2,17097,0.328358,0.20398,0.003322,0.651578,1,2
break_d2_het,het,break_d2,17098,0.542289,0.502488,0.003322,0.618917,0,1
break_d2_het,het,break_d2,17099,0.915423,0.736318,0.003322,0.211109,1,1
break_d2_het,het,break_d2,17100,0.671642,0.522388,0.003322,0.186939,1,2
break_d2_het,het,break_d2,17101,0.402985,0.378109,0.003322,0.038599,1,2
break_d2_het,het,break_d2,17102,0.81592,0.845771,0.003322,0.295206,1,1
break_d2_het,het,break_d2,17103,0.671642,0.666667,0.003322,0.590756,1,2
break_d2_het,het,break_d2,17104,0.59204,0.676617,0.003322,0.628183,1,3
break_d2_het,het,break_d2,17105,0.139303,0.159204,0.003322,0.704505,1,4
break_d2_het,het,break_d2,17106,0.517413,0.557214,0.003322,0.895862,1,1
break_d2_het,het,break_d2,17107,0.676617,0.557214,0.003322,0.027573,1,1
break_d2_het,het,break_d2,17108,0.736318,0.671642,0.003322,0.509078,1,1
break_d2_het,het,break_d2,17109,0.631841,0.746269,0.003322,0.718831,0,2
break_d2_het,het,break_d2,17110,0.273632,0.273632,0.003322,0.878804,1,2
break_d2_het,het,break_d2,17111,0.666667,0.532338,0.003322,0.87091,1,1
break_d2_het,het,break_d2,17112,0.358209,0.288557,0.003322,0.774731,1,1
break_d2_het,het,break_d2,17113,0.18408,0.139303,0.003322,0.267457,1,2
break_d2_het,het,break_d2,17114,0.955224,0.965174,0.003322,0.308913,1,4
break_d2_het,het,break_d2,17115,0.512438,0.562189,0.003322,0.480271,1,3
break_d2_het,het,break_d2,17116,0.880597,0.890547,0.003322,0.355718,1,1
break_d2_het,het,break_d2,17117,0.144279,0.159204,0.003322,0.148468,1,3
break_d2_het,het,break_d2,17118,0.179104,0.39801,0.003322,0.712599,1,1
break_d2_het,het,break_d2,17119,0.616915,0.60199,0.003322,0.967843,1,3
break_d2_het,het,break_d2,17120,0.925373,0.636816,0.003322,0.984938,1,4
break_d2_het,het,break_d2,17121,0.437811,0.467662,0.003322,0.683121,1,1
break_d2_het,het,break_d2,17122,0.353234,0.492537,0.003322,0.134603,1,1
break_d2_het,het,break_d2,17123,0.920398,0.781095,0.003322,0.92171,1,1
break_d2_het,het,break_d2,17124,0.054726,0.029851,0.003322,0.41569,1,3
break_d2_het,het,break_d2,17125,0.39801,0.378109,0.003322,0.099482,1,2
break_d2_het,het,break_d2,17126,0.641791,0.427861,0.003322,0.312897,1,2
break_d2_het,het,break_d2,17127,0.676617,0.646766,0.003322,0.510357,1,2
break_d2_het,het,break_d2,17128,0.577114,0.636816,0.003322,0.707398,1,1
break_d2_het,het,break_d2,17129,0.447761,0.452736,0.003322,0.393008,1,4
break_d2_het,het,break_d2,17130,0.393035,0.427861,0.003322,0.434599,1,2
break_d2_het,het,break_d2,17131,0.736318,0.741294,0.003322,0.674003,1,1
break_d2_het,het,break_d2,17132,0.452736,0.328358,0.003322,0.974699,1,2
break_d2_het,het,break_d2,17133,0.726368,0.820896,0.003322,0.516044,1,1
break_d2_het,het,break_d2,17134,0.358209,0.283582,0.003322,0.917329,1,3
break_d2_het,het,break_d2,17135,0.855721,0.696517,0.003322,0.911384,1,4
break_d2_het,het,break_d2,17136,0.497512,0.383085,0.003322,0.323931,1,4
break_d2_het,het,break_d2,17137,0.144279,0.288557,0.003322,0.488477,1,2
break_d2_het,het,break_d2,17138,0.945274,0.900498,0.003322,0.973888,1,1
break_d2_het,het,break_d2,17139,0.099502,0.144279,0.003322,0.878977,1,1
break_d2_het,het,break_d2,17140,0.537313,0.432836,0.003322,0.110723,1,4
break_d2_het,het,break_d2,17141,0.626866,0.477612,0.003322,0.545074,1,2
break_d2_het,het,break_d2,17142,0.572139,0.696517,0.003322,0.198291,1,1
break_d2_het,het,break_d2,17143,0.865672,0.81592,0.003322,0.136181,1,4
break_d2_het,het,break_d2,17144,0.855721,0.820896,0.003322,0.608924,1,4
break_d2_het,het,break_d2,17145,0.034826,0.004975,0.003322,0.239688,1,1
break_d2_het,het,break_d2,17146,0.477612,0.318408,0.003322,0.243687,1,3
break_d2_het,het,break_d2,17147,0.383085,0.218905,0.003322,0.596551,1,1
break_d2_het,het,break_d2,17148,0.830846,0.855721,0.003322,0.450224,1,4
break_d2_het,het,break_d2,17149,0.721393,0.402985,0.003322,0.922829,1,4
break_d2_het,het,break_d2,17150,0.721393,0.512438,0.003322,0.871683,1,1
break_d2_het,het,break_d2,17151,0.497512,0.20398,0.003322,0.308257,0,1
break_d2_het,het,break_d2,17152,0.885572,0.870647,0.003322,0.373274,1,1
break_d2_het,het,break_d2,17153,0.134328,0.258706,0.003322,0.121266,1,1
break_d2_het,het,break_d2,17154,0.726368,0.756219,0.003322,0.31393,1,4
break_d2_het,het,break_d2,17155,0.835821,0.885572,0.003322,0.162439,1,4
break_d2_het,het,break_d2,17156,0.925373,0.930348,0.003322,0.265882,1,2
break_d2_het,het,break_d2,17157,0.656716,0.766169,0.003322,0.217079,1,4
break_d2_het,het,break_d2,17158,0.875622,0.935323,0.003322,0.269901,1,1
break_d2_het,het,break_d2,17159,0.263682,0.134328,0.003322,0.087267,1,1
break_d2_het,het,break_d2,17160,0.248756,0.233831,0.003322,0.116491,1,1
break_d2_het,het,break_d2,17161,0.746269,0.701493,0.003322,0.559537,1,4
break_d2_het,het,break_d2,17162,0.348259,0.228856,0.003322,0.630286,1,1
break_d2_het,het,break_d2,17163,0.313433,0.378109,0.003322,0.179415,1,2
break_d2_het,het,break_d2,17164,0.915423,0.830846,0.003322,0.986185,1,3
break_d2_het,het,break_d2,17165,0.537313,0.666667,0.003322,0.917209,1,2
break_d2_het,het,break_d2,17166,0.532338,0.472637,0.003322,0.985011,1,2
break_d2_het,het,break_d2,17167,0.616915,0.621891,0.003322,0.019508,1,3
break_d2_het,het,break_d2,17168,0.865672,0.716418,0.003322,0.288366,1,4
break_d2_het,het,break_d2,17169,0.621891,0.547264,0.003322,0.161961,1,1
break_d2_het,het,break_d2,17170,0.741294,0.691542,0.003322,0.391508,1,1
break_d2_het,het,break_d2,17171,0.646766,0.731343,0.003322,0.239356,0,1
break_d2_het,het,break_d2,17172,0.263682,0.164179,0.003322,0.124519,1,1
break_d2_het,het,break_d2,17173,0.18408,0.109453,0.003322,0.643613,1,4
break_d2_het,het,break_d2,17174,0.378109,0.422886,0.003322,0.408889,1,1
break_d2_het,het,break_d2,17175,0.099502,0.084577,0.003322,0.364583,1,1
break_d2_het,het,break_d2,17176,0.865672,0.870647,0.003322,0.20605,1,3
break_d2_het,het,break_d2,17177,0.517413,0.562189,0.003322,0.730648,1,1
break_d2_het,het,break_d2,17178,0.552239,0.761194,0.003322,0.342097,1,2
break_d2_het,het,break_d2,17179,0.895522,0.985075,0.003322,0.124732,1,1
break_d2_het,het,break_d2,17180,0.268657,0.238806,0.003322,0.136612,1,1
break_d2_het,het,break_d2,17181,0.40796,0.457711,0.003322,0.759196,0,2
break_d2_het,het,break_d2,17182,0.134328,0.402985,0.003322,0.491915,1,1
break_d2_het,het,break_d2,17183,0.905473,0.930348,0.003322,0.101355,1,2
break_d2_het,het,break_d2,17184,0.343284,0.293532,0.003322,0.801472,1,2
break_d2_het,het,break_d2,17185,0.139303,0.298507,0.003322,0.769876,1,4
break_d2_het,het,break_d2,17186,0.412935,0.512438,0.003322,0.256512,1,2
break_d2_het,het,break_d2,17187,0.860697,0.915423,0.003322,0.787749,1,1
break_d2_het,het,break_d2,17188,0.0199,0.114428,0.003322,0.703194,1,3
break_d2_het,het,break_d2,17189,0.537313,0.542289,0.003322,0.446482,1,3
break_d2_het,het,break_d2,17190,0.736318,0.621891,0.003322,0.070586,1,1
break_d2_het,het,break_d2,17191,0.19403,0.154229,0.003322,0.627366,1,1
break_d2_het,het,break_d2,17192,0.228856,0.199005,0.003322,0.598373,1,2
break_d2_het,het,break_d2,17193,0.935323,0.915423,0.003322,0.025631,1,1
break_d2_het,het,break_d2,17194,0.462687,0.298507,0.003322,0.090925,1,2
break_d2_het,het,break_d2,17195,0.641791,0.716418,0.003322,0.876132,1,2
break_d2_het,het,break_d2,17196,0.089552,0.134328,0.003322,0.26767,1,1
break_d2_het,het,break_d2,17197,0.557214,0.502488,0.003322,0.974668,1,2
break_d2_het,het,break_d2,17198,1.0,0.995025,0.003322,0.93814,1,4
break_d2_het,het,break_d2,17199,0.472637,0.492537,0.003322,0.486837,1,2
break_d2_het,het,break_d2,17200,0.034826,0.044776,0.003322,0.284369,1,1
break_d2_het,het,break_d2,17201,0.597015,0.721393,0.003322,0.548166,1,3
break_d2_het,het,break_d2,17202,0.870647,0.860697,0.003322,0.992548,1,1
break_d2_het,het,break_d2,17203,0.283582,0.283582,0.003322,0.884532,1,1
break_d2_het,het,break_d2,17204,0.825871,0.900498,0.003322,0.728446,1,4
break_d2_het,het,break_d2,17205,0.905473,0.930348,0.003322,0.163164,0,2
break_d2_het,het,break_d2,17206,0.273632,0.20398,0.003322,0.550927,1,1
break_d2_het,het,break_d2,17207,0.412935,0.467662,0.003322,0.383026,1,1
break_d2_het,het,break_d2,17208,0.064677,0.164179,0.003322,0.995649,1,1
break_d2_het,het,break_d2,17209,0.079602,0.253731,0.003322,0.88312,1,1
break_d2_het,het,break_d2,17210,0.328358,0.736318,0.003322,0.521895,1,2
break_d2_het,het,break_d2,17211,0.955224,0.965174,0.003322,0.230175,1,2
break_d2_het,het,break_d2,17212,0.512438,0.810945,0.003322,0.317028,1,1
break_d2_het,het,break_d2,17213,1.0,0.940299,0.003322,0.325973,1,1
break_d2_het,het,break_d2,17214,0.820896,0.81592,0.003322,0.344983,1,4
break_d2_het,het,break_d2,17215,0.875622,0.691542,0.003322,0.521005,1,3
break_d2_het,het,break_d2,17216,0.109453,0.089552,0.003322,0.022122,1,2
break_d2_het,het,break_d2,17217,0.716418,0.61194,0.003322,0.385562,1,4
break_d2_het,het,break_d2,17218,0.507463,0.432836,0.003322,0.874514,1,2
break_d2_het,het,break_d2,17219,0.532338,0.572139,0.003322,0.130507,1,4
break_d2_het,het,break_d2,17220,0.606965,0.661692,0.003322,0.468967,1,2
break_d2_het,het,break_d2,17221,0.20398,0.164179,0.003322,0.027969,1,1
break_d2_het,het,break_d2,17222,0.199005,0.263682,0.003322,0.651181,1,3
break_d2_het,het,break_d2,17223,0.845771,0.885572,0.003322,0.919414,1,2
break_d2_het,het,break_d2,17224,0.0199,0.039801,0.003322,0.092413,1,1
break_d2_het,het,break_d2,17225,0.19403,0.089552,0.003322,0.413481,1,2
break_d2_het,het,break_d2,17226,0.248756,0.208955,0.003322,0.74988,1,2
break_d2_het,het,break_d2,17227,0.985075,0.9801,0.003322,0.555558,1,1
break_d2_het,het,break_d2,17228,0.313433,0.472637,0.003322,0.772096,1,3
break_d2_het,het,break_d2,17229,0.323383,0.338308,0.003322,0.062909,1,2
break_d2_het,het,break_d2,17230,0.149254,0.19403,0.003322,0.337528,1,3
break_d2_het,het,break_d2,17231,0.726368,0.80597,0.003322,0.77177,1,1
break_d2_het,het,break_d2,17232,0.044776,0.024876,0.003322,0.951277,1,4
break_d2_het,het,break_d2,17233,0.373134,0.268657,0.003322,0.260345,1,3
break_d2_het,het,break_d2,17234,0.552239,0.308458,0.003322,0.666692,0,2
break_d2_het,het,break_d2,17235,0.631841,0.472637,0.003322,0.519256,1,1
break_d2_het,het,break_d2,17236,0.074627,0.124378,0.003322,0.390059,1,2
break_d2_het,het,break_d2,17237,0.78607,0.666667,0.003322,0.406731,1,2
break_d2_het,het,break_d2,17238,0.059701,0.109453,0.003322,0.599818,1,1
break_d2_het,het,break_d2,17239,0.492537,0.547264,0.003322,0.309028,1,2
break_d2_het,het,break_d2,17240,0.487562,0.58209,0.003322,0.04074,1,2
break_d2_het,het,break_d2,17241,0.820896,0.870647,0.003322,0.318154,1,1
break_d2_het,het,break_d2,17242,0.800995,0.791045,0.003322,0.042062,1,1
break_d2_het,het,break_d2,17243,0.696517,0.606965,0.003322,0.961149,1,1
break_d2_het,het,break_d2,17244,0.238806,0.248756,0.003322,0.781959,1,1
break_d2_het,het,break_d2,17245,0.626866,0.726368,0.003322,0.6467,1,1
break_d2_het,het,break_d2,17246,0.104478,0.174129,0.003322,0.237888,1,2
break_d2_het,het,break_d2,17247,0.641791,0.626866,0.003322,0.758619,1,3
break_d2_het,het,break_d2,17248,0.054726,0.084577,0.003322,0.91762,1,1
break_d2_het,het,break_d2,17249,0.776119,0.825871,0.003322,0.715094,1,2
break_d2_het,het,break_d2,17250,0.208955,0.228856,0.003322,0.484821,0,3
break_d2_het,het,break_d2,17251,0.378109,0.38806,0.003322,0.568375,1,1
break_d2_het,het,break_d2,17252,0.995025,0.955224,0.003322,0.130039,0,2
break_d2_het,het,break_d2,17253,0.228856,0.343284,0.003322,0.969991,1,3
break_d2_het,het,break_d2,17254,0.039801,0.129353,0.003322,0.402778,1,1
break_d2_het,het,break_d2,17255,0.502488,0.567164,0.003322,0.380282,1,3
break_d2_het,het,break_d2,17256,0.348259,0.447761,0.003322,0.392542,1,2
break_d2_het,het,break_d2,17257,0.20398,0.139303,0.003322,0.240414,1,3
break_d2_het,het,break_d2,17258,0.965174,0.865672,0.003322,0.962437,0,4
break_d2_het,het,break_d2,17259,0.343284,0.368159,0.003322,0.503043,1,4
break_d2_het,het,break_d2,17260,0.761194,0.666667,0.003322,0.277803,0,4
break_d2_het,het,break_d2,17261,0.746269,0.840796,0.003322,0.380754,1,4
break_d2_het,het,break_d2,17262,0.915423,0.950249,0.003322,0.714116,1,1
break_d2_het,het,break_d2,17263,0.791045,0.771144,0.003322,0.346396,1,2
break_d2_het,het,break_d2,17264,0.049751,0.218905,0.003322,0.903967,1,1
break_d2_het,het,break_d2,17265,0.383085,0.562189,0.003322,0.944043,1,4
break_d2_het,het,break_d2,17266,0.855721,0.80597,0.003322,0.130723,1,4
break_d2_het,het,break_d2,17267,0.164179,0.124378,0.003322,0.253399,1,4
break_d2_het,het,break_d2,17268,0.109453,0.079602,0.003322,0.396169,1,1
break_d2_het,het,break_d2,17269,0.169154,0.114428,0.003322,0.457418,1,3
break_d2_het,het,break_d2,17270,0.850746,0.905473,0.003322,0.028259,1,1
break_d2_het,het,break_d2,17271,0.995025,0.9801,0.003322,0.737792,1,4
break_d2_het,het,break_d2,17272,0.472637,0.482587,0.003322,0.41458,1,1
break_d2_het,het,break_d2,17273,0.373134,0.40796,0.003322,0.381761,1,4
break_d2_het,het,break_d2,17274,0.268657,0.20398,0.003322,0.000722,1,1
break_d2_het,het,break_d2,17275,0.412935,0.238806,0.003322,0.169085,1,4
break_d2_het,het,break_d2,17276,1.0,0.930348,0.003322,0.998273,1,1
break_d2_het,het,break_d2,17277,0.572139,0.696517,0.003322,0.212622,0,2
break_d2_het,het,break_d2,17278,0.288557,0.40796,0.003322,0.478481,1,4
break_d2_het,het,break_d2,17279,0.626866,0.756219,0.003322,0.24966,1,1
break_d2_het,het,break_d2,17280,0.621891,0.38806,0.003322,0.106184,1,1
break_d2_het,het,break_d2,17281,0.945274,0.895522,0.003322,0.62009,1,2
break_d2_het,het,break_d2,17282,0.776119,0.945274,0.003322,0.631501,1,3
break_d2_het,het,break_d2,17283,0.089552,0.074627,0.003322,0.787663,1,1
break_d2_het,het,break_d2,17284,0.169154,0.099502,0.003322,0.642272,1,2
break_d2_het,het,break_d2,17285,0.208955,0.248756,0.003322,0.648352,1,1
break_d2_het,het,break_d2,17286,0.900498,0.905473,0.003322,0.373888,1,3
break_d2_het,het,break_d2,17287,0.761194,0.721393,0.003322,0.941043,1,1
break_d2_het,het,break_d2,17288,0.865672,0.81592,0.003322,0.154222,0,3
break_d2_het,het,break_d2,17289,0.084577,0.0199,0.003322,0.042134,1,2
break_d2_het,het,break_d2,17290,1.0,0.950249,0.003322,0.456341,1,4
break_d2_het,het,break_d2,17291,0.383085,0.716418,0.003322,0.312445,1,1
break_d2_het,het,break_d2,17292,0.686567,0.771144,0.003322,0.793374,1,3
break_d2_het,het,break_d2,17293,0.218905,0.199005,0.003322,0.249639,1,3
break_d2_het,het,break_d2,17294,0.771144,0.696517,0.003322,0.327633,1,4
break_d2_het,het,break_d2,17295,0.457711,0.432836,0.003322,0.619654,1,1
break_d2_het,het,break_d2,17296,0.706468,0.701493,0.003322,0.753627,1,1
break_d2_het,het,break_d2,17297,0.164179,0.094527,0.003322,0.56586,1,3
break_d2_het,het,break_d2,17298,0.925373,0.9801,0.003322,0.127591,1,2
break_d2_het,het,break_d2,17299,0.034826,0.18408,0.003322,0.265186,1,1
