config,seed,lam1,lam2,tau_hat,se_naive,denom_per_n,pred_mse_y
trend_n2000_c2_spike_snr1,610000,0.05,0.05,1.6703656172632588,0.07894247608808289,0.17869055268314668,2.7235096514204384
trend_n2000_c2_spike_snr1,610000,0.05,0.3,1.7300021311508862,0.08001701313025682,0.17253185471031826,2.7235096514204384
trend_n2000_c2_spike_snr1,610000,0.05,2.0,1.9218431853177462,0.08178801784864553,0.15965552211103592,2.7235096514204384
trend_n2000_c2_spike_snr1,610000,0.3,0.05,1.6832709407234172,0.07941512732098299,0.17869055268314668,2.757965818366208
trend_n2000_c2_spike_snr1,610000,0.3,0.3,1.748127803495164,0.08044329417502397,0.17253185471031826,2.757965818366208
trend_n2000_c2_spike_snr1,610000,0.3,2.0,1.9632537811890705,0.08195592176611018,0.15965552211103592,2.757965818366208
trend_n2000_c2_spike_snr1,610000,2.0,0.05,1.7782729580231775,0.08660135199289061,0.17869055268314668,3.2426694871246036
trend_n2000_c2_spike_snr1,610000,2.0,0.3,1.8660583899706258,0.08754360950022831,0.17253185471031826,3.2426694871246036
trend_n2000_c2_spike_snr1,610000,2.0,2.0,2.186925263407687,0.08815700071506058,0.15965552211103592,3.2426694871246036
trend_n2000_c2_spike_snr4,610000,0.05,0.05,3.2802555511518277,0.20233277235525607,0.16890676172238395,15.633216158173852
trend_n2000_c2_spike_snr4,610000,0.05,0.3,3.4970846993940237,0.2043127406516331,0.1634700725094155,15.633216158173852
trend_n2000_c2_spike_snr4,610000,0.05,2.0,4.344506566801006,0.20403026659421378,0.1531944632509565,15.633216158173852
trend_n2000_c2_spike_snr4,610000,0.3,0.05,3.3745435500912238,0.21154075083195525,0.16890676172238395,17.025298867467093
trend_n2000_c2_spike_snr4,610000,0.3,0.3,3.609129534692029,0.2135588101857977,0.1634700725094155,17.025298867467093
trend_n2000_c2_spike_snr4,610000,0.3,2.0,4.534013635629857,0.21291852796632527,0.1531944632509565,17.025298867467093
trend_n2000_c2_spike_snr4,610000,2.0,0.05,3.8990911214611526,0.26498814663977743,0.16890676172238395,26.264986222052656
trend_n2000_c2_spike_snr4,610000,2.0,0.3,4.218458179041985,0.26741274939124576,0.1634700725094155,26.264986222052656
trend_n2000_c2_spike_snr4,610000,2.0,2.0,5.520253050147211,0.26562811215161375,0.1531944632509565,26.264986222052656
trend_n2000_c2_mid_snr1,610000,0.05,0.05,1.0452977737469415,0.06021329344895611,0.17603392462369546,1.4675380710265695
trend_n2000_c2_mid_snr1,610000,0.05,0.3,1.0609609905833115,0.06122945971275469,0.17032245625638756,1.4675380710265695
trend_n2000_c2_mid_snr1,610000,0.05,2.0,1.0693519326693108,0.06372665697756538,0.15852311820780515,1.4675380710265695
trend_n2000_c2_mid_snr1,610000,0.3,0.05,1.0258827203028495,0.05897910231026844,0.17603392462369546,1.4087198091647097
trend_n2000_c2_mid_snr1,610000,0.3,0.3,1.0433942262970093,0.05995588696949647,0.17032245625638756,1.4087198091647097
trend_n2000_c2_mid_snr1,610000,0.3,2.0,1.0598669431494554,0.06233369484784689,0.15852311820780515,1.4087198091647097
trend_n2000_c2_mid_snr1,610000,2.0,0.05,0.9642603847031366,0.05584128153315749,0.17603392462369546,1.2604132931007175
trend_n2000_c2_mid_snr1,610000,2.0,0.3,0.9884390402315246,0.056699105149098136,0.17032245625638756,1.2604132931007175
trend_n2000_c2_mid_snr1,610000,2.0,2.0,1.035536799543629,0.05867505305864814,0.15852311820780515,1.2604132931007175
trend_n2000_c2_mid_snr4,610000,0.05,0.05,1.0861190607438633,0.065597004212214,0.16606233873275383,1.62358859687376
trend_n2000_c2_mid_snr4,610000,0.05,0.3,1.1012815367986846,0.06677788481711752,0.16039444075903217,1.62358859687376
trend_n2000_c2_mid_snr4,610000,0.05,2.0,1.0942771346638305,0.06937439861316289,0.15014555204551333,1.62358859687376
trend_n2000_c2_mid_snr4,610000,0.3,0.05,1.0622083093649024,0.0641243636895373,0.16606233873275383,1.5516749786257678
trend_n2000_c2_mid_snr4,610000,0.3,0.3,1.0800813426961535,0.0652535815128549,0.16039444075903217,1.5516749786257678
trend_n2000_c2_mid_snr4,610000,0.3,2.0,1.0845984145487277,0.06770260481927728,0.15014555204551333,1.5516749786257678
trend_n2000_c2_mid_snr4,610000,2.0,0.05,0.9858699077312916,0.059924485845656156,0.16606233873275383,1.3528510202819146
trend_n2000_c2_mid_snr4,610000,2.0,0.3,1.0130236192765223,0.06089221827844615,0.16039444075903217,1.3528510202819146
trend_n2000_c2_mid_snr4,610000,2.0,2.0,1.0590560986261124,0.06283534220565001,0.15014555204551333,1.3528510202819146
trend_n2000_c2_spike_snr1,610001,0.05,0.05,1.5513746861946232,0.07749929387597954,0.1683349694532107,2.4252073317648044
trend_n2000_c2_spike_snr1,610001,0.05,0.3,1.6150167504746633,0.07844411683317934,0.16273358034453442,2.4252073317648044
trend_n2000_c2_spike_snr1,610001,0.05,2.0,1.818492407885649,0.07957332101935248,0.15197365155390127,2.4252073317648044
trend_n2000_c2_spike_snr1,610001,0.3,0.05,1.5570716488222094,0.07819359040678948,0.1683349694532107,2.464544952949748
trend_n2000_c2_spike_snr1,610001,0.3,0.3,1.627007079639822,0.07908861884154654,0.16273358034453442,2.464544952949748
trend_n2000_c2_spike_snr1,610001,0.3,2.0,1.8579097958625246,0.07993081920582472,0.15197365155390127,2.464544952949748
trend_n2000_c2_spike_snr1,610001,2.0,0.05,1.6202347873599532,0.08677229148820989,0.1683349694532107,2.9743043544938934
trend_n2000_c2_spike_snr1,610001,2.0,0.3,1.7177252503085405,0.08758396370860072,0.16273358034453442,2.9743043544938934
trend_n2000_c2_spike_snr1,610001,2.0,2.0,2.0735549241718667,0.08742665838076863,0.15197365155390127,2.9743043544938934
trend_n2000_c2_spike_snr4,610001,0.05,0.05,2.938730338499655,0.1959834890623336,0.16424139572997457,14.022663132966757
trend_n2000_c2_spike_snr4,610001,0.05,0.3,3.1423543993501157,0.19814012288345154,0.15878028418434054,14.022663132966757
trend_n2000_c2_spike_snr4,610001,0.05,2.0,3.9653316521255806,0.19856368076095532,0.14838785868356366,14.022663132966757
trend_n2000_c2_spike_snr4,610001,0.3,0.05,3.026929864045754,0.20573310518520552,0.16424139572997457,15.394325215507491
trend_n2000_c2_spike_snr4,610001,0.3,0.3,3.2486290781353677,0.20795014724139405,0.15878028418434054,15.394325215507491
trend_n2000_c2_spike_snr4,610001,0.3,2.0,4.153443699704067,0.20806167072533419,0.14838785868356366,15.394325215507491
trend_n2000_c2_spike_snr4,610001,2.0,0.05,3.5222825554091024,0.26258558324388376,0.16424139572997457,24.664286274689527
trend_n2000_c2_spike_snr4,610001,2.0,0.3,3.8306153789932598,0.265332940747937,0.15878028418434054,24.664286274689527
trend_n2000_c2_spike_snr4,610001,2.0,2.0,5.135692918437314,0.2645558794580012,0.14838785868356366,24.664286274689527
trend_n2000_c2_mid_snr1,610001,0.05,0.05,1.014515715565998,0.06341084483114762,0.16547576187365376,1.499718537444125
trend_n2000_c2_mid_snr1,610001,0.05,0.3,1.0323745710267114,0.06454045019834376,0.1597415556083206,1.499718537444125
trend_n2000_c2_mid_snr1,610001,0.05,2.0,1.0437830185883963,0.06711845791085197,0.14863049327214156,1.499718537444125
trend_n2000_c2_mid_snr1,610001,0.3,0.05,0.9949936099643496,0.062013471343503136,0.16547576187365376,1.435280860573979
trend_n2000_c2_mid_snr1,610001,0.3,0.3,1.0149626411962835,0.06309846410946686,0.1597415556083206,1.435280860573979
trend_n2000_c2_mid_snr1,610001,0.3,2.0,1.0354200110349419,0.06554846995496674,0.14863049327214156,1.435280860573979
trend_n2000_c2_mid_snr1,610001,2.0,0.05,0.9322155993455135,0.05829207680364919,0.16547576187365376,1.2672402622248857
trend_n2000_c2_mid_snr1,610001,2.0,0.3,0.9596091595168423,0.059242025781109396,0.1597415556083206,1.2672402622248857
trend_n2000_c2_mid_snr1,610001,2.0,2.0,1.0138311069370058,0.06126077232907584,0.14863049327214156,1.2672402622248857
trend_n2000_c2_mid_snr4,610001,0.05,0.05,0.958252923719631,0.06382506848879238,0.16513955792360374,1.4957317493393707
trend_n2000_c2_mid_snr4,610001,0.05,0.3,0.973673527977534,0.0650347514361622,0.15914378131953635,1.4957317493393707
trend_n2000_c2_mid_snr4,610001,0.05,2.0,0.9758688009753166,0.06791191334495385,0.1471141355437043,1.4957317493393707
trend_n2000_c2_mid_snr4,610001,0.3,0.05,0.9407874795520145,0.06261681012598162,0.16513955792360374,1.439846714707341
trend_n2000_c2_mid_snr4,610001,0.3,0.3,0.9589991947525501,0.06378054050127822,0.15914378131953635,1.439846714707341
trend_n2000_c2_mid_snr4,610001,0.3,2.0,0.9726718821817912,0.06652080839290436,0.1471141355437043,1.439846714707341
trend_n2000_c2_mid_snr4,610001,2.0,0.05,0.8849205314053289,0.05935153890546232,0.16513955792360374,1.29159768111714
trend_n2000_c2_mid_snr4,610001,2.0,0.3,0.9125538313488709,0.06037570998204199,0.15914378131953635,1.29159768111714
trend_n2000_c2_mid_snr4,610001,2.0,2.0,0.967423360543919,0.06265582812032464,0.1471141355437043,1.29159768111714
trend_n2000_c2_spike_snr1,610002,0.05,0.05,1.5949527374706682,0.0786567299203609,0.16706579870794808,2.4901596339607366
trend_n2000_c2_spike_snr1,610002,0.05,0.3,1.6597476569181937,0.0795805220599523,0.16161246516799335,2.4901596339607366
trend_n2000_c2_spike_snr1,610002,0.05,2.0,1.8703129268443757,0.08064768754191491,0.15098134190628756,2.4901596339607366
trend_n2000_c2_spike_snr1,610002,0.3,0.05,1.6038613898531584,0.07933468385139039,0.16706579870794808,2.5306738755851037
trend_n2000_c2_spike_snr1,610002,0.3,0.3,1.6742434410220806,0.08021433890701772,0.16161246516799335,2.5306738755851037
trend_n2000_c2_spike_snr1,610002,0.3,2.0,1.9098600132361658,0.08101562362377035,0.15098134190628756,2.5306738755851037
trend_n2000_c2_spike_snr1,610002,2.0,0.05,1.6868151737141288,0.08763903589017838,0.16706579870794808,3.039124927077787
trend_n2000_c2_spike_snr1,610002,2.0,0.3,1.782337861071611,0.08844187715840193,0.16161246516799335,3.039124927077787
trend_n2000_c2_spike_snr1,610002,2.0,2.0,2.13382427056934,0.08829362345153456,0.15098134190628756,3.039124927077787
trend_n2000_c2_spike_snr4,610002,0.05,0.05,3.0553685719476658,0.19950805078481987,0.16410783995777084,14.583048492514932
trend_n2000_c2_spike_snr4,610002,0.05,0.3,3.28240599170138,0.2016442491355003,0.15848783932374297,14.583048492514932
trend_n2000_c2_spike_snr4,610002,0.05,2.0,4.183480159923124,0.20176790438454797,0.14754098637012356,14.583048492514932
trend_n2000_c2_spike_snr4,610002,0.3,0.05,3.118793518863395,0.20911284652271836,0.16410783995777084,15.934179021819022
trend_n2000_c2_spike_snr4,610002,0.3,0.3,3.364971911775153,0.21131147712988135,0.15848783932374297,15.934179021819022
trend_n2000_c2_spike_snr4,610002,0.3,2.0,4.353125458807982,0.2111134279921031,0.14754098637012356,15.934179021819022
trend_n2000_c2_spike_snr4,610002,2.0,0.05,3.505862269949756,0.2646557041401953,0.16410783995777084,24.983165176964857
trend_n2000_c2_spike_snr4,610002,2.0,0.3,3.8446621254336053,0.26739124593645425,0.15848783932374297,24.983165176964857
trend_n2000_c2_spike_snr4,610002,2.0,2.0,5.260451189862135,0.266270343498874,0.14754098637012356,24.983165176964857
trend_n2000_c2_mid_snr1,610002,0.05,0.05,0.9939604665061109,0.0630661970872319,0.15748707868719208,1.4070987229454863
trend_n2000_c2_mid_snr1,610002,0.05,0.3,1.0111568517206415,0.0640946467819232,0.152440646124118,1.4070987229454863
trend_n2000_c2_mid_snr1,610002,0.05,2.0,1.0184920339498413,0.0662416322308754,0.14351622008211398,1.4070987229454863
trend_n2000_c2_mid_snr1,610002,0.3,0.05,0.9789796508090077,0.06175912590697367,0.15748707868719208,1.3511055928683764
trend_n2000_c2_mid_snr1,610002,0.3,0.3,0.9982392486296443,0.0627477145069651,0.152440646124118,1.3511055928683764
trend_n2000_c2_mid_snr1,610002,0.3,2.0,1.0143506682257384,0.06478345615288454,0.14351622008211398,1.3511055928683764
trend_n2000_c2_mid_snr1,610002,2.0,0.05,0.9300111328801481,0.05834466856366305,0.15748707868719208,1.207345271143712
trend_n2000_c2_mid_snr1,610002,2.0,0.3,0.9567247703726167,0.05921059965961768,0.152440646124118,1.207345271143712
trend_n2000_c2_mid_snr1,610002,2.0,2.0,1.0064692685089793,0.06085651833072756,0.14351622008211398,1.207345271143712
trend_n2000_c2_mid_snr4,610002,0.05,0.05,1.0742456112663556,0.06782984917059137,0.1556439314634186,1.6103821912712584
trend_n2000_c2_mid_snr4,610002,0.05,0.3,1.0855398337312134,0.06903392912832651,0.15049974387178713,1.6103821912712584
trend_n2000_c2_mid_snr4,610002,0.05,2.0,1.0671663552337647,0.07165726232040456,0.1412851309807692,1.6103821912712584
trend_n2000_c2_mid_snr4,610002,0.3,0.05,1.0534172876310202,0.06640314758162633,0.1556439314634186,1.543929471519837
trend_n2000_c2_mid_snr4,610002,0.3,0.3,1.0676456040366686,0.06755718264408636,0.15049974387178713,1.543929471519837
trend_n2000_c2_mid_snr4,610002,0.3,2.0,1.0621518369574827,0.07003356021624924,0.1412851309807692,1.543929471519837
trend_n2000_c2_mid_snr4,610002,2.0,0.05,0.9862028322960961,0.062493351659614914,0.1556439314634186,1.3658724946024299
trend_n2000_c2_mid_snr4,610002,2.0,0.3,1.0109464396309242,0.0634886963118971,0.15049974387178713,1.3658724946024299
trend_n2000_c2_mid_snr4,610002,2.0,2.0,1.053024584942812,0.06544920067358773,0.1412851309807692,1.3658724946024299
trend_n2000_c2_spike_snr1,610003,0.05,0.05,1.5384522202507613,0.07623854563940329,0.17636920836679584,2.4656137168513426
trend_n2000_c2_spike_snr1,610003,0.05,0.3,1.599395036608384,0.07720636724365697,0.17042090508296523,2.4656137168513426
trend_n2000_c2_spike_snr1,610003,0.05,2.0,1.8072619478284542,0.07849360514029416,0.15829198026381994,2.4656137168513426
trend_n2000_c2_spike_snr1,610003,0.3,0.05,1.5469141287438584,0.07694757702314947,0.17636920836679584,2.5084923161084562
trend_n2000_c2_spike_snr1,610003,0.3,0.3,1.6127331642927938,0.07788008597808659,0.17042090508296523,2.5084923161084562
trend_n2000_c2_spike_snr1,610003,0.3,2.0,1.8423963588676329,0.07894710017538677,0.15829198026381994,2.5084923161084562
trend_n2000_c2_spike_snr1,610003,2.0,0.05,1.626453326846014,0.08502204066243184,0.17636920836679584,3.0138654155735884
trend_n2000_c2_spike_snr1,610003,2.0,0.3,1.7144101504325175,0.08590806778979367,0.17042090508296523,3.0138654155735884
trend_n2000_c2_spike_snr1,610003,2.0,2.0,2.046689684842999,0.08621438230564386,0.15829198026381994,3.0138654155735884
trend_n2000_c2_spike_snr4,610003,0.05,0.05,3.2482988102348336,0.20454839506800046,0.17007937787514607,16.012608932978914
trend_n2000_c2_spike_snr4,610003,0.05,0.3,3.456266708130033,0.206951753287067,0.16420127284293573,16.012608932978914
trend_n2000_c2_spike_snr4,610003,0.05,2.0,4.261167281146133,0.20796901076457974,0.15312335519075737,16.012608932978914
trend_n2000_c2_spike_snr4,610003,0.3,0.05,3.340225632121101,0.21324959456435877,0.17007937787514607,17.350976949448572
trend_n2000_c2_spike_snr4,610003,0.3,0.3,3.5641933435594293,0.2157064435564796,0.16420127284293573,17.350976949448572
trend_n2000_c2_spike_snr4,610003,0.3,2.0,4.440518838563019,0.2164361353201721,0.15312335519075737,17.350976949448572
trend_n2000_c2_spike_snr4,610003,2.0,0.05,3.8587660976697418,0.26440122194870663,0.17007937787514607,26.288535402671936
trend_n2000_c2_spike_snr4,610003,2.0,0.3,4.1600827536752805,0.26733509810087736,0.16420127284293573,26.288535402671936
trend_n2000_c2_spike_snr4,610003,2.0,2.0,5.387410672087785,0.2672084226552442,0.15312335519075737,26.288535402671936
trend_n2000_c2_mid_snr1,610003,0.05,0.05,1.1015881360566608,0.06189693259955667,0.16792838867421733,1.4892384042356954
trend_n2000_c2_mid_snr1,610003,0.05,0.3,1.112391004865884,0.06300964713972627,0.1624050055213887,1.4892384042356954
trend_n2000_c2_mid_snr1,610003,0.05,2.0,1.0963192585370645,0.06557008980267294,0.15208429819036481,1.4892384042356954
trend_n2000_c2_mid_snr1,610003,0.3,0.05,1.0796914961731516,0.06058289496104622,0.16792838867421733,1.4272179136908507
trend_n2000_c2_mid_snr1,610003,0.3,0.3,1.0928033498859915,0.061649813534085086,0.1624050055213887,1.4272179136908507
trend_n2000_c2_mid_snr1,610003,0.3,2.0,1.0866491813412242,0.06407726729422734,0.15208429819036481,1.4272179136908507
trend_n2000_c2_mid_snr1,610003,2.0,0.05,1.0074438130405752,0.0571278339266808,0.16792838867421733,1.2654402716299733
trend_n2000_c2_mid_snr1,610003,2.0,0.3,1.0285393160104284,0.05805483330124418,0.1624050055213887,1.2654402716299733
trend_n2000_c2_mid_snr1,610003,2.0,2.0,1.0586095221526362,0.06003000687392559,0.15208429819036481,1.2654402716299733
trend_n2000_c2_mid_snr4,610003,0.05,0.05,1.0286677310422812,0.06091253160899665,0.1761373265638404,1.4921314465527553
trend_n2000_c2_mid_snr4,610003,0.05,0.3,1.047955246484402,0.06193383909927008,0.17029304946004956,1.4921314465527553
trend_n2000_c2_mid_snr4,610003,0.05,2.0,1.067929441314914,0.06426704859172958,0.1588604227269322,1.4921314465527553
trend_n2000_c2_mid_snr4,610003,0.3,0.05,1.0119089423272676,0.05965269429500065,0.1761373265638404,1.4326535792542494
trend_n2000_c2_mid_snr4,610003,0.3,0.3,1.0335861203225347,0.060629709595906155,0.17029304946004956,1.4326535792542494
trend_n2000_c2_mid_snr4,610003,0.3,2.0,1.063635107439293,0.06282870283154425,0.1588604227269322,1.4326535792542494
trend_n2000_c2_mid_snr4,610003,2.0,0.05,0.9565075125750178,0.05641913990551101,0.1761373265638404,1.2813601381894453
trend_n2000_c2_mid_snr4,610003,2.0,0.3,0.9865350446349852,0.057261453638247625,0.17029304946004956,1.2813601381894453
trend_n2000_c2_mid_snr4,610003,2.0,2.0,1.053240940823103,0.059006764696985105,0.1588604227269322,1.2813601381894453
trend_n2000_c2_spike_snr1,610004,0.05,0.05,1.5790950516627624,0.0808409278325725,0.16406571013834015,2.551382888217849
trend_n2000_c2_spike_snr1,610004,0.05,0.3,1.6463356978343513,0.08175060557684995,0.15883227669355682,2.551382888217849
trend_n2000_c2_spike_snr1,610004,0.05,2.0,1.861291353892244,0.08252042831160454,0.1494656495319714,2.551382888217849
trend_n2000_c2_spike_snr1,610004,0.3,0.05,1.5896067743078919,0.08157556454864072,0.16406571013834015,2.5959602172356546
trend_n2000_c2_spike_snr1,610004,0.3,0.3,1.663416691141341,0.08243382232845595,0.15883227669355682,2.5959602172356546
trend_n2000_c2_spike_snr1,610004,0.3,2.0,1.9064636621985016,0.08290783075827672,0.1494656495319714,2.5959602172356546
trend_n2000_c2_spike_snr1,610004,2.0,0.05,1.6764506506782824,0.09025741169623476,0.16406571013834015,3.1315213424273454
trend_n2000_c2_spike_snr1,610004,2.0,0.3,1.7789858392372733,0.09101559599509329,0.15883227669355682,3.1315213424273454
trend_n2000_c2_spike_snr1,610004,2.0,2.0,2.148468736638125,0.09042090193273372,0.1494656495319714,3.1315213424273454
trend_n2000_c2_spike_snr4,610004,0.05,0.05,3.2293253465628755,0.19849943124597996,0.17391098002194488,15.504822392534065
trend_n2000_c2_spike_snr4,610004,0.05,0.3,3.425888148739036,0.20065850307259958,0.16819456027539498,15.504822392534065
trend_n2000_c2_spike_snr4,610004,0.05,2.0,4.230629672405008,0.2016993334985978,0.1563268139798328,15.504822392534065
trend_n2000_c2_spike_snr4,610004,0.3,0.05,3.327787101655972,0.20726301506235745,0.17391098002194488,16.852698460678205
trend_n2000_c2_spike_snr4,610004,0.3,0.3,3.537965666157186,0.209485333485872,0.16819456027539498,16.852698460678205
trend_n2000_c2_spike_snr4,610004,0.3,2.0,4.407978291427371,0.2103122231251031,0.1563268139798328,16.852698460678205
trend_n2000_c2_spike_snr4,610004,2.0,0.05,3.8605238518432556,0.2587941617271801,0.17391098002194488,25.863785623634005
trend_n2000_c2_spike_snr4,610004,2.0,0.3,4.13849109195328,0.2615173942820693,0.16819456027539498,25.863785623634005
trend_n2000_c2_spike_snr4,610004,2.0,2.0,5.336783103386653,0.2618231670238924,0.1563268139798328,25.863785623634005
trend_n2000_c2_mid_snr1,610004,0.05,0.05,1.0517565531112112,0.06250221617313108,0.1782893976576424,1.5888139943914434
trend_n2000_c2_mid_snr1,610004,0.05,0.3,1.0696969499280997,0.06370415076647086,0.17171591434297348,1.5888139943914434
trend_n2000_c2_mid_snr1,610004,0.05,2.0,1.0841060419630766,0.06650249305773459,0.15869724853509926,1.5888139943914434
trend_n2000_c2_mid_snr1,610004,0.3,0.05,1.0301886616990759,0.06109153913937801,0.1782893976576424,1.518700581434919
trend_n2000_c2_mid_snr1,610004,0.3,0.3,1.050303412613248,0.06224497521815212,0.17171591434297348,1.518700581434919
trend_n2000_c2_mid_snr1,610004,0.3,2.0,1.0738394751142954,0.06490412807772196,0.15869724853509926,1.518700581434919
trend_n2000_c2_mid_snr1,610004,2.0,0.05,0.9590424712186912,0.057203373111023616,0.1782893976576424,1.3296234566373133
trend_n2000_c2_mid_snr1,610004,2.0,0.3,0.9868327550550546,0.05820693778760361,0.17171591434297348,1.3296234566373133
trend_n2000_c2_mid_snr1,610004,2.0,2.0,1.0446527997428945,0.06039188598817039,0.15869724853509926,1.3296234566373133
trend_n2000_c2_mid_snr4,610004,0.05,0.05,1.0994892645708467,0.0595902145274985,0.18011791900321014,1.4956563296156933
trend_n2000_c2_mid_snr4,610004,0.05,0.3,1.1191336655618709,0.060772846690551295,0.1732737983580827,1.4956563296156933
trend_n2000_c2_mid_snr4,610004,0.05,2.0,1.1344790971806709,0.06383439073814157,0.1586305428974405,1.4956563296156933
trend_n2000_c2_mid_snr4,610004,0.3,0.05,1.0715698483863043,0.05835990309815823,0.18011791900321014,1.4325150514897391
trend_n2000_c2_mid_snr4,610004,0.3,0.3,1.0930390413958908,0.05949661694657688,0.1732737983580827,1.4325150514897391
trend_n2000_c2_mid_snr4,610004,0.3,2.0,1.1168007288309751,0.06241417860710219,0.1586305428974405,1.4325150514897391
trend_n2000_c2_mid_snr4,610004,2.0,0.05,0.9801872596901334,0.055013019535448876,0.18011791900321014,1.2621905172340193
trend_n2000_c2_mid_snr4,610004,2.0,0.3,1.0078935638323208,0.05601247940587321,0.1732737983580827,1.2621905172340193
trend_n2000_c2_mid_snr4,610004,2.0,2.0,1.0622245278790048,0.05846070535714316,0.1586305428974405,1.2621905172340193
trend_n2000_c2_spike_snr1,610005,0.05,0.05,1.4208612203733244,0.08173117052617768,0.16126068708001629,2.4778438483757284
trend_n2000_c2_spike_snr1,610005,0.05,0.3,1.4878046044025341,0.08280625245616705,0.1557060563256206,2.4778438483757284
trend_n2000_c2_spike_snr1,610005,0.05,2.0,1.7118638620867208,0.08397901343396082,0.14557293497444432,2.4778438483757284
trend_n2000_c2_spike_snr1,610005,0.3,0.05,1.4242051405989653,0.08218961708285558,0.16126068708001629,2.5035909261551015
trend_n2000_c2_spike_snr1,610005,0.3,0.3,1.4984950086701851,0.08320852315784835,0.1557060563256206,2.5035909261551015
trend_n2000_c2_spike_snr1,610005,0.3,2.0,1.7542432905430707,0.0840682905819062,0.14557293497444432,2.5035909261551015
trend_n2000_c2_spike_snr1,610005,2.0,0.05,1.4867984172559097,0.09010921113431496,0.16126068708001629,2.9726262986674117
trend_n2000_c2_spike_snr1,610005,2.0,0.3,1.5932955690481858,0.0910199101057414,0.1557060563256206,2.9726262986674117
trend_n2000_c2_spike_snr1,610005,2.0,2.0,1.992197887079254,0.09074084147499023,0.14557293497444432,2.9726262986674117
trend_n2000_c2_spike_snr4,610005,0.05,0.05,2.9085148554788214,0.19048917207239802,0.17618753491671485,14.26399056010002
trend_n2000_c2_spike_snr4,610005,0.05,0.3,3.12697872276631,0.19299027999766488,0.1694181326217178,14.26399056010002
trend_n2000_c2_spike_snr4,610005,0.05,2.0,3.974554005686919,0.19477718422055648,0.15572466050291825,14.26399056010002
trend_n2000_c2_spike_snr4,610005,0.3,0.05,2.9771125064353536,0.19948025211380974,0.17618753491671485,15.569402826039747
trend_n2000_c2_spike_snr4,610005,0.3,0.3,3.2138707558560067,0.2020543953877824,0.1694181326217178,15.569402826039747
trend_n2000_c2_spike_snr4,610005,0.3,2.0,4.143266878650362,0.2035885131409657,0.15572466050291825,15.569402826039747
trend_n2000_c2_spike_snr4,610005,2.0,0.05,3.3897660873360387,0.25251404105409575,0.17618753491671485,24.470628460057792
trend_n2000_c2_spike_snr4,610005,2.0,0.3,3.713287513056225,0.2557161805776318,0.1694181326217178,24.470628460057792
trend_n2000_c2_spike_snr4,610005,2.0,2.0,5.038005901988757,0.25679830844783375,0.15572466050291825,24.470628460057792
trend_n2000_c2_mid_snr1,610005,0.05,0.05,0.9605404974601883,0.06248659277760961,0.16657953410502727,1.4532360995996696
trend_n2000_c2_mid_snr1,610005,0.05,0.3,0.9783834375139555,0.06353090759284943,0.16108560728731974,1.4532360995996696
trend_n2000_c2_mid_snr1,610005,0.05,2.0,0.9920844236217443,0.06585546256750612,0.15060313041327977,1.4532360995996696
trend_n2000_c2_mid_snr1,610005,0.3,0.05,0.9425972919454204,0.06115998268346991,0.16657953410502727,1.3929539777796385
trend_n2000_c2_mid_snr1,610005,0.3,0.3,0.9621404225044049,0.062166330181698475,0.16108560728731974,1.3929539777796385
trend_n2000_c2_mid_snr1,610005,0.3,2.0,0.9836920443029653,0.06438093630236431,0.15060313041327977,1.3929539777796385
trend_n2000_c2_mid_snr1,610005,2.0,0.05,0.8815522578894714,0.05761370077931998,0.16657953410502727,1.2342165433549335
trend_n2000_c2_mid_snr1,610005,2.0,0.3,0.9073596615078185,0.05850389360259104,0.16108560728731974,1.2342165433549335
trend_n2000_c2_mid_snr1,610005,2.0,2.0,0.959210002608348,0.06034217908874143,0.15060313041327977,1.2342165433549335
trend_n2000_c2_mid_snr4,610005,0.05,0.05,1.0957970929248888,0.0626964655561751,0.1743674979170183,1.5788284979457765
trend_n2000_c2_mid_snr4,610005,0.05,0.3,1.1158392823488072,0.06387973143650554,0.16799307200857147,1.5788284979457765
trend_n2000_c2_mid_snr4,610005,0.05,2.0,1.1325067542003975,0.06667906820578164,0.15530669035208866,1.5788284979457765
trend_n2000_c2_mid_snr4,610005,0.3,0.05,1.076262740148,0.06130189786472794,0.1743674979170183,1.511185738255296
trend_n2000_c2_mid_snr4,610005,0.3,0.3,1.098629850495324,0.06243529829459692,0.16799307200857147,1.511185738255296
trend_n2000_c2_mid_snr4,610005,0.3,2.0,1.125469165827097,0.06508503588083654,0.15530669035208866,1.511185738255296
trend_n2000_c2_mid_snr4,610005,2.0,0.05,1.0137695465292025,0.05753854280906067,0.1743674979170183,1.3325992685488068
trend_n2000_c2_mid_snr4,610005,2.0,0.3,1.0444801919058688,0.05851655802624403,0.16799307200857147,1.3325992685488068
trend_n2000_c2_mid_snr4,610005,2.0,2.0,1.1094534218313494,0.06065025551462221,0.15530669035208866,1.3325992685488068
trend_n2000_c2_spike_snr1,610006,0.05,0.05,1.312474004857338,0.07970175065291599,0.16331948353605713,2.354188520715831
trend_n2000_c2_spike_snr1,610006,0.05,0.3,1.371165718919027,0.08070490085160423,0.15806679613589697,2.354188520715831
trend_n2000_c2_spike_snr1,610006,0.05,2.0,1.5782212379909668,0.08204812048491886,0.147680369635542,2.354188520715831
trend_n2000_c2_spike_snr1,610006,0.3,0.05,1.3230501385470357,0.08044282029898926,0.16331948353605713,2.397467017776902
trend_n2000_c2_spike_snr1,610006,0.3,0.3,1.387421173741315,0.08141175569690465,0.15806679613589697,2.397467017776902
trend_n2000_c2_spike_snr1,610006,0.3,2.0,1.6198172547337455,0.08253477405183474,0.147680369635542,2.397467017776902
trend_n2000_c2_spike_snr1,610006,2.0,0.05,1.4051459590825275,0.08902046116079895,0.16331948353605713,2.908372276938303
trend_n2000_c2_spike_snr1,610006,2.0,0.3,1.4953420918197324,0.08994379532989721,0.15806679613589697,2.908372276938303
trend_n2000_c2_spike_snr1,610006,2.0,2.0,1.8463153397663665,0.09028044249525671,0.147680369635542,2.908372276938303
trend_n2000_c2_spike_snr4,610006,0.05,0.05,2.5947420613400256,0.19485252673239348,0.1623408285514349,13.408015675026203
trend_n2000_c2_spike_snr4,610006,0.05,0.3,2.8072833514468583,0.1972283728237179,0.15663367728357527,13.408015675026203
trend_n2000_c2_spike_snr4,610006,0.05,2.0,3.676960288682376,0.1985520521247797,0.1452860306103413,13.408015675026203
trend_n2000_c2_spike_snr4,610006,0.3,0.05,2.6810894923971516,0.2045973084498189,0.1623408285514349,14.744546985611487
trend_n2000_c2_spike_snr4,610006,0.3,0.3,2.912148958486041,0.20704960644026243,0.15663367728357527,14.744546985611487
trend_n2000_c2_spike_snr4,610006,0.3,2.0,3.865795298032216,0.20812086844731403,0.1452860306103413,14.744546985611487
trend_n2000_c2_spike_snr4,610006,2.0,0.05,3.1625187919404145,0.26175499060521085,0.1623408285514349,23.84719302127917
trend_n2000_c2_spike_snr4,610006,2.0,0.3,3.4840103657806094,0.26481135410551093,0.15663367728357527,23.84719302127917
trend_n2000_c2_spike_snr4,610006,2.0,2.0,4.854550492387002,0.26524862623685685,0.1452860306103413,23.84719302127917
trend_n2000_c2_mid_snr1,610006,0.05,0.05,1.0316008538898358,0.06480557627611616,0.1536484598275371,1.4527963122946033
trend_n2000_c2_mid_snr1,610006,0.05,0.3,1.0528236264688535,0.06603050130848327,0.14794603690489522,1.4527963122946033
trend_n2000_c2_mid_snr1,610006,0.05,2.0,1.0662554889038465,0.06861491670227196,0.13779072800598596,1.4527963122946033
trend_n2000_c2_mid_snr1,610006,0.3,0.05,1.0067324700388147,0.06347486007450712,0.1536484598275371,1.3926032443000904
trend_n2000_c2_mid_snr1,610006,0.3,0.3,1.0303996181608404,0.06465117806805404,0.14794603690489522,1.3926032443000904
trend_n2000_c2_mid_snr1,610006,0.3,2.0,1.0549307894417892,0.06709239166736797,0.13779072800598596,1.3926032443000904
trend_n2000_c2_mid_snr1,610006,2.0,0.05,0.9325460444780952,0.06004517992575282,0.1536484598275371,1.2404468138044817
trend_n2000_c2_mid_snr1,610006,2.0,0.3,0.9649479121743527,0.06107696296600361,0.14794603690489522,1.2404468138044817
trend_n2000_c2_mid_snr1,610006,2.0,2.0,1.030479069996931,0.06304148705528947,0.13779072800598596,1.2404468138044817
trend_n2000_c2_mid_snr4,610006,0.05,0.05,0.9544752273768526,0.06385329417418778,0.17262668934256098,1.563541178005387
trend_n2000_c2_mid_snr4,610006,0.05,0.3,0.9746567870268957,0.06487579740567004,0.16705791443311363,1.563541178005387
trend_n2000_c2_mid_snr4,610006,0.05,2.0,1.0064825118681793,0.06733552937909097,0.1552350911595655,1.563541178005387
trend_n2000_c2_mid_snr4,610006,0.3,0.05,0.94249336626463,0.0625037424640254,0.17262668934256098,1.500801928531671
trend_n2000_c2_mid_snr4,610006,0.3,0.3,0.9644237721087157,0.06348886068396417,0.16705791443311363,1.500801928531671
trend_n2000_c2_mid_snr4,610006,0.3,2.0,1.0037237546461164,0.06583744122581264,0.1552350911595655,1.500801928531671
trend_n2000_c2_mid_snr4,610006,2.0,0.05,0.9009213323734505,0.058748713115399406,0.17262668934256098,1.3305338473375308
trend_n2000_c2_mid_snr4,610006,2.0,0.3,0.9294210982521214,0.05961455663079357,0.16705791443311363,1.3305338473375308
trend_n2000_c2_mid_snr4,610006,2.0,2.0,0.998624370794073,0.06156874290390385,0.1552350911595655,1.3305338473375308
trend_n2000_c2_spike_snr1,610007,0.05,0.05,1.541357355413081,0.07644160855462974,0.16618004773281306,2.334951795513528
trend_n2000_c2_spike_snr1,610007,0.05,0.3,1.605648512066604,0.07732061643616125,0.1607749646139108,2.334951795513528
trend_n2000_c2_spike_snr1,610007,0.05,2.0,1.812707672511132,0.07821083686278373,0.15056875599244074,2.334951795513528
trend_n2000_c2_spike_snr1,610007,0.3,0.05,1.5475757789773676,0.07715483575298591,0.16618004773281306,2.3745171908802756
trend_n2000_c2_spike_snr1,610007,0.3,0.3,1.6180154975816072,0.07798521220616758,0.1607749646139108,2.3745171908802756
trend_n2000_c2_spike_snr1,610007,0.3,2.0,1.8521719353090467,0.07858794257884856,0.15056875599244074,2.3745171908802756
trend_n2000_c2_spike_snr1,610007,2.0,0.05,1.621561356111213,0.0856408461497491,0.16618004773281306,2.8721731177314904
trend_n2000_c2_spike_snr1,610007,2.0,0.3,1.7190821217960934,0.08638354992373626,0.1607749646139108,2.8721731177314904
trend_n2000_c2_spike_snr1,610007,2.0,2.0,2.0764253101496233,0.0859614122015224,0.15056875599244074,2.8721731177314904
trend_n2000_c2_spike_snr4,610007,0.05,0.05,2.9923818895922287,0.20024961471446864,0.15578711068264633,13.87657579136038
trend_n2000_c2_spike_snr4,610007,0.05,0.3,3.1843273333522277,0.20184906446813608,0.15158277233555936,13.87657579136038
trend_n2000_c2_spike_snr4,610007,0.05,2.0,3.934603843007362,0.20018229822253036,0.14523318549225805,13.87657579136038
trend_n2000_c2_spike_snr4,610007,0.3,0.05,3.0981402393793878,0.20981269308580727,0.15578711068264633,15.197525334787786
trend_n2000_c2_spike_snr4,610007,0.3,0.3,3.309382388287372,0.211419377572717,0.15158277233555936,15.197525334787786
trend_n2000_c2_spike_snr4,610007,0.3,2.0,4.142475004767285,0.20924830582219053,0.14523318549225805,15.197525334787786
trend_n2000_c2_spike_snr4,610007,2.0,0.05,3.6755110712366643,0.26635635927913304,0.15578711068264633,24.18733707007434
trend_n2000_c2_spike_snr4,610007,2.0,0.3,3.9767967418043777,0.26822955932247244,0.15158277233555936,24.18733707007434
trend_n2000_c2_spike_snr4,610007,2.0,2.0,5.207672395705871,0.26416008655234346,0.14523318549225805,24.18733707007434
trend_n2000_c2_mid_snr1,610007,0.05,0.05,1.021955315579143,0.06528364492976024,0.15782545092048897,1.5087761708180027
trend_n2000_c2_mid_snr1,610007,0.05,0.3,1.0382301796756166,0.06626527018306037,0.15315484898193538,1.5087761708180027
trend_n2000_c2_mid_snr1,610007,0.05,2.0,1.0421002647580835,0.0681902307045811,0.14540335140472982,1.5087761708180027
trend_n2000_c2_mid_snr1,610007,0.3,0.05,1.0024294957600681,0.06377218017548876,0.15782545092048897,1.4410273377856389
trend_n2000_c2_mid_snr1,610007,0.3,0.3,1.0212253215050868,0.06470869316443811,0.15315484898193538,1.4410273377856389
trend_n2000_c2_mid_snr1,610007,0.3,2.0,1.035256886939335,0.06651181051419476,0.14540335140472982,1.4410273377856389
trend_n2000_c2_mid_snr1,610007,2.0,0.05,0.9395548012039653,0.059703679357102975,0.15782545092048897,1.2633442543266975
trend_n2000_c2_mid_snr1,610007,2.0,0.3,0.9667073639440217,0.06050455344223055,0.15315484898193538,1.2633442543266975
trend_n2000_c2_mid_snr1,610007,2.0,2.0,1.0166006965221863,0.06189804327253822,0.14540335140472982,1.2633442543266975
trend_n2000_c2_mid_snr4,610007,0.05,0.05,1.1526633326072928,0.06479251496219357,0.16020893823362461,1.5566503799417133
trend_n2000_c2_mid_snr4,610007,0.05,0.3,1.1662740172019102,0.06580238802318497,0.15548710300402002,1.5566503799417133
trend_n2000_c2_mid_snr4,610007,0.05,2.0,1.1603072774612666,0.06792570807597981,0.14734186113785572,1.5566503799417133
trend_n2000_c2_mid_snr4,610007,0.3,0.05,1.1303446631951164,0.06345454580284622,0.16020893823362461,1.4935614228046765
trend_n2000_c2_mid_snr4,610007,0.3,0.3,1.1462159558160585,0.0644212017127181,0.15548710300402002,1.4935614228046765
trend_n2000_c2_mid_snr4,610007,0.3,2.0,1.1494137234304849,0.066424319622868,0.14734186113785572,1.4935614228046765
trend_n2000_c2_mid_snr4,610007,2.0,0.05,1.0571805495353392,0.05983481983362316,0.16020893823362461,1.3250691645236878
trend_n2000_c2_mid_snr4,610007,2.0,0.3,1.081024378771671,0.060666296287304314,0.15548710300402002,1.3250691645236878
trend_n2000_c2_mid_snr4,610007,2.0,2.0,1.1187321037353264,0.06224688509560613,0.14734186113785572,1.3250691645236878
trend_n2000_c2_spike_snr1,610008,0.05,0.05,1.5098265509084392,0.07475088478667637,0.1721803411285793,2.3147564131828244
trend_n2000_c2_spike_snr1,610008,0.05,0.3,1.5754166214685585,0.07578580817091357,0.16584405193983592,2.3147564131828244
trend_n2000_c2_spike_snr1,610008,0.05,2.0,1.789429805886652,0.0771462926416903,0.15336361354859443,2.3147564131828244
trend_n2000_c2_spike_snr1,610008,0.3,0.05,1.5192661041246178,0.0756632888585733,0.1721803411285793,2.366891899611666
trend_n2000_c2_spike_snr1,610008,0.3,0.3,1.5899765094982115,0.07666655965893708,0.16584405193983592,2.366891899611666
trend_n2000_c2_spike_snr1,610008,0.3,2.0,1.8276658909948322,0.07779764171331097,0.15336361354859443,2.366891899611666
trend_n2000_c2_spike_snr1,610008,2.0,0.05,1.6054378495935104,0.08470673100757509,0.1721803411285793,2.9121792219382088
trend_n2000_c2_spike_snr1,610008,2.0,0.3,1.6996248266694058,0.08569044845822485,0.16584405193983592,2.9121792219382088
trend_n2000_c2_spike_snr1,610008,2.0,2.0,2.0477563543338233,0.0860529704326597,0.15336361354859443,2.9121792219382088
trend_n2000_c2_spike_snr4,610008,0.05,0.05,3.391261914732077,0.18996231400557467,0.1771057041590304,14.806009858638081
trend_n2000_c2_spike_snr4,610008,0.05,0.3,3.5849173706628292,0.1924375344276876,0.1704936977711467,14.806009858638081
trend_n2000_c2_spike_snr4,610008,0.05,2.0,4.337621083221502,0.19475979791648967,0.1565086686659205,14.806009858638081
trend_n2000_c2_spike_snr4,610008,0.3,0.05,3.4862883136704292,0.19866804867564822,0.1771057041590304,16.1189666762283
trend_n2000_c2_spike_snr4,610008,0.3,0.3,3.695437226584204,0.20120586461291673,0.1704936977711467,16.1189666762283
trend_n2000_c2_spike_snr4,610008,0.3,2.0,4.5187375562802155,0.20329111254467377,0.1565086686659205,16.1189666762283
trend_n2000_c2_spike_snr4,610008,2.0,0.05,3.999400563017995,0.25057254906089743,0.1771057041590304,25.050333129049257
trend_n2000_c2_spike_snr4,610008,2.0,0.3,4.2836314500924155,0.25368032531572393,0.1704936977711467,25.050333129049257
trend_n2000_c2_spike_snr4,610008,2.0,2.0,5.456424551632956,0.2553575990672835,0.1565086686659205,25.050333129049257
trend_n2000_c2_mid_snr1,610008,0.05,0.05,0.913996490562497,0.06249532139940507,0.17452613857379462,1.5077153678266386
trend_n2000_c2_mid_snr1,610008,0.05,0.3,0.9273938088104223,0.06357245022469286,0.16874471869625532,1.5077153678266386
trend_n2000_c2_mid_snr1,610008,0.05,2.0,0.9338119973008671,0.06613084435685049,0.15689294373470297,1.5077153678266386
trend_n2000_c2_mid_snr1,610008,0.3,0.05,0.8991606103849763,0.0610935064053274,0.17452613857379462,1.4426082822322102
trend_n2000_c2_mid_snr1,610008,0.3,0.3,0.9147321199411318,0.06212906955889226,0.16874471869625532,1.4426082822322102
trend_n2000_c2_mid_snr1,610008,0.3,2.0,0.9301503660031939,0.06456785559298928,0.15689294373470297,1.4426082822322102
trend_n2000_c2_mid_snr1,610008,2.0,0.05,0.8503428995472782,0.05721750161323935,0.17452613857379462,1.2677963263091327
trend_n2000_c2_mid_snr1,610008,2.0,0.3,0.8735837504649023,0.05812361996148606,0.16874471869625532,1.2677963263091327
trend_n2000_c2_mid_snr1,610008,2.0,2.0,0.9228287892817045,0.06015093190877053,0.15689294373470297,1.2677963263091327
trend_n2000_c2_mid_snr4,610008,0.05,0.05,1.0322599326867963,0.060366197801881585,0.1776515446873539,1.4827558422895855
trend_n2000_c2_mid_snr4,610008,0.05,0.3,1.054384739313718,0.061519271028971825,0.1709544069113562,1.4827558422895855
trend_n2000_c2_mid_snr4,610008,0.05,2.0,1.0798629315458592,0.06439116721652896,0.1569011240961812,1.4827558422895855
trend_n2000_c2_mid_snr4,610008,0.3,0.05,1.0098662269711132,0.059082224340533236,0.1776515446873539,1.4201938534725733
trend_n2000_c2_mid_snr4,610008,0.3,0.3,1.0337704242791292,0.060191390215887146,0.1709544069113562,1.4201938534725733
trend_n2000_c2_mid_snr4,610008,0.3,2.0,1.0670886846178533,0.06293156488699662,0.1569011240961812,1.4201938534725733
trend_n2000_c2_mid_snr4,610008,2.0,0.05,0.934514696836497,0.055727036596070756,0.1776515446873539,1.2574375176475028
trend_n2000_c2_mid_snr4,610008,2.0,0.3,0.9644714701500625,0.05670812694931834,0.1709544069113562,1.2574375176475028
trend_n2000_c2_mid_snr4,610008,2.0,2.0,1.026595874458728,0.05902233286270311,0.1569011240961812,1.2574375176475028
trend_n2000_c2_spike_snr1,610009,0.05,0.05,1.5334029164809908,0.07751335887269223,0.16649200662017913,2.3901508342179287
trend_n2000_c2_spike_snr1,610009,0.05,0.3,1.5922905059888095,0.07847381361230646,0.16106841424395918,2.3901508342179287
trend_n2000_c2_spike_snr1,610009,0.05,2.0,1.7788824050054057,0.07947326461081516,0.1514307277207055,2.3901508342179287
trend_n2000_c2_spike_snr1,610009,0.3,0.05,1.5493795882810608,0.07824553831472289,0.16649200662017913,2.4362876742959885
trend_n2000_c2_spike_snr1,610009,0.3,0.3,1.614560483326377,0.07915655403460856,0.16106841424395918,2.4362876742959885
trend_n2000_c2_spike_snr1,610009,0.3,2.0,1.8284759580062535,0.07986831869420091,0.1514307277207055,2.4362876742959885
trend_n2000_c2_spike_snr1,610009,2.0,0.05,1.653864181542392,0.08706018930525167,0.16649200662017913,2.9767207259913757
trend_n2000_c2_spike_snr1,610009,2.0,0.3,1.7467564518339547,0.08787884460557346,0.16106841424395918,2.9767207259913757
trend_n2000_c2_spike_snr1,610009,2.0,2.0,2.0842810045061277,0.08754544788731948,0.1514307277207055,2.9767207259913757
trend_n2000_c2_spike_snr4,610009,0.05,0.05,3.4158980749557393,0.19661631681527375,0.1686388569265983,14.99317414152497
trend_n2000_c2_spike_snr4,610009,0.05,0.3,3.609452160266965,0.19873699628612537,0.16307219777817925,14.99317414152497
trend_n2000_c2_spike_snr4,610009,0.05,2.0,4.385717579210543,0.19943386665907492,0.1519023627291203,14.99317414152497
trend_n2000_c2_spike_snr4,610009,0.3,0.05,3.5101229878447873,0.20579396585898746,0.1686388569265983,16.347610285310143
trend_n2000_c2_spike_snr4,610009,0.3,0.3,3.720159259433119,0.20795984527802516,0.16307219777817925,16.347610285310143
trend_n2000_c2_spike_snr4,610009,0.3,2.0,4.571755635909962,0.20833272950465975,0.1519023627291203,16.347610285310143
trend_n2000_c2_spike_snr4,610009,2.0,0.05,4.035541272940464,0.2594840562444246,0.1686388569265983,25.43324902212914
trend_n2000_c2_spike_snr4,610009,2.0,0.3,4.324055038036949,0.2621097792576687,0.16307219777817925,25.43324902212914
trend_n2000_c2_spike_snr4,610009,2.0,2.0,5.542523695783598,0.2615806150892701,0.1519023627291203,25.43324902212914
trend_n2000_c2_mid_snr1,610009,0.05,0.05,0.925502210655588,0.06446117984969522,0.15826121233292406,1.4494719141809318
trend_n2000_c2_mid_snr1,610009,0.05,0.3,0.9349448639366943,0.0654897747902684,0.15349103534220768,1.4494719141809318
trend_n2000_c2_mid_snr1,610009,0.05,2.0,0.9232562727707427,0.06743932130223897,0.1458304846730501,1.4494719141809318
trend_n2000_c2_mid_snr1,610009,0.3,0.05,0.9099384874050161,0.06303111554204772,0.15826121233292406,1.3872996285388572
trend_n2000_c2_mid_snr1,610009,0.3,0.3,0.9219361841690754,0.0640177345031647,0.15349103534220768,1.3872996285388572
trend_n2000_c2_mid_snr1,610009,0.3,2.0,0.9208039222647263,0.06585549177023907,0.1458304846730501,1.3872996285388572
trend_n2000_c2_mid_snr1,610009,2.0,0.05,0.8622480720139744,0.05910554353057859,0.15826121233292406,1.2223170781024628
trend_n2000_c2_mid_snr1,610009,2.0,0.3,0.8833122491219298,0.05995995600874354,0.15349103534220768,1.2223170781024628
trend_n2000_c2_mid_snr1,610009,2.0,2.0,0.9211078194716745,0.06140385900189365,0.1458304846730501,1.2223170781024628
trend_n2000_c2_mid_snr4,610009,0.05,0.05,1.0638840351615835,0.06386244222219149,0.16243770077484082,1.507505595014522
trend_n2000_c2_mid_snr4,610009,0.05,0.3,1.0771066144211914,0.06490900087428302,0.15739106002107855,1.507505595014522
trend_n2000_c2_mid_snr4,610009,0.05,2.0,1.0747194006498473,0.06723764656350767,0.1479719101422624,1.507505595014522
trend_n2000_c2_mid_snr4,610009,0.3,0.05,1.043409419163148,0.06254342518265384,0.16243770077484082,1.4463842602539054
trend_n2000_c2_mid_snr4,610009,0.3,0.3,1.0591241062981227,0.06354557704569706,0.15739106002107855,1.4463842602539054
trend_n2000_c2_mid_snr4,610009,0.3,2.0,1.0671380190614455,0.06574413609159757,0.1479719101422624,1.4463842602539054
trend_n2000_c2_mid_snr4,610009,2.0,0.05,0.9780614821536976,0.05898882368427581,0.16243770077484082,1.2847210001341731
trend_n2000_c2_mid_snr4,610009,2.0,0.3,1.002703052689787,0.05985129741606241,0.15739106002107855,1.2847210001341731
trend_n2000_c2_mid_snr4,610009,2.0,2.0,1.050056068589035,0.06159206346768844,0.1479719101422624,1.2847210001341731
trend_n2000_c2_spike_snr1,610010,0.05,0.05,1.5238360749604205,0.07626301034440322,0.17225034140345752,2.401606893227855
trend_n2000_c2_spike_snr1,610010,0.05,0.3,1.5937938690647828,0.07730116359199869,0.16586636303382313,2.401606893227855
trend_n2000_c2_spike_snr1,610010,0.05,2.0,1.8232259573155907,0.07865785624282982,0.15310613904633075,2.401606893227855
trend_n2000_c2_spike_snr1,610010,0.3,0.05,1.5288696402005137,0.07705167519228417,0.17225034140345752,2.4458669581055807
trend_n2000_c2_spike_snr1,610010,0.3,0.3,1.6050177317394123,0.07804521013079747,0.16586636303382313,2.4458669581055807
trend_n2000_c2_spike_snr1,610010,0.3,2.0,1.8623605596963204,0.07911734530206413,0.15310613904633075,2.4458669581055807
trend_n2000_c2_spike_snr1,610010,2.0,0.05,1.5950012169294265,0.08592029088232925,0.17225034140345752,2.9788727827407047
trend_n2000_c2_spike_snr1,610010,2.0,0.3,1.69892039424465,0.08685687255795277,0.16586636303382313,2.9788727827407047
trend_n2000_c2_spike_snr1,610010,2.0,2.0,2.0841046117883013,0.08697095903392055,0.15310613904633075,2.9788727827407047
trend_n2000_c2_spike_snr4,610010,0.05,0.05,3.1559518302675094,0.2132785471624175,0.157440351858516,15.87699889031044
trend_n2000_c2_spike_snr4,610010,0.05,0.3,3.396249423896594,0.21535507556353756,0.15237427427598302,15.87699889031044
trend_n2000_c2_spike_snr4,610010,0.05,2.0,4.314622402718501,0.21443330705523658,0.14369977719854682,15.87699889031044
trend_n2000_c2_spike_snr4,610010,0.3,0.05,3.2462061849221135,0.22274037518176545,0.157440351858516,17.265724135026165
trend_n2000_c2_spike_snr4,610010,0.3,0.3,3.506611681345493,0.2248511408660879,0.15237427427598302,17.265724135026165
trend_n2000_c2_spike_snr4,610010,0.3,2.0,4.511943372709889,0.22348783402730224,0.14369977719854682,17.265724135026165
trend_n2000_c2_spike_snr4,610010,2.0,0.05,3.7470188000937816,0.27792573267243725,0.157440351858516,26.508403687907062
trend_n2000_c2_spike_snr4,610010,2.0,0.3,4.10535761234925,0.2804214102157605,0.15237427427598302,26.508403687907062
trend_n2000_c2_spike_snr4,610010,2.0,2.0,5.538919690825999,0.27743922747407246,0.14369977719854682,26.508403687907062
trend_n2000_c2_mid_snr1,610010,0.05,0.05,1.0834308329753373,0.06529488469204796,0.15945078024837772,1.5454191991417459
trend_n2000_c2_mid_snr1,610010,0.05,0.3,1.1024563186939114,0.0663224332817362,0.15448100933228606,1.5454191991417459
trend_n2000_c2_mid_snr1,610010,0.05,2.0,1.108452144850411,0.06839745841884497,0.14612878361022108,1.5454191991417459
trend_n2000_c2_mid_snr1,610010,0.3,0.05,1.0622077127659344,0.06399626825618349,0.15945078024837772,1.4846683597028703
trend_n2000_c2_mid_snr1,610010,0.3,0.3,1.0833014282218836,0.06498303188844762,0.15448100933228606,1.4846683597028703
trend_n2000_c2_mid_snr1,610010,0.3,2.0,1.098647677532802,0.06694002784464918,0.14612878361022108,1.4846683597028703
trend_n2000_c2_mid_snr1,610010,2.0,0.05,0.9906330475988181,0.06030130499747899,0.15945078024837772,1.3149229949615222
trend_n2000_c2_mid_snr1,610010,2.0,0.3,1.0190273305285211,0.06115937760697784,0.15448100933228606,1.3149229949615222
trend_n2000_c2_mid_snr1,610010,2.0,2.0,1.0690791793917935,0.06270294099293387,0.14612878361022108,1.3149229949615222
trend_n2000_c2_mid_snr4,610010,0.05,0.05,1.0132442927316896,0.06356237811641624,0.16353959789421765,1.4880362477934486
trend_n2000_c2_mid_snr4,610010,0.05,0.3,1.0258946972312561,0.0644795601731208,0.1589888977409172,1.4880362477934486
trend_n2000_c2_mid_snr4,610010,0.05,2.0,1.0238351598777444,0.06641151334362769,0.15091039936547737,1.4880362477934486
trend_n2000_c2_mid_snr4,610010,0.3,0.05,0.9983098103847536,0.062131421106217596,0.16353959789421765,1.4243528423611238
trend_n2000_c2_mid_snr4,610010,0.3,0.3,1.0137305166610213,0.06300440095777309,0.1589888977409172,1.4243528423611238
trend_n2000_c2_mid_snr4,610010,0.3,2.0,1.0226407034320808,0.06481129474977276,0.15091039936547737,1.4243528423611238
trend_n2000_c2_mid_snr4,610010,2.0,0.05,0.9482763866152563,0.05848995220890377,0.16353959789421765,1.2649027397418218
trend_n2000_c2_mid_snr4,610010,2.0,0.3,0.9733145852753343,0.05922665354521272,0.1589888977409172,1.2649027397418218
trend_n2000_c2_mid_snr4,610010,2.0,2.0,1.0225241195922956,0.06059538338917996,0.15091039936547737,1.2649027397418218
trend_n2000_c2_spike_snr1,610011,0.05,0.05,1.5707557694953553,0.07819624047823809,0.16159384020642234,2.372900254252201
trend_n2000_c2_spike_snr1,610011,0.05,0.3,1.635625876906926,0.07899694215671375,0.15669094821163465,2.372900254252201
trend_n2000_c2_spike_snr1,610011,0.05,2.0,1.8372769115969618,0.07950704644890771,0.14825359343607514,2.372900254252201
trend_n2000_c2_spike_snr1,610011,0.3,0.05,1.5827084834988372,0.07901952339049188,0.16159384020642234,2.420780459672599
trend_n2000_c2_spike_snr1,610011,0.3,0.3,1.6537504844376636,0.07977227668690888,0.15669094821163465,2.420780459672599
trend_n2000_c2_spike_snr1,610011,0.3,2.0,1.8821467579027593,0.07999677695484499,0.14825359343607514,2.420780459672599
trend_n2000_c2_spike_snr1,610011,2.0,0.05,1.6752739208311507,0.08812350987708625,0.16159384020642234,2.9608059149713526
trend_n2000_c2_spike_snr1,610011,2.0,0.3,1.7738781843678906,0.08878331392140648,0.15669094821163465,2.9608059149713526
trend_n2000_c2_spike_snr1,610011,2.0,2.0,2.1249925756150443,0.08795198391531144,0.14825359343607514,2.9608059149713526
trend_n2000_c2_spike_snr4,610011,0.05,0.05,3.043296220354748,0.19626398876699122,0.16954025445514495,14.61839131895814
trend_n2000_c2_spike_snr4,610011,0.05,0.3,3.2413856758151813,0.19836515674574054,0.1640205686603536,14.61839131895814
trend_n2000_c2_spike_snr4,610011,0.05,2.0,4.024334807032,0.19893064837571897,0.1534530943622962,14.61839131895814
trend_n2000_c2_spike_snr4,610011,0.3,0.05,3.132769652836254,0.20572838290133183,0.16954025445514495,16.000858678295717
trend_n2000_c2_spike_snr4,610011,0.3,0.3,3.3472708026557756,0.2078896230315241,0.1640205686603536,16.000858678295717
trend_n2000_c2_spike_snr4,610011,0.3,2.0,4.205185735085044,0.20817669479981907,0.1534530943622962,16.000858678295717
trend_n2000_c2_spike_snr4,610011,2.0,0.05,3.617335445094133,0.26066353400169556,0.16954025445514495,25.234402106132652
trend_n2000_c2_spike_snr4,610011,2.0,0.3,3.911119432670743,0.2633351909804502,0.1640205686603536,25.234402106132652
trend_n2000_c2_spike_snr4,610011,2.0,2.0,5.136972671497909,0.26286256300008354,0.1534530943622962,25.234402106132652
trend_n2000_c2_mid_snr1,610011,0.05,0.05,0.9946440070571204,0.06234524706061288,0.17099690773321885,1.4971467540086383
trend_n2000_c2_mid_snr1,610011,0.05,0.3,1.0122889538516016,0.06337954871042012,0.16541907650344143,1.4971467540086383
trend_n2000_c2_mid_snr1,610011,0.05,2.0,1.0259801648958906,0.06591823460887626,0.15380003213602786,1.4971467540086383
trend_n2000_c2_mid_snr1,610011,0.3,0.05,0.9800646014293503,0.06099324151191058,0.17099690773321885,1.4352518222214679
trend_n2000_c2_mid_snr1,610011,0.3,0.3,0.9999879766671491,0.06198454297566098,0.16541907650344143,1.4352518222214679
trend_n2000_c2_mid_snr1,610011,0.3,2.0,1.0230711180835383,0.06439547156574107,0.15380003213602786,1.4352518222214679
trend_n2000_c2_mid_snr1,610011,2.0,0.05,0.9318512237472371,0.05738287558065117,0.17099690773321885,1.273473809553407
trend_n2000_c2_mid_snr1,610011,2.0,0.3,0.9596142717729766,0.05824257426846801,0.16541907650344143,1.273473809553407
trend_n2000_c2_mid_snr1,610011,2.0,2.0,1.0171739621265483,0.060219066140899474,0.15380003213602786,1.273473809553407
trend_n2000_c2_mid_snr4,610011,0.05,0.05,1.0536164535725545,0.06195670471001414,0.17174609561453147,1.5078786601229948
trend_n2000_c2_mid_snr4,610011,0.05,0.3,1.0659749599568167,0.06305640333356932,0.1660555002643671,1.5078786601229948
trend_n2000_c2_mid_snr4,610011,0.05,2.0,1.0628326465854627,0.06566038398487276,0.1547563970785284,1.5078786601229948
trend_n2000_c2_mid_snr4,610011,0.3,0.05,1.0322835210830597,0.06059747396293845,0.17174609561453147,1.443074732873225
trend_n2000_c2_mid_snr4,610011,0.3,0.3,1.0466242390405662,0.06165426169216034,0.1660555002643671,1.443074732873225
trend_n2000_c2_mid_snr4,610011,0.3,2.0,1.0517753879014469,0.06413583275103943,0.1547563970785284,1.443074732873225
trend_n2000_c2_mid_snr4,610011,2.0,0.05,0.9595265614412495,0.057109608689260676,0.17174609561453147,1.2773071454688223
trend_n2000_c2_mid_snr4,610011,2.0,0.3,0.980873987530743,0.058037369425242055,0.1660555002643671,1.2773071454688223
trend_n2000_c2_mid_snr4,610011,2.0,2.0,1.0171582881068701,0.06010939308920276,0.1547563970785284,1.2773071454688223
trend_n2000_c2_spike_snr1,610012,0.05,0.05,1.6271055145808884,0.07820900277064081,0.16892942440471112,2.5117331079610503
trend_n2000_c2_spike_snr1,610012,0.05,0.3,1.686587957442719,0.07905542783227075,0.16382719246864702,2.5117331079610503
trend_n2000_c2_spike_snr1,610012,0.05,2.0,1.87863690298871,0.07992639317287212,0.15416066816969545,2.5117331079610503
trend_n2000_c2_spike_snr1,610012,0.3,0.05,1.6432973973089922,0.07894525979536243,0.16892942440471112,2.5597317733572154
trend_n2000_c2_spike_snr1,610012,0.3,0.3,1.7086828490474428,0.07974241308622322,0.16382719246864702,2.5597317733572154
trend_n2000_c2_spike_snr1,610012,0.3,2.0,1.9263645481226104,0.08033161763031448,0.15416066816969545,2.5597317733572154
trend_n2000_c2_spike_snr1,610012,2.0,0.05,1.7459441848901258,0.0874750803740724,0.16892942440471112,3.0976245103151427
trend_n2000_c2_spike_snr1,610012,2.0,0.3,1.8371385320511981,0.08817127652542465,0.16382719246864702,3.0976245103151427
trend_n2000_c2_spike_snr1,610012,2.0,2.0,2.170576511339608,0.08774245389745382,0.15416066816969545,3.0976245103151427
trend_n2000_c2_spike_snr4,610012,0.05,0.05,3.348479400599472,0.2030243228648037,0.17108241849906808,16.00777607338005
trend_n2000_c2_spike_snr4,610012,0.05,0.3,3.557771314660741,0.2053460264032677,0.16518634014094538,16.00777607338005
trend_n2000_c2_spike_snr4,610012,0.05,2.0,4.384828207034908,0.20624781043825757,0.15359901464845488,16.00777607338005
trend_n2000_c2_spike_snr4,610012,0.3,0.05,3.450040680039488,0.21210959538650012,0.17108241849906808,17.415122758931115
trend_n2000_c2_spike_snr4,610012,0.3,0.3,3.675438276814598,0.21448811137576684,0.16518634014094538,17.415122758931115
trend_n2000_c2_spike_snr4,610012,0.3,2.0,4.575947185119761,0.21509727315294735,0.15359901464845488,17.415122758931115
trend_n2000_c2_spike_snr4,610012,2.0,0.05,3.997774360457469,0.2648559993986197,0.17108241849906808,26.712689626392834
trend_n2000_c2_spike_snr4,610012,2.0,0.3,4.301033257167011,0.26772834280816277,0.16518634014094538,26.712689626392834
trend_n2000_c2_spike_snr4,610012,2.0,2.0,5.562645105644924,0.2674994829749072,0.15359901464845488,26.712689626392834
trend_n2000_c2_mid_snr1,610012,0.05,0.05,1.067610066563386,0.0630919357224844,0.1759064228406103,1.5995197020726388
trend_n2000_c2_mid_snr1,610012,0.05,0.3,1.0833202734708607,0.0642002519715556,0.17000461191436483,1.5995197020726388
trend_n2000_c2_mid_snr1,610012,0.05,2.0,1.0926376266352018,0.06693755127239462,0.15764767742341956,1.5995197020726388
trend_n2000_c2_mid_snr1,610012,0.3,0.05,1.0468013157562175,0.061669031786673816,0.1759064228406103,1.5293877537813596
trend_n2000_c2_mid_snr1,610012,0.3,0.3,1.0648733099617802,0.06272985492943968,0.17000461191436483,1.5293877537813596
trend_n2000_c2_mid_snr1,610012,0.3,2.0,1.0839791442466842,0.06532543992497322,0.15764767742341956,1.5293877537813596
trend_n2000_c2_mid_snr1,610012,2.0,0.05,0.9781945775249086,0.05782212997732985,0.1759064228406103,1.3433930000651266
trend_n2000_c2_mid_snr1,610012,2.0,0.3,1.0042988009882878,0.058738325179728164,0.17000461191436483,1.3433930000651266
trend_n2000_c2_mid_snr1,610012,2.0,2.0,1.0589090446959688,0.06085888828798507,0.15764767742341956,1.3433930000651266
trend_n2000_c2_mid_snr4,610012,0.05,0.05,0.9901889337633266,0.061962461779710605,0.171350784534514,1.4824393882701643
trend_n2000_c2_mid_snr4,610012,0.05,0.3,1.0052258062553072,0.06296618522597282,0.16596891425005025,1.4824393882701643
trend_n2000_c2_mid_snr4,610012,0.05,2.0,1.0161698636067522,0.06532594331858671,0.15508271473788485,1.4824393882701643
trend_n2000_c2_mid_snr4,610012,0.3,0.05,0.9698758874968899,0.060607544271263206,0.171350784534514,1.4187607696004776
trend_n2000_c2_mid_snr4,610012,0.3,0.3,0.9864135196382929,0.061574847587870934,0.16596891425005025,1.4187607696004776
trend_n2000_c2_mid_snr4,610012,0.3,2.0,1.004375500862298,0.06382707474471486,0.15508271473788485,1.4187607696004776
trend_n2000_c2_mid_snr4,610012,2.0,0.05,0.9045797566720882,0.05690719557386873,0.171350784534514,1.2489151236816414
trend_n2000_c2_mid_snr4,610012,2.0,0.3,0.9266266413714777,0.057762575848996106,0.16596891425005025,1.2489151236816414
trend_n2000_c2_mid_snr4,610012,2.0,2.0,0.9715511802672264,0.05965075065441781,0.15508271473788485,1.2489151236816414
trend_n2000_c2_spike_snr1,610013,0.05,0.05,1.5368862129609493,0.07809553795165813,0.16293384697093247,2.370304171782013
trend_n2000_c2_spike_snr1,610013,0.05,0.3,1.5922034639362705,0.0791593196618044,0.1574432459622775,2.370304171782013
trend_n2000_c2_spike_snr1,610013,0.05,2.0,1.7684923742415848,0.08049148854577405,0.14747698179616608,2.370304171782013
trend_n2000_c2_spike_snr1,610013,0.3,0.05,1.549340144014054,0.07868824383287541,0.16293384697093247,2.4068181578505796
trend_n2000_c2_spike_snr1,610013,0.3,0.3,1.6102153482174857,0.07970823983493863,0.1574432459622775,2.4068181578505796
trend_n2000_c2_spike_snr1,610013,0.3,2.0,1.8112442112742426,0.08078491465869132,0.14747698179616608,2.4068181578505796
trend_n2000_c2_spike_snr1,610013,2.0,0.05,1.6451742845294806,0.0869776914761972,0.16293384697093247,2.9037590884955375
trend_n2000_c2_spike_snr1,610013,2.0,0.3,1.7309654337996547,0.08792733541058269,0.1574432459622775,2.9037590884955375
trend_n2000_c2_spike_snr1,610013,2.0,2.0,2.046699735062407,0.08807982535593178,0.14747698179616608,2.9037590884955375
trend_n2000_c2_spike_snr4,610013,0.05,0.05,3.0883294352116892,0.1907829072447511,0.17623890514202628,14.497626971035228
trend_n2000_c2_spike_snr4,610013,0.05,0.3,3.266624428200454,0.19323128887511765,0.17001462936393025,14.497626971035228
trend_n2000_c2_spike_snr4,610013,0.05,2.0,3.992692738282229,0.19554264478223737,0.1570044202547243,14.497626971035228
trend_n2000_c2_spike_snr4,610013,0.3,0.05,3.162035558031337,0.19981004825224388,0.17623890514202628,15.8203904820768
trend_n2000_c2_spike_snr4,610013,0.3,0.3,3.356331269890221,0.20232402627905466,0.17001462936393025,15.8203904820768
trend_n2000_c2_spike_snr4,610013,0.3,2.0,4.157583432157403,0.2044040648408192,0.1570044202547243,15.8203904820768
trend_n2000_c2_spike_snr4,610013,2.0,0.05,3.595454562174346,0.25324137412160364,0.17623890514202628,24.86050991113471
trend_n2000_c2_spike_snr4,610013,2.0,0.3,3.8667709731648023,0.256325181720506,0.17001462936393025,24.86050991113471
trend_n2000_c2_spike_snr4,610013,2.0,2.0,5.035705291987056,0.2579898530642054,0.1570044202547243,24.86050991113471
trend_n2000_c2_mid_snr1,610013,0.05,0.05,1.0264731685944397,0.06374892430062438,0.15617435652629638,1.4326451591326284
trend_n2000_c2_mid_snr1,610013,0.05,0.3,1.0405242803953083,0.0648946319568105,0.1508540643693354,1.4326451591326284
trend_n2000_c2_mid_snr1,610013,0.05,2.0,1.0320240610576314,0.0672231325103952,0.14193128646685205,1.4326451591326284
trend_n2000_c2_mid_snr1,610013,0.3,0.05,1.0072937565248221,0.062427760992770275,0.15617435652629638,1.3745368871992598
trend_n2000_c2_mid_snr1,610013,0.3,0.3,1.024038688993909,0.06352603904984659,0.1508540643693354,1.3745368871992598
trend_n2000_c2_mid_snr1,610013,0.3,2.0,1.0263840162200928,0.0657255624049802,0.14193128646685205,1.3745368871992598
trend_n2000_c2_mid_snr1,610013,2.0,0.05,0.945220958022554,0.05889035137053986,0.15617435652629638,1.2216978738182078
trend_n2000_c2_mid_snr1,610013,2.0,0.3,0.9709463416783548,0.0598454989561368,0.1508540643693354,1.2216978738182078
trend_n2000_c2_mid_snr1,610013,2.0,2.0,1.0118576282586798,0.06160928069994968,0.14193128646685205,1.2216978738182078
trend_n2000_c2_mid_snr4,610013,0.05,0.05,0.8747967574992215,0.059711314401460124,0.176777488573176,1.3946012524872293
trend_n2000_c2_mid_snr4,610013,0.05,0.3,0.8896760145721736,0.06091133100487025,0.1699803831758745,1.3946012524872293
trend_n2000_c2_mid_snr4,610013,0.05,2.0,0.9036118956196433,0.06379049179106834,0.15587658430879886,1.3946012524872293
trend_n2000_c2_mid_snr4,610013,0.3,0.05,0.858456977426584,0.05859330364982715,0.176777488573176,1.3428782589050707
trend_n2000_c2_mid_snr4,610013,0.3,0.3,0.8752985009652936,0.0597544526678287,0.1699803831758745,1.3428782589050707
trend_n2000_c2_mid_snr4,610013,0.3,2.0,0.8972544876565178,0.06252104315094664,0.15587658430879886,1.3428782589050707
trend_n2000_c2_mid_snr4,610013,2.0,0.05,0.8105120561772183,0.05557661952807129,0.176777488573176,1.2070850491535168
trend_n2000_c2_mid_snr4,610013,2.0,0.3,0.8338404542406366,0.056623503386224176,0.1699803831758745,1.2070850491535168
trend_n2000_c2_mid_snr4,610013,2.0,2.0,0.8843123375584538,0.059028855396683844,0.15587658430879886,1.2070850491535168
trend_n2000_c2_spike_snr1,610014,0.05,0.05,1.5064457760772616,0.07267524536936955,0.18411886062968288,2.36080849990962
trend_n2000_c2_spike_snr1,610014,0.05,0.3,1.560097250811165,0.07363622889513396,0.17793723743703818,2.36080849990962
trend_n2000_c2_spike_snr1,610014,0.05,2.0,1.7402091175095096,0.07526001840883656,0.16457200406591052,2.36080849990962
trend_n2000_c2_spike_snr1,610014,0.3,0.05,1.5203843441627725,0.0734074509546147,0.18411886062968288,2.407924679270454
trend_n2000_c2_spike_snr1,610014,0.3,0.3,1.5790422246899491,0.07433072723932273,0.17793723743703818,2.407924679270454
trend_n2000_c2_spike_snr1,610014,0.3,2.0,1.7815473774020387,0.0757264601606608,0.16457200406591052,2.407924679270454
trend_n2000_c2_spike_snr1,610014,2.0,0.05,1.6216616618509445,0.08153588277291086,0.18411886062968288,2.929826482023435
trend_n2000_c2_spike_snr1,610014,2.0,0.3,1.7022771836847816,0.08240551796163993,0.17793723743703818,2.929826482023435
trend_n2000_c2_spike_snr1,610014,2.0,2.0,2.0063479667776316,0.083039333224975,0.16457200406591052,2.929826482023435
trend_n2000_c2_spike_snr4,610014,0.05,0.05,3.26870179060739,0.19174612313779624,0.17475132049448025,14.704280305505302
trend_n2000_c2_spike_snr4,610014,0.05,0.3,3.4764697946406704,0.19386086065488126,0.168675920382353,14.704280305505302
trend_n2000_c2_spike_snr4,610014,0.05,2.0,4.264859602722176,0.1945197338341568,0.15678009278099175,14.704280305505302
trend_n2000_c2_spike_snr4,610014,0.3,0.05,3.369035472262409,0.20101878079406998,0.17475132049448025,16.092269520047154
trend_n2000_c2_spike_snr4,610014,0.3,0.3,3.5940688483559167,0.20318552629240716,0.168675920382353,16.092269520047154
trend_n2000_c2_spike_snr4,610014,0.3,2.0,4.459006833054892,0.20352199114347982,0.15678009278099175,16.092269520047154
trend_n2000_c2_spike_snr4,610014,2.0,0.05,3.9148085187575106,0.254651413544187,0.17475132049448025,25.319843929832388
trend_n2000_c2_spike_snr4,610014,2.0,0.3,4.221618160299946,0.2573128213386636,0.168675920382353,25.319843929832388
trend_n2000_c2_spike_snr4,610014,2.0,2.0,5.455465948727129,0.2567770048578346,0.15678009278099175,25.319843929832388
trend_n2000_c2_mid_snr1,610014,0.05,0.05,0.9033173964380126,0.06343112038335462,0.17303283359041124,1.5321969809320333
trend_n2000_c2_mid_snr1,610014,0.05,0.3,0.9178008281452026,0.0645834147711138,0.16697781418369884,1.5321969809320333
trend_n2000_c2_mid_snr1,610014,0.05,2.0,0.922470540660994,0.06713740150983458,0.15544570546664466,1.5321969809320333
trend_n2000_c2_mid_snr1,610014,0.3,0.05,0.8870862482550411,0.06198438127723739,0.17303283359041124,1.4644400154511343
trend_n2000_c2_mid_snr1,610014,0.3,0.3,0.9044488476498681,0.06308803172297525,0.16697781418369884,1.4644400154511343
trend_n2000_c2_mid_snr1,610014,0.3,2.0,0.9206354264610448,0.06550542888330879,0.15544570546664466,1.4644400154511343
trend_n2000_c2_mid_snr1,610014,2.0,0.05,0.8360839154698617,0.05801538106407336,0.17303283359041124,1.2845738895243417
trend_n2000_c2_mid_snr1,610014,2.0,0.3,0.8631497493977496,0.058970368649280056,0.16697781418369884,1.2845738895243417
trend_n2000_c2_mid_snr1,610014,2.0,2.0,0.9203937392781009,0.06092663707187169,0.15544570546664466,1.2845738895243417
trend_n2000_c2_mid_snr4,610014,0.05,0.05,0.9756260565528294,0.06103452155293618,0.17455452341445896,1.465354051938511
trend_n2000_c2_mid_snr4,610014,0.05,0.3,0.9928524676790456,0.06210298015504784,0.16859422755409784,1.465354051938511
trend_n2000_c2_mid_snr4,610014,0.05,2.0,1.0034636161766985,0.0646156655832034,0.15673983728400673,1.465354051938511
trend_n2000_c2_mid_snr4,610014,0.3,0.05,0.9634213868416724,0.059788673068142326,0.17455452341445896,1.4087252189075916
trend_n2000_c2_mid_snr4,610014,0.3,0.3,0.9827320879553515,0.060816730495432084,0.16859422755409784,1.4087252189075916
trend_n2000_c2_mid_snr4,610014,0.3,2.0,1.0023317152527258,0.06320991837496646,0.15673983728400673,1.4087252189075916
trend_n2000_c2_mid_snr4,610014,2.0,0.05,0.9216062333916317,0.05642623503559352,0.17455452341445896,1.2586830307308474
trend_n2000_c2_mid_snr4,610014,2.0,0.3,0.9484565269956107,0.05732694386237398,0.16859422755409784,1.2586830307308474
trend_n2000_c2_mid_snr4,610014,2.0,2.0,1.0023382463929382,0.059299018639467786,0.15673983728400673,1.2586830307308474
trend_n2000_c2_spike_snr1,610015,0.05,0.05,1.6519775449758727,0.07964527199115991,0.162452621470427,2.502271012502725
trend_n2000_c2_spike_snr1,610015,0.05,0.3,1.7095733519703218,0.08058042470245368,0.1574144996586466,2.502271012502725
trend_n2000_c2_spike_snr1,610015,0.05,2.0,1.8854541498063409,0.08153609265483414,0.1486093599738339,2.502271012502725
trend_n2000_c2_spike_snr1,610015,0.3,0.05,1.6559565410112713,0.08019115057042345,0.162452621470427,2.532729305281645
trend_n2000_c2_spike_snr1,610015,0.3,0.3,1.7192180830875858,0.08107709764521633,0.1574144996586466,2.532729305281645
trend_n2000_c2_spike_snr1,610015,0.3,2.0,1.920019603098938,0.08176111480940286,0.1486093599738339,2.532729305281645
trend_n2000_c2_spike_snr1,610015,2.0,0.05,1.7274324741930127,0.08828909274872107,0.162452621470427,3.014854365709176
trend_n2000_c2_spike_snr1,610015,2.0,0.3,1.815837152554221,0.08908124345885234,0.1574144996586466,3.014854365709176
trend_n2000_c2_spike_snr1,610015,2.0,2.0,2.1306857089837044,0.08877795618552428,0.1486093599738339,3.014854365709176
trend_n2000_c2_spike_snr4,610015,0.05,0.05,3.2084496736449197,0.19267377664172736,0.16658938923406857,14.071184555187864
trend_n2000_c2_spike_snr4,610015,0.05,0.3,3.398338901151126,0.19466022895027152,0.1612592924651357,14.071184555187864
trend_n2000_c2_spike_snr4,610015,0.05,2.0,4.142615647811221,0.19510346546726448,0.150952690170876,14.071184555187864
trend_n2000_c2_spike_snr4,610015,0.3,0.05,3.292264126086641,0.20195393105349593,0.16658938923406857,15.380900584639583
trend_n2000_c2_spike_snr4,610015,0.3,0.3,3.4980222633163565,0.20399387331853483,0.1612592924651357,15.380900584639583
trend_n2000_c2_spike_snr4,610015,0.3,2.0,4.314854071437508,0.2041538446306838,0.150952690170876,15.380900584639583
trend_n2000_c2_spike_snr4,610015,2.0,0.05,3.7683146041221365,0.257062297006129,0.16658938923406857,24.36038004647688
trend_n2000_c2_spike_snr4,610015,2.0,0.3,4.051514664261688,0.2595991441046751,0.1612592924651357,24.36038004647688
trend_n2000_c2_spike_snr4,610015,2.0,2.0,5.2284066223415575,0.2590130509437562,0.150952690170876,24.36038004647688
trend_n2000_c2_mid_snr1,610015,0.05,0.05,0.957302849838709,0.061130293058295974,0.16688329480535768,1.3989460093834996
trend_n2000_c2_mid_snr1,610015,0.05,0.3,0.9733423301365516,0.06220501884476335,0.16119517098300506,1.3989460093834996
trend_n2000_c2_mid_snr1,610015,0.05,2.0,0.9857773363930464,0.0646577409547275,0.15002676920502037,1.3989460093834996
trend_n2000_c2_mid_snr1,610015,0.3,0.05,0.9377945681270895,0.05982333397971235,0.16688329480535768,1.3400667771158263
trend_n2000_c2_mid_snr1,610015,0.3,0.3,0.9563026943892169,0.060853141836807165,0.16119517098300506,1.3400667771158263
trend_n2000_c2_mid_snr1,610015,0.3,2.0,0.978756803527243,0.06317516040973789,0.15002676920502037,1.3400667771158263
trend_n2000_c2_mid_snr1,610015,2.0,0.05,0.87825705595169,0.05636226046758089,0.16688329480535768,1.1879405200202395
trend_n2000_c2_mid_snr1,610015,2.0,0.3,0.9050093907910686,0.05725859729889455,0.16119517098300506,1.1879405200202395
trend_n2000_c2_mid_snr1,610015,2.0,2.0,0.9628113203793454,0.059153118768133936,0.15002676920502037,1.1879405200202395
trend_n2000_c2_mid_snr4,610015,0.05,0.05,0.9832820029794823,0.059569627870942485,0.17013787373275382,1.3707715076431197
trend_n2000_c2_mid_snr4,610015,0.05,0.3,1.0038093638211263,0.06057706684294511,0.16437181106774662,1.3707715076431197
trend_n2000_c2_mid_snr4,610015,0.05,2.0,1.0306569935630205,0.06290992338917775,0.15282320668115107,1.3707715076431197
trend_n2000_c2_mid_snr4,610015,0.3,0.05,0.9653201742439521,0.0584417758773166,0.17013787373275382,1.3195713977399568
trend_n2000_c2_mid_snr4,610015,0.3,0.3,0.9872197585309356,0.05941558761194464,0.16437181106774662,1.3195713977399568
trend_n2000_c2_mid_snr4,610015,0.3,2.0,1.020593196248044,0.06164664312698217,0.15282320668115107,1.3195713977399568
trend_n2000_c2_mid_snr4,610015,2.0,0.05,0.9014875871469182,0.055580092412686445,0.17013787373275382,1.1883781564272184
trend_n2000_c2_mid_snr4,610015,2.0,0.3,0.9285623873552317,0.05645335735876201,0.16437181106774662,1.1883781564272184
trend_n2000_c2_mid_snr4,610015,2.0,2.0,0.9877100192716851,0.058341234383576766,0.15282320668115107,1.1883781564272184
trend_n2000_c2_spike_snr1,610016,0.05,0.05,1.585368473001109,0.07840438760370756,0.17212393592262407,2.5466759923964846
trend_n2000_c2_spike_snr1,610016,0.05,0.3,1.6368242316627204,0.07949417928609327,0.1663928159920576,2.5466759923964846
trend_n2000_c2_spike_snr1,610016,0.05,2.0,1.8024380104482516,0.0811117470282203,0.1553433225452889,2.5466759923964846
trend_n2000_c2_spike_snr1,610016,0.3,0.05,1.5872437352111266,0.07882273218857563,0.17212393592262407,2.570320340399823
trend_n2000_c2_spike_snr1,610016,0.3,0.3,1.6449280251709768,0.0798569647277473,0.1663928159920576,2.570320340399823
trend_n2000_c2_spike_snr1,610016,0.3,2.0,1.8372123952490564,0.08119081573297672,0.1553433225452889,2.570320340399823
trend_n2000_c2_spike_snr1,610016,2.0,0.05,1.6493213120253731,0.08641604898546178,0.17212393592262407,3.036402615134708
trend_n2000_c2_spike_snr1,610016,2.0,0.3,1.73387170224396,0.0873422749199074,0.1663928159920576,3.036402615134708
trend_n2000_c2_spike_snr1,610016,2.0,2.0,2.04510764441535,0.08769068753965162,0.1553433225452889,3.036402615134708
trend_n2000_c2_spike_snr4,610016,0.05,0.05,3.298213408687927,0.19811355061592165,0.15950609302620977,14.243522714317166
trend_n2000_c2_spike_snr4,610016,0.05,0.3,3.494748258275097,0.20017497075163362,0.1543625711222913,14.243522714317166
trend_n2000_c2_spike_snr4,610016,0.05,2.0,4.262540757341136,0.20011979116456838,0.14506818647144457,14.243522714317166
trend_n2000_c2_spike_snr4,610016,0.3,0.05,3.4047896236009407,0.20798487628756643,0.15950609302620977,15.635025619034714
trend_n2000_c2_spike_snr4,610016,0.3,0.3,3.6182434507842864,0.21010029932038404,0.1543625711222913,15.635025619034714
trend_n2000_c2_spike_snr4,610016,0.3,2.0,4.462182804493446,0.20970688964788586,0.14506818647144457,15.635025619034714
trend_n2000_c2_spike_snr4,610016,2.0,0.05,3.976935543668748,0.26493606601844505,0.15950609302620977,24.89218148618837
trend_n2000_c2_spike_snr4,610016,2.0,0.3,4.27131283085263,0.26754151730949083,0.1543625711222913,24.89218148618837
trend_n2000_c2_spike_snr4,610016,2.0,2.0,5.486476824995904,0.26611062425851695,0.14506818647144457,24.89218148618837
trend_n2000_c2_mid_snr1,610016,0.05,0.05,0.965710268569407,0.061724430491273304,0.1707023954769706,1.458615635537965
trend_n2000_c2_mid_snr1,610016,0.05,0.3,0.9835128194401354,0.06274748036080441,0.16511541526284748,1.458615635537965
trend_n2000_c2_mid_snr1,610016,0.05,2.0,0.9981083644646959,0.06506289834233915,0.15428367114601468,1.458615635537965
trend_n2000_c2_mid_snr1,610016,0.3,0.05,0.9494311384729504,0.06037870489889117,0.1707023954769706,1.397251055341326
trend_n2000_c2_mid_snr1,610016,0.3,0.3,0.9692823477978497,0.061360781420302456,0.16511541526284748,1.397251055341326
trend_n2000_c2_mid_snr1,610016,0.3,2.0,0.9925958038751315,0.06355788522904493,0.15428367114601468,1.397251055341326
trend_n2000_c2_mid_snr1,610016,2.0,0.05,0.8952509647204235,0.05677147342219806,0.1707023954769706,1.2360609411371342
trend_n2000_c2_mid_snr1,610016,2.0,0.3,0.9221504230699065,0.057629519199888866,0.16511541526284748,1.2360609411371342
trend_n2000_c2_mid_snr1,610016,2.0,2.0,0.9775502648479036,0.05942672271274844,0.15428367114601468,1.2360609411371342
trend_n2000_c2_mid_snr4,610016,0.05,0.05,0.9972679506566374,0.06298648825950336,0.17179802221118382,1.532645233269915
trend_n2000_c2_mid_snr4,610016,0.05,0.3,1.0138867523757724,0.06410302704444025,0.16590401883538183,1.532645233269915
trend_n2000_c2_mid_snr4,610016,0.05,2.0,1.0291705563771323,0.06674576128686248,0.15387578966442877,1.532645233269915
trend_n2000_c2_mid_snr4,610016,0.3,0.05,0.9776278522518854,0.06159775421553744,0.17179802221118382,1.466594068821446
trend_n2000_c2_mid_snr4,610016,0.3,0.3,0.9962789101714854,0.06267096200045388,0.16590401883538183,1.466594068821446
trend_n2000_c2_mid_snr4,610016,0.3,2.0,1.0203956319497982,0.0651855679190837,0.15387578966442877,1.466594068821446
trend_n2000_c2_mid_snr4,610016,2.0,0.05,0.9151906760458615,0.057901013446444445,0.17179802221118382,1.2946567760370848
trend_n2000_c2_mid_snr4,610016,2.0,0.3,0.9410195116232994,0.05884325198670726,0.16590401883538183,1.2946567760370848
trend_n2000_c2_mid_snr4,610016,2.0,2.0,0.9976922660051508,0.06093309497281545,0.15387578966442877,1.2946567760370848
trend_n2000_c2_spike_snr1,610017,0.05,0.05,1.5003751713392401,0.07852949306573113,0.15946351572035314,2.323790766345702
trend_n2000_c2_spike_snr1,610017,0.05,0.3,1.5606248967034473,0.07944571937206762,0.15444399061596834,2.323790766345702
trend_n2000_c2_spike_snr1,610017,0.05,2.0,1.7577991482453548,0.08023247965467997,0.14567864853777493,2.323790766345702
trend_n2000_c2_spike_snr1,610017,0.3,0.05,1.5093790201425894,0.07936341756582838,0.15946351572035314,2.370063500768996
trend_n2000_c2_spike_snr1,610017,0.3,0.3,1.5764764879072821,0.08022896998066087,0.15444399061596834,2.370063500768996
trend_n2000_c2_spike_snr1,610017,0.3,2.0,1.802821221571407,0.08072170780982608,0.14567864853777493,2.370063500768996
trend_n2000_c2_spike_snr1,610017,2.0,0.05,1.5947256878548108,0.08841517094660904,0.15946351572035314,2.8961764429374335
trend_n2000_c2_spike_snr1,610017,2.0,0.3,1.6911937348041535,0.08918533645051699,0.15444399061596834,2.8961764429374335
trend_n2000_c2_spike_snr1,610017,2.0,2.0,2.047346926255764,0.08861336829144519,0.14567864853777493,2.8961764429374335
trend_n2000_c2_spike_snr4,610017,0.05,0.05,3.0080868676747157,0.19909290520784392,0.15765175043795235,13.912022929548494
trend_n2000_c2_spike_snr4,610017,0.05,0.3,3.21356569092644,0.2011766896815661,0.15256053596537975,13.912022929548494
trend_n2000_c2_spike_snr4,610017,0.05,2.0,4.029013850521155,0.20085405058578212,0.1436643808084484,13.912022929548494
trend_n2000_c2_spike_snr4,610017,0.3,0.05,3.0960551880619374,0.2085812192447053,0.15765175043795235,15.215095849997292
trend_n2000_c2_spike_snr4,610017,0.3,0.3,3.3202134852470273,0.21070893444032446,0.15256053596537975,15.215095849997292
trend_n2000_c2_spike_snr4,610017,0.3,2.0,4.219636920359362,0.2099881889202419,0.1436643808084484,15.215095849997292
trend_n2000_c2_spike_snr4,610017,2.0,0.05,3.6016697334964074,0.2648514103522964,0.15765175043795235,24.14030943040285
trend_n2000_c2_spike_snr4,610017,2.0,0.3,3.9145620656026026,0.2674449066382381,0.15256053596537975,24.14030943040285
trend_n2000_c2_spike_snr4,610017,2.0,2.0,5.221705809909551,0.2654311260735644,0.1436643808084484,24.14030943040285
trend_n2000_c2_mid_snr1,610017,0.05,0.05,1.0046241295958893,0.064972366413564,0.1689756316892503,1.5957456460917636
trend_n2000_c2_mid_snr1,610017,0.05,0.3,1.019455048629487,0.06615033721752567,0.16312629566501924,1.5957456460917636
trend_n2000_c2_mid_snr1,610017,0.05,2.0,1.0245730952531251,0.06886853437191975,0.15160017799543432,1.5957456460917636
trend_n2000_c2_mid_snr1,610017,0.3,0.05,0.9919121385648261,0.06352017563791892,0.1689756316892503,1.528459865811592
trend_n2000_c2_mid_snr1,610017,0.3,0.3,1.0092616053170347,0.06465116025295355,0.16312629566501924,1.528459865811592
trend_n2000_c2_mid_snr1,610017,0.3,2.0,1.024909273393829,0.06723384196660374,0.15160017799543432,1.528459865811592
trend_n2000_c2_mid_snr1,610017,2.0,0.05,0.9546388917461587,0.05961522296642341,0.1689756316892503,1.3538626837534111
trend_n2000_c2_mid_snr1,610017,2.0,0.3,0.9808518070275811,0.06060012342418655,0.16312629566501924,1.3538626837534111
trend_n2000_c2_mid_snr1,610017,2.0,2.0,1.0357475171550448,0.06271193987998026,0.15160017799543432,1.3538626837534111
trend_n2000_c2_mid_snr4,610017,0.05,0.05,0.9626537412491729,0.0621043491012778,0.17551014529736503,1.5151595465229757
trend_n2000_c2_mid_snr4,610017,0.05,0.3,0.9785114556268331,0.06336197818367685,0.16874600612224375,1.5151595465229757
trend_n2000_c2_mid_snr4,610017,0.05,2.0,0.9905893243694414,0.06643383817828173,0.1546183721339159,1.5151595465229757
trend_n2000_c2_mid_snr4,610017,0.3,0.05,0.944294559528116,0.060693368903275764,0.17551014529736503,1.4482561713320548
trend_n2000_c2_mid_snr4,610017,0.3,0.3,0.9622760053259731,0.06190375981462695,0.16874600612224375,1.4482561713320548
trend_n2000_c2_mid_snr4,610017,0.3,2.0,0.9832358287252309,0.06483943855679783,0.1546183721339159,1.4482561713320548
trend_n2000_c2_mid_snr4,610017,2.0,0.05,0.8823236278544009,0.05690980795199375,0.17551014529736503,1.2723555354954237
trend_n2000_c2_mid_snr4,610017,2.0,0.3,0.9077370118688975,0.05797757939654346,0.16874600612224375,1.2723555354954237
trend_n2000_c2_mid_snr4,610017,2.0,2.0,0.961868208832099,0.060461255476634744,0.1546183721339159,1.2723555354954237
trend_n2000_c2_spike_snr1,610018,0.05,0.05,1.5836944157080002,0.08116596813632117,0.1587278720148189,2.4873833623953994
trend_n2000_c2_spike_snr1,610018,0.05,0.3,1.650576954714043,0.08212637921642998,0.15353840008045722,2.4873833623953994
trend_n2000_c2_spike_snr1,610018,0.05,2.0,1.8570235078017452,0.08285299502342694,0.14491825293016414,2.4873833623953994
trend_n2000_c2_spike_snr1,610018,0.3,0.05,1.5877598854844464,0.08181746995082294,0.1587278720148189,2.523104926326561
trend_n2000_c2_spike_snr1,610018,0.3,0.3,1.6619357608473604,0.0827185255275032,0.15353840008045722,2.523104926326561
trend_n2000_c2_spike_snr1,610018,0.3,2.0,1.8995653020085126,0.08311439974589473,0.14491825293016414,2.523104926326561
trend_n2000_c2_spike_snr1,610018,2.0,0.05,1.6551993252303285,0.09026397326252418,0.1587278720148189,3.0187754583463167
trend_n2000_c2_spike_snr1,610018,2.0,0.3,1.7609889492513193,0.09104083112028735,0.15353840008045722,3.0187754583463167
trend_n2000_c2_spike_snr1,610018,2.0,2.0,2.1379905184404984,0.09021130106899791,0.14491825293016414,3.0187754583463167
trend_n2000_c2_spike_snr4,610018,0.05,0.05,3.044383944496706,0.18812231075243344,0.17902731182106207,14.318157045925528
trend_n2000_c2_spike_snr4,610018,0.05,0.3,3.238796121769055,0.19069022628350377,0.17221204431779003,14.318157045925528
trend_n2000_c2_spike_snr4,610018,0.05,2.0,4.014164713776276,0.1932047589020135,0.15787148025468148,14.318157045925528
trend_n2000_c2_spike_snr4,610018,0.3,0.05,3.1336793769730806,0.1969840254919797,0.17902731182106207,15.637633524755298
trend_n2000_c2_spike_snr4,610018,0.3,0.3,3.343531152535831,0.19963095099273095,0.17221204431779003,15.637633524755298
trend_n2000_c2_spike_snr4,610018,0.3,2.0,4.191864917563172,0.20194401032656453,0.15787148025468148,15.637633524755298
trend_n2000_c2_spike_snr4,610018,2.0,0.05,3.627051377843139,0.24926898930770347,0.17902731182106207,24.58068080463125
trend_n2000_c2_spike_snr4,610018,2.0,0.3,3.911633714421947,0.25254866097648454,0.17221204431779003,24.58068080463125
trend_n2000_c2_spike_snr4,610018,2.0,2.0,5.118676953989064,0.25458726804070836,0.15787148025468148,24.58068080463125
trend_n2000_c2_mid_snr1,610018,0.05,0.05,0.9836453978681062,0.062105176099845665,0.16929566614455516,1.4684621365380426
trend_n2000_c2_mid_snr1,610018,0.05,0.3,0.9935185513702318,0.06317440258079648,0.1638706103528653,1.4684621365380426
trend_n2000_c2_mid_snr1,610018,0.05,2.0,0.9811643120238678,0.06559619295355354,0.15360805970237315,1.4684621365380426
trend_n2000_c2_mid_snr1,610018,0.3,0.05,0.9653155001347133,0.06077225555163558,0.16929566614455516,1.407013161272138
trend_n2000_c2_mid_snr1,610018,0.3,0.3,0.9779670071676361,0.06179539034568067,0.1638706103528653,1.407013161272138
trend_n2000_c2_mid_snr1,610018,0.3,2.0,0.9768546225818391,0.06408482691168875,0.15360805970237315,1.407013161272138
trend_n2000_c2_mid_snr1,610018,2.0,0.05,0.9069454831233451,0.057163103813929146,0.16929566614455516,1.2445357381399582
trend_n2000_c2_mid_snr1,610018,2.0,0.3,0.9289922737523439,0.058044535080909024,0.1638706103528653,1.2445357381399582
trend_n2000_c2_mid_snr1,610018,2.0,2.0,0.9679270595859272,0.0598845163642188,0.15360805970237315,1.2445357381399582
trend_n2000_c2_mid_snr4,610018,0.05,0.05,0.934659613970771,0.06586854260758607,0.16365605497529348,1.5616455299040672
trend_n2000_c2_mid_snr4,610018,0.05,0.3,0.9474930482293402,0.06699521060742945,0.158293877133668,1.5616455299040672
trend_n2000_c2_mid_snr4,610018,0.05,2.0,0.9449558253136114,0.06937590937948908,0.14859583763203116,1.5616455299040672
trend_n2000_c2_mid_snr4,610018,0.3,0.05,0.9196321793768543,0.06445982689221011,0.16365605497529348,1.4970522358067326
trend_n2000_c2_mid_snr4,610018,0.3,0.3,0.9352236206048644,0.06554148177161256,0.158293877133668,1.4970522358067326
trend_n2000_c2_mid_snr4,610018,0.3,2.0,0.9437438271796333,0.0677982253815964,0.14859583763203116,1.4970522358067326
trend_n2000_c2_mid_snr4,610018,2.0,0.05,0.8715750641286931,0.060535605954405186,0.16365605497529348,1.3225754678376638
trend_n2000_c2_mid_snr4,610018,2.0,0.3,0.8968050986432833,0.06147556185656864,0.158293877133668,1.3225754678376638
trend_n2000_c2_mid_snr4,610018,2.0,2.0,0.9461578309383563,0.06329805144353044,0.14859583763203116,1.3225754678376638
trend_n2000_c2_spike_snr1,610019,0.05,0.05,1.5861373651086377,0.07737457464551493,0.1724621224552694,2.496821704862749
trend_n2000_c2_spike_snr1,610019,0.05,0.3,1.6477494053896715,0.07839809903988422,0.16650684762339749,2.496821704862749
trend_n2000_c2_spike_snr1,610019,0.05,2.0,1.8452391545733096,0.07987325100289608,0.15458645169919674,2.496821704862749
trend_n2000_c2_spike_snr1,610019,0.3,0.05,1.5937881952319997,0.07788513844074046,0.1724621224552694,2.528332346696278
trend_n2000_c2_spike_snr1,610019,0.3,0.3,1.660703678858561,0.07886398770798045,0.16650684762339749,2.528332346696278
trend_n2000_c2_spike_snr1,610019,0.3,2.0,1.8816716736098635,0.08008619775754645,0.15458645169919674,2.528332346696278
trend_n2000_c2_spike_snr1,610019,2.0,0.05,1.668285559481066,0.08551607457422693,0.1724621224552694,2.9999007933208093
trend_n2000_c2_spike_snr1,610019,2.0,0.3,1.7590071842065826,0.08642196610472022,0.16650684762339749,2.9999007933208093
trend_n2000_c2_spike_snr1,610019,2.0,2.0,2.089818233890099,0.08675738667203195,0.15458645169919674,2.9999007933208093
trend_n2000_c2_spike_snr4,610019,0.05,0.05,3.0000921470981954,0.19808497329258723,0.161988806161021,14.157399008043015
trend_n2000_c2_spike_snr4,610019,0.05,0.3,3.2181039917659358,0.19996125916756036,0.15687697047407534,14.157399008043015
trend_n2000_c2_spike_snr4,610019,0.05,2.0,4.06386834198012,0.19919545156300705,0.14779108191781348,14.157399008043015
trend_n2000_c2_spike_snr4,610019,0.3,0.05,3.096782682220338,0.20763512964577807,0.161988806161021,15.506950681098003
trend_n2000_c2_spike_snr4,610019,0.3,0.3,3.332736323901624,0.20955732334942778,0.15687697047407534,15.506950681098003
trend_n2000_c2_spike_snr4,610019,0.3,2.0,4.257646021334,0.20842761459943437,0.14779108191781348,15.506950681098003
trend_n2000_c2_spike_snr4,610019,2.0,0.05,3.6258686075993447,0.26346276161065596,0.161988806161021,24.595303331481176
trend_n2000_c2_spike_snr4,610019,2.0,0.3,3.948372036707464,0.26583127316130567,0.15687697047407534,24.595303331481176
trend_n2000_c2_spike_snr4,610019,2.0,2.0,5.262437275012055,0.2635004933432591,0.14779108191781348,24.595303331481176
trend_n2000_c2_mid_snr1,610019,0.05,0.05,0.9268956832371925,0.062129468869815414,0.17325655627668407,1.485078494509581
trend_n2000_c2_mid_snr1,610019,0.05,0.3,0.9431480787600465,0.06329276694601765,0.16698536363183472,1.485078494509581
trend_n2000_c2_mid_snr1,610019,0.05,2.0,0.9537106654841875,0.06599623978099824,0.15450479297604627,1.485078494509581
trend_n2000_c2_mid_snr1,610019,0.3,0.05,0.9126090731795843,0.06076038495719482,0.17325655627668407,1.4222839361058381
trend_n2000_c2_mid_snr1,610019,0.3,0.3,0.9308924371670967,0.061880992850646306,0.16698536363183472,1.4222839361058381
trend_n2000_c2_mid_snr1,610019,0.3,2.0,0.9502006227213778,0.0644626455227843,0.15450479297604627,1.4222839361058381
trend_n2000_c2_mid_snr1,610019,2.0,0.05,0.863938698177057,0.05699151301296128,0.17325655627668407,1.253677358509112
trend_n2000_c2_mid_snr1,610019,2.0,0.3,0.8895038572411909,0.057979367668748436,0.16698536363183472,1.253677358509112
trend_n2000_c2_mid_snr1,610019,2.0,2.0,0.9419302473736436,0.0601421915703024,0.15450479297604627,1.253677358509112
trend_n2000_c2_mid_snr4,610019,0.05,0.05,0.9651613081314883,0.06357462533121948,0.16605549828582006,1.4956483987778915
trend_n2000_c2_mid_snr4,610019,0.05,0.3,0.982327245494389,0.06462211252259964,0.16067297161652114,1.4956483987778915
trend_n2000_c2_mid_snr4,610019,0.05,2.0,0.995696019614186,0.06687696265532714,0.15065677342682213,1.4956483987778915
trend_n2000_c2_mid_snr4,610019,0.3,0.05,0.9503155944763583,0.062240838386453494,0.16605549828582006,1.4352501872233696
trend_n2000_c2_mid_snr4,610019,0.3,0.3,0.9694057376246019,0.06324948782563773,0.16067297161652114,1.4352501872233696
trend_n2000_c2_mid_snr4,610019,0.3,2.0,0.990911918512408,0.06539598307362046,0.15065677342682213,1.4352501872233696
trend_n2000_c2_mid_snr4,610019,2.0,0.05,0.9030878535253193,0.05873256119703722,0.16605549828582006,1.2799053220380157
trend_n2000_c2_mid_snr4,610019,2.0,0.3,0.928730582870573,0.05962580428589546,0.16067297161652114,1.2799053220380157
trend_n2000_c2_mid_snr4,610019,2.0,2.0,0.9799117337802405,0.06141180864992641,0.15065677342682213,1.2799053220380157
trend_n2000_c2_spike_snr1,610020,0.05,0.05,1.6864974667406087,0.07984955941721326,0.16723970543057487,2.606167587099665
trend_n2000_c2_spike_snr1,610020,0.05,0.3,1.7480637011337483,0.08079222235182178,0.16189952307811667,2.606167587099665
trend_n2000_c2_spike_snr1,610020,0.05,2.0,1.9406527828408726,0.08184384105370186,0.15196697888683672,2.606167587099665
trend_n2000_c2_spike_snr1,610020,0.3,0.05,1.6931675782547169,0.08047790693201706,0.16723970543057487,2.6435998452674423
trend_n2000_c2_spike_snr1,610020,0.3,0.3,1.7603497691722994,0.0813727742914731,0.16189952307811667,2.6435998452674423
trend_n2000_c2_spike_snr1,610020,0.3,2.0,1.977863681502885,0.08215058153427239,0.15196697888683672,2.6435998452674423
trend_n2000_c2_spike_snr1,610020,2.0,0.05,1.7734010682531303,0.08873293513395009,0.16723970543057487,3.1568621415299276
trend_n2000_c2_spike_snr1,610020,2.0,0.3,1.8655824180914098,0.0895391921959793,0.16189952307811667,3.1568621415299276
trend_n2000_c2_spike_snr1,610020,2.0,2.0,2.1972125908472124,0.08933521466303605,0.15196697888683672,3.1568621415299276
trend_n2000_c2_spike_snr4,610020,0.05,0.05,2.8819522480102457,0.19458540038969663,0.1767300169756946,14.837700455319604
trend_n2000_c2_spike_snr4,610020,0.05,0.3,3.098510350564948,0.19700106139031093,0.1702703999321123,14.837700455319604
trend_n2000_c2_spike_snr4,610020,0.05,2.0,3.9708988120249464,0.19901534276907384,0.15634589794093673,14.837700455319604
trend_n2000_c2_spike_snr4,610020,0.3,0.05,2.9732252550935483,0.2038212434974579,0.1767300169756946,16.23144690553074
trend_n2000_c2_spike_snr4,610020,0.3,0.3,3.206197076090553,0.2063163904552399,0.1702703999321123,16.23144690553074
trend_n2000_c2_spike_snr4,610020,0.3,2.0,4.153835370002518,0.20814639568294527,0.15634589794093673,16.23144690553074
trend_n2000_c2_spike_snr4,610020,2.0,0.05,3.4739018974317446,0.2573055030907842,0.1767300169756946,25.510593737748323
trend_n2000_c2_spike_snr4,610020,2.0,0.3,3.7865406784097275,0.26040520279941065,0.1702703999321123,25.510593737748323
trend_n2000_c2_spike_snr4,610020,2.0,2.0,5.104771013834829,0.2619601261669444,0.15634589794093673,25.510593737748323
trend_n2000_c2_mid_snr1,610020,0.05,0.05,0.8621875147942328,0.05937143019501127,0.1791337546382254,1.3947803446621152
trend_n2000_c2_mid_snr1,610020,0.05,0.3,0.8781395082496284,0.06048157990829853,0.17262440691452058,1.3947803446621152
trend_n2000_c2_mid_snr1,610020,0.05,2.0,0.8993086676791168,0.0633214433724436,0.15813930684410427,1.3947803446621152
trend_n2000_c2_mid_snr1,610020,0.3,0.05,0.8452078681659384,0.05802003466942966,0.1791337546382254,1.332807537875507
trend_n2000_c2_mid_snr1,610020,0.3,0.3,0.8625250520537396,0.059092667294060715,0.17262440691452058,1.332807537875507
trend_n2000_c2_mid_snr1,610020,0.3,2.0,0.889861182659796,0.061821722499899055,0.15813930684410427,1.332807537875507
trend_n2000_c2_mid_snr1,610020,2.0,0.05,0.7901225980330112,0.054472898810769305,0.1791337546382254,1.1738549917772643
trend_n2000_c2_mid_snr1,610020,2.0,0.3,0.812172874601148,0.055437235120333536,0.17262440691452058,1.1738549917772643
trend_n2000_c2_mid_snr1,610020,2.0,2.0,0.862458500546439,0.05781768056926038,0.15813930684410427,1.1738549917772643
trend_n2000_c2_mid_snr4,610020,0.05,0.05,1.0014953173143646,0.0610934067481741,0.1668299633577934,1.4114376713487649
trend_n2000_c2_mid_snr4,610020,0.05,0.3,1.013680502405267,0.062112340396314525,0.16157088426639832,1.4114376713487649
trend_n2000_c2_mid_snr4,610020,0.05,2.0,1.006369623245387,0.06438800344531707,0.15183086600815118,1.4114376713487649
trend_n2000_c2_mid_snr4,610020,0.3,0.05,0.9871013651668351,0.05976665426558748,0.1668299633577934,1.3532130407328486
trend_n2000_c2_mid_snr4,610020,0.3,0.3,1.0016465304992266,0.06074304790780795,0.16157088426639832,1.3532130407328486
trend_n2000_c2_mid_snr4,610020,0.3,2.0,1.0040667282196167,0.06289831903481366,0.15183086600815118,1.3532130407328486
trend_n2000_c2_mid_snr4,610020,2.0,0.05,0.9375342584554474,0.05623786896853702,0.1668299633577934,1.2008488999635976
trend_n2000_c2_mid_snr4,610020,2.0,0.3,0.9602374446786441,0.05708237735643097,0.16157088426639832,1.2008488999635976
trend_n2000_c2_mid_snr4,610020,2.0,2.0,0.9986510533393137,0.05881639732466796,0.15183086600815118,1.2008488999635976
trend_n2000_c2_spike_snr1,610021,0.05,0.05,1.5056813118580539,0.07801568263859283,0.1715855928109979,2.4756020659468563
trend_n2000_c2_spike_snr1,610021,0.05,0.3,1.5743998256461353,0.07900299636625757,0.1656009870513291,2.4756020659468563
trend_n2000_c2_spike_snr1,610021,0.05,2.0,1.8041777775895216,0.08024945664377237,0.15355305780794437,2.4756020659468563
trend_n2000_c2_spike_snr1,610021,0.3,0.05,1.5163515323539905,0.07873085592357759,0.1715855928109979,2.5195663148535976
trend_n2000_c2_spike_snr1,610021,0.3,0.3,1.591058026857794,0.07967406106585599,0.1656009870513291,2.5195663148535976
trend_n2000_c2_spike_snr1,610021,0.3,2.0,1.8475075266870928,0.08064789293526303,0.15355305780794437,2.5195663148535976
trend_n2000_c2_spike_snr1,610021,2.0,0.05,1.598586183292361,0.08702135280638959,0.1715855928109979,3.034622307501978
trend_n2000_c2_spike_snr1,610021,2.0,0.3,1.7001449739415833,0.08789158560022312,0.1656009870513291,3.034622307501978
trend_n2000_c2_spike_snr1,610021,2.0,2.0,2.079343329157063,0.08790472453071282,0.15355305780794437,3.034622307501978
trend_n2000_c2_spike_snr4,610021,0.05,0.05,3.176504507290779,0.19152926772574386,0.18038191226171235,15.04091752666041
trend_n2000_c2_spike_snr4,610021,0.05,0.3,3.382202579836878,0.1943359538074968,0.1730896539638873,15.04091752666041
trend_n2000_c2_spike_snr4,610021,0.05,2.0,4.2129373280700815,0.19757809622608236,0.15709354497501357,15.04091752666041
trend_n2000_c2_spike_snr4,610021,0.3,0.05,3.2392908600963777,0.20042252100282884,0.18038191226171235,16.36984627071488
trend_n2000_c2_spike_snr4,610021,0.3,0.3,3.4614710126056334,0.20331658955115986,0.1730896539638873,16.36984627071488
trend_n2000_c2_spike_snr4,610021,0.3,2.0,4.371149960154248,0.20637669387205632,0.15709354497501357,16.36984627071488
trend_n2000_c2_spike_snr4,610021,2.0,0.05,3.6185497228765238,0.2526455686123416,0.18038191226171235,25.366352378498597
trend_n2000_c2_spike_snr4,610021,2.0,0.3,3.9208706199277157,0.25623080358691463,0.1730896539638873,25.366352378498597
trend_n2000_c2_spike_snr4,610021,2.0,2.0,5.2183655276603895,0.2592064336959536,0.15709354497501357,25.366352378498597
trend_n2000_c2_mid_snr1,610021,0.05,0.05,1.0213988299722006,0.06206671369251927,0.17058395565691514,1.4909216689415186
trend_n2000_c2_mid_snr1,610021,0.05,0.3,1.0385767997152946,0.06319334548180204,0.1646071696185978,1.4909216689415186
trend_n2000_c2_mid_snr1,610021,0.05,2.0,1.0472181666792,0.06582087129513943,0.15287152851064487,1.4909216689415186
trend_n2000_c2_mid_snr1,610021,0.3,0.05,0.9991771577860737,0.060681734625094665,0.17058395565691514,1.425320430452633
trend_n2000_c2_mid_snr1,610021,0.3,0.3,1.0184302878613385,0.06176305453576601,0.1646071696185978,1.425320430452633
trend_n2000_c2_mid_snr1,610021,0.3,2.0,1.0364608459794282,0.0642559541429974,0.15287152851064487,1.425320430452633
trend_n2000_c2_mid_snr1,610021,2.0,0.05,0.9299076535705111,0.05700079360884414,0.17058395565691514,1.254885689063484
trend_n2000_c2_mid_snr1,610021,2.0,0.3,0.9567566058216295,0.05794328889350949,0.1646071696185978,1.254885689063484
trend_n2000_c2_mid_snr1,610021,2.0,2.0,1.01068530521109,0.0599769526068501,0.15287152851064487,1.254885689063484
trend_n2000_c2_mid_snr4,610021,0.05,0.05,0.8754465252980473,0.06329602648348027,0.17129229738048019,1.502433480073715
trend_n2000_c2_mid_snr4,610021,0.05,0.3,0.8957082272259663,0.06442408013125112,0.16519486233248287,1.502433480073715
trend_n2000_c2_mid_snr4,610021,0.05,2.0,0.9278793703537966,0.06708333910901094,0.15249557731299065,1.502433480073715
trend_n2000_c2_mid_snr4,610021,0.3,0.05,0.8638351768970997,0.061908498240722774,0.17129229738048019,1.4395182329964245
trend_n2000_c2_mid_snr4,610021,0.3,0.3,0.8859127684203227,0.06299665659947594,0.16519486233248287,1.4395182329964245
trend_n2000_c2_mid_snr4,610021,0.3,2.0,0.9260210743514038,0.06553935218676046,0.15249557731299065,1.4395182329964245
trend_n2000_c2_mid_snr4,610021,2.0,0.05,0.8248630240808292,0.05819989842500304,0.17129229738048019,1.2757988893794268
trend_n2000_c2_mid_snr4,610021,2.0,0.3,0.8536989925706995,0.059165838848871694,0.16519486233248287,1.2757988893794268
trend_n2000_c2_mid_snr4,610021,2.0,2.0,0.9250692283493072,0.061310283841248335,0.15249557731299065,1.2757988893794268
trend_n2000_c2_spike_snr1,610022,0.05,0.05,1.6031493513211377,0.08044264846688728,0.15979039408331344,2.4766209091593465
trend_n2000_c2_spike_snr1,610022,0.05,0.3,1.6676838848801876,0.08123174904509614,0.15512653229530474,2.4766209091593465
trend_n2000_c2_spike_snr1,610022,0.05,2.0,1.8696815882573696,0.0817196745297979,0.1470802968289548,2.4766209091593465
trend_n2000_c2_spike_snr1,610022,0.3,0.05,1.617720223605376,0.08113991831877207,0.15979039408331344,2.520090104324299
trend_n2000_c2_spike_snr1,610022,0.3,0.3,1.6880289134278073,0.08188208552297771,0.15512653229530474,2.520090104324299
trend_n2000_c2_spike_snr1,610022,0.3,2.0,1.9160568185889975,0.08208627593775952,0.1470802968289548,2.520090104324299
trend_n2000_c2_spike_snr1,610022,2.0,0.05,1.7187313220423606,0.0895873901027156,0.15979039408331344,3.0343854663590077
trend_n2000_c2_spike_snr1,610022,2.0,0.3,1.8149131035187234,0.09023049872355132,0.15512653229530474,3.0343854663590077
trend_n2000_c2_spike_snr1,610022,2.0,2.0,2.162718200564435,0.08935722720031453,0.1470802968289548,3.0343854663590077
trend_n2000_c2_spike_snr4,610022,0.05,0.05,3.074017654557104,0.19861615537333124,0.1646385187517763,14.532220927401783
trend_n2000_c2_spike_snr4,610022,0.05,0.3,3.2861804159837376,0.20070178213661544,0.15920342665604748,14.532220927401783
trend_n2000_c2_spike_snr4,610022,0.05,2.0,4.121103375206605,0.20061485229138248,0.14920812861246577,14.532220927401783
trend_n2000_c2_spike_snr4,610022,0.3,0.05,3.157479871747497,0.20829833401710443,0.1646385187517763,15.913843095950302
trend_n2000_c2_spike_snr4,610022,0.3,0.3,3.3888682412007314,0.2104320671734187,0.15920342665604748,15.913843095950302
trend_n2000_c2_spike_snr4,610022,0.3,2.0,4.309939790251847,0.20996180957487573,0.14920812861246577,15.913843095950302
trend_n2000_c2_spike_snr4,610022,2.0,0.05,3.6105895830314,0.2642825674462127,0.1646385187517763,25.121733469343436
trend_n2000_c2_spike_snr4,610022,2.0,0.3,3.9331748607491015,0.2668979593973461,0.15920342665604748,25.121733469343436
trend_n2000_c2_spike_snr4,610022,2.0,2.0,5.270037667373982,0.26526825508067686,0.14920812861246577,25.121733469343436
trend_n2000_c2_mid_snr1,610022,0.05,0.05,0.8093341408972363,0.06581589121612923,0.16633480588862296,1.5485473290553677
trend_n2000_c2_mid_snr1,610022,0.05,0.3,0.8210141941988535,0.06696982437746718,0.16072089870290537,1.5485473290553677
trend_n2000_c2_mid_snr1,610022,0.05,2.0,0.8254207317339481,0.06947292376872469,0.1499855904377658,1.5485473290553677
trend_n2000_c2_mid_snr1,610022,0.3,0.05,0.7970280180764159,0.0643407839592383,0.16633480588862296,1.4814521577887565
trend_n2000_c2_mid_snr1,610022,0.3,0.3,0.8113138555448557,0.06545182567858442,0.16072089870290537,1.4814521577887565
trend_n2000_c2_mid_snr1,610022,0.3,2.0,0.8263106349256426,0.06783697743246518,0.1499855904377658,1.4814521577887565
trend_n2000_c2_mid_snr1,610022,2.0,0.05,0.7615812100906029,0.06040732697039651,0.16633480588862296,1.3091876829139697
trend_n2000_c2_mid_snr1,610022,2.0,0.3,0.7850423965749571,0.061387974882036574,0.16072089870290537,1.3091876829139697
trend_n2000_c2_mid_snr1,610022,2.0,2.0,0.8391157233680033,0.0633745764476063,0.1499855904377658,1.3091876829139697
trend_n2000_c2_mid_snr4,610022,0.05,0.05,1.047868592239106,0.0641676181069159,0.1637240274760169,1.5266872701757122
trend_n2000_c2_mid_snr4,610022,0.05,0.3,1.0656908354332606,0.06523152243677652,0.1584112999217555,1.5266872701757122
trend_n2000_c2_mid_snr4,610022,0.05,2.0,1.0711489530435152,0.0676072018463546,0.1485149698201241,1.5266872701757122
trend_n2000_c2_mid_snr4,610022,0.3,0.05,1.0291549256032437,0.06281714835941764,0.1637240274760169,1.4642259121330594
trend_n2000_c2_mid_snr4,610022,0.3,0.3,1.0491891898024777,0.06383785574913253,0.1584112999217555,1.4642259121330594
trend_n2000_c2_mid_snr4,610022,0.3,2.0,1.0643508609582577,0.06608708473059749,0.1485149698201241,1.4642259121330594
trend_n2000_c2_mid_snr4,610022,2.0,0.05,0.9666155170393324,0.05926161583390418,0.1637240274760169,1.3018024712304055
trend_n2000_c2_mid_snr4,610022,2.0,0.3,0.9943786176571625,0.060151106288673414,0.1584112999217555,1.3018024712304055
trend_n2000_c2_mid_snr4,610022,2.0,2.0,1.0451987598321903,0.06197057061387297,0.1485149698201241,1.3018024712304055
trend_n2000_c2_spike_snr1,610023,0.05,0.05,1.5675126982424605,0.07413244839811864,0.17567732068782893,2.3606367018170884
trend_n2000_c2_spike_snr1,610023,0.05,0.3,1.6311473134537995,0.07508476688840507,0.16952738374072876,2.3606367018170884
trend_n2000_c2_spike_snr1,610023,0.05,2.0,1.838391637835872,0.07640962241550468,0.1569064441947071,2.3606367018170884
trend_n2000_c2_spike_snr1,610023,0.3,0.05,1.562647929417028,0.07492772954265656,0.17567732068782893,2.3995711705342218
trend_n2000_c2_spike_snr1,610023,0.3,0.3,1.632471688063109,0.07583209257279834,0.16952738374072876,2.3995711705342218
trend_n2000_c2_spike_snr1,610023,0.3,2.0,1.8678195995308842,0.07686374917813284,0.1569064441947071,2.3995711705342218
trend_n2000_c2_spike_snr1,610023,2.0,0.05,1.5853825866386018,0.08354470588289874,0.17567732068782893,2.891457960801485
trend_n2000_c2_spike_snr1,610023,2.0,0.3,1.6825609904583199,0.08437778519245974,0.16952738374072876,2.891457960801485
trend_n2000_c2_spike_snr1,610023,2.0,2.0,2.045072591386911,0.08443887956785283,0.1569064441947071,2.891457960801485
trend_n2000_c2_spike_snr4,610023,0.05,0.05,2.92408955381402,0.19655259381421575,0.16990166872193643,14.567178471122142
trend_n2000_c2_spike_snr4,610023,0.05,0.3,3.1201895827107835,0.19847486360694036,0.1647100578891375,14.567178471122142
trend_n2000_c2_spike_snr4,610023,0.05,2.0,3.899698234417392,0.19853595981895555,0.15503287439210814,14.567178471122142
trend_n2000_c2_spike_snr4,610023,0.3,0.05,3.004380191144539,0.20596235557909762,0.16990166872193643,15.933793593185722
trend_n2000_c2_spike_snr4,610023,0.3,0.3,3.2179189725303634,0.20793016207633105,0.1647100578891375,15.933793593185722
trend_n2000_c2_spike_snr4,610023,0.3,2.0,4.075372214269878,0.2076709727966856,0.15503287439210814,15.933793593185722
trend_n2000_c2_spike_snr4,610023,2.0,0.05,3.4652808527717904,0.2605289382661733,0.16990166872193643,25.081406968101692
trend_n2000_c2_spike_snr4,610023,2.0,0.3,3.7625372683203637,0.26292364047427425,0.1647100578891375,25.081406968101692
trend_n2000_c2_spike_snr4,610023,2.0,2.0,4.999229231504833,0.26165420799871086,0.15503287439210814,25.081406968101692
trend_n2000_c2_mid_snr1,610023,0.05,0.05,0.9907239215301711,0.0644650915530088,0.17423992774123312,1.6177686719145312
trend_n2000_c2_mid_snr1,610023,0.05,0.3,1.0104208650422013,0.06557418720817594,0.16830196058496028,1.6177686719145312
trend_n2000_c2_mid_snr1,610023,0.05,2.0,1.030522132440971,0.06813321001559793,0.15650332775870668,1.6177686719145312
trend_n2000_c2_mid_snr1,610023,0.3,0.05,0.9732874286187185,0.06313263390902948,0.17423992774123312,1.5526129469064731
trend_n2000_c2_mid_snr1,610023,0.3,0.3,0.9947482923686511,0.06420234530411417,0.16830196058496028,1.5526129469064731
trend_n2000_c2_mid_snr1,610023,0.3,2.0,1.0225394065320104,0.06664808943215318,0.15650332775870668,1.5526129469064731
trend_n2000_c2_mid_snr1,610023,2.0,0.05,0.9112174282050967,0.05941897169538202,0.17423992774123312,1.3737919865124686
trend_n2000_c2_mid_snr1,610023,2.0,0.3,0.9388713547902975,0.06036750310300895,0.16830196058496028,1.3737919865124686
trend_n2000_c2_mid_snr1,610023,2.0,2.0,0.995860193454737,0.06242633046876513,0.15650332775870668,1.3737919865124686
trend_n2000_c2_mid_snr4,610023,0.05,0.05,1.0166520389640286,0.06254301898142178,0.1684279711853871,1.4904219055978787
trend_n2000_c2_mid_snr4,610023,0.05,0.3,1.0298107696485295,0.06372778737164354,0.16244646861617953,1.4904219055978787
trend_n2000_c2_mid_snr4,610023,0.05,2.0,1.0226814844433998,0.06639205010556988,0.1512677898544796,1.4904219055978787
trend_n2000_c2_mid_snr4,610023,0.3,0.05,0.9956884902697768,0.061119522636408255,0.1684279711853871,1.4240781135430571
trend_n2000_c2_mid_snr4,610023,0.3,0.3,1.011547282100606,0.06225338771147505,0.16244646861617953,1.4240781135430571
trend_n2000_c2_mid_snr4,610023,0.3,2.0,1.0157063166842146,0.06477274459121092,0.1512677898544796,1.4240781135430571
trend_n2000_c2_mid_snr4,610023,2.0,0.05,0.9314770813678498,0.057199213311523514,0.1684279711853871,1.2471427761163552
trend_n2000_c2_mid_snr4,610023,2.0,0.3,0.9566052433489888,0.05817615140497598,0.16244646861617953,1.2471427761163552
trend_n2000_c2_mid_snr4,610023,2.0,2.0,1.001398895762916,0.0602040349805708,0.1512677898544796,1.2471427761163552
trend_n2000_c2_spike_snr1,610024,0.05,0.05,1.4924080519534244,0.0766004680999249,0.1683611170917495,2.3487739485882138
trend_n2000_c2_spike_snr1,610024,0.05,0.3,1.5497004584758165,0.07768734788931729,0.16243082721186305,2.3487739485882138
trend_n2000_c2_spike_snr1,610024,0.05,2.0,1.7387981817369589,0.07920760013505848,0.15096346057742752,2.3487739485882138
trend_n2000_c2_spike_snr1,610024,0.3,0.05,1.5021993313867261,0.07730824804049617,0.1683611170917495,2.390354123073206
trend_n2000_c2_spike_snr1,610024,0.3,0.3,1.5654002076236073,0.07835156666623194,0.16243082721186305,2.390354123073206
trend_n2000_c2_spike_snr1,610024,0.3,2.0,1.7806779053835018,0.07961109646813824,0.15096346057742752,2.390354123073206
trend_n2000_c2_spike_snr1,610024,2.0,0.05,1.5848284242714175,0.08578412490370561,0.1683611170917495,2.8983021963734035
trend_n2000_c2_spike_snr1,610024,2.0,0.3,1.6741379294732635,0.08676295047234786,0.16243082721186305,2.8983021963734035
trend_n2000_c2_spike_snr1,610024,2.0,2.0,2.008722992190375,0.08711748070812116,0.15096346057742752,2.8983021963734035
trend_n2000_c2_spike_snr4,610024,0.05,0.05,2.7962087063406416,0.19137825116398335,0.17145626770918804,13.88740934956253
trend_n2000_c2_spike_snr4,610024,0.05,0.3,3.013852582611242,0.19395621290047624,0.16484336095116012,13.88740934956253
trend_n2000_c2_spike_snr4,610024,0.05,2.0,3.8659287562081164,0.19545724347284416,0.15214732555930344,13.88740934956253
trend_n2000_c2_spike_snr4,610024,0.3,0.05,2.8831223268684636,0.20066727069319695,0.17145626770918804,15.219584223662867
trend_n2000_c2_spike_snr4,610024,0.3,0.3,3.1201760874914735,0.20331592336821722,0.16484336095116012,15.219584223662867
trend_n2000_c2_spike_snr4,610024,0.3,2.0,4.056565555035454,0.204523621717309,0.15214732555930344,15.219584223662867
trend_n2000_c2_spike_snr4,610024,2.0,0.05,3.3679493993476024,0.2555288183788763,0.17145626770918804,24.312918356953542
trend_n2000_c2_spike_snr4,610024,2.0,0.3,3.69577694423347,0.25881097027415423,0.16484336095116012,24.312918356953542
trend_n2000_c2_spike_snr4,610024,2.0,2.0,5.037172562984446,0.25938386470091246,0.15214732555930344,24.312918356953542
trend_n2000_c2_mid_snr1,610024,0.05,0.05,0.9834712164451552,0.06380915662198326,0.1642952894849696,1.4954632644334607
trend_n2000_c2_mid_snr1,610024,0.05,0.3,0.9982414369861571,0.06493528994758911,0.1587332254596823,1.4954632644334607
trend_n2000_c2_mid_snr1,610024,0.05,2.0,1.0005813924687585,0.06721253755284828,0.14914098390164485,1.4954632644334607
trend_n2000_c2_mid_snr1,610024,0.3,0.05,0.9635113374118816,0.06253820850349781,0.1642952894849696,1.4363658764589378
trend_n2000_c2_mid_snr1,610024,0.3,0.3,0.9810772054604093,0.06361804862585983,0.1587332254596823,1.4363658764589378
trend_n2000_c2_mid_snr1,610024,0.3,2.0,0.9947298330196299,0.06576507165112344,0.14914098390164485,1.4363658764589378
trend_n2000_c2_mid_snr1,610024,2.0,0.05,0.9011328062205449,0.059240533599923186,0.1642952894849696,1.2854304239301653
trend_n2000_c2_mid_snr1,610024,2.0,0.3,0.9283586481454601,0.060180764711087166,0.1587332254596823,1.2854304239301653
trend_n2000_c2_mid_snr1,610024,2.0,2.0,0.9828379207393808,0.0618893562232179,0.14914098390164485,1.2854304239301653
trend_n2000_c2_mid_snr4,610024,0.05,0.05,1.0032844954395321,0.06436965086009704,0.15471337972758334,1.4365441750508996
trend_n2000_c2_mid_snr4,610024,0.05,0.3,1.0142708810220247,0.0654082580129853,0.1500045704004943,1.4365441750508996
trend_n2000_c2_mid_snr4,610024,0.05,2.0,1.0010705764246193,0.0675396341741017,0.14200399786089182,1.4365441750508996
trend_n2000_c2_mid_snr4,610024,0.3,0.05,0.9888494125559913,0.06302509995919028,0.15471337972758334,1.3791468270722607
trend_n2000_c2_mid_snr4,610024,0.3,0.3,1.002469995561355,0.06402063431292795,0.1500045704004943,1.3791468270722607
trend_n2000_c2_mid_snr4,610024,0.3,2.0,1.0001709348385133,0.06603183578746229,0.14200399786089182,1.3791468270722607
trend_n2000_c2_mid_snr4,610024,2.0,0.05,0.9398240048865644,0.059449140012617425,0.15471337972758334,1.2291361109260601
trend_n2000_c2_mid_snr4,610024,2.0,0.3,0.9631203877551543,0.06030615166208854,0.1500045704004943,1.2291361109260601
trend_n2000_c2_mid_snr4,610024,2.0,2.0,1.002678092360009,0.06187866755446285,0.14200399786089182,1.2291361109260601
trend_n2000_c2_spike_snr1,610025,0.05,0.05,1.3077393495677134,0.07703861335430064,0.1685331658257905,2.286693083476533
trend_n2000_c2_spike_snr1,610025,0.05,0.3,1.3740734313609086,0.07806198944755262,0.16260074294338897,2.286693083476533
trend_n2000_c2_spike_snr1,610025,0.05,2.0,1.5958279205752923,0.07923809676415465,0.15152230981949114,2.286693083476533
trend_n2000_c2_spike_snr1,610025,0.3,0.05,1.3216735256325394,0.07767864202238958,0.1685331658257905,2.326212023203694
trend_n2000_c2_spike_snr1,610025,0.3,0.3,1.394686495852057,0.07865591116270569,0.16260074294338897,2.326212023203694
trend_n2000_c2_spike_snr1,610025,0.3,2.0,1.6455650095860688,0.07955201720888432,0.15152230981949114,2.326212023203694
trend_n2000_c2_spike_snr1,610025,2.0,0.05,1.4113422002881446,0.0863975704131442,0.1685331658257905,2.8492281179392163
trend_n2000_c2_spike_snr1,610025,2.0,0.3,1.5142385404808103,0.08730743069051929,0.16260074294338897,2.8492281179392163
trend_n2000_c2_spike_snr1,610025,2.0,2.0,1.8994644307136563,0.08721027269188178,0.15152230981949114,2.8492281179392163
trend_n2000_c2_spike_snr4,610025,0.05,0.05,3.0359867044816817,0.19443508601753853,0.1646860173122436,13.95740521277416
trend_n2000_c2_spike_snr4,610025,0.05,0.3,3.2404560795781308,0.19633443604827422,0.1594806087164337,13.95740521277416
trend_n2000_c2_spike_snr4,610025,0.05,2.0,4.034688218348018,0.19592231471551316,0.15012313789327797,13.95740521277416
trend_n2000_c2_spike_snr4,610025,0.3,0.05,3.107945355966488,0.2043097517374361,0.1646860173122436,15.325810658344603
trend_n2000_c2_spike_snr4,610025,0.3,0.3,3.3315554230344686,0.20625723374695007,0.1594806087164337,15.325810658344603
trend_n2000_c2_spike_snr4,610025,0.3,2.0,4.211151386818947,0.2054737303585644,0.15012313789327797,15.325810658344603
trend_n2000_c2_spike_snr4,610025,2.0,0.05,3.5369557921001014,0.2616275471246223,0.1646860173122436,24.5828638081585
trend_n2000_c2_spike_snr4,610025,2.0,0.3,3.8509614255050777,0.2640575949921796,0.1594806087164337,24.5828638081585
trend_n2000_c2_spike_snr4,610025,2.0,2.0,5.141373248717734,0.26215936782772925,0.15012313789327797,24.5828638081585
trend_n2000_c2_mid_snr1,610025,0.05,0.05,1.0510973597193871,0.06227476135426641,0.16811832490556214,1.4884088875309016
trend_n2000_c2_mid_snr1,610025,0.05,0.3,1.0666710002439834,0.06335667603366937,0.16252739048453316,1.4884088875309016
trend_n2000_c2_mid_snr1,610025,0.05,2.0,1.0705855282063628,0.06570928728230686,0.15229900795900408,1.4884088875309016
trend_n2000_c2_mid_snr1,610025,0.3,0.05,1.0307989340500725,0.06083982695988787,0.16811832490556214,1.421963715847989
trend_n2000_c2_mid_snr1,610025,0.3,0.3,1.0490146340549338,0.06187202849974557,0.16252739048453316,1.421963715847989
trend_n2000_c2_mid_snr1,610025,0.3,2.0,1.063436366020382,0.06408578172695792,0.15229900795900408,1.421963715847989
trend_n2000_c2_mid_snr1,610025,2.0,0.05,0.964745957290697,0.05699293103500623,0.16811832490556214,1.2475433389013675
trend_n2000_c2_mid_snr1,610025,2.0,0.3,0.9919656152210632,0.05787313180643804,0.16252739048453316,1.2475433389013675
trend_n2000_c2_mid_snr1,610025,2.0,2.0,1.0444088182854434,0.05961428571162211,0.15229900795900408,1.2475433389013675
trend_n2000_c2_mid_snr4,610025,0.05,0.05,1.0099688859983396,0.06447423727753625,0.1635113205523564,1.5248375477250964
trend_n2000_c2_mid_snr4,610025,0.05,0.3,1.0252013983091548,0.06551535671950431,0.15839214093678605,1.5248375477250964
trend_n2000_c2_mid_snr4,610025,0.05,2.0,1.0255694785588205,0.06764744117720066,0.14956729719816336,1.5248375477250964
trend_n2000_c2_mid_snr4,610025,0.3,0.05,0.994012709256983,0.06313646277745094,0.1635113205523564,1.4638375015803746
trend_n2000_c2_mid_snr4,610025,0.3,0.3,1.0118481122161413,0.06413363606721166,0.15839214093678605,1.4638375015803746
trend_n2000_c2_mid_snr4,610025,0.3,2.0,1.0230041223179018,0.06614136924490281,0.14956729719816336,1.4638375015803746
trend_n2000_c2_mid_snr4,610025,2.0,0.05,0.9423441852810224,0.0594523086020845,0.1635113205523564,1.2999309253375921
trend_n2000_c2_mid_snr4,610025,2.0,0.3,0.9694079954479777,0.06030988528994151,0.15839214093678605,1.2999309253375921
trend_n2000_c2_mid_snr4,610025,2.0,2.0,1.020771316915495,0.061874714745801675,0.14956729719816336,1.2999309253375921
trend_n2000_c2_spike_snr1,610026,0.05,0.05,1.463240917475851,0.0756023731147852,0.1705997431098282,2.3135167960419367
trend_n2000_c2_spike_snr1,610026,0.05,0.3,1.5205718479175987,0.07665181533507556,0.16464683608683098,2.3135167960419367
trend_n2000_c2_spike_snr1,610026,0.05,2.0,1.7211443700617168,0.07828012167394205,0.15214862438753565,2.3135167960419367
trend_n2000_c2_spike_snr1,610026,0.3,0.05,1.474259657909817,0.07634364367008578,0.1705997431098282,2.357430621146279
trend_n2000_c2_spike_snr1,610026,0.3,0.3,1.5372075436825146,0.07735329544451675,0.16464683608683098,2.357430621146279
trend_n2000_c2_spike_snr1,610026,0.3,2.0,1.7634790536234821,0.07872991884693648,0.15214862438753565,2.357430621146279
trend_n2000_c2_spike_snr1,610026,2.0,0.05,1.557695701179687,0.0849867122003471,0.1705997431098282,2.8758771369934393
trend_n2000_c2_spike_snr1,610026,2.0,0.3,1.6458884275652617,0.0859440762515513,0.16464683608683098,2.8758771369934393
trend_n2000_c2_spike_snr1,610026,2.0,2.0,1.9913324409194828,0.08646186658979663,0.15214862438753565,2.8758771369934393
trend_n2000_c2_spike_snr4,610026,0.05,0.05,3.1975688098415462,0.1906264767043475,0.1666677150587913,13.804866274908335
trend_n2000_c2_spike_snr4,610026,0.05,0.3,3.383941150270584,0.19259737869177568,0.16133895628929665,13.804866274908335
trend_n2000_c2_spike_snr4,610026,0.05,2.0,4.110944116668421,0.19301787159545375,0.15114185949041858,13.804866274908335
trend_n2000_c2_spike_snr4,610026,0.3,0.05,3.2964559288098814,0.20011650302000972,0.1666677150587913,15.146721614779114
trend_n2000_c2_spike_snr4,610026,0.3,0.3,3.4987033294565792,0.20214124175126227,0.16133895628929665,15.146721614779114
trend_n2000_c2_spike_snr4,610026,0.3,2.0,4.297100941992676,0.20227706403047238,0.15114185949041858,15.146721614779114
trend_n2000_c2_spike_snr4,610026,2.0,0.05,3.855645906846699,0.2555941572010978,0.1666677150587913,24.232168261806045
trend_n2000_c2_spike_snr4,610026,2.0,0.3,4.133983753355891,0.2581061518338033,0.16133895628929665,24.232168261806045
trend_n2000_c2_spike_snr4,610026,2.0,2.0,5.281391019755702,0.257455616565515,0.15114185949041858,24.232168261806045
trend_n2000_c2_mid_snr1,610026,0.05,0.05,1.1220400013551168,0.0635835256335988,0.16856633380492123,1.5738393819746346
trend_n2000_c2_mid_snr1,610026,0.05,0.3,1.1381298550564676,0.0647838394655514,0.1625726493535592,1.5738393819746346
trend_n2000_c2_mid_snr1,610026,0.05,2.0,1.1342467385690644,0.06758699280753626,0.15113622575835842,1.5738393819746346
trend_n2000_c2_mid_snr1,610026,0.3,0.05,1.0952814688098933,0.06207961438616869,0.16856633380492123,1.500188247379542
trend_n2000_c2_mid_snr1,610026,0.3,0.3,1.1140291438230518,0.06322474190607094,0.1625726493535592,1.500188247379542
trend_n2000_c2_mid_snr1,610026,0.3,2.0,1.1218596259038698,0.06586415483974024,0.15113622575835842,1.500188247379542
trend_n2000_c2_mid_snr1,610026,2.0,0.05,1.0076750429090937,0.05814390782365585,0.16856633380492123,1.309773156955328
trend_n2000_c2_mid_snr1,610026,2.0,0.3,1.0353479626862827,0.05912523499308987,0.1625726493535592,1.309773156955328
trend_n2000_c2_mid_snr1,610026,2.0,2.0,1.0852043174370505,0.06122092679655607,0.15113622575835842,1.309773156955328
trend_n2000_c2_mid_snr4,610026,0.05,0.05,1.0571245468702621,0.06412775609960389,0.1696261758539193,1.5832950973878415
trend_n2000_c2_mid_snr4,610026,0.05,0.3,1.076220129787158,0.06531021947693082,0.16355393847314134,1.5832950973878415
trend_n2000_c2_mid_snr4,610026,0.05,2.0,1.0890817202391685,0.06820352859243867,0.15107434304937756,1.5832950973878415
trend_n2000_c2_mid_snr4,610026,0.3,0.05,1.034554099738542,0.06276254363647826,0.1696261758539193,1.5165763567480075
trend_n2000_c2_mid_snr4,610026,0.3,0.3,1.0558844246470416,0.06389800987370085,0.16355393847314134,1.5165763567480075
trend_n2000_c2_mid_snr4,610026,0.3,2.0,1.0789399688120223,0.0666460110095138,0.15107434304937756,1.5165763567480075
trend_n2000_c2_mid_snr4,610026,2.0,0.05,0.959708043097669,0.05903073485363805,0.1696261758539193,1.337218372400773
trend_n2000_c2_mid_snr4,610026,2.0,0.3,0.9889622416372339,0.06002152629317933,0.16355393847314134,1.337218372400773
trend_n2000_c2_mid_snr4,610026,2.0,2.0,1.049870837404916,0.0622772875079102,0.15107434304937756,1.337218372400773
trend_n2000_c2_spike_snr1,610027,0.05,0.05,1.385033195513363,0.0774867501030718,0.1663448759291935,2.3146392851047675
trend_n2000_c2_spike_snr1,610027,0.05,0.3,1.4482648787263124,0.07843255630252888,0.1608673140975601,2.3146392851047675
trend_n2000_c2_spike_snr1,610027,0.05,2.0,1.66794138817465,0.07952774036013552,0.1501189442756788,2.3146392851047675
trend_n2000_c2_spike_snr1,610027,0.3,0.05,1.4029341266679949,0.07823931342297924,0.1663448759291935,2.3618912555367997
trend_n2000_c2_spike_snr1,610027,0.3,0.3,1.47173942221469,0.07914778580525385,0.1608673140975601,2.3618912555367997
trend_n2000_c2_spike_snr1,610027,0.3,2.0,1.7163457658447319,0.08000132280499005,0.1501189442756788,2.3618912555367997
trend_n2000_c2_spike_snr1,610027,2.0,0.05,1.51839888245517,0.08712460892546674,0.1663448759291935,2.9063358751091064
trend_n2000_c2_spike_snr1,610027,2.0,0.3,1.6127648260166474,0.08798049716636366,0.1608673140975601,2.9063358751091064
trend_n2000_c2_spike_snr1,610027,2.0,2.0,1.9742877253853397,0.08797126362759732,0.1501189442756788,2.9063358751091064
trend_n2000_c2_spike_snr4,610027,0.05,0.05,3.2400588406349664,0.20013951909013525,0.15529850028285283,14.059099283647138
trend_n2000_c2_spike_snr4,610027,0.05,0.3,3.4570003244091527,0.2018282419038953,0.1506246095637222,14.059099283647138
trend_n2000_c2_spike_snr4,610027,0.05,2.0,4.285201422984974,0.2000697828538465,0.14296604278257005,14.059099283647138
trend_n2000_c2_spike_snr4,610027,0.3,0.05,3.3361127240168154,0.2099289405794849,0.15529850028285283,15.40278913948948
trend_n2000_c2_spike_snr4,610027,0.3,0.3,3.5719296357955215,0.21164871262144286,0.1506246095637222,15.40278913948948
trend_n2000_c2_spike_snr4,610027,0.3,2.0,4.48332319771345,0.20943368145374178,0.14296604278257005,15.40278913948948
trend_n2000_c2_spike_snr4,610027,2.0,0.05,3.8805994238192776,0.26745727833601174,0.15529850028285283,24.534488271296993
trend_n2000_c2_spike_snr4,610027,2.0,0.3,4.207170853481354,0.26956449608230204,0.1506246095637222,24.534488271296993
trend_n2000_c2_spike_snr4,610027,2.0,2.0,5.524631726909529,0.2657350878080259,0.14296604278257005,24.534488271296993
trend_n2000_c2_mid_snr1,610027,0.05,0.05,0.9292190319941991,0.06124665979293079,0.1657606509435727,1.385469354319714
trend_n2000_c2_mid_snr1,610027,0.05,0.3,0.9458490677429158,0.062303233327609585,0.1601651859261173,1.385469354319714
trend_n2000_c2_mid_snr1,610027,0.05,2.0,0.9592475296706465,0.06464988356054623,0.14944101350287986,1.385469354319714
trend_n2000_c2_mid_snr1,610027,0.3,0.05,0.9164463561295773,0.06009691537480755,0.1657606509435727,1.3353560549397934
trend_n2000_c2_mid_snr1,610027,0.3,0.3,0.9355917865046137,0.061112622504810706,0.1601651859261173,1.3353560549397934
trend_n2000_c2_mid_snr1,610027,0.3,2.0,0.9594239935057487,0.06333720065342387,0.14944101350287986,1.3353560549397934
trend_n2000_c2_mid_snr1,610027,2.0,0.05,0.8748322431160622,0.05707012052818527,0.1657606509435727,1.2055465105475345
trend_n2000_c2_mid_snr1,610027,2.0,0.3,0.9026499739737637,0.05796048953927709,0.1601651859261173,1.2055465105475345
trend_n2000_c2_mid_snr1,610027,2.0,2.0,0.9642788009355613,0.05976767487857074,0.14944101350287986,1.2055465105475345
trend_n2000_c2_mid_snr4,610027,0.05,0.05,0.8718009031815268,0.06290503850893148,0.16279825295746664,1.4108439237353922
trend_n2000_c2_mid_snr4,610027,0.05,0.3,0.8870741088729477,0.06398768633827055,0.15732752070317083,1.4108439237353922
trend_n2000_c2_mid_snr4,610027,0.05,2.0,0.9045166067424496,0.0662245314826718,0.1472580990107975,1.4108439237353922
trend_n2000_c2_mid_snr4,610027,0.3,0.05,0.861933639862244,0.06164477267677521,0.16279825295746664,1.3570024672286845
trend_n2000_c2_mid_snr4,610027,0.3,0.3,0.8796980021224415,0.06268702055424644,0.15732752070317083,1.3570024672286845
trend_n2000_c2_mid_snr4,610027,0.3,2.0,0.9067572389245401,0.064812507408726,0.1472580990107975,1.3570024672286845
trend_n2000_c2_mid_snr4,610027,2.0,0.05,0.8318393611918304,0.058301014319163125,0.16279825295746664,1.2182478568794892
trend_n2000_c2_mid_snr4,610027,2.0,0.3,0.8582961571807587,0.059218782058953263,0.15732752070317083,1.2182478568794892
trend_n2000_c2_mid_snr4,610027,2.0,2.0,0.9210813250179312,0.06095865887533597,0.1472580990107975,1.2182478568794892
trend_n2000_c2_spike_snr1,610028,0.05,0.05,1.4857789365816956,0.08163608084288453,0.15987807014094296,2.481804795805058
trend_n2000_c2_spike_snr1,610028,0.05,0.3,1.5501212921091587,0.08258407037094478,0.15482740327952813,2.481804795805058
trend_n2000_c2_spike_snr1,610028,0.05,2.0,1.7602771257122247,0.08328718492142541,0.14634825524389664,2.481804795805058
trend_n2000_c2_spike_snr1,610028,0.3,0.05,1.5018256926954028,0.08220387664382069,0.15987807014094296,2.5191859812880413
trend_n2000_c2_spike_snr1,610028,0.3,0.3,1.572123409844125,0.08310587242605295,0.15482740327952813,2.5191859812880413
trend_n2000_c2_spike_snr1,610028,0.3,2.0,1.8085604762972516,0.08353653197078273,0.14634825524389664,2.5191859812880413
trend_n2000_c2_spike_snr1,610028,2.0,0.05,1.6062512103824815,0.09025293101434113,0.15987807014094296,3.0144906014235167
trend_n2000_c2_spike_snr1,610028,2.0,0.3,1.703377522220946,0.09106343107228307,0.15482740327952813,3.0144906014235167
trend_n2000_c2_spike_snr1,610028,2.0,2.0,2.061913519519349,0.09045147514880435,0.14634825524389664,3.0144906014235167
trend_n2000_c2_spike_snr4,610028,0.05,0.05,3.3747739315278475,0.2027361590278169,0.15878803933310867,14.848395880794977
trend_n2000_c2_spike_snr4,610028,0.05,0.3,3.5884330589432554,0.20471752951852096,0.15369169894718926,14.848395880794977
trend_n2000_c2_spike_snr4,610028,0.05,2.0,4.409416207069979,0.20377319999232127,0.1449940416528731,14.848395880794977
trend_n2000_c2_spike_snr4,610028,0.3,0.05,3.4626173200978894,0.21237829035578668,0.15878803933310867,16.213622179211
trend_n2000_c2_spike_snr4,610028,0.3,0.3,3.6949833959263843,0.2143985625383379,0.15369169894718926,16.213622179211
trend_n2000_c2_spike_snr4,610028,0.3,2.0,4.598572525181556,0.21303353764671754,0.1449940416528731,16.213622179211
trend_n2000_c2_spike_snr4,610028,2.0,0.05,3.9663230459510124,0.26858956123663863,0.15878803933310867,25.38514891696487
trend_n2000_c2_spike_snr4,610028,2.0,0.3,4.288607752322647,0.27103879648971974,0.15369169894718926,25.38514891696487
trend_n2000_c2_spike_snr4,610028,2.0,2.0,5.596000500426535,0.26824044352172643,0.1449940416528731,25.38514891696487
trend_n2000_c2_mid_snr1,610028,0.05,0.05,1.0321299349314637,0.062383588070748834,0.1609635959483059,1.423068351060874
trend_n2000_c2_mid_snr1,610028,0.05,0.3,1.041865309714388,0.0633310672622738,0.15639643620296997,1.423068351060874
trend_n2000_c2_mid_snr1,610028,0.05,2.0,1.022452636934227,0.06531843330058658,0.1487029682659329,1.423068351060874
trend_n2000_c2_mid_snr1,610028,0.3,0.05,1.0101194681487928,0.06107067161338672,0.1609635959483059,1.363705467664184
trend_n2000_c2_mid_snr1,610028,0.3,0.3,1.022192674074428,0.06197720385065854,0.15639643620296997,1.363705467664184
trend_n2000_c2_mid_snr1,610028,0.3,2.0,1.0126197102898242,0.0638491275330109,0.1487029682659329,1.363705467664184
trend_n2000_c2_mid_snr1,610028,2.0,0.05,0.9394937051017629,0.05752883771555458,0.1609635959483059,1.2064484893642404
trend_n2000_c2_mid_snr1,610028,2.0,0.3,0.9600650959007895,0.05830572409072263,0.15639643620296997,1.2064484893642404
trend_n2000_c2_mid_snr1,610028,2.0,2.0,0.9879895277503571,0.059766897812990265,0.1487029682659329,1.2064484893642404
trend_n2000_c2_mid_snr4,610028,0.05,0.05,1.0832344589772478,0.06523688040733261,0.1604769197677949,1.5528687669094188
trend_n2000_c2_mid_snr4,610028,0.05,0.3,1.0971570734657095,0.06632430153115376,0.1553990473736684,1.5528687669094188
trend_n2000_c2_mid_snr4,610028,0.05,2.0,1.0937525756205642,0.06856517828156392,0.14664564044932837,1.5528687669094188
trend_n2000_c2_mid_snr4,610028,0.3,0.05,1.0601661587603568,0.06376880496115185,0.1604769197677949,1.484209360782061
trend_n2000_c2_mid_snr4,610028,0.3,0.3,1.0761759579270334,0.06481204303910894,0.1553990473736684,1.484209360782061
trend_n2000_c2_mid_snr4,610028,0.3,2.0,1.0815034430871424,0.06693418749994477,0.14664564044932837,1.484209360782061
trend_n2000_c2_mid_snr4,610028,2.0,0.05,0.9833346160953602,0.059859506570766656,0.1604769197677949,1.3040517705276466
trend_n2000_c2_mid_snr4,610028,2.0,0.3,1.0064473203546418,0.06077039925470752,0.1553990473736684,1.3040517705276466
trend_n2000_c2_mid_snr4,610028,2.0,2.0,1.0435908527951072,0.06249506504211304,0.14664564044932837,1.3040517705276466
trend_n2000_c2_spike_snr1,610029,0.05,0.05,1.398257259641217,0.07668004431136444,0.1741173557861433,2.385933973797209
trend_n2000_c2_spike_snr1,610029,0.05,0.3,1.4674679335540775,0.07781006017815098,0.16743203314102165,2.385933973797209
trend_n2000_c2_spike_snr1,610029,0.05,2.0,1.6899357091089964,0.07943451606261608,0.154300073958672,2.385933973797209
trend_n2000_c2_spike_snr1,610029,0.3,0.05,1.407902618579896,0.07730704807259284,0.1741173557861433,2.4242353156005705
trend_n2000_c2_spike_snr1,610029,0.3,0.3,1.4835330618861438,0.07839114044867247,0.16743203314102165,2.4242353156005705
trend_n2000_c2_spike_snr1,610029,0.3,2.0,1.734510584772096,0.07973506891226814,0.154300073958672,2.4242353156005705
trend_n2000_c2_spike_snr1,610029,2.0,0.05,1.4910031420364611,0.08536789021733868,0.1741173557861433,2.9223627815825886
trend_n2000_c2_spike_snr1,610029,2.0,0.3,1.5947501960511508,0.08638785178812262,0.16743203314102165,2.9223627815825886
trend_n2000_c2_spike_snr1,610029,2.0,2.0,1.9744347507401807,0.08676445433745834,0.154300073958672,2.9223627815825886
trend_n2000_c2_spike_snr4,610029,0.05,0.05,3.1765593910706165,0.191575607779584,0.1656684363131343,13.819987090695857
trend_n2000_c2_spike_snr4,610029,0.05,0.3,3.377258947006949,0.19392195916936245,0.15969087935665432,13.819987090695857
trend_n2000_c2_spike_snr4,610029,0.05,2.0,4.1478288577973865,0.1947351746195087,0.14864641844640508,13.819987090695857
trend_n2000_c2_spike_snr4,610029,0.3,0.05,3.2456483987226084,0.2009125813730382,0.1656684363131343,15.106514884015569
trend_n2000_c2_spike_snr4,610029,0.3,0.3,3.4650316426024323,0.20331590334115804,0.15969087935665432,15.106514884015569
trend_n2000_c2_spike_snr4,610029,0.3,2.0,4.320963485926706,0.20376393737805668,0.14864641844640508,15.106514884015569
trend_n2000_c2_spike_snr4,610029,2.0,0.05,3.66344158499626,0.256228064811794,0.1656684363131343,23.95485090772842
trend_n2000_c2_spike_snr4,610029,2.0,0.3,3.972162451229252,0.2591948330005747,0.15969087935665432,23.95485090772842
trend_n2000_c2_spike_snr4,610029,2.0,2.0,5.242673732789992,0.25865170262948517,0.14864641844640508,23.95485090772842
trend_n2000_c2_mid_snr1,610029,0.05,0.05,0.9837457530526345,0.06253734362233716,0.16887818473347202,1.483049809119328
trend_n2000_c2_mid_snr1,610029,0.05,0.3,0.9974023004733353,0.06356047220746686,0.16357289566558023,1.483049809119328
trend_n2000_c2_mid_snr1,610029,0.05,2.0,1.0051927635017233,0.06590712086318487,0.1530618026199968,1.483049809119328
trend_n2000_c2_mid_snr1,610029,0.3,0.05,0.9685845475980277,0.06120665917136507,0.16887818473347202,1.4224902958761285
trend_n2000_c2_mid_snr1,610029,0.3,0.3,0.9844985621075047,0.06218869138626444,0.16357289566558023,1.4224902958761285
trend_n2000_c2_mid_snr1,610029,0.3,2.0,1.0015355584998258,0.06441581126569768,0.1530618026199968,1.4224902958761285
trend_n2000_c2_mid_snr1,610029,2.0,0.05,0.920591747404702,0.057655986736473645,0.16887818473347202,1.2647737066614282
trend_n2000_c2_mid_snr1,610029,2.0,0.3,0.9445909778784857,0.05850968424691584,0.16357289566558023,1.2647737066614282
trend_n2000_c2_mid_snr1,610029,2.0,2.0,0.996627298612829,0.06032067722515548,0.1530618026199968,1.2647737066614282
trend_n2000_c2_mid_snr4,610029,0.05,0.05,0.9923172536941884,0.06698758347095161,0.1588183689611454,1.5803049545670793
trend_n2000_c2_mid_snr4,610029,0.05,0.3,1.0143276590868884,0.06814756949398725,0.15331223665823582,1.5803049545670793
trend_n2000_c2_mid_snr4,610029,0.05,2.0,1.0375864641172454,0.07049086166603685,0.14360441386801243,1.5803049545670793
trend_n2000_c2_mid_snr4,610029,0.3,0.05,0.969850095183168,0.06553853242349411,0.1588183689611454,1.5123665117933802
trend_n2000_c2_mid_snr4,610029,0.3,0.3,0.9936974387970369,0.0666560896370635,0.15331223665823582,1.5123665117933802
trend_n2000_c2_mid_snr4,610029,0.3,2.0,1.0255726380448964,0.06888093511049603,0.14360441386801243,1.5123665117933802
trend_n2000_c2_mid_snr4,610029,2.0,0.05,0.903625677163377,0.06161489604696066,0.1588183689611454,1.3343502308406505
trend_n2000_c2_mid_snr4,610029,2.0,0.3,0.9344346891536612,0.0626025221675253,0.15331223665823582,1.3343502308406505
trend_n2000_c2_mid_snr4,610029,2.0,2.0,0.9999471841699654,0.06442147469077103,0.14360441386801243,1.3343502308406505
trend_n2000_c2_spike_snr1,610030,0.05,0.05,1.6016689232151073,0.08065212910878725,0.1562912169255281,2.4321829227730447
trend_n2000_c2_spike_snr1,610030,0.05,0.3,1.6633979079006562,0.08151284028390725,0.1516107049606172,2.4321829227730447
trend_n2000_c2_spike_snr1,610030,0.05,2.0,1.847913150651012,0.08215071146961457,0.1439266727563433,2.4321829227730447
trend_n2000_c2_spike_snr1,610030,0.3,0.05,1.611279142761121,0.08123825894379127,0.1562912169255281,2.466639655223324
trend_n2000_c2_spike_snr1,610030,0.3,0.3,1.6797530487337207,0.08204100325072444,0.1516107049606172,2.466639655223324
trend_n2000_c2_spike_snr1,610030,0.3,2.0,1.8931611850775714,0.08236406225264496,0.1439266727563433,2.466639655223324
trend_n2000_c2_spike_snr1,610030,2.0,0.05,1.6960600221321467,0.08946895018444093,0.1562912169255281,2.9492146861688426
trend_n2000_c2_spike_snr1,610030,2.0,0.3,1.7943039674655394,0.0901367618380919,0.1516107049606172,2.9492146861688426
trend_n2000_c2_spike_snr1,610030,2.0,2.0,2.1388795527101907,0.08925306278224644,0.1439266727563433,2.9492146861688426
trend_n2000_c2_spike_snr4,610030,0.05,0.05,2.897800794484387,0.1967146385450318,0.1648275421011438,14.127888529602158
trend_n2000_c2_spike_snr4,610030,0.05,0.3,3.118412577553809,0.1987073163385163,0.15943048807938165,14.127888529602158
trend_n2000_c2_spike_snr4,610030,0.05,2.0,3.9763652867216686,0.19871295499709382,0.14917598730594914,14.127888529602158
trend_n2000_c2_spike_snr4,610030,0.3,0.05,2.9838126596760337,0.20642126905214334,0.1648275421011438,15.499953366094724
trend_n2000_c2_spike_snr4,610030,0.3,0.3,3.2240009927476896,0.20846281685005616,0.15943048807938165,15.499953366094724
trend_n2000_c2_spike_snr4,610030,0.3,2.0,4.167751893543235,0.20811087660384428,0.14917598730594914,15.499953366094724
trend_n2000_c2_spike_snr4,610030,2.0,0.05,3.4585697740664227,0.2626567280420291,0.1648275421011438,24.691304482756145
trend_n2000_c2_spike_snr4,610030,2.0,0.3,3.7918985899589677,0.2651735760790419,0.15943048807938165,24.691304482756145
trend_n2000_c2_spike_snr4,610030,2.0,2.0,5.151380651335082,0.263742633642968,0.14917598730594914,24.691304482756145
trend_n2000_c2_mid_snr1,610030,0.05,0.05,1.012348392242184,0.06389691127221472,0.1653318344443949,1.5181288473271328
trend_n2000_c2_mid_snr1,610030,0.05,0.3,1.0263404541052905,0.0650632758499839,0.15961203980954003,1.5181288473271328
trend_n2000_c2_mid_snr1,610030,0.05,2.0,1.0232130982228453,0.06764835376825663,0.14897619942295684,1.5181288473271328
trend_n2000_c2_mid_snr1,610030,0.3,0.05,0.9936786268230366,0.06250355242080492,0.1653318344443949,1.4537581836564955
trend_n2000_c2_mid_snr1,610030,0.3,0.3,1.009735185227793,0.06362627177687787,0.15961203980954003,1.4537581836564955
trend_n2000_c2_mid_snr1,610030,0.3,2.0,1.0153851711821698,0.06609105117797938,0.14897619942295684,1.4537581836564955
trend_n2000_c2_mid_snr1,610030,2.0,0.05,0.9339848358436865,0.05868750814250698,0.1653318344443949,1.2819642709042274
trend_n2000_c2_mid_snr1,610030,2.0,0.3,0.9574994891021428,0.05967440192196115,0.15961203980954003,1.2819642709042274
trend_n2000_c2_mid_snr1,610030,2.0,2.0,0.9967359381959814,0.06172235563391411,0.14897619942295684,1.2819642709042274
trend_n2000_c2_mid_snr4,610030,0.05,0.05,1.2259025744640866,0.06524554287495848,0.16254424559350356,1.6267891172020246
trend_n2000_c2_mid_snr4,610030,0.05,0.3,1.2368282754180944,0.0662831950345997,0.15781993350586787,1.6267891172020246
trend_n2000_c2_mid_snr4,610030,0.05,2.0,1.214244524047403,0.06858102372121563,0.14963525612494544,1.6267891172020246
trend_n2000_c2_mid_snr4,610030,0.3,0.05,1.2038839611323588,0.06367598053207969,0.16254424559350356,1.552376919726461
trend_n2000_c2_mid_snr4,610030,0.3,0.3,1.2174743186318364,0.0646625830892422,0.15781993350586787,1.552376919726461
trend_n2000_c2_mid_snr4,610030,0.3,2.0,1.2060766284761293,0.06681584400081408,0.14963525612494544,1.552376919726461
trend_n2000_c2_mid_snr4,610030,2.0,0.05,1.1305263631341473,0.05951037653946945,0.16254424559350356,1.3578908436009487
trend_n2000_c2_mid_snr4,610030,2.0,0.3,1.153239688616555,0.0603380938643597,0.15781993350586787,1.3578908436009487
trend_n2000_c2_mid_snr4,610030,2.0,2.0,1.1820711408176583,0.061988163036263894,0.14963525612494544,1.3578908436009487
trend_n2000_c2_spike_snr1,610031,0.05,0.05,1.5957416588752193,0.07783343407758653,0.1797296762161812,2.633104868237811
trend_n2000_c2_spike_snr1,610031,0.05,0.3,1.661818434923404,0.07895840897718236,0.17302531682854191,2.633104868237811
trend_n2000_c2_spike_snr1,610031,0.05,2.0,1.8836694315400357,0.08070827495531212,0.1589767090246894,2.633104868237811
trend_n2000_c2_spike_snr1,610031,0.3,0.05,1.607184572896054,0.07836815599526813,0.1797296762161812,2.669685714420734
trend_n2000_c2_spike_snr1,610031,0.3,0.3,1.6783326763054562,0.07945211164270126,0.17302531682854191,2.669685714420734
trend_n2000_c2_spike_snr1,610031,0.3,2.0,1.923227829813707,0.08095442558158136,0.1589767090246894,2.669685714420734
trend_n2000_c2_spike_snr1,610031,2.0,0.05,1.6947388041228464,0.08591730122675505,0.1797296762161812,3.1670060832940137
trend_n2000_c2_spike_snr1,610031,2.0,0.3,1.7886097261542007,0.08694742645973182,0.17302531682854191,3.1670060832940137
trend_n2000_c2_spike_snr1,610031,2.0,2.0,2.140300951251237,0.08762323576881019,0.1589767090246894,3.1670060832940137
trend_n2000_c2_spike_snr4,610031,0.05,0.05,3.284625066984798,0.19775319783615444,0.1670925067176337,14.858401009090455
trend_n2000_c2_spike_snr4,610031,0.05,0.3,3.4820515274566177,0.19984239565166959,0.1616470737044544,14.858401009090455
trend_n2000_c2_spike_snr4,610031,0.05,2.0,4.248779355282277,0.19996057876930884,0.15170825396792825,14.858401009090455
trend_n2000_c2_spike_snr4,610031,0.3,0.05,3.361028578011322,0.20689679446165968,0.1670925067176337,16.178475919085166
trend_n2000_c2_spike_snr4,610031,0.3,0.3,3.5743810765327453,0.2090411118604706,0.1616470737044544,16.178475919085166
trend_n2000_c2_spike_snr4,610031,0.3,2.0,4.415864630029278,0.2088413241036491,0.15170825396792825,16.178475919085166
trend_n2000_c2_spike_snr4,610031,2.0,0.05,3.817620938074174,0.26091300782480914,0.1670925067176337,25.16233923331871
trend_n2000_c2_spike_snr4,610031,2.0,0.3,4.10911691308899,0.263549117996125,0.1616470737044544,25.16233923331871
trend_n2000_c2_spike_snr4,610031,2.0,2.0,5.321181914593096,0.26237640904053927,0.15170825396792825,25.16233923331871
trend_n2000_c2_mid_snr1,610031,0.05,0.05,0.9330913176450253,0.061046682402413684,0.1693262744920914,1.4082190429201207
trend_n2000_c2_mid_snr1,610031,0.05,0.3,0.9430684700329532,0.062165932005298005,0.16353997605256598,1.4082190429201207
trend_n2000_c2_mid_snr1,610031,0.05,2.0,0.9335329679096337,0.06466153686123693,0.15264667480385802,1.4082190429201207
trend_n2000_c2_mid_snr1,610031,0.3,0.05,0.9150869015977842,0.05966485956280803,0.1693262744920914,1.3461532256091584
trend_n2000_c2_mid_snr1,610031,0.3,0.3,0.9276646484719174,0.060737784536337346,0.16353997605256598,1.3461532256091584
trend_n2000_c2_mid_snr1,610031,0.3,2.0,0.9285797802318505,0.0631048984661708,0.15264667480385802,1.3461532256091584
trend_n2000_c2_mid_snr1,610031,2.0,0.05,0.855961295742004,0.05601544366735266,0.1693262744920914,1.1855978758008638
trend_n2000_c2_mid_snr1,610031,2.0,0.3,0.8774069926152265,0.05694837056296391,0.16353997605256598,1.1855978758008638
trend_n2000_c2_mid_snr1,610031,2.0,2.0,0.9161477962546567,0.05888357073593064,0.15264667480385802,1.1855978758008638
trend_n2000_c2_mid_snr4,610031,0.05,0.05,1.0530093470409203,0.06416828893773192,0.16752632397390252,1.5639808898232082
trend_n2000_c2_mid_snr4,610031,0.05,0.3,1.0650559218775268,0.06537816166571427,0.16166173770319517,1.5639808898232082
trend_n2000_c2_mid_snr4,610031,0.05,2.0,1.0531121632754483,0.06814169022730288,0.15058058077027495,1.5639808898232082
trend_n2000_c2_mid_snr4,610031,0.3,0.05,1.0346839493248676,0.0628475914847461,0.16752632397390252,1.5014229736472657
trend_n2000_c2_mid_snr4,610031,0.3,0.3,1.0495858411266992,0.06400780864441202,0.16166173770319517,1.5014229736472657
trend_n2000_c2_mid_snr4,610031,0.3,2.0,1.049392665529046,0.06662787458708319,0.15058058077027495,1.5014229736472657
trend_n2000_c2_mid_snr4,610031,2.0,0.05,0.9751606361741528,0.05921277612718502,0.16752632397390252,1.3328782450310317
trend_n2000_c2_mid_snr4,610031,2.0,0.3,0.9998726300437837,0.06021779705334861,0.16166173770319517,1.3328782450310317
trend_n2000_c2_mid_snr4,610031,2.0,2.0,1.0423599946748032,0.06234121038392038,0.15058058077027495,1.3328782450310317
trend_n2000_c2_spike_snr1,610032,0.05,0.05,1.5379935446890833,0.0777837481859946,0.17485435844402775,2.5273355394906383
trend_n2000_c2_spike_snr1,610032,0.05,0.3,1.603770801238344,0.0789453619087589,0.16821589399089218,2.5273355394906383
trend_n2000_c2_spike_snr1,610032,0.05,2.0,1.821893081798087,0.08064898183373152,0.15491058202276803,2.5273355394906383
trend_n2000_c2_spike_snr1,610032,0.3,0.05,1.5452756591692272,0.07830768518698153,0.17485435844402775,2.5598328007968987
trend_n2000_c2_spike_snr1,610032,0.3,0.3,1.616852339336537,0.07942275698623198,0.16821589399089218,2.5598328007968987
trend_n2000_c2_spike_snr1,610032,0.3,2.0,1.8605548911713414,0.08085788362631488,0.15491058202276803,2.5598328007968987
trend_n2000_c2_spike_snr1,610032,2.0,0.05,1.6259684820751346,0.08607703483910895,0.17485435844402775,3.0507656218718058
trend_n2000_c2_spike_snr1,610032,2.0,0.3,1.7231374151394678,0.08712632303664215,0.16821589399089218,3.0507656218718058
trend_n2000_c2_spike_snr1,610032,2.0,2.0,2.0836147047971023,0.08765739376593698,0.15491058202276803,3.0507656218718058
trend_n2000_c2_spike_snr4,610032,0.05,0.05,3.213911345037353,0.1907526339416869,0.1797303463240699,14.922936554340442
trend_n2000_c2_spike_snr4,610032,0.05,0.3,3.400122637133215,0.19313160441583943,0.17334943559068344,14.922936554340442
trend_n2000_c2_spike_snr4,610032,0.05,2.0,4.170450234343601,0.19540683616887924,0.15929021392619117,14.922936554340442
trend_n2000_c2_spike_snr4,610032,0.3,0.05,3.314721044328465,0.19944913557969313,0.1797303463240699,16.259796633366093
trend_n2000_c2_spike_snr4,610032,0.3,0.3,3.514422306632405,0.20190117565795865,0.17334943559068344,16.259796633366093
trend_n2000_c2_spike_snr4,610032,0.3,2.0,4.349952147799809,0.2040069989288184,0.15929021392619117,16.259796633366093
trend_n2000_c2_spike_snr4,610032,2.0,0.05,3.8645016731891713,0.2510867059430287,0.1797303463240699,25.323529856172573
trend_n2000_c2_spike_snr4,610032,2.0,0.3,4.131125012110522,0.2541128387187085,0.17334943559068344,25.323529856172573
trend_n2000_c2_spike_snr4,610032,2.0,2.0,5.295509599459729,0.2559940965101795,0.15929021392619117,25.323529856172573
trend_n2000_c2_mid_snr1,610032,0.05,0.05,1.0845239039634296,0.060587227462911876,0.1713504555476233,1.4582737231611884
trend_n2000_c2_mid_snr1,610032,0.05,0.3,1.1050494171648904,0.06166649517910769,0.16535511797754687,1.4582737231611884
trend_n2000_c2_mid_snr1,610032,0.05,2.0,1.124600034996083,0.06421040039835875,0.1534632376228661,1.4582737231611884
trend_n2000_c2_mid_snr1,610032,0.3,0.05,1.0585781021949892,0.059336851768247476,0.1713504555476233,1.3974092004885987
trend_n2000_c2_mid_snr1,610032,0.3,0.3,1.081124821097639,0.060371420392115155,0.16535511797754687,1.3974092004885987
trend_n2000_c2_mid_snr1,610032,0.3,2.0,1.1096559501176573,0.06277885724966722,0.1534632376228661,1.3974092004885987
trend_n2000_c2_mid_snr1,610032,2.0,0.05,0.9751466275652347,0.05611354063495842,0.1713504555476233,1.2409323999737658
trend_n2000_c2_mid_snr1,610032,2.0,0.3,1.004902670496824,0.057014571093456215,0.16535511797754687,1.2409323999737658
trend_n2000_c2_mid_snr1,610032,2.0,2.0,1.0670859186452553,0.058968079795518394,0.1534632376228661,1.2409323999737658
trend_n2000_c2_mid_snr4,610032,0.05,0.05,0.9310570651999929,0.06362213257225537,0.16794745434880262,1.5038557890793827
trend_n2000_c2_mid_snr4,610032,0.05,0.3,0.945523728111038,0.06475839934449239,0.16217700877655983,1.5038557890793827
trend_n2000_c2_mid_snr4,610032,0.05,2.0,0.9563160039994254,0.06736800366902786,0.1506513393144309,1.5038557890793827
trend_n2000_c2_mid_snr4,610032,0.3,0.05,0.9142556673430916,0.06216411770987352,0.16794745434880262,1.4371078475491197
trend_n2000_c2_mid_snr4,610032,0.3,0.3,0.9299374428987176,0.06326363368243149,0.16217700877655983,1.4371078475491197
trend_n2000_c2_mid_snr4,610032,0.3,2.0,0.946355638369615,0.06577370379735677,0.1506513393144309,1.4371078475491197
trend_n2000_c2_mid_snr4,610032,2.0,0.05,0.8580017336482427,0.05812376270900932,0.16794745434880262,1.257280475969707
trend_n2000_c2_mid_snr4,610032,2.0,0.3,0.8782731745926794,0.059110676707591604,0.16217700877655983,1.257280475969707
trend_n2000_c2_mid_snr4,610032,2.0,2.0,0.9174996667488138,0.06128350765544202,0.1506513393144309,1.257280475969707
trend_n2000_c2_spike_snr1,610033,0.05,0.05,1.5221685630735993,0.07937046464656147,0.1651266823099564,2.4610049931674025
trend_n2000_c2_spike_snr1,610033,0.05,0.3,1.5850449142860348,0.08014324126046578,0.16037412088437805,2.4610049931674025
trend_n2000_c2_spike_snr1,610033,0.05,2.0,1.7801833220755965,0.08050307255687458,0.15269072086058172,2.4610049931674025
trend_n2000_c2_spike_snr1,610033,0.3,0.05,1.5328517286981884,0.08010825749084606,0.1651266823099564,2.505213779114756
trend_n2000_c2_spike_snr1,610033,0.3,0.3,1.602966462174582,0.08082271720793362,0.16037412088437805,2.505213779114756
trend_n2000_c2_spike_snr1,610033,0.3,2.0,1.82789882303062,0.08086710395656824,0.15269072086058172,2.505213779114756
trend_n2000_c2_spike_snr1,610033,2.0,0.05,1.6212706046832834,0.08876839404719047,0.1651266823099564,3.0337758163250528
trend_n2000_c2_spike_snr1,610033,2.0,0.3,1.7222505870433378,0.08934955508020803,0.16037412088437805,3.0337758163250528
trend_n2000_c2_spike_snr1,610033,2.0,2.0,2.078227549737923,0.08821932616251765,0.15269072086058172,3.0337758163250528
trend_n2000_c2_spike_snr4,610033,0.05,0.05,2.9676983604824136,0.1959075110595435,0.17256477860538266,14.752559442708652
trend_n2000_c2_spike_snr4,610033,0.05,0.3,3.1909018141691416,0.19820960964853498,0.16636215017371028,14.752559442708652
trend_n2000_c2_spike_snr4,610033,0.05,2.0,4.059196865407898,0.19906408867112363,0.15423343966252584,14.752559442708652
trend_n2000_c2_spike_snr4,610033,0.3,0.05,3.065729910210583,0.20505556516227458,0.17256477860538266,16.119305982131632
trend_n2000_c2_spike_snr4,610033,0.3,0.3,3.306920639699229,0.2074164745419872,0.16636215017371028,16.119305982131632
trend_n2000_c2_spike_snr4,610033,0.3,2.0,4.2551632414716405,0.20795729375758246,0.15423343966252584,16.119305982131632
trend_n2000_c2_spike_snr4,610033,2.0,0.05,3.5902155096679325,0.2582662628056139,0.17256477860538266,25.221924723844985
trend_n2000_c2_spike_snr4,610033,2.0,0.3,3.917673293652934,0.2611482193313252,0.16636215017371028,25.221924723844985
trend_n2000_c2_spike_snr4,610033,2.0,2.0,5.256027754920181,0.260807456137151,0.15423343966252584,25.221924723844985
trend_n2000_c2_mid_snr1,610033,0.05,0.05,0.9309546553078987,0.06357008908700247,0.1632305790759609,1.4594293798754145
trend_n2000_c2_mid_snr1,610033,0.05,0.3,0.948206835646235,0.06454347447849718,0.15824687497506212,1.4594293798754145
trend_n2000_c2_mid_snr1,610033,0.05,2.0,0.9604733620224166,0.06640428695909026,0.14995038183152826,1.4594293798754145
trend_n2000_c2_mid_snr1,610033,0.3,0.05,0.9150985111568264,0.062291454490041843,0.1632305790759609,1.4021662529051342
trend_n2000_c2_mid_snr1,610033,0.3,0.3,0.9343563809529227,0.06322815425871439,0.15824687497506212,1.4021662529051342
trend_n2000_c2_mid_snr1,610033,0.3,2.0,0.9548157093800681,0.06499093312255344,0.14995038183152826,1.4021662529051342
trend_n2000_c2_mid_snr1,610033,2.0,0.05,0.8592862228755792,0.05893380636396994,0.1632305790759609,1.2532539421487512
trend_n2000_c2_mid_snr1,610033,2.0,0.3,0.8855412176484776,0.05976023722328629,0.15824687497506212,1.2532539421487512
trend_n2000_c2_mid_snr1,610033,2.0,2.0,0.9366826491420659,0.06118784379039189,0.14995038183152826,1.2532539421487512
trend_n2000_c2_mid_snr4,610033,0.05,0.05,1.1194335384125313,0.06115073254268655,0.17170567993890187,1.4980422217001281
trend_n2000_c2_mid_snr4,610033,0.05,0.3,1.1344176199319296,0.06227360657971298,0.16580156117608733,1.4980422217001281
trend_n2000_c2_mid_snr4,610033,0.05,2.0,1.1277532300572366,0.06496084362367688,0.1543862527838593,1.4980422217001281
trend_n2000_c2_mid_snr4,610033,0.3,0.05,1.098421512487176,0.05984410817966431,0.17170567993890187,1.4358031965059048
trend_n2000_c2_mid_snr4,610033,0.3,0.3,1.1158227558764766,0.06091851347744288,0.16580156117608733,1.4358031965059048
trend_n2000_c2_mid_snr4,610033,0.3,2.0,1.1195351784146397,0.06346167070335824,0.1543862527838593,1.4358031965059048
trend_n2000_c2_mid_snr4,610033,2.0,0.05,1.0253487492316353,0.05626648421576899,0.17170567993890187,1.2666457941926794
trend_n2000_c2_mid_snr4,610033,2.0,0.3,1.0511210969868234,0.057189222798798234,0.16580156117608733,1.2666457941926794
trend_n2000_c2_mid_snr4,610033,2.0,2.0,1.0928946738119074,0.0592325636152788,0.1543862527838593,1.2666457941926794
trend_n2000_c2_spike_snr1,610034,0.05,0.05,1.6222091713446565,0.07834644961397025,0.17116328236451003,2.549582971996094
trend_n2000_c2_spike_snr1,610034,0.05,0.3,1.6820757665383415,0.079320286436974,0.1655550659164386,2.549582971996094
trend_n2000_c2_spike_snr1,610034,0.05,2.0,1.8793286189649387,0.08051190112886138,0.15467725560166912,2.549582971996094
trend_n2000_c2_spike_snr1,610034,0.3,0.05,1.6312736825688186,0.07903560441784646,0.17116328236451003,2.5917226032161915
trend_n2000_c2_spike_snr1,610034,0.3,0.3,1.6967241332535474,0.07996456235641614,0.1655550659164386,2.5917226032161915
trend_n2000_c2_spike_snr1,610034,0.3,2.0,1.919084986155044,0.08088843776294966,0.15467725560166912,2.5917226032161915
trend_n2000_c2_spike_snr1,610034,2.0,0.05,1.711428163311371,0.0873633428320391,0.17116328236451003,3.1114795745711636
trend_n2000_c2_spike_snr1,610034,2.0,0.3,1.8021143141614562,0.08821046900515349,0.1655550659164386,3.1114795745711636
trend_n2000_c2_spike_snr1,610034,2.0,2.0,2.1415463573130054,0.08816255472201924,0.15467725560166912,3.1114795745711636
trend_n2000_c2_spike_snr4,610034,0.05,0.05,3.102642186725547,0.19840279100742675,0.1693787730883422,14.951910544460842
trend_n2000_c2_spike_snr4,610034,0.05,0.3,3.321788234904283,0.2007930234183558,0.1632495020814339,14.951910544460842
trend_n2000_c2_spike_snr4,610034,0.05,2.0,4.136745768273833,0.20113317241781514,0.15266263903398963,14.951910544460842
trend_n2000_c2_spike_snr4,610034,0.3,0.05,3.192786487864844,0.20793057893815706,0.1693787730883422,16.358206679981542
trend_n2000_c2_spike_snr4,610034,0.3,0.3,3.4322103502783374,0.21037129067550098,0.1632495020814339,16.358206679981542
trend_n2000_c2_spike_snr4,610034,0.3,2.0,4.332371441299582,0.21032318188769347,0.15266263903398963,16.358206679981542
trend_n2000_c2_spike_snr4,610034,2.0,0.05,3.6999802288997774,0.2625874346875932,0.1693787730883422,25.653477372770283
trend_n2000_c2_spike_snr4,610034,2.0,0.3,4.033955070022645,0.26552869690404224,0.1632495020814339,25.653477372770283
trend_n2000_c2_spike_snr4,610034,2.0,2.0,5.337856121036417,0.2642794832440096,0.15266263903398963,25.653477372770283
trend_n2000_c2_mid_snr1,610034,0.05,0.05,1.1520454995021285,0.06130984473436793,0.1762166095207117,1.5573116718500122
trend_n2000_c2_mid_snr1,610034,0.05,0.3,1.1721114488483086,0.06239118339642758,0.17017234162590397,1.5573116718500122
trend_n2000_c2_mid_snr1,610034,0.05,2.0,1.1843310271369223,0.06508018295216966,0.15786183552087316,1.5573116718500122
trend_n2000_c2_mid_snr1,610034,0.3,0.05,1.1315909747671449,0.059929668294920455,0.1762166095207117,1.4901661172080467
trend_n2000_c2_mid_snr1,610034,0.3,0.3,1.1538651164825873,0.060962421805922706,0.17017234162590397,1.4901661172080467
trend_n2000_c2_mid_snr1,610034,0.3,2.0,1.1758529408726424,0.06350244372982418,0.15786183552087316,1.4901661172080467
trend_n2000_c2_mid_snr1,610034,2.0,0.05,1.0593121974844932,0.05642627778206581,0.1762166095207117,1.3187388712514
trend_n2000_c2_mid_snr1,610034,2.0,0.3,1.0892439373980454,0.0573129500951794,0.17017234162590397,1.3187388712514
trend_n2000_c2_mid_snr1,610034,2.0,2.0,1.1471632740638569,0.059349872798462676,0.15786183552087316,1.3187388712514
trend_n2000_c2_mid_snr4,610034,0.05,0.05,1.024701972901535,0.06216616017177306,0.17257548648348217,1.5137541307538094
trend_n2000_c2_mid_snr4,610034,0.05,0.3,1.0430275110021094,0.06321879251326419,0.16683897321897406,1.5137541307538094
trend_n2000_c2_mid_snr4,610034,0.05,2.0,1.0549153823665622,0.06566294540329834,0.15561645929575463,1.5137541307538094
trend_n2000_c2_mid_snr4,610034,0.3,0.05,1.008024194908187,0.0608897728182421,0.17257548648348217,1.453745959114469
trend_n2000_c2_mid_snr4,610034,0.3,0.3,1.0279744928914931,0.06190476666515468,0.16683897321897406,1.453745959114469
trend_n2000_c2_mid_snr4,610034,0.3,2.0,1.0473906348357216,0.06423814331684957,0.15561645929575463,1.453745959114469
trend_n2000_c2_mid_snr4,610034,2.0,0.05,0.9500421088042292,0.057423731689426084,0.17257548648348217,1.292755196595802
trend_n2000_c2_mid_snr4,610034,2.0,0.3,0.9761780671450839,0.058319804676304765,0.16683897321897406,1.292755196595802
trend_n2000_c2_mid_snr4,610034,2.0,2.0,1.0256220706696653,0.06026059514138599,0.15561645929575463,1.292755196595802
trend_n2000_c2_spike_snr1,610035,0.05,0.05,1.628946983405196,0.07475744722204782,0.17699392917657936,2.4459928707106657
trend_n2000_c2_spike_snr1,610035,0.05,0.3,1.6932348870135419,0.07572716897196322,0.17075252028489948,2.4459928707106657
trend_n2000_c2_spike_snr1,610035,0.05,2.0,1.8980430838326225,0.07716869475330002,0.1577991458936208,2.4459928707106657
trend_n2000_c2_spike_snr1,610035,0.3,0.05,1.6329056000589208,0.07546754035164271,0.17699392917657936,2.4860017359374034
trend_n2000_c2_spike_snr1,610035,0.3,0.3,1.70304979299216,0.07638842935317876,0.17075252028489948,2.4860017359374034
trend_n2000_c2_spike_snr1,610035,0.3,2.0,1.9338220376947797,0.07754538771240303,0.1577991458936208,2.4860017359374034
trend_n2000_c2_spike_snr1,610035,2.0,0.05,1.6870968084210272,0.08371542359321077,0.17699392917657936,2.982139454058726
trend_n2000_c2_spike_snr1,610035,2.0,0.3,1.7831852836114956,0.08455541750660409,0.17075252028489948,2.982139454058726
trend_n2000_c2_spike_snr1,610035,2.0,2.0,2.132325651736965,0.08475222009993426,0.1577991458936208,2.982139454058726
trend_n2000_c2_spike_snr4,610035,0.05,0.05,3.1252634369276726,0.19034186496228295,0.17131940124700462,14.074721872512823
trend_n2000_c2_spike_snr4,610035,0.05,0.3,3.311511273893915,0.19268227349521588,0.16530342029016062,14.074721872512823
trend_n2000_c2_spike_snr4,610035,0.05,2.0,4.05771639690196,0.1942709245409239,0.1531993137667677,14.074721872512823
trend_n2000_c2_spike_snr4,610035,0.3,0.05,3.2192148512037306,0.19958861534416436,0.17131940124700462,15.411020254386758
trend_n2000_c2_spike_snr4,610035,0.3,0.3,3.422373792867425,0.20198717629707522,0.16530342029016062,15.411020254386758
trend_n2000_c2_spike_snr4,610035,0.3,2.0,4.247087790580983,0.20327255390796015,0.1531993137667677,15.411020254386758
trend_n2000_c2_spike_snr4,610035,2.0,0.05,3.711965000958719,0.2538411198512458,0.17131940124700462,24.41651675373632
trend_n2000_c2_spike_snr4,610035,2.0,0.3,3.9954499543321322,0.256783492561106,0.16530342029016062,24.41651675373632
trend_n2000_c2_spike_snr4,610035,2.0,2.0,5.201405749874013,0.25734732233916213,0.1531993137667677,24.41651675373632
trend_n2000_c2_mid_snr1,610035,0.05,0.05,0.9838047900388736,0.058474048301453835,0.17763588841810654,1.385464376790053
trend_n2000_c2_mid_snr1,610035,0.05,0.3,0.9996834615793944,0.05956121183694029,0.17131257379371992,1.385464376790053
trend_n2000_c2_mid_snr1,610035,0.05,2.0,1.0154414350641705,0.06228221055118502,0.15777061942825327,1.385464376790053
trend_n2000_c2_mid_snr1,610035,0.3,0.05,0.9632720970723504,0.05726489269849927,0.17763588841810654,1.3286934359541795
trend_n2000_c2_mid_snr1,610035,0.3,0.3,0.9812764572280336,0.05830890229139575,0.17131257379371992,1.3286934359541795
trend_n2000_c2_mid_snr1,610035,0.3,2.0,1.0061136540292082,0.06089675960568346,0.15777061942825327,1.3286934359541795
trend_n2000_c2_mid_snr1,610035,2.0,0.05,0.8970041415982994,0.054151977876389056,0.17763588841810654,1.1836989420712998
trend_n2000_c2_mid_snr1,610035,2.0,0.3,0.9224605427566412,0.05506685550648502,0.17131257379371992,1.1836989420712998
trend_n2000_c2_mid_snr1,610035,2.0,2.0,0.9809771985189752,0.05721402038380187,0.15777061942825327,1.1836989420712998
trend_n2000_c2_mid_snr4,610035,0.05,0.05,0.9819488042265541,0.059705465182965496,0.17455024247735498,1.4115143452317342
trend_n2000_c2_mid_snr4,610035,0.05,0.3,0.9981032713204736,0.06074145791108432,0.16868242127640334,1.4115143452317342
trend_n2000_c2_mid_snr4,610035,0.05,2.0,1.0142545775372078,0.06327324505523362,0.15635349017194336,1.4115143452317342
trend_n2000_c2_mid_snr4,610035,0.3,0.05,0.9642152654958389,0.05845426190936996,0.17455024247735498,1.3539301561920911
trend_n2000_c2_mid_snr4,610035,0.3,0.3,0.9822663900867303,0.05945050725230629,0.16868242127640334,1.3539301561920911
trend_n2000_c2_mid_snr4,610035,0.3,2.0,1.0066038259219567,0.06186202431162245,0.15635349017194336,1.3539301561920911
trend_n2000_c2_mid_snr4,610035,2.0,0.05,0.903748826007503,0.055163556904038874,0.17455024247735498,1.2038227388226033
trend_n2000_c2_mid_snr4,610035,2.0,0.3,0.9286383234519058,0.056038084167950405,0.16868242127640334,1.2038227388226033
trend_n2000_c2_mid_snr4,610035,2.0,2.0,0.9840558724190411,0.05804195779964838,0.15635349017194336,1.2038227388226033
trend_n2000_c2_spike_snr1,610036,0.05,0.05,1.3436302469916053,0.07912110705580472,0.16568876656024728,2.3715233815048586
trend_n2000_c2_spike_snr1,610036,0.05,0.3,1.4089255024612735,0.0801790501815364,0.15991851145028588,2.3715233815048586
trend_n2000_c2_spike_snr1,610036,0.05,2.0,1.6383032325642868,0.08160247224528214,0.14832546209111308,2.3715233815048586
trend_n2000_c2_spike_snr1,610036,0.3,0.05,1.3578295079666198,0.07982582552191266,0.16568876656024728,2.4149604120771047
trend_n2000_c2_spike_snr1,610036,0.3,0.3,1.429201329306235,0.08084444592698613,0.15991851145028588,2.4149604120771047
trend_n2000_c2_spike_snr1,610036,0.3,2.0,1.685423760148581,0.0820191959470211,0.14832546209111308,2.4149604120771047
trend_n2000_c2_spike_snr1,610036,2.0,0.05,1.4555534592806885,0.08839567683826309,0.16568876656024728,2.937761186190817
trend_n2000_c2_spike_snr1,610036,2.0,0.3,1.5544343966473426,0.0893590154285967,0.15991851145028588,2.937761186190817
trend_n2000_c2_spike_snr1,610036,2.0,2.0,1.9356019547018022,0.08965406676464542,0.14832546209111308,2.937761186190817
trend_n2000_c2_spike_snr4,610036,0.05,0.05,2.8027187916966683,0.19017278558087142,0.16950360736980657,13.579659122785934
trend_n2000_c2_spike_snr4,610036,0.05,0.3,3.0003431719958598,0.192918152159886,0.16289899024307963,13.579659122785934
trend_n2000_c2_spike_snr4,610036,0.05,2.0,3.802111198714152,0.19598618571984078,0.14889912065618663,13.579659122785934
trend_n2000_c2_spike_snr4,610036,0.3,0.05,2.8832650373387287,0.19975777124412558,0.16950360736980657,14.923054417902014
trend_n2000_c2_spike_snr4,610036,0.3,0.3,3.09894073303139,0.202593070991041,0.16289899024307963,14.923054417902014
trend_n2000_c2_spike_snr4,610036,0.3,2.0,3.98339673774964,0.20547453929220896,0.14889912065618663,14.923054417902014
trend_n2000_c2_spike_snr4,610036,2.0,0.05,3.337742651386343,0.256058914657044,0.16950360736980657,24.093535860914525
trend_n2000_c2_spike_snr4,610036,2.0,0.3,3.640275544801677,0.2596034867833475,0.16289899024307963,24.093535860914525
trend_n2000_c2_spike_snr4,610036,2.0,2.0,4.929957794999798,0.262339757207543,0.14889912065618663,24.093535860914525
trend_n2000_c2_mid_snr1,610036,0.05,0.05,1.073503104788071,0.06337616356306923,0.17413584562900378,1.5981233744423506
trend_n2000_c2_mid_snr1,610036,0.05,0.3,1.0916937752314282,0.0647678061711307,0.16693821198142814,1.5981233744423506
trend_n2000_c2_mid_snr1,610036,0.05,2.0,1.099038642698502,0.06843656678502343,0.15125656780745242,1.5981233744423506
trend_n2000_c2_mid_snr1,610036,0.3,0.05,1.0493672783308174,0.061987016593242586,0.17413584562900378,1.5286110093061658
trend_n2000_c2_mid_snr1,610036,0.3,0.3,1.0697359814361622,0.06332626859211346,0.16693821198142814,1.5286110093061658
trend_n2000_c2_mid_snr1,610036,0.3,2.0,1.087376090121946,0.0668304799209779,0.15125656780745242,1.5286110093061658
trend_n2000_c2_mid_snr1,610036,2.0,0.05,0.9700909459035685,0.05816618587632467,0.17413584562900378,1.3410062497142237
trend_n2000_c2_mid_snr1,610036,2.0,0.3,0.998151542144939,0.05934512121899523,0.16693821198142814,1.3410062497142237
trend_n2000_c2_mid_snr1,610036,2.0,2.0,1.053574565865691,0.062303756669331446,0.15125656780745242,1.3410062497142237
trend_n2000_c2_mid_snr4,610036,0.05,0.05,1.098720199414611,0.06355972020886291,0.17078301844527882,1.5846584771419665
trend_n2000_c2_mid_snr4,610036,0.05,0.3,1.1104309843000886,0.06480790550675727,0.16464350116015208,1.5846584771419665
trend_n2000_c2_mid_snr4,610036,0.05,2.0,1.0956955201502734,0.06806199994275663,0.15155268885775852,1.5846584771419665
trend_n2000_c2_mid_snr4,610036,0.3,0.05,1.073295056050718,0.06214271407314931,0.17078301844527882,1.5144479048722834
trend_n2000_c2_mid_snr4,610036,0.3,0.3,1.087107710006844,0.06334259026396827,0.16464350116015208,1.5144479048722834
trend_n2000_c2_mid_snr4,610036,0.3,2.0,1.0822460299638017,0.06644717622467898,0.15155268885775852,1.5144479048722834
trend_n2000_c2_mid_snr4,610036,2.0,0.05,0.9846210487863853,0.05822608233564243,0.17078301844527882,1.3224158440594629
trend_n2000_c2_mid_snr4,610036,2.0,0.3,1.005862144852355,0.05927589733685199,0.16464350116015208,1.3224158440594629
trend_n2000_c2_mid_snr4,610036,2.0,2.0,1.0374929503726034,0.06187506854593181,0.15155268885775852,1.3224158440594629
trend_n2000_c2_spike_snr1,610037,0.05,0.05,1.5630452207448176,0.07474487095764161,0.17794513073068616,2.4210375012509058
trend_n2000_c2_spike_snr1,610037,0.05,0.3,1.6256030357232187,0.07576629118904744,0.17155676268391162,2.4210375012509058
trend_n2000_c2_spike_snr1,610037,0.05,2.0,1.8430547983285004,0.07739384990872565,0.15757359430300136,2.4210375012509058
trend_n2000_c2_spike_snr1,610037,0.3,0.05,1.5682298888603374,0.07551729450411572,0.17794513073068616,2.4651918379059015
trend_n2000_c2_spike_snr1,610037,0.3,0.3,1.6357683926763025,0.07650329308605701,0.17155676268391162,2.4651918379059015
trend_n2000_c2_spike_snr1,610037,0.3,2.0,1.8773991220771569,0.07788519173734604,0.15757359430300136,2.4651918379059015
trend_n2000_c2_spike_snr1,610037,2.0,0.05,1.6367696705410042,0.08406771925757668,0.17794513073068616,2.989414675896557
trend_n2000_c2_spike_snr1,610037,2.0,0.3,1.7272435728903321,0.08501855077257595,0.17155676268391162,2.989414675896557
trend_n2000_c2_spike_snr1,610037,2.0,2.0,2.081705388760464,0.08559410397044281,0.15757359430300136,2.989414675896557
trend_n2000_c2_spike_snr4,610037,0.05,0.05,3.2467959999342977,0.20335967317793754,0.15199743775525407,14.161492947374136
trend_n2000_c2_spike_snr4,610037,0.05,0.3,3.4726513655602487,0.2047633572078311,0.1477749021039997,14.161492947374136
trend_n2000_c2_spike_snr4,610037,0.05,2.0,4.347846802614857,0.2017366953649492,0.1413072119028232,14.161492947374136
trend_n2000_c2_spike_snr4,610037,0.3,0.05,3.3582586661287217,0.21327711232299504,0.15199743775525407,15.528237643199251
trend_n2000_c2_spike_snr4,610037,0.3,0.3,3.604502529969921,0.21468591738192794,0.1477749021039997,15.528237643199251
trend_n2000_c2_spike_snr4,610037,0.3,2.0,4.5666656111484425,0.211097851458194,0.1413072119028232,15.528237643199251
trend_n2000_c2_spike_snr4,610037,2.0,0.05,3.9498924759095306,0.27110428574330286,0.15199743775525407,24.691941660130237
trend_n2000_c2_spike_snr4,610037,2.0,0.3,4.293706760224544,0.2727677265142891,0.1477749021039997,24.691941660130237
trend_n2000_c2_spike_snr4,610037,2.0,2.0,5.681426189615814,0.26702380967153305,0.1413072119028232,24.691941660130237
trend_n2000_c2_mid_snr1,610037,0.05,0.05,1.0040272826503962,0.06295136756025503,0.16776713002924448,1.4974716848154308
trend_n2000_c2_mid_snr1,610037,0.05,0.3,1.0202175224801386,0.06411747833373162,0.16180620035486465,1.4974716848154308
trend_n2000_c2_mid_snr1,610037,0.05,2.0,1.0252520494988555,0.0667156631578931,0.15058745814176816,1.4974716848154308
trend_n2000_c2_mid_snr1,610037,0.3,0.05,0.9863710827732504,0.061639008787582814,0.16776713002924448,1.4367684364445383
trend_n2000_c2_mid_snr1,610037,0.3,0.3,1.0046242611266059,0.06276213747548307,0.16180620035486465,1.4367684364445383
trend_n2000_c2_mid_snr1,610037,0.3,2.0,1.0189467003440977,0.06523552946121301,0.15058745814176816,1.4367684364445383
trend_n2000_c2_mid_snr1,610037,2.0,0.05,0.9283977275122682,0.058105305792433275,0.16776713002924448,1.2763090786972195
trend_n2000_c2_mid_snr1,610037,2.0,0.3,0.9541478627394426,0.05909515067199762,0.16180620035486465,1.2763090786972195
trend_n2000_c2_mid_snr1,610037,2.0,2.0,1.0033829657860582,0.061140136459648546,0.15058745814176816,1.2763090786972195
trend_n2000_c2_mid_snr4,610037,0.05,0.05,0.9355181610278572,0.06415244932444619,0.1697535558702773,1.544424075280417
trend_n2000_c2_mid_snr4,610037,0.05,0.3,0.9501390072365252,0.06530551689460555,0.1638845227655121,1.544424075280417
trend_n2000_c2_mid_snr4,610037,0.05,2.0,0.9589099724209948,0.06790118734154904,0.152438907877837,1.544424075280417
trend_n2000_c2_mid_snr4,610037,0.3,0.05,0.9173337239320176,0.06280995119518962,0.1697535558702773,1.480894529238497
trend_n2000_c2_mid_snr4,610037,0.3,0.3,0.9343579139769164,0.06391930065727577,0.1638845227655121,1.480894529238497
trend_n2000_c2_mid_snr4,610037,0.3,2.0,0.9530360067846697,0.06638980765083825,0.152438907877837,1.480894529238497
trend_n2000_c2_mid_snr4,610037,2.0,0.05,0.8591769992580819,0.05929337600902511,0.1697535558702773,1.317722601345792
trend_n2000_c2_mid_snr4,610037,2.0,0.3,0.8843586523279885,0.060273256954719426,0.1638845227655121,1.317722601345792
trend_n2000_c2_mid_snr4,610037,2.0,2.0,0.938879230790627,0.062331946885291,0.152438907877837,1.317722601345792
trend_n2000_c2_spike_snr1,610038,0.05,0.05,1.5295491876418532,0.07263337620179569,0.1855569264695803,2.3900073887439217
trend_n2000_c2_spike_snr1,610038,0.05,0.3,1.591857612634458,0.07354197729182788,0.17916045442546222,2.3900073887439217
trend_n2000_c2_spike_snr1,610038,0.05,2.0,1.7985821581019827,0.07495773927718712,0.16527278432335596,2.3900073887439217
trend_n2000_c2_spike_snr1,610038,0.3,0.05,1.5390538172766792,0.07351886633501467,0.1855569264695803,2.443399509030591
trend_n2000_c2_spike_snr1,610038,0.3,0.3,1.6065392487373908,0.0743913681835784,0.17916045442546222,2.443399509030591
trend_n2000_c2_spike_snr1,610038,0.3,2.0,1.8364170439179615,0.07557458503848542,0.16527278432335596,2.443399509030591
trend_n2000_c2_spike_snr1,610038,2.0,0.05,1.6122313376686517,0.08226458974580873,0.1855569264695803,2.991303909997756
trend_n2000_c2_spike_snr1,610038,2.0,0.3,1.7027954552709128,0.08309791454192879,0.17916045442546222,2.991303909997756
trend_n2000_c2_spike_snr1,610038,2.0,2.0,2.0390071644329186,0.0835332200647409,0.16527278432335596,2.991303909997756
trend_n2000_c2_spike_snr4,610038,0.05,0.05,3.2101009385408528,0.19500358559101333,0.1680359998217852,14.498396778626589
trend_n2000_c2_spike_snr4,610038,0.05,0.3,3.4049789105078574,0.1966378475527325,0.16317939254912253,14.498396778626589
trend_n2000_c2_spike_snr4,610038,0.05,2.0,4.1761318854361384,0.1956569722726605,0.1543584401529439,14.498396778626589
trend_n2000_c2_spike_snr4,610038,0.3,0.05,3.3117835745363347,0.20424055700507804,0.1680359998217852,15.847961151329761
trend_n2000_c2_spike_snr4,610038,0.3,0.3,3.523172859198273,0.20590278464435519,0.16317939254912253,15.847961151329761
trend_n2000_c2_spike_snr4,610038,0.3,2.0,4.367526669407962,0.2045461563276036,0.1543584401529439,15.847961151329761
trend_n2000_c2_spike_snr4,610038,2.0,0.05,3.859836236354751,0.25827970266663297,0.1680359998217852,24.899864917426466
trend_n2000_c2_spike_snr4,610038,2.0,0.3,4.150401963185215,0.2602898719134946,0.16317939254912253,24.899864917426466
trend_n2000_c2_spike_snr4,610038,2.0,2.0,5.353754141526408,0.25766458252387353,0.1543584401529439,24.899864917426466
trend_n2000_c2_mid_snr1,610038,0.05,0.05,0.9442680373314067,0.06171761301145618,0.16489174428326867,1.4019345927233084
trend_n2000_c2_mid_snr1,610038,0.05,0.3,0.9572951702582508,0.062653314598089,0.16004844834431303,1.4019345927233084
trend_n2000_c2_mid_snr1,610038,0.05,2.0,0.950572492136444,0.06465320675165116,0.1514736689368362,1.4019345927233084
trend_n2000_c2_mid_snr1,610038,0.3,0.05,0.9312506176152588,0.060410038645342716,0.16489174428326867,1.345298070256958
trend_n2000_c2_mid_snr1,610038,0.3,0.3,0.9462331462945691,0.06130957623505142,0.16004844834431303,1.345298070256958
trend_n2000_c2_mid_snr1,610038,0.3,2.0,0.9481397537524267,0.06320767471309023,0.1514736689368362,1.345298070256958
trend_n2000_c2_mid_snr1,610038,2.0,0.05,0.8856121772382703,0.0568860266204451,0.16489174428326867,1.1954448541042066
trend_n2000_c2_mid_snr1,610038,2.0,0.3,0.9076633594357748,0.05767177785276123,0.16004844834431303,1.1954448541042066
trend_n2000_c2_mid_snr1,610038,2.0,2.0,0.9426746445833766,0.059205032561249676,0.1514736689368362,1.1954448541042066
trend_n2000_c2_mid_snr4,610038,0.05,0.05,0.8820636339813529,0.06285753807480181,0.17022696849626912,1.4762549640327678
trend_n2000_c2_mid_snr4,610038,0.05,0.3,0.8973980572504077,0.06387770206422883,0.16479951427586284,1.4762549640327678
trend_n2000_c2_mid_snr4,610038,0.05,2.0,0.911263366263464,0.06604080112364652,0.15467151109217964,1.4762549640327678
trend_n2000_c2_mid_snr4,610038,0.3,0.05,0.872838867308992,0.0615905118988058,0.17022696849626912,1.4198705010773038
trend_n2000_c2_mid_snr4,610038,0.3,0.3,0.8904470265999612,0.06257267464971933,0.16479951427586284,1.4198705010773038
trend_n2000_c2_mid_snr4,610038,0.3,2.0,0.9130728001030742,0.06463188956978545,0.15467151109217964,1.4198705010773038
trend_n2000_c2_mid_snr4,610038,2.0,0.05,0.84672669707067,0.058332115594226415,0.17022696849626912,1.2793258438932193
trend_n2000_c2_mid_snr4,610038,2.0,0.3,0.871986139471552,0.0592012337836354,0.16479951427586284,1.2793258438932193
trend_n2000_c2_mid_snr4,610038,2.0,2.0,0.9260292949548027,0.06091442814088606,0.15467151109217964,1.2793258438932193
trend_n2000_c2_spike_snr1,610039,0.05,0.05,1.5108231604819249,0.0793414924639883,0.16475132325651384,2.448227947932892
trend_n2000_c2_spike_snr1,610039,0.05,0.3,1.5803454332400086,0.08028400101069003,0.15922768641624774,2.448227947932892
trend_n2000_c2_spike_snr1,610039,0.05,2.0,1.8046963377647718,0.08114345163288032,0.14917049746413893,2.448227947932892
trend_n2000_c2_spike_snr1,610039,0.3,0.05,1.5212498960758005,0.07996219284004998,0.16475132325651384,2.4859850925989706
trend_n2000_c2_spike_snr1,610039,0.3,0.3,1.5967344759506494,0.08085877916603945,0.15922768641624774,2.4859850925989706
trend_n2000_c2_spike_snr1,610039,0.3,2.0,1.8473214513201317,0.081443426313364,0.14917049746413893,2.4859850925989706
trend_n2000_c2_spike_snr1,610039,2.0,0.05,1.6114898213273108,0.0881643870450064,0.16475132325651384,2.9864920180573145
trend_n2000_c2_spike_snr1,610039,2.0,0.3,1.7137582257467294,0.088980272604924,0.15922768641624774,2.9864920180573145
trend_n2000_c2_spike_snr1,610039,2.0,2.0,2.085294676424983,0.08856606401671326,0.14917049746413893,2.9864920180573145
trend_n2000_c2_spike_snr4,610039,0.05,0.05,3.2399129184146394,0.2004652431484168,0.16590010020642507,15.061952393710012
trend_n2000_c2_spike_snr4,610039,0.05,0.3,3.449210961847492,0.20260628223176985,0.1603810032833264,15.061952393710012
trend_n2000_c2_spike_snr4,610039,0.05,2.0,4.269100909985167,0.20255045520744014,0.15032407247232768,15.061952393710012
trend_n2000_c2_spike_snr4,610039,0.3,0.05,3.3415176170332272,0.20996882936176228,0.16590010020642507,16.465814679539143
trend_n2000_c2_spike_snr4,610039,0.3,0.3,3.567765968350005,0.21216495717153253,0.1603810032833264,16.465814679539143
trend_n2000_c2_spike_snr4,610039,0.3,2.0,4.464446838365518,0.2117709336255186,0.15032407247232768,16.465814679539143
trend_n2000_c2_spike_snr4,610039,2.0,0.05,3.888153145046798,0.26493793771420504,0.16590010020642507,25.774500419129946
trend_n2000_c2_spike_snr4,610039,2.0,0.3,4.196632022349176,0.2676186257248511,0.1603810032833264,25.774500419129946
trend_n2000_c2_spike_snr4,610039,2.0,2.0,5.471104983165779,0.2661468070420344,0.15032407247232768,25.774500419129946
trend_n2000_c2_mid_snr1,610039,0.05,0.05,0.9469178376726806,0.0627013864517451,0.17344256618178164,1.5179204612899406
trend_n2000_c2_mid_snr1,610039,0.05,0.3,0.9621145610730594,0.06390452647550633,0.16707849432208163,1.5179204612899406
trend_n2000_c2_mid_snr1,610039,0.05,2.0,0.9703576813976411,0.06672590071870689,0.1543012782141901,1.5179204612899406
trend_n2000_c2_mid_snr1,610039,0.3,0.05,0.9288988858294128,0.06137827993086904,0.17344256618178164,1.455166661571721
trend_n2000_c2_mid_snr1,610039,0.3,0.3,0.9463585859699676,0.06253681426254039,0.16707849432208163,1.455166661571721
trend_n2000_c2_mid_snr1,610039,0.3,2.0,0.9641478547071692,0.06522887763310209,0.1543012782141901,1.455166661571721
trend_n2000_c2_mid_snr1,610039,2.0,0.05,0.8711012753503703,0.05787941257351942,0.17344256618178164,1.2925235194393945
trend_n2000_c2_mid_snr1,610039,2.0,0.3,0.8961729566102512,0.058906024870756246,0.16707849432208163,1.2925235194393945
trend_n2000_c2_mid_snr1,610039,2.0,2.0,0.9480031224880839,0.06117760097432083,0.1543012782141901,1.2925235194393945
trend_n2000_c2_mid_snr4,610039,0.05,0.05,1.1225019011996702,0.06326186811031621,0.1623620576994732,1.5028450119234549
trend_n2000_c2_mid_snr4,610039,0.05,0.3,1.1386101341283037,0.06445828097444073,0.15658120663505268,1.5028450119234549
trend_n2000_c2_mid_snr4,610039,0.05,2.0,1.1276119092881438,0.06702054006221554,0.14667582569044782,1.5028450119234549
trend_n2000_c2_mid_snr4,610039,0.3,0.05,1.1028214202376267,0.06203988674926262,0.1623620576994732,1.4460634254036953
trend_n2000_c2_mid_snr4,610039,0.3,0.3,1.1213735705513972,0.06318914800278551,0.15658120663505268,1.4460634254036953
trend_n2000_c2_mid_snr4,610039,0.3,2.0,1.120917956977564,0.06561654395979676,0.14667582569044782,1.4460634254036953
trend_n2000_c2_mid_snr4,610039,2.0,0.05,1.0377478772219288,0.058961120350618186,0.1623620576994732,1.3025975461444133
trend_n2000_c2_mid_snr4,610039,2.0,0.3,1.064965533992539,0.05996678575180163,0.15658120663505268,1.3025975461444133
trend_n2000_c2_mid_snr4,610039,2.0,2.0,1.1038393364643995,0.061927381016422645,0.14667582569044782,1.3025975461444133
trend_n2000_c2_spike_snr1,610040,0.05,0.05,1.4844819806821001,0.07665008024677519,0.17809010082499163,2.4830044698097855
trend_n2000_c2_spike_snr1,610040,0.05,0.3,1.5401486465038785,0.07747953948528814,0.17283643417794212,2.4830044698097855
trend_n2000_c2_spike_snr1,610040,0.05,2.0,1.7299485444544884,0.07846961373134849,0.16233702520638385,2.4830044698097855
trend_n2000_c2_spike_snr1,610040,0.3,0.05,1.5079796516573682,0.07731617186048224,0.17809010082499163,2.532018788210221
trend_n2000_c2_spike_snr1,610040,0.3,0.3,1.568561763038906,0.0781076605216378,0.17283643417794212,2.532018788210221
trend_n2000_c2_spike_snr1,610040,0.3,2.0,1.7797372590074632,0.07887418625237318,0.16233702520638385,2.532018788210221
trend_n2000_c2_spike_snr1,610040,2.0,0.05,1.6372613532430362,0.08512535127216454,0.17809010082499163,3.055809384955602
trend_n2000_c2_spike_snr1,610040,2.0,0.3,1.7195586790983484,0.08584349252434809,0.17283643417794212,3.055809384955602
trend_n2000_c2_spike_snr1,610040,2.0,2.0,2.0283973868844334,0.08580264540988086,0.16233702520638385,3.055809384955602
trend_n2000_c2_spike_snr4,610040,0.05,0.05,3.371913594991449,0.20117068894911672,0.17361754799032775,16.01242598517431
trend_n2000_c2_spike_snr4,610040,0.05,0.3,3.5747548836284273,0.20341055720808904,0.16776102640393897,16.01242598517431
trend_n2000_c2_spike_snr4,610040,0.05,2.0,4.377811068862497,0.20425145441891426,0.15618967679169707,16.01242598517431
trend_n2000_c2_spike_snr4,610040,0.3,0.05,3.4578061067825288,0.21024429149538126,0.17361754799032775,17.409211760008787
trend_n2000_c2_spike_snr4,610040,0.3,0.3,3.6778985499855947,0.21252914434014208,0.16776102640393897,17.409211760008787
trend_n2000_c2_spike_snr4,610040,0.3,2.0,4.558695342229137,0.2130387934881428,0.15618967679169707,17.409211760008787
trend_n2000_c2_spike_snr4,610040,2.0,0.05,3.923144648492818,0.26282356521845357,0.17361754799032775,26.633863206733274
trend_n2000_c2_spike_snr4,610040,2.0,0.3,4.2253168494901505,0.26556400088010834,0.16776102640393897,26.633863206733274
trend_n2000_c2_spike_snr4,610040,2.0,2.0,5.482714979007179,0.265144297858014,0.15618967679169707,26.633863206733274
trend_n2000_c2_mid_snr1,610040,0.05,0.05,1.0060946363160377,0.06287402148066579,0.17077965088576816,1.521750059987498
trend_n2000_c2_mid_snr1,610040,0.05,0.3,1.0268442137133806,0.06395792384324663,0.1649153813093279,1.521750059987498
trend_n2000_c2_mid_snr1,610040,0.05,2.0,1.047526210777377,0.06633824588772225,0.15386699873494142,1.521750059987498
trend_n2000_c2_mid_snr1,610040,0.3,0.05,0.9862952314955894,0.06151108875043895,0.17077965088576816,1.4571669765292785
trend_n2000_c2_mid_snr1,610040,0.3,0.3,1.008995957544968,0.06255237464073861,0.1649153813093279,1.4571669765292785
trend_n2000_c2_mid_snr1,610040,0.3,2.0,1.0383465481859826,0.06480948689975927,0.15386699873494142,1.4571669765292785
trend_n2000_c2_mid_snr1,610040,2.0,0.05,0.923700170705811,0.057938170896485404,0.17077965088576816,1.2911234725862861
trend_n2000_c2_mid_snr1,610040,2.0,0.3,0.9535152040824861,0.0588504089681024,0.1649153813093279,1.2911234725862861
trend_n2000_c2_mid_snr1,610040,2.0,2.0,1.0160262400140192,0.060688642018129894,0.15386699873494142,1.2911234725862861
trend_n2000_c2_mid_snr4,610040,0.05,0.05,1.1171425554790189,0.06346557101610363,0.16659353419749226,1.5486050386134156
trend_n2000_c2_mid_snr4,610040,0.05,0.3,1.1295139154538518,0.06460191265663445,0.1610736105985321,1.5486050386134156
trend_n2000_c2_mid_snr4,610040,0.05,2.0,1.112852880070637,0.06702704238219648,0.15160545730048447,1.5486050386134156
trend_n2000_c2_mid_snr4,610040,0.3,0.05,1.0899543551669926,0.06204312194447134,0.16659353419749226,1.4791839500936699
trend_n2000_c2_mid_snr4,610040,0.3,0.3,1.1047048139229734,0.06313033117036274,0.1610736105985321,1.4791839500936699
trend_n2000_c2_mid_snr4,610040,0.3,2.0,1.0980864566036797,0.0654200448618853,0.15160545730048447,1.4791839500936699
trend_n2000_c2_mid_snr4,610040,2.0,0.05,1.0038323350486245,0.05822865458884053,0.16659353419749226,1.296439318573779
trend_n2000_c2_mid_snr4,610040,2.0,0.3,1.026715898310563,0.059167534312187686,0.1610736105985321,1.296439318573779
trend_n2000_c2_mid_snr4,610040,2.0,2.0,1.0566482540207767,0.06100139145081868,0.15160545730048447,1.296439318573779
trend_n2000_c2_spike_snr1,610041,0.05,0.05,1.46140714660568,0.0762300755667987,0.17862580981609244,2.4554149679935335
trend_n2000_c2_spike_snr1,610041,0.05,0.3,1.5243344676218518,0.0773014066130621,0.17215688076447772,2.4554149679935335
trend_n2000_c2_spike_snr1,610041,0.05,2.0,1.735506815987964,0.07896009569988294,0.15873227621451994,2.4554149679935335
trend_n2000_c2_spike_snr1,610041,0.3,0.05,1.4738363957378562,0.07688310176978862,0.17862580981609244,2.497616518261842
trend_n2000_c2_spike_snr1,610041,0.3,0.3,1.541413406844785,0.07792298261315674,0.17215688076447772,2.497616518261842
trend_n2000_c2_spike_snr1,610041,0.3,2.0,1.774267535596038,0.07937048639491251,0.15873227621451994,2.497616518261842
trend_n2000_c2_spike_snr1,610041,2.0,0.05,1.5693425467101545,0.08467025701187775,0.17862580981609244,2.998520513670947
trend_n2000_c2_spike_snr1,610041,2.0,0.3,1.657987082430737,0.0856829458761077,0.17215688076447772,2.998520513670947
trend_n2000_c2_spike_snr1,610041,2.0,2.0,1.9913662037743718,0.08642866337372279,0.15873227621451994,2.998520513670947
trend_n2000_c2_spike_snr4,610041,0.05,0.05,3.364704616997392,0.20215605358608005,0.16034587280348891,14.907939938184686
trend_n2000_c2_spike_snr4,610041,0.05,0.3,3.583481608222233,0.20400939081985212,0.1552946583226578,14.907939938184686
trend_n2000_c2_spike_snr4,610041,0.05,2.0,4.421307743701116,0.20266463814352836,0.14671475749257007,14.907939938184686
trend_n2000_c2_spike_snr4,610041,0.3,0.05,3.4499707530275026,0.21177718784843405,0.16034587280348891,16.276990735317018
trend_n2000_c2_spike_snr4,610041,0.3,0.3,3.6874620644077645,0.21366740698608613,0.1552946583226578,16.276990735317018
trend_n2000_c2_spike_snr4,610041,0.3,2.0,4.607798423404927,0.21189749847420825,0.14671475749257007,16.276990735317018
trend_n2000_c2_spike_snr4,610041,2.0,0.05,3.9316302846365847,0.26779824834471694,0.16034587280348891,25.454280118590557
trend_n2000_c2_spike_snr4,610041,2.0,0.3,4.2592758084569,0.27010558129510215,0.1552946583226578,25.454280118590557
trend_n2000_c2_spike_snr4,610041,2.0,2.0,5.583945493735023,0.26688671007148684,0.14671475749257007,25.454280118590557
trend_n2000_c2_mid_snr1,610041,0.05,0.05,1.0529425129629704,0.06416824955246021,0.1629778738312079,1.5214931926144142
trend_n2000_c2_mid_snr1,610041,0.05,0.3,1.0692127860361,0.06521565272834873,0.15781695963678521,1.5214931926144142
trend_n2000_c2_mid_snr1,610041,0.05,2.0,1.0752245694226785,0.06736992801840758,0.14880936941282846,1.5214931926144142
trend_n2000_c2_mid_snr1,610041,0.3,0.05,1.0336281342471385,0.06277192545880089,0.1629778738312079,1.4572072929107522
trend_n2000_c2_mid_snr1,610041,0.3,0.3,1.0523484559360594,0.06377391632875215,0.15781695963678521,1.4572072929107522
trend_n2000_c2_mid_snr1,610041,0.3,2.0,1.0683113161786448,0.06580202851777146,0.14880936941282846,1.4572072929107522
trend_n2000_c2_mid_snr1,610041,2.0,0.05,0.9745013063996657,0.05895283635663133,0.1629778738312079,1.286478192877211
trend_n2000_c2_mid_snr1,610041,2.0,0.3,1.001537690203243,0.059815502623073134,0.15781695963678521,1.286478192877211
trend_n2000_c2_mid_snr1,610041,2.0,2.0,1.0531956903825213,0.06141443123710434,0.14880936941282846,1.286478192877211
trend_n2000_c2_mid_snr4,610041,0.05,0.05,1.069742387036452,0.06444774844405955,0.16814941407025805,1.5878460668985577
trend_n2000_c2_mid_snr4,610041,0.05,0.3,1.0859773878490642,0.06557140008019285,0.1625232145449589,1.5878460668985577
trend_n2000_c2_mid_snr4,610041,0.05,2.0,1.0968426184478393,0.06799627008056362,0.15208084889725118,1.5878460668985577
trend_n2000_c2_mid_snr4,610041,0.3,0.05,1.0519477453564992,0.06298882480236195,0.16814941407025805,1.5190354030197022
trend_n2000_c2_mid_snr4,610041,0.3,0.3,1.0706198486511236,0.06406464168646607,0.1625232145449589,1.5190354030197022
trend_n2000_c2_mid_snr4,610041,0.3,2.0,1.091025148830609,0.06635816490417029,0.15208084889725118,1.5190354030197022
trend_n2000_c2_mid_snr4,610041,2.0,0.05,0.9987809784516143,0.05911641527826794,0.16814941407025805,1.3418449443164664
trend_n2000_c2_mid_snr4,610041,2.0,0.3,1.0257659799666754,0.06004724539377751,0.1625232145449589,1.3418449443164664
trend_n2000_c2_mid_snr4,610041,2.0,2.0,1.0807816084576747,0.06189833642456611,0.15208084889725118,1.3418449443164664
trend_n2000_c2_spike_snr1,610042,0.05,0.05,1.6559036174695088,0.07756134317508642,0.1726625982295761,2.5487605282362327
trend_n2000_c2_spike_snr1,610042,0.05,0.3,1.7171983970811637,0.07855910073988576,0.16680924646222756,2.5487605282362327
trend_n2000_c2_spike_snr1,610042,0.05,2.0,1.9083343769299816,0.08001107362109139,0.15510504033913,2.5487605282362327
trend_n2000_c2_spike_snr1,610042,0.3,0.05,1.6717545355447716,0.0781545739206695,0.1726625982295761,2.589735542665293
trend_n2000_c2_spike_snr1,610042,0.3,0.3,1.7382336725170233,0.07910812766937315,0.16680924646222756,2.589735542665293
trend_n2000_c2_spike_snr1,610042,0.3,2.0,1.9529024390603176,0.08029858045788922,0.15510504033913,2.589735542665293
trend_n2000_c2_spike_snr1,610042,2.0,0.05,1.768613385326466,0.08594751560656072,0.1726625982295761,3.0884452875354063
trend_n2000_c2_spike_snr1,610042,2.0,0.3,1.858637240130381,0.08681985851211656,0.16680924646222756,3.0884452875354063
trend_n2000_c2_spike_snr1,610042,2.0,2.0,2.1832391476674253,0.08706488083633962,0.15510504033913,3.0884452875354063
trend_n2000_c2_spike_snr4,610042,0.05,0.05,3.2528053326740864,0.19880952429793505,0.17222810667248845,15.423396550854163
trend_n2000_c2_spike_snr4,610042,0.05,0.3,3.456054200233808,0.20100529212516957,0.16643397659149284,15.423396550854163
trend_n2000_c2_spike_snr4,610042,0.05,2.0,4.249983338607555,0.20193562942436058,0.15495170296873942,15.423396550854163
trend_n2000_c2_spike_snr4,610042,0.3,0.05,3.3577024601513443,0.20779884809356053,0.17222810667248845,16.800598221782028
trend_n2000_c2_spike_snr4,610042,0.3,0.3,3.57730814954485,0.21004240534775542,0.16643397659149284,16.800598221782028
trend_n2000_c2_spike_snr4,610042,0.3,2.0,4.444185369271364,0.21066883949049992,0.15495170296873942,16.800598221782028
trend_n2000_c2_spike_snr4,610042,2.0,0.05,3.9046258860962655,0.2603504173041789,0.17222810667248845,25.950507555067315
trend_n2000_c2_spike_snr4,610042,2.0,0.3,4.202681666249976,0.26305569370425236,0.16643397659149284,25.950507555067315
trend_n2000_c2_spike_snr4,610042,2.0,2.0,5.427189839658793,0.26282939572994196,0.15495170296873942,25.950507555067315
trend_n2000_c2_mid_snr1,610042,0.05,0.05,1.0009801775969354,0.06069375739239586,0.17167618920261948,1.43556628985253
trend_n2000_c2_mid_snr1,610042,0.05,0.3,1.016560039242057,0.061668283333402574,0.16631245162670058,1.43556628985253
trend_n2000_c2_mid_snr1,610042,0.05,2.0,1.0290678061670264,0.06393569331718453,0.1555941592293166,1.43556628985253
trend_n2000_c2_mid_snr1,610042,0.3,0.05,0.9820239105889625,0.059300752164654524,0.17167618920261948,1.3717779403967842
trend_n2000_c2_mid_snr1,610042,0.3,0.3,0.9995146634119695,0.06023464251521725,0.16631245162670058,1.3717779403967842
trend_n2000_c2_mid_snr1,610042,0.3,2.0,1.020394157580855,0.06238174119626882,0.1555941592293166,1.3717779403967842
trend_n2000_c2_mid_snr1,610042,2.0,0.05,0.9222654316590144,0.05579310359584651,0.17167618920261948,1.2137658687444275
trend_n2000_c2_mid_snr1,610042,2.0,0.3,0.9467781375262565,0.056604439264492365,0.16631245162670058,1.2137658687444275
trend_n2000_c2_mid_snr1,610042,2.0,2.0,0.9995118037108673,0.058346505723863185,0.1555941592293166,1.2137658687444275
trend_n2000_c2_mid_snr4,610042,0.05,0.05,0.8783452585756203,0.06064427189580573,0.17245824295347625,1.4002902879153316
trend_n2000_c2_mid_snr4,610042,0.05,0.3,0.8951870954056985,0.061750066106226686,0.16630772636285907,1.4002902879153316
trend_n2000_c2_mid_snr4,610042,0.05,2.0,0.9149584800535872,0.0643441466086042,0.15372252211204296,1.4002902879153316
trend_n2000_c2_mid_snr4,610042,0.3,0.05,0.8655439144500765,0.05934379065442156,0.17245824295347625,1.3426725942652789
trend_n2000_c2_mid_snr4,610042,0.3,0.3,0.884520443025434,0.06040838003651477,0.16630772636285907,1.3426725942652789
trend_n2000_c2_mid_snr4,610042,0.3,2.0,0.9131927829522258,0.06288234328238589,0.15372252211204296,1.3426725942652789
trend_n2000_c2_mid_snr4,610042,2.0,0.05,0.8267418517592681,0.05607242167879335,0.17245824295347625,1.2012487169197639
trend_n2000_c2_mid_snr4,610042,2.0,0.3,0.8532043369291592,0.057015752699063844,0.16630772636285907,1.2012487169197639
trend_n2000_c2_mid_snr4,610042,2.0,2.0,0.915017314596088,0.059093670539603634,0.15372252211204296,1.2012487169197639
trend_n2000_c2_spike_snr1,610043,0.05,0.05,1.5950793400639953,0.07998647087210349,0.16337685884930414,2.5041021898796316
trend_n2000_c2_spike_snr1,610043,0.05,0.3,1.6516785608565654,0.0809621033380549,0.15824053802156743,2.5041021898796316
trend_n2000_c2_spike_snr1,610043,0.05,2.0,1.8443717877336778,0.08226052632973645,0.14798117223202298,2.5041021898796316
trend_n2000_c2_spike_snr1,610043,0.3,0.05,1.6045971809903596,0.08051690689401368,0.16337685884930414,2.5368686091235166
trend_n2000_c2_spike_snr1,610043,0.3,0.3,1.6672938282885785,0.08144053128227553,0.15824053802156743,2.5368686091235166
trend_n2000_c2_spike_snr1,610043,0.3,2.0,1.8871613575234978,0.0824481727905895,0.14798117223202298,2.5368686091235166
trend_n2000_c2_spike_snr1,610043,2.0,0.05,1.6849186468969624,0.08853193473258521,0.16337685884930414,3.022321904624804
trend_n2000_c2_spike_snr1,610043,2.0,0.3,1.774743891548173,0.08934705524028692,0.15824053802156743,3.022321904624804
trend_n2000_c2_spike_snr1,610043,2.0,2.0,2.119624694881028,0.08929398111284158,0.14798117223202298,3.022321904624804
trend_n2000_c2_spike_snr4,610043,0.05,0.05,3.3320863856936356,0.19276251867852368,0.17683879000402342,15.091999208135473
trend_n2000_c2_spike_snr4,610043,0.05,0.3,3.5177130178267224,0.19550547675474628,0.1700647930033927,15.091999208135473
trend_n2000_c2_spike_snr4,610043,0.05,2.0,4.271328792829923,0.19846143155769896,0.1556849552435009,15.091999208135473
trend_n2000_c2_spike_snr4,610043,0.3,0.05,3.4228599234315373,0.20129899007471536,0.17683879000402342,16.388975952408863
trend_n2000_c2_spike_snr4,610043,0.3,0.3,3.6231273803952213,0.20411428726709877,0.1700647930033927,16.388975952408863
trend_n2000_c2_spike_snr4,610043,0.3,2.0,4.445945241441021,0.20686866999818124,0.1556849552435009,16.388975952408863
trend_n2000_c2_spike_snr4,610043,2.0,0.05,3.9353730071193644,0.2525088521640285,0.17683879000402342,25.26691732053886
trend_n2000_c2_spike_snr4,610043,2.0,0.3,4.206743459202939,0.2559361398364769,0.1700647930033927,25.26691732053886
trend_n2000_c2_spike_snr4,610043,2.0,2.0,5.372526962759415,0.2584228080378461,0.1556849552435009,25.26691732053886
trend_n2000_c2_mid_snr1,610043,0.05,0.05,1.0298181735023897,0.062069153217638375,0.16179248591610476,1.4169753352919359
trend_n2000_c2_mid_snr1,610043,0.05,0.3,1.0444449178767,0.06317361468078525,0.15631804536537408,1.4169753352919359
trend_n2000_c2_mid_snr1,610043,0.05,2.0,1.0451880892337597,0.0657452158505226,0.14564988757447975,1.4169753352919359
trend_n2000_c2_mid_snr1,610043,0.3,0.05,1.011010178970937,0.06075406493553661,0.16179248591610476,1.358550840352535
trend_n2000_c2_mid_snr1,610043,0.3,0.3,1.0279280642332962,0.061814021058220266,0.15631804536537408,1.358550840352535
trend_n2000_c2_mid_snr1,610043,0.3,2.0,1.0390388959621077,0.06425015459985647,0.14564988757447975,1.358550840352535
trend_n2000_c2_mid_snr1,610043,2.0,0.05,0.9483120752512859,0.057468325098278594,0.16179248591610476,1.2131050700517552
trend_n2000_c2_mid_snr1,610043,2.0,0.3,0.9737956000855448,0.05839106948810379,0.15631804536537408,1.2131050700517552
trend_n2000_c2_mid_snr1,610043,2.0,2.0,1.0250868853499437,0.06035475992227581,0.14564988757447975,1.2131050700517552
trend_n2000_c2_mid_snr4,610043,0.05,0.05,0.8765919546632858,0.06729742446022526,0.1605805483897029,1.5764581435792906
trend_n2000_c2_mid_snr4,610043,0.05,0.3,0.8936267485217471,0.068481692781675,0.15503085049905801,1.5764581435792906
trend_n2000_c2_mid_snr4,610043,0.05,2.0,0.9098068625573594,0.07102411239012875,0.14454287603072166,1.5764581435792906
trend_n2000_c2_mid_snr4,610043,0.3,0.05,0.8613495904964852,0.06582224682660685,0.1605805483897029,1.5091993163450492
trend_n2000_c2_mid_snr4,610043,0.3,0.3,0.8801980597517794,0.06696660598438332,0.15503085049905801,1.5091993163450492
trend_n2000_c2_mid_snr4,610043,0.3,2.0,0.9045383102044858,0.06939967901204894,0.14454287603072166,1.5091993163450492
trend_n2000_c2_mid_snr4,610043,2.0,0.05,0.8144708824673069,0.06172047500882259,0.1605805483897029,1.3287362817566057
trend_n2000_c2_mid_snr4,610043,2.0,0.3,0.8398655588826058,0.06274267040144968,0.15503085049905801,1.3287362817566057
trend_n2000_c2_mid_snr4,610043,2.0,2.0,0.895283610957655,0.06480565540480943,0.14454287603072166,1.3287362817566057
trend_n2000_c2_spike_snr1,610044,0.05,0.05,1.6996217098899193,0.08047689126277144,0.16879081851708178,2.671759644532686
trend_n2000_c2_spike_snr1,610044,0.05,0.3,1.7649466404422272,0.0815522230637063,0.16287974362634838,2.671759644532686
trend_n2000_c2_spike_snr1,610044,0.05,2.0,1.9726480876836,0.08308535046478863,0.1510844272558347,2.671759644532686
trend_n2000_c2_spike_snr1,610044,0.3,0.05,1.7028877615074394,0.08083030849070287,0.16879081851708178,2.692861238152074
trend_n2000_c2_spike_snr1,610044,0.3,0.3,1.7741855041333432,0.08184889362822688,0.16287974362634838,2.692861238152074
trend_n2000_c2_spike_snr1,610044,0.3,2.0,2.008526669996429,0.08307579793479322,0.1510844272558347,2.692861238152074
trend_n2000_c2_spike_snr1,610044,2.0,0.05,1.7626702272549477,0.08806407341490785,0.16879081851708178,3.139856565683475
trend_n2000_c2_spike_snr1,610044,2.0,0.3,1.8606632988756406,0.08896883947932194,0.16287974362634838,3.139856565683475
trend_n2000_c2_spike_snr1,610044,2.0,2.0,2.2171628012482456,0.08911286013398721,0.1510844272558347,3.139856565683475
trend_n2000_c2_spike_snr4,610044,0.05,0.05,3.4971744128976887,0.2047185484098357,0.15821259173282462,15.18299439684003
trend_n2000_c2_spike_snr4,610044,0.05,0.3,3.7197998169038877,0.20645491182445067,0.1533652456387413,15.18299439684003
trend_n2000_c2_spike_snr4,610044,0.05,2.0,4.562064141074247,0.20469587032023542,0.14525090991920775,15.18299439684003
trend_n2000_c2_spike_snr4,610044,0.3,0.05,3.6155250684219884,0.21422119828363317,0.15821259173282462,16.57461748692621
trend_n2000_c2_spike_snr4,610044,0.3,0.3,3.8556028441221684,0.21598665015286805,0.1533652456387413,16.57461748692621
trend_n2000_c2_spike_snr4,610044,0.3,2.0,4.773254000443773,0.2137962966019637,0.14525090991920775,16.57461748692621
trend_n2000_c2_spike_snr4,610044,2.0,0.05,4.249274938385936,0.2695195665822611,0.15821259173282462,25.819132021204453
trend_n2000_c2_spike_snr4,610044,2.0,0.3,4.573692342321483,0.2716427099536151,0.1533652456387413,25.819132021204453
trend_n2000_c2_spike_snr4,610044,2.0,2.0,5.862782013207254,0.26788682586770957,0.14525090991920775,25.819132021204453
trend_n2000_c2_mid_snr1,610044,0.05,0.05,1.2500162591252442,0.06274844438036323,0.1661266451362589,1.566474663707967
trend_n2000_c2_mid_snr1,610044,0.05,0.3,1.2670277923623785,0.06381516758850374,0.160796566024799,1.566474663707967
trend_n2000_c2_mid_snr1,610044,0.05,2.0,1.262729138942975,0.06636529978683209,0.15070396998878716,1.566474663707967
trend_n2000_c2_mid_snr1,610044,0.3,0.05,1.2252811616644157,0.061422969566448916,0.1661266451362589,1.5016736906898487
trend_n2000_c2_mid_snr1,610044,0.3,0.3,1.2445259672012803,0.06244164959478235,0.160796566024799,1.5016736906898487
trend_n2000_c2_mid_snr1,610044,0.3,2.0,1.249853941817175,0.0648485524280863,0.15070396998878716,1.5016736906898487
trend_n2000_c2_mid_snr1,610044,2.0,0.05,1.1423028595481801,0.05785413096389063,0.1661266451362589,1.3277443789992762
trend_n2000_c2_mid_snr1,610044,2.0,0.3,1.1691936409528965,0.058724681908398295,0.160796566024799,1.3277443789992762
trend_n2000_c2_mid_snr1,610044,2.0,2.0,1.209643573517303,0.060639913390684363,0.15070396998878716,1.3277443789992762
trend_n2000_c2_mid_snr4,610044,0.05,0.05,1.0172470633266724,0.06418894138991957,0.16796481108921865,1.5565284835444626
trend_n2000_c2_mid_snr4,610044,0.05,0.3,1.0364737443350809,0.06534258829403217,0.16205320102937962,1.5565284835444626
trend_n2000_c2_mid_snr4,610044,0.05,2.0,1.059898145814106,0.06804232139479739,0.15004651681106965,1.5565284835444626
trend_n2000_c2_mid_snr4,610044,0.3,0.05,0.9956250916293895,0.06270262491172257,0.16796481108921865,1.4859249598505313
trend_n2000_c2_mid_snr4,610044,0.3,0.3,1.0167672864355954,0.06381102193657236,0.16205320102937962,1.4859249598505313
trend_n2000_c2_mid_snr4,610044,0.3,2.0,1.048005576172341,0.06638370747073659,0.15004651681106965,1.4859249598505313
trend_n2000_c2_mid_snr4,610044,2.0,0.05,0.9271243737940931,0.058750867712548976,0.16796481108921865,1.3027325871691755
trend_n2000_c2_mid_snr4,610044,2.0,0.3,0.9548866281361855,0.05972539225480072,0.16205320102937962,1.3027325871691755
trend_n2000_c2_mid_snr4,610044,2.0,2.0,1.015252382812979,0.06188341124416446,0.15004651681106965,1.3027325871691755
trend_n2000_c2_spike_snr1,610045,0.05,0.05,1.5835845847220376,0.07875517363593071,0.1721067226278932,2.5644056793189516
trend_n2000_c2_spike_snr1,610045,0.05,0.3,1.6480484604959156,0.07961585276870857,0.16672821210494246,2.5644056793189516
trend_n2000_c2_spike_snr1,610045,0.05,2.0,1.8531748616398331,0.08043138926244492,0.15675104855286892,2.5644056793189516
trend_n2000_c2_spike_snr1,610045,0.3,0.05,1.5903753264001774,0.07939455035639922,0.1721067226278932,2.602886300491392
trend_n2000_c2_spike_snr1,610045,0.3,0.3,1.6615681164123735,0.08019852830996947,0.16672821210494246,2.602886300491392
trend_n2000_c2_spike_snr1,610045,0.3,2.0,1.8954696848380024,0.08070143831007243,0.15675104855286892,2.602886300491392
trend_n2000_c2_spike_snr1,610045,2.0,0.05,1.660616255606515,0.08755720203664168,0.1721067226278932,3.1108016599714903
trend_n2000_c2_spike_snr1,610045,2.0,0.3,1.7608672932802756,0.08824069162064839,0.16672821210494246,3.1108016599714903
trend_n2000_c2_spike_snr1,610045,2.0,2.0,2.1229040769927576,0.08761884579269306,0.15675104855286892,3.1108016599714903
trend_n2000_c2_spike_snr4,610045,0.05,0.05,3.216345441600353,0.1962230633915345,0.17500278361808239,15.273342080457896
trend_n2000_c2_spike_snr4,610045,0.05,0.3,3.429206824232603,0.19810727610424603,0.16937642985077603,15.273342080457896
trend_n2000_c2_spike_snr4,610045,0.05,2.0,4.244238785280823,0.1979896973361271,0.15854405481951583,15.273342080457896
trend_n2000_c2_spike_snr4,610045,0.3,0.05,3.295687394061384,0.2056941958773048,0.17500278361808239,16.694764984481225
trend_n2000_c2_spike_snr4,610045,0.3,0.3,3.5270902382625984,0.2076197153375544,0.16937642985077603,16.694764984481225
trend_n2000_c2_spike_snr4,610045,0.3,2.0,4.42379905578337,0.20714282228613612,0.15854405481951583,16.694764984481225
trend_n2000_c2_spike_snr4,610045,2.0,0.05,3.744136091591512,0.2596217050676271,0.17500278361808239,26.0212702448949
trend_n2000_c2_spike_snr4,610045,2.0,0.3,4.06252689534217,0.26197610300136476,0.16937642985077603,26.0212702448949
trend_n2000_c2_spike_snr4,610045,2.0,2.0,5.349106482020697,0.26043150954425764,0.15854405481951583,26.0212702448949
trend_n2000_c2_mid_snr1,610045,0.05,0.05,1.0439155506626274,0.061170500150369234,0.17264614330667474,1.4788758477104371
trend_n2000_c2_mid_snr1,610045,0.05,0.3,1.0576436476559796,0.062148296306192875,0.16737493588835087,1.4788758477104371
trend_n2000_c2_mid_snr1,610045,0.05,2.0,1.0568770399675862,0.06432802734434806,0.15758030032934503,1.4788758477104371
trend_n2000_c2_mid_snr1,610045,0.3,0.05,1.0233405880396134,0.059766190349571535,0.17264614330667474,1.4129493274523648
trend_n2000_c2_mid_snr1,610045,0.3,0.3,1.0394460028886412,0.06069902066786935,0.16737493588835087,1.4129493274523648
trend_n2000_c2_mid_snr1,610045,0.3,2.0,1.0482298367871532,0.06275199258543084,0.15758030032934503,1.4129493274523648
trend_n2000_c2_mid_snr1,610045,2.0,0.05,0.9572342073531376,0.056158619414202464,0.17264614330667474,1.246085765369349
trend_n2000_c2_mid_snr1,610045,2.0,0.3,0.981396680786082,0.056957113297577994,0.16737493588835087,1.246085765369349
trend_n2000_c2_mid_snr1,610045,2.0,2.0,1.0248190736249023,0.05858427307724504,0.15758030032934503,1.246085765369349
trend_n2000_c2_mid_snr4,610045,0.05,0.05,0.7936386848974912,0.0604539232133602,0.17090960764852506,1.355639057263365
trend_n2000_c2_mid_snr4,610045,0.05,0.3,0.8085175622705165,0.06140352124811615,0.16558546634687235,1.355639057263365
trend_n2000_c2_mid_snr4,610045,0.05,2.0,0.819544059329848,0.06328667698462269,0.15628676449055495,1.355639057263365
trend_n2000_c2_mid_snr4,610045,0.3,0.05,0.7871712755405901,0.05919257067769405,0.17090960764852506,1.3023571788100048
trend_n2000_c2_mid_snr4,610045,0.3,0.3,0.8039389920813205,0.06010854416784292,0.16558546634687235,1.3023571788100048
trend_n2000_c2_mid_snr4,610045,0.3,2.0,0.8228880202768639,0.06190171310544438,0.15628676449055495,1.3023571788100048
trend_n2000_c2_mid_snr4,610045,2.0,0.05,0.7659222686013215,0.05575218595166656,0.17090960764852506,1.1616782066022513
trend_n2000_c2_mid_snr4,610045,2.0,0.3,0.7895237400957831,0.056562494746187054,0.16558546634687235,1.1616782066022513
trend_n2000_c2_mid_snr4,610045,2.0,2.0,0.8386413839694327,0.05803623278187608,0.15628676449055495,1.1616782066022513
trend_n2000_c2_spike_snr1,610046,0.05,0.05,1.5436745484136953,0.07690886028510659,0.17194152280585528,2.4417496030385313
trend_n2000_c2_spike_snr1,610046,0.05,0.3,1.6056745908095058,0.07790251720450014,0.1660640950278298,2.4417496030385313
trend_n2000_c2_spike_snr1,610046,0.05,2.0,1.8072953864257297,0.07905517640616967,0.15499964815122116,2.4417496030385313
trend_n2000_c2_spike_snr1,610046,0.3,0.05,1.553457367511045,0.07773139272456697,0.17194152280585528,2.490656226310425
trend_n2000_c2_spike_snr1,610046,0.3,0.3,1.6216657249439712,0.07867891452130475,0.1660640950278298,2.490656226310425
trend_n2000_c2_spike_snr1,610046,0.3,2.0,1.849608251915272,0.07956254154331349,0.15499964815122116,2.490656226310425
trend_n2000_c2_spike_snr1,610046,2.0,0.05,1.644693396715295,0.08631513391664573,0.17194152280585528,3.024575261529942
trend_n2000_c2_spike_snr1,610046,2.0,0.3,1.7392403507468885,0.08718815007915881,0.1660640950278298,3.024575261529942
trend_n2000_c2_spike_snr1,610046,2.0,2.0,2.0833890106158623,0.08714387936415799,0.15499964815122116,3.024575261529942
trend_n2000_c2_spike_snr4,610046,0.05,0.05,3.271887730000113,0.1989806263822643,0.17139286079227972,15.393245663003515
trend_n2000_c2_spike_snr4,610046,0.05,0.3,3.464390119220933,0.20126664872674604,0.16563006301973876,15.393245663003515
trend_n2000_c2_spike_snr4,610046,0.05,2.0,4.22275581942768,0.20254772883683134,0.15423973231600274,15.393245663003515
trend_n2000_c2_spike_snr4,610046,0.3,0.05,3.371879421363411,0.20823493269423937,0.17139286079227972,16.797600981952282
trend_n2000_c2_spike_snr4,610046,0.3,0.3,3.580629938806641,0.21057558121009526,0.16563006301973876,16.797600981952282
trend_n2000_c2_spike_snr4,610046,0.3,2.0,4.412594837028512,0.21157070705190345,0.15423973231600274,16.797600981952282
trend_n2000_c2_spike_snr4,610046,2.0,0.05,3.903444592414619,0.2617016704873188,0.17139286079227972,26.064643488801163
trend_n2000_c2_spike_snr4,610046,2.0,0.3,4.189495751108598,0.2645323249345944,0.16563006301973876,26.064643488801163
trend_n2000_c2_spike_snr4,610046,2.0,2.0,5.379502030685511,0.26475367295093555,0.15423973231600274,26.064643488801163
trend_n2000_c2_mid_snr1,610046,0.05,0.05,0.9424781370402971,0.06066755978626841,0.17908281316884075,1.476002257098185
trend_n2000_c2_mid_snr1,610046,0.05,0.3,0.9526873900802515,0.06167658330329464,0.17348390013651735,1.476002257098185
trend_n2000_c2_mid_snr1,610046,0.05,2.0,0.9525208107107157,0.06411196654354331,0.16184654595305834,1.476002257098185
trend_n2000_c2_mid_snr1,610046,0.3,0.05,0.9283160243236647,0.059300885349138306,0.17908281316884075,1.4125922391416785
trend_n2000_c2_mid_snr1,610046,0.3,0.3,0.9403136841718416,0.06027260298373154,0.17348390013651735,1.4125922391416785
trend_n2000_c2_mid_snr1,610046,0.3,2.0,0.9475317157077321,0.06260189441918566,0.16184654595305834,1.4125922391416785
trend_n2000_c2_mid_snr1,610046,2.0,0.05,0.8783139634527759,0.05585877621111548,0.17908281316884075,1.254582694231164
trend_n2000_c2_mid_snr1,610046,2.0,0.3,0.8966979057312564,0.05671887765350923,0.17348390013651735,1.254582694231164
trend_n2000_c2_mid_snr1,610046,2.0,2.0,0.9320359437275454,0.058693608063926164,0.16184654595305834,1.254582694231164
trend_n2000_c2_mid_snr4,610046,0.05,0.05,1.102258032578354,0.061068096329928455,0.1737175185319528,1.505460149187364
trend_n2000_c2_mid_snr4,610046,0.05,0.3,1.1163581419323592,0.06218199427809955,0.167800558288087,1.505460149187364
trend_n2000_c2_mid_snr4,610046,0.05,2.0,1.115386778768653,0.06488380315619058,0.15591763188114388,1.505460149187364
trend_n2000_c2_mid_snr4,610046,0.3,0.05,1.08291842957849,0.05977785393267988,0.1737175185319528,1.4440006732545054
trend_n2000_c2_mid_snr4,610046,0.3,0.3,1.0992953686748081,0.06084575664383666,0.167800558288087,1.4440006732545054
trend_n2000_c2_mid_snr4,610046,0.3,2.0,1.1077985607563885,0.06341186413366856,0.15591763188114388,1.4440006732545054
trend_n2000_c2_mid_snr4,610046,2.0,0.05,1.0128735112068235,0.05645510553837217,0.1737175185319528,1.2844493130921264
trend_n2000_c2_mid_snr4,610046,2.0,0.3,1.0370437490605475,0.05738355529673898,0.167800558288087,1.2844493130921264
trend_n2000_c2_mid_snr4,610046,2.0,2.0,1.0802340105239507,0.05949021670401199,0.15591763188114388,1.2844493130921264
trend_n2000_c2_spike_snr1,610047,0.05,0.05,1.470196493128673,0.07793521134356843,0.16609983376070675,2.3747499642385472
trend_n2000_c2_spike_snr1,610047,0.05,0.3,1.5302768281186205,0.07891817384245065,0.16061400847015703,2.3747499642385472
trend_n2000_c2_spike_snr1,610047,0.05,2.0,1.7235981317318505,0.0801196304296051,0.15033619210618887,2.3747499642385472
trend_n2000_c2_spike_snr1,610047,0.3,0.05,1.4826861484362206,0.07872607956680668,0.16609983376070675,2.421993667380801
trend_n2000_c2_spike_snr1,610047,0.3,0.3,1.5480856735149575,0.07967345277864858,0.16061400847015703,2.421993667380801
trend_n2000_c2_spike_snr1,610047,0.3,2.0,1.7652375084007503,0.08064570744655761,0.15033619210618887,2.421993667380801
trend_n2000_c2_spike_snr1,610047,2.0,0.05,1.576231590040681,0.0873205206800656,0.16609983376070675,2.943123443147077
trend_n2000_c2_spike_snr1,610047,2.0,0.3,1.6656301947618986,0.08821973397109198,0.16061400847015703,2.943123443147077
trend_n2000_c2_spike_snr1,610047,2.0,2.0,1.993322250899225,0.08837202939624096,0.15033619210618887,2.943123443147077
trend_n2000_c2_spike_snr4,610047,0.05,0.05,3.2285311003869133,0.19755841220037737,0.1666460267584468,14.73217649540709
trend_n2000_c2_spike_snr4,610047,0.05,0.3,3.419671976979864,0.19978291464109046,0.1611117093167581,14.73217649540709
trend_n2000_c2_spike_snr4,610047,0.05,2.0,4.169857030146247,0.20058456185529783,0.15067338558762103,14.73217649540709
trend_n2000_c2_spike_snr4,610047,0.3,0.05,3.3262013569286846,0.20678713112976024,0.1666460267584468,16.081329722556593
trend_n2000_c2_spike_snr4,610047,0.3,0.3,3.533905755118877,0.2090618367934325,0.1611117093167581,16.081329722556593
trend_n2000_c2_spike_snr4,610047,0.3,2.0,4.358172239823992,0.20955176968343145,0.15067338558762103,16.081329722556593
trend_n2000_c2_spike_snr4,610047,2.0,0.05,3.8765818773344676,0.2612557915759907,0.1666460267584468,25.230300962838992
trend_n2000_c2_spike_snr4,610047,2.0,0.3,4.164165937659501,0.2640079629833305,0.1611117093167581,25.230300962838992
trend_n2000_c2_spike_snr4,610047,2.0,2.0,5.351779416338474,0.2635789133633724,0.15067338558762103,25.230300962838992
trend_n2000_c2_mid_snr1,610047,0.05,0.05,0.9254035675765494,0.06222006903729622,0.164870875810627,1.4164556616559882
trend_n2000_c2_mid_snr1,610047,0.05,0.3,0.9426054647355065,0.06339171720059561,0.15884021547032945,1.4164556616559882
trend_n2000_c2_mid_snr1,610047,0.05,2.0,0.9516427702291818,0.06592092637100086,0.1477310530241202,1.4164556616559882
trend_n2000_c2_mid_snr1,610047,0.3,0.05,0.9104135351517535,0.06084217891106616,0.164870875810627,1.3560614256527725
trend_n2000_c2_mid_snr1,610047,0.3,0.3,0.9299042288786795,0.06196864511377264,0.15884021547032945,1.3560614256527725
trend_n2000_c2_mid_snr1,610047,0.3,2.0,0.9487728619578785,0.06437148151434197,0.1477310530241202,1.3560614256527725
trend_n2000_c2_mid_snr1,610047,2.0,0.05,0.8652537394721368,0.05722266675461734,0.164870875810627,1.2020706451537084
trend_n2000_c2_mid_snr1,610047,2.0,0.3,0.8927162931497218,0.05821354279034167,0.15884021547032945,1.2020706451537084
trend_n2000_c2_mid_snr1,610047,2.0,2.0,0.9476042413065692,0.06019209980183694,0.1477310530241202,1.2020706451537084
trend_n2000_c2_mid_snr4,610047,0.05,0.05,1.1600779838320883,0.06398105574860168,0.1695404245972002,1.6148292719761017
trend_n2000_c2_mid_snr4,610047,0.05,0.3,1.1779051321725276,0.06519555291972112,0.1634462464326076,1.6148292719761017
trend_n2000_c2_mid_snr4,610047,0.05,2.0,1.1806356397699838,0.06810405767446413,0.15147143011307218,1.6148292719761017
trend_n2000_c2_mid_snr4,610047,0.3,0.05,1.1352131007792718,0.06254598903318556,0.1695404245972002,1.5436462842897023
trend_n2000_c2_mid_snr4,610047,0.3,0.3,1.154761573439842,0.0637142503802454,0.1634462464326076,1.5436462842897023
trend_n2000_c2_mid_snr4,610047,0.3,2.0,1.1653751617683026,0.06648965591300593,0.15147143011307218,1.5436462842897023
trend_n2000_c2_mid_snr4,610047,2.0,0.05,1.050897203188276,0.05851334097343638,0.1695404245972002,1.3470257072002714
trend_n2000_c2_mid_snr4,610047,2.0,0.3,1.0764442659020697,0.05953887951420785,0.1634462464326076,1.3470257072002714
trend_n2000_c2_mid_snr4,610047,2.0,2.0,1.116508076629466,0.06186274944824337,0.15147143011307218,1.3470257072002714
trend_n2000_c2_spike_snr1,610048,0.05,0.05,1.4433665389998205,0.0750577264915563,0.1687597029242414,2.2511471486112615
trend_n2000_c2_spike_snr1,610048,0.05,0.3,1.5066224851277812,0.0759938795567322,0.16302618281136189,2.2511471486112615
trend_n2000_c2_spike_snr1,610048,0.05,2.0,1.7196607658583527,0.07711605880216689,0.1517036251119884,2.2511471486112615
trend_n2000_c2_spike_snr1,610048,0.3,0.05,1.4448171234650238,0.07597649243265137,0.1687597029242414,2.298643253497923
trend_n2000_c2_spike_snr1,610048,0.3,0.3,1.5141670116558756,0.07687313640258034,0.16302618281136189,2.298643253497923
trend_n2000_c2_spike_snr1,610048,0.3,2.0,1.754381227543291,0.07773811871775482,0.1517036251119884,2.298643253497923
trend_n2000_c2_spike_snr1,610048,2.0,0.05,1.4962673156886666,0.08529565635310504,0.1687597029242414,2.8309378007000223
trend_n2000_c2_spike_snr1,610048,2.0,0.3,1.5925139653029559,0.08615007303538762,0.16302618281136189,2.8309378007000223
trend_n2000_c2_spike_snr1,610048,2.0,2.0,1.9567926788578645,0.0861591138918934,0.1517036251119884,2.8309378007000223
trend_n2000_c2_spike_snr4,610048,0.05,0.05,3.1243917687130023,0.1978597707523825,0.16578902760272143,14.586202324034668
trend_n2000_c2_spike_snr4,610048,0.05,0.3,3.3379080695107777,0.200114561440725,0.16001851918267548,14.586202324034668
trend_n2000_c2_spike_snr4,610048,0.05,2.0,4.171928201040697,0.20069856578999198,0.14901479831265468,14.586202324034668
trend_n2000_c2_spike_snr4,610048,0.3,0.05,3.1994597721162576,0.20688113011348155,0.16578902760272143,15.874390116605692
trend_n2000_c2_spike_snr4,610048,0.3,0.3,3.430745074577537,0.20919006326056183,0.16001851918267548,15.874390116605692
trend_n2000_c2_spike_snr4,610048,0.3,2.0,4.3436042632049,0.20946336505274835,0.14901479831265468,15.874390116605692
trend_n2000_c2_spike_snr4,610048,2.0,0.05,3.6546806411367037,0.26054765110549866,0.16578902760272143,24.701085847754513
trend_n2000_c2_spike_snr4,610048,2.0,0.3,3.9717445504035562,0.2633703597906046,0.16001851918267548,24.701085847754513
trend_n2000_c2_spike_snr4,610048,2.0,2.0,5.271991078230233,0.26278018707416967,0.14901479831265468,24.701085847754513
trend_n2000_c2_mid_snr1,610048,0.05,0.05,1.0726461626616657,0.06190584538683467,0.16834950243379002,1.4827504495403603
trend_n2000_c2_mid_snr1,610048,0.05,0.3,1.0904873570777809,0.0629436065969846,0.16284952177771916,1.4827504495403603
trend_n2000_c2_mid_snr1,610048,0.05,2.0,1.102537051859503,0.0653577542237001,0.15207202874585576,1.4827504495403603
trend_n2000_c2_mid_snr1,610048,0.3,0.05,1.0546143492701012,0.06050784084399143,0.16834950243379002,1.4187295119167858
trend_n2000_c2_mid_snr1,610048,0.3,0.3,1.0740022644002374,0.06150605584839159,0.16284952177771916,1.4187295119167858
trend_n2000_c2_mid_snr1,610048,0.3,2.0,1.0930682661240787,0.06380701492048794,0.15207202874585576,1.4187295119167858
trend_n2000_c2_mid_snr1,610048,2.0,0.05,0.9907297244324241,0.056706938851984696,0.16834950243379002,1.2468751791864063
trend_n2000_c2_mid_snr1,610048,2.0,0.3,1.0159720427313153,0.05758055769692353,0.16284952177771916,1.2468751791864063
trend_n2000_c2_mid_snr1,610048,2.0,2.0,1.0632575867446308,0.0594802483243604,0.15207202874585576,1.2468751791864063
trend_n2000_c2_mid_snr4,610048,0.05,0.05,0.9792194206771336,0.06241932999585015,0.1765644555894478,1.5437778707527
trend_n2000_c2_mid_snr4,610048,0.05,0.3,0.9961459199392441,0.06363003852711276,0.16998640195115178,1.5437778707527
trend_n2000_c2_mid_snr4,610048,0.05,2.0,1.0121757297672347,0.06657447739606237,0.15625349359188273,1.5437778707527
trend_n2000_c2_mid_snr4,610048,0.3,0.05,0.9594015834472733,0.06106914424541476,0.1765644555894478,1.4781752471168292
trend_n2000_c2_mid_snr4,610048,0.3,0.3,0.9783806375847693,0.062234884791177024,0.16998640195115178,1.4781752471168292
trend_n2000_c2_mid_snr4,610048,0.3,2.0,1.0033832409861472,0.06504534544722125,0.15625349359188273,1.4781752471168292
trend_n2000_c2_mid_snr4,610048,2.0,0.05,0.8977423191824792,0.057456707839272404,0.1765644555894478,1.3069098441904317
trend_n2000_c2_mid_snr4,610048,2.0,0.3,0.9239804683400556,0.058486842361187195,0.16998640195115178,1.3069098441904317
trend_n2000_c2_mid_snr4,610048,2.0,2.0,0.9821646882951647,0.06085554745385109,0.15625349359188273,1.3069098441904317
trend_n2000_c2_spike_snr1,610049,0.05,0.05,1.4576211788367701,0.07785645008538657,0.16197843478152418,2.3058909637992517
trend_n2000_c2_spike_snr1,610049,0.05,0.3,1.5221667218260866,0.0786564407155452,0.15709534905504843,2.3058909637992517
trend_n2000_c2_spike_snr1,610049,0.05,2.0,1.7345969930037801,0.07925377070075437,0.14820698675954008,2.3058909637992517
trend_n2000_c2_spike_snr1,610049,0.3,0.05,1.4748685946505493,0.07869067304588757,0.16197843478152418,2.3563483945177595
trend_n2000_c2_spike_snr1,610049,0.3,0.3,1.5454970878419845,0.07944665294074679,0.15709534905504843,2.3563483945177595
trend_n2000_c2_spike_snr1,610049,0.3,2.0,1.7842692349514089,0.07977514850271385,0.14820698675954008,2.3563483945177595
trend_n2000_c2_spike_snr1,610049,2.0,0.05,1.5940781798101638,0.08774603304098912,0.16197843478152418,2.903369356596956
trend_n2000_c2_spike_snr1,610049,2.0,0.3,1.6917070474653408,0.08841757982484551,0.15709534905504843,2.903369356596956
trend_n2000_c2_spike_snr1,610049,2.0,2.0,2.0505903750754806,0.08775090412959805,0.14820698675954008,2.903369356596956
trend_n2000_c2_spike_snr4,610049,0.05,0.05,2.9281636762949432,0.20173959747234466,0.15852775949315753,14.250135627112678
trend_n2000_c2_spike_snr4,610049,0.05,0.3,3.1361540540087223,0.20391788037241673,0.15336364117003526,14.250135627112678
trend_n2000_c2_spike_snr4,610049,0.05,2.0,3.938710923421369,0.2036656798702828,0.14483331363910046,14.250135627112678
trend_n2000_c2_spike_snr4,610049,0.3,0.05,3.028483833975579,0.2109304620057465,0.15852775949315753,15.54619128664972
trend_n2000_c2_spike_snr4,610049,0.3,0.3,3.2547458475327824,0.2131497862559252,0.15336364117003526,15.54619128664972
trend_n2000_c2_spike_snr4,610049,0.3,2.0,4.137037298095849,0.2125014595559816,0.14483331363910046,15.54619128664972
trend_n2000_c2_spike_snr4,610049,2.0,0.05,3.582868979908198,0.266063463641786,0.15852775949315753,24.45685487142643
trend_n2000_c2_spike_snr4,610049,2.0,0.3,3.896634526397348,0.2687288376927504,0.15336364117003526,24.45685487142643
trend_n2000_c2_spike_snr4,610049,2.0,2.0,5.168069751691607,0.2667352923656955,0.14483331363910046,24.45685487142643
trend_n2000_c2_mid_snr1,610049,0.05,0.05,0.96809203476781,0.06500143027841732,0.16112655099531084,1.511225851912287
trend_n2000_c2_mid_snr1,610049,0.05,0.3,0.9828823568277218,0.06607577686495898,0.15596784663878813,1.511225851912287
trend_n2000_c2_mid_snr1,610049,0.05,2.0,0.9886126118390709,0.06841884086289977,0.14629105692179428,1.511225851912287
trend_n2000_c2_mid_snr1,610049,0.3,0.05,0.9472419874544844,0.06353952287907652,0.16112655099531084,1.444295668535935
trend_n2000_c2_mid_snr1,610049,0.3,0.3,0.9638193073998385,0.06457401238526853,0.15596784663878813,1.444295668535935
trend_n2000_c2_mid_snr1,610049,0.3,2.0,0.9775705864023878,0.06680582360229008,0.14629105692179428,1.444295668535935
trend_n2000_c2_mid_snr1,610049,2.0,0.05,0.8847706268688916,0.059723085468783514,0.16112655099531084,1.2744109981185336
trend_n2000_c2_mid_snr1,610049,2.0,0.3,0.907858421702336,0.06063881851213879,0.15596784663878813,1.2744109981185336
trend_n2000_c2_mid_snr1,610049,2.0,2.0,0.9521151880759858,0.06250106081666129,0.14629105692179428,1.2744109981185336
trend_n2000_c2_mid_snr4,610049,0.05,0.05,1.1338757281574585,0.06337494003012963,0.15930012272151714,1.4831490491336987
trend_n2000_c2_mid_snr4,610049,0.05,0.3,1.1485924790776623,0.06459698770925154,0.1535913708319733,1.4831490491336987
trend_n2000_c2_mid_snr4,610049,0.05,2.0,1.1347589221233412,0.06731802433798666,0.143409619324781,1.4831490491336987
trend_n2000_c2_mid_snr4,610049,0.3,0.05,1.1154568919855408,0.06191740988310662,0.15930012272151714,1.4184254716137341
trend_n2000_c2_mid_snr4,610049,0.3,0.3,1.132775756762891,0.06308660149004253,0.1535913708319733,1.4184254716137341
trend_n2000_c2_mid_snr4,610049,0.3,2.0,1.1300439683260368,0.06565954051760267,0.143409619324781,1.4184254716137341
trend_n2000_c2_mid_snr4,610049,2.0,0.05,1.053602553689202,0.05800782233000486,0.15930012272151714,1.2478238955654828
trend_n2000_c2_mid_snr4,610049,2.0,0.3,1.0797962512939625,0.05901404611286922,0.1535913708319733,1.2478238955654828
trend_n2000_c2_mid_snr4,610049,2.0,2.0,1.1173236954078436,0.06107440157911015,0.143409619324781,1.2478238955654828
trend_n2000_c2_spike_snr1,610050,0.05,0.05,1.6529952821634633,0.07976275118681124,0.1676653925910381,2.5894012127951584
trend_n2000_c2_spike_snr1,610050,0.05,0.3,1.7197994720259655,0.08059723278532291,0.16248195627329515,2.5894012127951584
trend_n2000_c2_spike_snr1,610050,0.05,2.0,1.9362535074575224,0.08123823129500032,0.1529007307516973,2.5894012127951584
trend_n2000_c2_spike_snr1,610050,0.3,0.05,1.6649174916310188,0.08042355491283809,0.1676653925910381,2.631493368758264
trend_n2000_c2_spike_snr1,610050,0.3,0.3,1.7368849623450784,0.08121584307483184,0.16248195627329515,2.631493368758264
trend_n2000_c2_spike_snr1,610050,0.3,2.0,1.976337215593292,0.08160232418778861,0.1529007307516973,2.631493368758264
trend_n2000_c2_spike_snr1,610050,2.0,0.05,1.7623557110524517,0.08839890535833499,0.1676653925910381,3.138528795173357
trend_n2000_c2_spike_snr1,610050,2.0,0.3,1.8579538435848721,0.08910683408305825,0.16248195627329515,3.138528795173357
trend_n2000_c2_spike_snr1,610050,2.0,2.0,2.205594502937869,0.08853702226307,0.1529007307516973,3.138528795173357
trend_n2000_c2_spike_snr4,610050,0.05,0.05,3.467004020452302,0.19962012873076215,0.17096443105807285,15.666635440414778
trend_n2000_c2_spike_snr4,610050,0.05,0.3,3.6653077082187977,0.2017560969671046,0.16532244785574343,15.666635440414778
trend_n2000_c2_spike_snr4,610050,0.05,2.0,4.456466073971189,0.2022333938635812,0.15423714350972037,15.666635440414778
trend_n2000_c2_spike_snr4,610050,0.3,0.05,3.5582866157977615,0.20871275542157072,0.17096443105807285,17.044522945596697
trend_n2000_c2_spike_snr4,610050,0.3,0.3,3.7726761233116086,0.2108963371258262,0.16532244785574343,17.044522945596697
trend_n2000_c2_spike_snr4,610050,0.3,2.0,4.636789437803093,0.21106613967390223,0.15423714350972037,17.044522945596697
trend_n2000_c2_spike_snr4,610050,2.0,0.05,4.075735293385711,0.2617850664244195,0.17096443105807285,26.249433783296933
trend_n2000_c2_spike_snr4,610050,2.0,0.3,4.368479938953231,0.26441766851537235,0.16532244785574343,26.249433783296933
trend_n2000_c2_spike_snr4,610050,2.0,2.0,5.594397423252222,0.2636574901413335,0.15423714350972037,26.249433783296933
trend_n2000_c2_mid_snr1,610050,0.05,0.05,0.9526858902666157,0.06873398217019278,0.15119054758144393,1.5643507999188004
trend_n2000_c2_mid_snr1,610050,0.05,0.3,0.9690941062812979,0.06982274287997052,0.1464772105646206,1.5643507999188004
trend_n2000_c2_mid_snr1,610050,0.05,2.0,0.9754027712512586,0.07177229968406322,0.1391321341295528,1.5643507999188004
trend_n2000_c2_mid_snr1,610050,0.3,0.05,0.9399687765285146,0.0671434495644595,0.15119054758144393,1.4954272866800793
trend_n2000_c2_mid_snr1,610050,0.3,0.3,0.9587672370312077,0.0681885168897778,0.1464772105646206,1.4954272866800793
trend_n2000_c2_mid_snr1,610050,0.3,2.0,0.9750601631162905,0.07002612847679737,0.1391321341295528,1.4954272866800793
trend_n2000_c2_mid_snr1,610050,2.0,0.05,0.9025194523365105,0.06284451968514734,0.15119054758144393,1.316190794159328
trend_n2000_c2_mid_snr1,610050,2.0,0.3,0.929831689731038,0.063754127349077,0.1464772105646206,1.316190794159328
trend_n2000_c2_mid_snr1,610050,2.0,2.0,0.9837174502220755,0.06519511704368453,0.1391321341295528,1.316190794159328
trend_n2000_c2_mid_snr4,610050,0.05,0.05,1.009052640592873,0.06795687919082842,0.15542232352335936,1.5923368012420234
trend_n2000_c2_mid_snr4,610050,0.05,0.3,1.0230806155689087,0.06893873632452761,0.15104281582810375,1.5923368012420234
trend_n2000_c2_mid_snr4,610050,0.05,2.0,1.0197934293267057,0.07079112851005646,0.14406736797829336,1.5923368012420234
trend_n2000_c2_mid_snr4,610050,0.3,0.05,0.9939036009803541,0.0664951137164361,0.15542232352335936,1.5265893736601337
trend_n2000_c2_mid_snr4,610050,0.3,0.3,1.0100796599462714,0.06743824022935842,0.15104281582810375,1.5265893736601337
trend_n2000_c2_mid_snr4,610050,0.3,2.0,1.0159891387853168,0.06918705635626053,0.14406736797829336,1.5265893736601337
trend_n2000_c2_mid_snr4,610050,2.0,0.05,0.9467865146038139,0.062441051746544594,0.15542232352335936,1.3500568684848495
trend_n2000_c2_mid_snr4,610050,2.0,0.3,0.9707225548847267,0.06326113025163616,0.15104281582810375,1.3500568684848495
trend_n2000_c2_mid_snr4,610050,2.0,2.0,1.011663022072017,0.06463708179002318,0.14406736797829336,1.3500568684848495
trend_n2000_c2_spike_snr1,610051,0.05,0.05,1.4888988080974976,0.07969056597982867,0.1667053733951842,2.484792118474873
trend_n2000_c2_spike_snr1,610051,0.05,0.3,1.5599907681449683,0.08070134898295486,0.16087002164619732,2.484792118474873
trend_n2000_c2_spike_snr1,610051,0.05,2.0,1.7967485482259435,0.08193874627524543,0.14930138302109688,2.484792118474873
trend_n2000_c2_spike_snr1,610051,0.3,0.05,1.5001962882706001,0.08051609156564081,0.1667053733951842,2.534472674099882
trend_n2000_c2_spike_snr1,610051,0.3,0.3,1.5769711933616313,0.08148996416645128,0.16087002164619732,2.534472674099882
trend_n2000_c2_spike_snr1,610051,0.3,2.0,1.8390098633260865,0.08248392909236035,0.14930138302109688,2.534472674099882
trend_n2000_c2_spike_snr1,610051,2.0,0.05,1.589195818033848,0.08936238404491756,0.1667053733951842,3.080855906502269
trend_n2000_c2_spike_snr1,610051,2.0,0.3,1.692007248586402,0.09029016615277925,0.16087002164619732,3.080855906502269
trend_n2000_c2_spike_snr1,610051,2.0,2.0,2.072629334471225,0.09043149290933368,0.14930138302109688,3.080855906502269
trend_n2000_c2_spike_snr4,610051,0.05,0.05,3.184256603106189,0.20452857093446108,0.1643948329751252,15.407034246939714
trend_n2000_c2_spike_snr4,610051,0.05,0.3,3.391305680257289,0.20657214978979804,0.1592298411395972,15.407034246939714
trend_n2000_c2_spike_snr4,610051,0.05,2.0,4.213004396980054,0.2068524224073007,0.14923558771091014,15.407034246939714
trend_n2000_c2_spike_snr4,610051,0.3,0.05,3.2805386525040214,0.2139868141582684,0.1643948329751252,16.809546983098887
trend_n2000_c2_spike_snr4,610051,0.3,0.3,3.5048834517741247,0.2160752039965217,0.1592298411395972,16.809546983098887
trend_n2000_c2_spike_snr4,610051,0.3,2.0,4.403643360161143,0.21603115673610052,0.14923558771091014,16.809546983098887
trend_n2000_c2_spike_snr4,610051,2.0,0.05,3.8104831783360953,0.2690269337076055,0.1643948329751252,26.159494360448953
trend_n2000_c2_spike_snr4,610051,2.0,0.3,4.118490297054741,0.27154479183458613,0.1592298411395972,26.159494360448953
trend_n2000_c2_spike_snr4,610051,2.0,2.0,5.396402549969872,0.27047650125432743,0.14923558771091014,26.159494360448953
trend_n2000_c2_mid_snr1,610051,0.05,0.05,1.0865585696590403,0.06334312575397287,0.16997705330666701,1.5633279097132171
trend_n2000_c2_mid_snr1,610051,0.05,0.3,1.100258729088076,0.06455861005353523,0.16390758484407508,1.5633279097132171
trend_n2000_c2_mid_snr1,610051,0.05,2.0,1.0931238713571039,0.06749231717380237,0.15183490765084773,1.5633279097132171
trend_n2000_c2_mid_snr1,610051,0.3,0.05,1.065456395557077,0.06191551494125111,0.16997705330666701,1.4948788756432971
trend_n2000_c2_mid_snr1,610051,0.3,0.3,1.081543788413943,0.06308120137058172,0.16390758484407508,1.4948788756432971
trend_n2000_c2_mid_snr1,610051,0.3,2.0,1.0847579189665042,0.06586881109500244,0.15183490765084773,1.4948788756432971
trend_n2000_c2_mid_snr1,610051,2.0,0.05,0.9962248063143375,0.05816769582483539,0.16997705330666701,1.3177740604120363
trend_n2000_c2_mid_snr1,610051,2.0,0.3,1.0206824338708291,0.059181713620790215,0.16390758484407508,1.3177740604120363
trend_n2000_c2_mid_snr1,610051,2.0,2.0,1.0619894444967553,0.06147653977169817,0.15183490765084773,1.3177740604120363
trend_n2000_c2_mid_snr4,610051,0.05,0.05,0.8458811012877591,0.06411315851141092,0.1655240972940648,1.477846816869231
trend_n2000_c2_mid_snr4,610051,0.05,0.3,0.862225779347656,0.06520252389888058,0.15998049384127924,1.477846816869231
trend_n2000_c2_mid_snr4,610051,0.05,2.0,0.8814931012884683,0.06760507862242127,0.14914514634512363,1.477846816869231
trend_n2000_c2_mid_snr4,610051,0.3,0.05,0.8338163193450433,0.06290458569284772,0.1655240972940648,1.4237239877173755
trend_n2000_c2_mid_snr4,610051,0.3,0.3,0.8518078905089885,0.06396078938731646,0.15998049384127924,1.4237239877173755
trend_n2000_c2_mid_snr4,610051,0.3,2.0,0.8780773678202374,0.0662708810044091,0.14914514634512363,1.4237239877173755
trend_n2000_c2_mid_snr4,610051,2.0,0.05,0.795952005379992,0.0595597326954157,0.1655240972940648,1.2780394276198115
trend_n2000_c2_mid_snr4,610051,2.0,0.3,0.8200421262220465,0.060512704622590216,0.15998049384127924,1.2780394276198115
trend_n2000_c2_mid_snr4,610051,2.0,2.0,0.8736414961436983,0.0625046500264604,0.14914514634512363,1.2780394276198115
trend_n2000_c2_spike_snr1,610052,0.05,0.05,1.5341539188875986,0.07835425422007927,0.16558397838196473,2.4208589218178513
trend_n2000_c2_spike_snr1,610052,0.05,0.3,1.606282061740542,0.07933185483907246,0.1597437289557713,2.4208589218178513
trend_n2000_c2_spike_snr1,610052,0.05,2.0,1.8453413404496002,0.0803475327242431,0.14848410640503187,2.4208589218178513
trend_n2000_c2_spike_snr1,610052,0.3,0.05,1.5333836322408847,0.07917339940715835,0.16558397838196473,2.463158190154283
trend_n2000_c2_spike_snr1,610052,0.3,0.3,1.6118634147307698,0.0801066988631573,0.1597437289557713,2.463158190154283
trend_n2000_c2_spike_snr1,610052,0.3,2.0,1.8788784869455333,0.08084425305947139,0.14848410640503187,2.463158190154283
trend_n2000_c2_spike_snr1,610052,2.0,0.05,1.5798457022577572,0.08792790319155536,0.16558397838196473,2.971086923511465
trend_n2000_c2_spike_snr1,610052,2.0,0.3,1.6864897526819547,0.08879922925599401,0.1597437289557713,2.971086923511465
trend_n2000_c2_spike_snr1,610052,2.0,2.0,2.081140667353069,0.08858331797090756,0.14848410640503187,2.971086923511465
trend_n2000_c2_spike_snr4,610052,0.05,0.05,2.9448372822868043,0.19930818248724022,0.16567922493227633,14.586419230356473
trend_n2000_c2_spike_snr4,610052,0.05,0.3,3.157063412994617,0.20164355938119877,0.1599283221840542,14.586419230356473
trend_n2000_c2_spike_snr4,610052,0.05,2.0,4.003071315753176,0.20249279952628066,0.14891814453854338,14.586419230356473
trend_n2000_c2_spike_snr4,610052,0.3,0.05,3.0226448795121796,0.2088070590738469,0.16567922493227633,15.946618297053428
trend_n2000_c2_spike_snr4,610052,0.3,0.3,3.25248800807388,0.211212661638369,0.1599283221840542,15.946618297053428
trend_n2000_c2_spike_snr4,610052,0.3,2.0,4.177023271122306,0.21180806588450166,0.14891814453854338,15.946618297053428
trend_n2000_c2_spike_snr4,610052,2.0,0.05,3.479498550906998,0.2636121648087545,0.16567922493227633,25.009390719240685
trend_n2000_c2_spike_snr4,610052,2.0,0.3,3.7938680537499243,0.2665777936836033,0.1599283221840542,25.009390719240685
trend_n2000_c2_spike_snr4,610052,2.0,2.0,5.102442882548213,0.2665029501395296,0.14891814453854338,25.009390719240685
trend_n2000_c2_mid_snr1,610052,0.05,0.05,0.9891934973748954,0.0639463823586864,0.1683903758490742,1.5405370561909737
trend_n2000_c2_mid_snr1,610052,0.05,0.3,0.9995642983286954,0.06519816143444848,0.162294574647309,1.5405370561909737
trend_n2000_c2_mid_snr1,610052,0.05,2.0,0.985783433428474,0.06818278556636295,0.15014606877166436,1.5405370561909737
trend_n2000_c2_mid_snr1,610052,0.3,0.05,0.9694230939283007,0.06251268161551546,0.1683903758490742,1.4730177457983897
trend_n2000_c2_mid_snr1,610052,0.3,0.3,0.9827430870117925,0.06371237273109191,0.162294574647309,1.4730177457983897
trend_n2000_c2_mid_snr1,610052,0.3,2.0,0.9811387065456242,0.0665461812751289,0.15014606877166436,1.4730177457983897
trend_n2000_c2_mid_snr1,610052,2.0,0.05,0.9053870589066171,0.0587206447496842,0.1683903758490742,1.2981311299159415
trend_n2000_c2_mid_snr1,610052,2.0,0.3,0.9287879416981223,0.059762474928268645,0.162294574647309,1.2981311299159415
trend_n2000_c2_mid_snr1,610052,2.0,2.0,0.9713629040598205,0.06208845462686411,0.15014606877166436,1.2981311299159415
trend_n2000_c2_mid_snr4,610052,0.05,0.05,0.8575854450385068,0.06045121121176816,0.172063528928069,1.382847391072021
trend_n2000_c2_mid_snr4,610052,0.05,0.3,0.8750367827663569,0.061548777519962926,0.16591613128698357,1.382847391072021
trend_n2000_c2_mid_snr4,610052,0.05,2.0,0.900483708696813,0.06415407203837041,0.153069248772849,1.382847391072021
trend_n2000_c2_mid_snr4,610052,0.3,0.05,0.8450781723466615,0.0592419747461674,0.172063528928069,1.3294249459506933
trend_n2000_c2_mid_snr4,610052,0.3,0.3,0.8644113116815569,0.06030214773104993,0.16591613128698357,1.3294249459506933
trend_n2000_c2_mid_snr4,610052,0.3,2.0,0.8976052556055433,0.06279853943983599,0.153069248772849,1.3294249459506933
trend_n2000_c2_mid_snr4,610052,2.0,0.05,0.8028227213485546,0.05617383599973948,0.172063528928069,1.1957061161931584
trend_n2000_c2_mid_snr4,610052,2.0,0.3,0.8288770604266559,0.057123458182617354,0.16591613128698357,1.1957061161931584
trend_n2000_c2_mid_snr4,610052,2.0,2.0,0.8917091191324661,0.05925966320236876,0.153069248772849,1.1957061161931584
trend_n2000_c2_spike_snr1,610053,0.05,0.05,1.524703985269759,0.07811712921495366,0.16930348604880294,2.4577938468526717
trend_n2000_c2_spike_snr1,610053,0.05,0.3,1.588761868167829,0.07904106591345146,0.16378031936240273,2.4577938468526717
trend_n2000_c2_spike_snr1,610053,0.05,2.0,1.7964073896100057,0.08011194503786087,0.15313270347200927,2.4577938468526717
trend_n2000_c2_spike_snr1,610053,0.3,0.05,1.5333605371068537,0.07872806740230175,0.16930348604880294,2.4946894933959793
trend_n2000_c2_spike_snr1,610053,0.3,0.3,1.603321015462578,0.07960515181533144,0.16378031936240273,2.4946894933959793
trend_n2000_c2_spike_snr1,610053,0.3,2.0,1.836972420850327,0.08040364417842741,0.15313270347200927,2.4946894933959793
trend_n2000_c2_spike_snr1,610053,2.0,0.05,1.614056597489726,0.08708043166002813,0.16930348604880294,3.0061553822401357
trend_n2000_c2_spike_snr1,610053,2.0,0.3,1.7103036563944451,0.0878780655510168,0.16378031936240273,3.0061553822401357
trend_n2000_c2_spike_snr1,610053,2.0,2.0,2.06318826507159,0.08772026965656926,0.15313270347200927,3.0061553822401357
trend_n2000_c2_spike_snr4,610053,0.05,0.05,3.312682486720198,0.18573521453235634,0.1719773391631368,13.740991110781902
trend_n2000_c2_spike_snr4,610053,0.05,0.3,3.488311675205458,0.1876722511308064,0.16647750980046422,13.740991110781902
trend_n2000_c2_spike_snr4,610053,0.05,2.0,4.176613644065683,0.18809234544333125,0.1559158698983641,13.740991110781902
trend_n2000_c2_spike_snr4,610053,0.3,0.05,3.4127877321010662,0.19524031038443074,0.1719773391631368,15.101061892168131
trend_n2000_c2_spike_snr4,610053,0.3,0.3,3.605338224924915,0.19721643697777647,0.16647750980046422,15.101061892168131
trend_n2000_c2_spike_snr4,610053,0.3,2.0,4.369244744594232,0.1972833666230629,0.1559158698983641,15.101061892168131
trend_n2000_c2_spike_snr4,610053,2.0,0.05,3.9549325078077793,0.250827738728471,0.1719773391631368,24.30809763213373
trend_n2000_c2_spike_snr4,610053,2.0,0.3,4.227034388946398,0.2532535868199097,0.16647750980046422,24.30809763213373
trend_n2000_c2_spike_snr4,610053,2.0,2.0,5.35411309726141,0.2523549649321865,0.1559158698983641,24.30809763213373
trend_n2000_c2_mid_snr1,610053,0.05,0.05,0.8879195826247008,0.061219895561731075,0.1723499253492029,1.4264811573475118
trend_n2000_c2_mid_snr1,610053,0.05,0.3,0.9036438514592045,0.06227135772931602,0.1665620884808821,1.4264811573475118
trend_n2000_c2_mid_snr1,610053,0.05,2.0,0.9247386716683387,0.06479218830630548,0.15433429485834105,1.4264811573475118
trend_n2000_c2_mid_snr1,610053,0.3,0.05,0.8730970036002231,0.059967554638107906,0.1723499253492029,1.3697202467459637
trend_n2000_c2_mid_snr1,610053,0.3,0.3,0.8908078414722648,0.06098106358087908,0.1665620884808821,1.3697202467459637
trend_n2000_c2_mid_snr1,610053,0.3,2.0,0.9203138697962941,0.06338801290916107,0.15433429485834105,1.3697202467459637
trend_n2000_c2_mid_snr1,610053,2.0,0.05,0.827090625136453,0.05658992781535159,0.1723499253492029,1.220670745848546
trend_n2000_c2_mid_snr1,610053,2.0,0.3,0.8519274775633565,0.05748674623167033,0.1665620884808821,1.220670745848546
trend_n2000_c2_mid_snr1,610053,2.0,2.0,0.9131298588613597,0.05950857422885863,0.15433429485834105,1.220670745848546
trend_n2000_c2_mid_snr4,610053,0.05,0.05,0.9140050041763175,0.06316382993608328,0.1696918083342373,1.494435816185766
trend_n2000_c2_mid_snr4,610053,0.05,0.3,0.9265214390830014,0.06430259807547425,0.163866800355193,1.494435816185766
trend_n2000_c2_mid_snr4,610053,0.05,2.0,0.9268986552973014,0.06686430051817652,0.15262008145332448,1.494435816185766
trend_n2000_c2_mid_snr4,610053,0.3,0.05,0.8991885901695358,0.06170968357925336,0.1696918083342373,1.428311909500122
trend_n2000_c2_mid_snr4,610053,0.3,0.3,0.9136069283182839,0.0628072852745853,0.163866800355193,1.428311909500122
trend_n2000_c2_mid_snr4,610053,0.3,2.0,0.9222931110309965,0.06525527757607882,0.15262008145332448,1.428311909500122
trend_n2000_c2_mid_snr4,610053,2.0,0.05,0.8489287676375072,0.05775334168414493,0.1696918083342373,1.2531580716655992
trend_n2000_c2_mid_snr4,610053,2.0,0.3,0.8704871116201326,0.05872208992382059,0.163866800355193,1.2531580716655992
trend_n2000_c2_mid_snr4,610053,2.0,2.0,0.9119182147623828,0.06077317019740513,0.15262008145332448,1.2531580716655992
trend_n2000_c2_spike_snr1,610054,0.05,0.05,1.5873898230789818,0.07811623131709294,0.1684172863497991,2.4777371550065337
trend_n2000_c2_spike_snr1,610054,0.05,0.3,1.6543598925610443,0.07912102080038516,0.16253149889110746,2.4777371550065337
trend_n2000_c2_spike_snr1,610054,0.05,2.0,1.873741900265927,0.08021049700074356,0.1514001303116849,2.4777371550065337
trend_n2000_c2_spike_snr1,610054,0.3,0.05,1.590116664057965,0.07897817735853217,0.1684172863497991,2.5247605326487474
trend_n2000_c2_spike_snr1,610054,0.3,0.3,1.6629075314665491,0.07994215670157426,0.16253149889110746,2.5247605326487474
trend_n2000_c2_spike_snr1,610054,0.3,2.0,1.9084501827570433,0.08076801296586285,0.1514001303116849,2.5247605326487474
trend_n2000_c2_spike_snr1,610054,2.0,0.05,1.6533160431047846,0.08770903375244467,0.1684172863497991,3.048995797860773
trend_n2000_c2_spike_snr1,610054,2.0,0.3,1.7524802243964737,0.0886113191026393,0.16253149889110746,3.048995797860773
trend_n2000_c2_spike_snr1,610054,2.0,2.0,2.1188414710569297,0.08850094910181704,0.1514001303116849,3.048995797860773
trend_n2000_c2_spike_snr4,610054,0.05,0.05,3.1900949201354365,0.2052906080748387,0.16750438409958102,15.809211955649811
trend_n2000_c2_spike_snr4,610054,0.05,0.3,3.401269551241921,0.20767786189636167,0.161743374308521,15.809211955649811
trend_n2000_c2_spike_snr4,610054,0.05,2.0,4.23798996352517,0.20850259524953157,0.15082207804288977,15.809211955649811
trend_n2000_c2_spike_snr4,610054,0.3,0.05,3.256178342208656,0.21454212693143604,0.16750438409958102,17.18047060693673
trend_n2000_c2_spike_snr4,610054,0.3,0.3,3.484834711022437,0.2169915324842501,0.161743374308521,17.18047060693673
trend_n2000_c2_spike_snr4,610054,0.3,2.0,4.4016307322370745,0.21752293222613725,0.15082207804288977,17.18047060693673
trend_n2000_c2_spike_snr4,610054,2.0,0.05,3.6570727271219234,0.26809263539720335,0.16750438409958102,26.294462322309645
trend_n2000_c2_spike_snr4,610054,2.0,0.3,3.9697665551125874,0.2710691178775879,0.161743374308521,26.294462322309645
trend_n2000_c2_spike_snr4,610054,2.0,2.0,5.277175888266318,0.2707757283044373,0.15082207804288977,26.294462322309645
trend_n2000_c2_mid_snr1,610054,0.05,0.05,0.9505350998034874,0.0620218564115485,0.17032616048459923,1.462973105292966
trend_n2000_c2_mid_snr1,610054,0.05,0.3,0.9680934351434627,0.0630525417754583,0.16473995320270335,1.462973105292966
trend_n2000_c2_mid_snr1,610054,0.05,2.0,0.9837910491667498,0.06533126768979013,0.15406759318983468,1.462973105292966
trend_n2000_c2_mid_snr1,610054,0.3,0.05,0.9332002204810254,0.06079026957680732,0.17032616048459923,1.405937787364428
trend_n2000_c2_mid_snr1,610054,0.3,0.3,0.9529602152775731,0.06178100871048627,0.16473995320270335,1.405937787364428
trend_n2000_c2_mid_snr1,610054,0.3,2.0,0.977893350329728,0.06394279784176604,0.15406759318983468,1.405937787364428
trend_n2000_c2_mid_snr1,610054,2.0,0.05,0.8776622657914463,0.05744902296939435,0.17032616048459923,1.2543620272897626
trend_n2000_c2_mid_snr1,610054,2.0,0.3,0.9051107640860598,0.05831711011450815,0.16473995320270335,1.2543620272897626
trend_n2000_c2_mid_snr1,610054,2.0,2.0,0.9642034676467525,0.060079802377388844,0.15406759318983468,1.2543620272897626
trend_n2000_c2_mid_snr4,610054,0.05,0.05,0.9282228484836504,0.06097509188982851,0.17428974522578583,1.4448768713477116
trend_n2000_c2_mid_snr4,610054,0.05,0.3,0.9490459489430036,0.061965722400924836,0.1685476989547598,1.4448768713477116
trend_n2000_c2_mid_snr4,610054,0.05,2.0,0.9729178693511494,0.06419069652700611,0.15740738065974447,1.4448768713477116
trend_n2000_c2_mid_snr4,610054,0.3,0.05,0.912890557814276,0.0597452671186213,0.17428974522578583,1.388256872573651
trend_n2000_c2_mid_snr4,610054,0.3,0.3,0.9354780754704479,0.060699387070891606,0.1685476989547598,1.388256872573651
trend_n2000_c2_mid_snr4,610054,0.3,2.0,0.9676263644754634,0.06281363734414751,0.15740738065974447,1.388256872573651
trend_n2000_c2_mid_snr4,610054,2.0,0.05,0.8613231473369213,0.056490713696534106,0.17428974522578583,1.2405763902834444
trend_n2000_c2_mid_snr4,610054,2.0,0.3,0.8907110742155651,0.057330598107671396,0.1685476989547598,1.2405763902834444
trend_n2000_c2_mid_snr4,610054,2.0,2.0,0.9557791172258703,0.059054090552339865,0.15740738065974447,1.2405763902834444
trend_n2000_c2_spike_snr1,610055,0.05,0.05,1.6377722268744033,0.07506069544062753,0.16961944539473586,2.364367116574547
trend_n2000_c2_spike_snr1,610055,0.05,0.3,1.6995164502586155,0.07612496886365143,0.1634341452277258,2.364367116574547
trend_n2000_c2_spike_snr1,610055,0.05,2.0,1.8978514695339725,0.07763456573224409,0.15113535174497375,2.364367116574547
trend_n2000_c2_spike_snr1,610055,0.3,0.05,1.63859614271611,0.07578048818428205,0.16961944539473586,2.401620818870918
trend_n2000_c2_spike_snr1,610055,0.3,0.3,1.70591858114315,0.07679963957335542,0.1634341452277258,2.401620818870918
trend_n2000_c2_spike_snr1,610055,0.3,2.0,1.9296200832105521,0.07803613093866556,0.15113535174497375,2.401620818870918
trend_n2000_c2_spike_snr1,610055,2.0,0.05,1.693883201674831,0.08431425705525884,0.16961944539473586,2.8958806311385157
trend_n2000_c2_spike_snr1,610055,2.0,0.3,1.7858977202215032,0.0852761936174104,0.1634341452277258,2.8958806311385157
trend_n2000_c2_spike_snr1,610055,2.0,2.0,2.125841392561057,0.0856046053289451,0.15113535174497375,2.8958806311385157
trend_n2000_c2_spike_snr4,610055,0.05,0.05,2.965776258540822,0.19075135736808563,0.1702004949249504,13.87052632368163
trend_n2000_c2_spike_snr4,610055,0.05,0.3,3.1490288484065427,0.19287491009233537,0.16464814128222138,13.87052632368163
trend_n2000_c2_spike_snr4,610055,0.05,2.0,3.88818974483087,0.19400476109420906,0.15357358432536727,13.87052632368163
trend_n2000_c2_spike_snr4,610055,0.3,0.05,3.0490012502252424,0.19996155122754522,0.1702004949249504,15.179447441043742
trend_n2000_c2_spike_snr4,610055,0.3,0.3,3.247700653744662,0.20214774180697725,0.16464814128222138,15.179447441043742
trend_n2000_c2_spike_snr4,610055,0.3,2.0,4.058076021010392,0.2030467939831484,0.15357358432536727,15.179447441043742
trend_n2000_c2_spike_snr4,610055,2.0,0.05,3.5254828180955102,0.2540988744609108,0.1702004949249504,24.071859819914412
trend_n2000_c2_spike_snr4,610055,2.0,0.3,3.7987838400918945,0.25681021774967644,0.16464814128222138,24.071859819914412
trend_n2000_c2_spike_snr4,610055,2.0,2.0,4.960883734160493,0.2571640460343583,0.15357358432536727,24.071859819914412
trend_n2000_c2_mid_snr1,610055,0.05,0.05,0.9154227886505544,0.06521824919591744,0.16365289597721958,1.5279177856895667
trend_n2000_c2_mid_snr1,610055,0.05,0.3,0.9279260609024758,0.06635336797019716,0.1582058989835206,1.5279177856895667
trend_n2000_c2_mid_snr1,610055,0.05,2.0,0.935038221472349,0.06874515730365628,0.14810229723177384,1.5279177856895667
trend_n2000_c2_mid_snr1,610055,0.3,0.05,0.9023735126609677,0.06372131630038173,0.16365289597721958,1.4609244021636787
trend_n2000_c2_mid_snr1,610055,0.3,0.3,0.9171738682425367,0.06481325792094345,0.1582058989835206,1.4609244021636787
trend_n2000_c2_mid_snr1,610055,0.3,2.0,0.9333097061494872,0.0670903415968752,0.14810229723177384,1.4609244021636787
trend_n2000_c2_mid_snr1,610055,2.0,0.05,0.8603826796102979,0.05954431609917594,0.16365289597721958,1.280456010334937
trend_n2000_c2_mid_snr1,610055,2.0,0.3,0.8832227840037794,0.06050141764578667,0.1582058989835206,1.280456010334937
trend_n2000_c2_mid_snr1,610055,2.0,2.0,0.9328376694218176,0.062383295478875396,0.14810229723177384,1.280456010334937
trend_n2000_c2_mid_snr4,610055,0.05,0.05,1.001745823868799,0.06186164219212368,0.16736697588945368,1.4476517911236901
trend_n2000_c2_mid_snr4,610055,0.05,0.3,1.0168087329050777,0.06301537981218362,0.16142713405077275,1.4476517911236901
trend_n2000_c2_mid_snr4,610055,0.05,2.0,1.0246951054193774,0.06559847964755085,0.15005126299977212,1.4476517911236901
trend_n2000_c2_mid_snr4,610055,0.3,0.05,0.9874444212245347,0.06054302127087212,0.16736697588945368,1.3889166773139832
trend_n2000_c2_mid_snr4,610055,0.3,0.3,1.0049859077089651,0.06165058858930488,0.16142713405077275,1.3889166773139832
trend_n2000_c2_mid_snr4,610055,0.3,2.0,1.0225200275724653,0.06410519829394877,0.15005126299977212,1.3889166773139832
trend_n2000_c2_mid_snr4,610055,2.0,0.05,0.9423279545687367,0.05699047345729707,0.16736697588945368,1.2347187804942192
trend_n2000_c2_mid_snr4,610055,2.0,0.3,0.968292968183304,0.05795642819620906,0.16142713405077275,1.2347187804942192
trend_n2000_c2_mid_snr4,610055,2.0,2.0,1.021085567315591,0.05997175942638455,0.15005126299977212,1.2347187804942192
trend_n2000_c2_spike_snr1,610056,0.05,0.05,1.5048791425173735,0.07550659508341687,0.17521688782052186,2.392718111166732
trend_n2000_c2_spike_snr1,610056,0.05,0.3,1.576123226781496,0.07659971078933996,0.16841279016078817,2.392718111166732
trend_n2000_c2_spike_snr1,610056,0.05,2.0,1.8099401082600541,0.07802059619772964,0.15498750421681692,2.392718111166732
trend_n2000_c2_spike_snr1,610056,0.3,0.05,1.5054249676673217,0.07630572697547824,0.17521688782052186,2.435477444713116
trend_n2000_c2_spike_snr1,610056,0.3,0.3,1.5832766525817443,0.07735165925522225,0.16841279016078817,2.435477444713116
trend_n2000_c2_spike_snr1,610056,0.3,2.0,1.8465844138093912,0.07847441305945563,0.15498750421681692,2.435477444713116
trend_n2000_c2_spike_snr1,610056,2.0,0.05,1.5616776313555094,0.08519848285675664,0.17521688782052186,2.968503912066879
trend_n2000_c2_spike_snr1,610056,2.0,0.3,1.6680860609075931,0.08619368972498913,0.16841279016078817,2.968503912066879
trend_n2000_c2_spike_snr1,610056,2.0,2.0,2.0627452585533903,0.08635154141210764,0.15498750421681692,2.968503912066879
trend_n2000_c2_spike_snr4,610056,0.05,0.05,3.135649825219659,0.1913765830524453,0.1828088260880987,15.174785689983628
trend_n2000_c2_spike_snr4,610056,0.05,0.3,3.324761628688702,0.19384093670067823,0.17618976689154048,15.174785689983628
trend_n2000_c2_spike_snr4,610056,0.05,2.0,4.082903514988532,0.19611273650242161,0.16227358440924125,15.174785689983628
trend_n2000_c2_spike_snr4,610056,0.3,0.05,3.2164004728482305,0.20017193907698586,0.1828088260880987,16.526412335843734
trend_n2000_c2_spike_snr4,610056,0.3,0.3,3.4216449179481425,0.20269861077590237,0.17618976689154048,16.526412335843734
trend_n2000_c2_spike_snr4,610056,0.3,2.0,4.254184714260832,0.20472987139089602,0.16227358440924125,16.526412335843734
trend_n2000_c2_spike_snr4,610056,2.0,0.05,3.684405124767328,0.2520589661547493,0.1828088260880987,25.687422144527883
trend_n2000_c2_spike_snr4,610056,2.0,0.3,3.965707547872094,0.2551444934119237,0.17618976689154048,25.687422144527883
trend_n2000_c2_spike_snr4,610056,2.0,2.0,5.155530352489485,0.2567580179408001,0.16227358440924125,25.687422144527883
trend_n2000_c2_mid_snr1,610056,0.05,0.05,1.0860722361676813,0.06329619640098345,0.16391084402163394,1.5054157146945535
trend_n2000_c2_mid_snr1,610056,0.05,0.3,1.0992514372744604,0.06418962684707276,0.15945968109913422,1.5054157146945535
trend_n2000_c2_mid_snr1,610056,0.05,2.0,1.097073229840989,0.06607320619220658,0.15166120290617813,1.5054157146945535
trend_n2000_c2_mid_snr1,610056,0.3,0.05,1.0672746572451373,0.061818717750212436,0.16391084402163394,1.4382422269502213
trend_n2000_c2_mid_snr1,610056,0.3,0.3,1.0828589001888052,0.06266874803977257,0.15945968109913422,1.4382422269502213
trend_n2000_c2_mid_snr1,610056,0.3,2.0,1.090439366493912,0.06443020217410854,0.15166120290617813,1.4382422269502213
trend_n2000_c2_mid_snr1,610056,2.0,0.05,1.006176323335606,0.05782414933511343,0.16391084402163394,1.2609608814859066
trend_n2000_c2_mid_snr1,610056,2.0,0.3,1.0300434649418138,0.0585387641870065,0.15945968109913422,1.2609608814859066
trend_n2000_c2_mid_snr1,610056,2.0,2.0,1.0730950382078401,0.05987472052226279,0.15166120290617813,1.2609608814859066
trend_n2000_c2_mid_snr4,610056,0.05,0.05,0.9355429244837239,0.0637428042453165,0.171109077917671,1.538853144402108
trend_n2000_c2_mid_snr4,610056,0.05,0.3,0.951259571213697,0.0647858719447981,0.16562981380367395,1.538853144402108
trend_n2000_c2_mid_snr4,610056,0.05,2.0,0.9544483185812618,0.06705115031344244,0.15553879454344285,1.538853144402108
trend_n2000_c2_mid_snr4,610056,0.3,0.05,0.9184747322922527,0.06234710038493496,0.171109077917671,1.4732736918941336
trend_n2000_c2_mid_snr4,610056,0.3,0.3,0.9365914011693155,0.06334745932392123,0.16562981380367395,1.4732736918941336
trend_n2000_c2_mid_snr4,610056,0.3,2.0,0.9501555438497933,0.0654898773162253,0.15553879454344285,1.4732736918941336
trend_n2000_c2_mid_snr4,610056,2.0,0.05,0.8617994475009795,0.05862216456737846,0.171109077917671,1.301958968868621
trend_n2000_c2_mid_snr4,610056,2.0,0.3,0.8883355702762832,0.05949199266904743,0.16562981380367395,1.301958968868621
trend_n2000_c2_mid_snr4,610056,2.0,2.0,0.9401667465298088,0.06121363764293912,0.15553879454344285,1.301958968868621
trend_n2000_c2_spike_snr1,610057,0.05,0.05,1.4872221167804893,0.08252241312560671,0.16273142226077839,2.574103059908729
trend_n2000_c2_spike_snr1,610057,0.05,0.3,1.5490044148347588,0.08344432943065858,0.15781005328602063,2.574103059908729
trend_n2000_c2_spike_snr1,610057,0.05,2.0,1.749698560945467,0.08422284414668142,0.14935988478272916,2.574103059908729
trend_n2000_c2_spike_snr1,610057,0.3,0.05,1.5018043790754616,0.08308766125560256,0.16273142226077839,2.6116323622008575
trend_n2000_c2_spike_snr1,610057,0.3,0.3,1.569414318518478,0.08396503162155816,0.15781005328602063,2.6116323622008575
trend_n2000_c2_spike_snr1,610057,0.3,2.0,1.7949698029111607,0.084492194659833,0.14935988478272916,2.6116323622008575
trend_n2000_c2_spike_snr1,610057,2.0,0.05,1.6086931885879825,0.09082830337997337,0.16273142226077839,3.1034437292115786
trend_n2000_c2_spike_snr1,610057,2.0,0.3,1.7017347370857,0.09161489061103249,0.15781005328602063,3.1034437292115786
trend_n2000_c2_spike_snr1,610057,2.0,2.0,2.039715106013909,0.09119893545881731,0.14935988478272916,3.1034437292115786
trend_n2000_c2_spike_snr4,610057,0.05,0.05,3.1939737753803947,0.19750988944240888,0.16624810368386278,14.653733121149834
trend_n2000_c2_spike_snr4,610057,0.05,0.3,3.4025414144433594,0.19967551542889728,0.1606096775120802,14.653733121149834
trend_n2000_c2_spike_snr4,610057,0.05,2.0,4.224014485174794,0.20023997698794913,0.14959779842011348,14.653733121149834
trend_n2000_c2_spike_snr4,610057,0.3,0.05,3.292858381309011,0.2069790500585209,0.16624810368386278,16.0326163343243
trend_n2000_c2_spike_snr4,610057,0.3,0.3,3.519317865215318,0.20919536736311253,0.1606096775120802,16.0326163343243
trend_n2000_c2_spike_snr4,610057,0.3,2.0,4.420175301016718,0.2094292768670272,0.14959779842011348,16.0326163343243
trend_n2000_c2_spike_snr4,610057,2.0,0.05,3.8361967348308794,0.2622522671299543,0.16624810368386278,25.291549464923204
trend_n2000_c2_spike_snr4,610057,2.0,0.3,4.146898764685998,0.2649677201467543,0.1606096775120802,25.291549464923204
trend_n2000_c2_spike_snr4,610057,2.0,2.0,5.430543071213029,0.2643033882247727,0.14959779842011348,25.291549464923204
trend_n2000_c2_mid_snr1,610057,0.05,0.05,0.9381168657887784,0.06331384035707985,0.16574823119498217,1.4733908451106823
trend_n2000_c2_mid_snr1,610057,0.05,0.3,0.9534511409866805,0.06436642084825328,0.1603803261888261,1.4733908451106823
trend_n2000_c2_mid_snr1,610057,0.05,2.0,0.9668123362500243,0.06677775033723277,0.14966877724378527,1.4733908451106823
trend_n2000_c2_mid_snr1,610057,0.3,0.05,0.9222134756632614,0.06189242933408239,0.16574823119498217,1.4095498037970389
trend_n2000_c2_mid_snr1,610057,0.3,0.3,0.9393785750229812,0.06290579122014942,0.1603803261888261,1.4095498037970389
trend_n2000_c2_mid_snr1,610057,0.3,2.0,0.9603928826677433,0.06520714710146788,0.14966877724378527,1.4095498037970389
trend_n2000_c2_mid_snr1,610057,2.0,0.05,0.8701093883881322,0.05803532555587482,0.16574823119498217,1.2408827806705278
trend_n2000_c2_mid_snr1,610057,2.0,0.3,0.893942921345112,0.05892765446662961,0.1603803261888261,1.2408827806705278
trend_n2000_c2_mid_snr1,610057,2.0,2.0,0.9445558074279004,0.0608526078026699,0.14966877724378527,1.2408827806705278
trend_n2000_c2_mid_snr4,610057,0.05,0.05,0.9436355711118246,0.06366923833437581,0.1581977972690894,1.4221799046275283
trend_n2000_c2_mid_snr4,610057,0.05,0.3,0.962496149479807,0.06461740922727725,0.15343621595615517,1.4221799046275283
trend_n2000_c2_mid_snr4,610057,0.05,2.0,0.9817346210188993,0.06655030531755945,0.14493063903680678,1.4221799046275283
trend_n2000_c2_mid_snr4,610057,0.3,0.05,0.9278320885947521,0.06236899095695099,0.1581977972690894,1.3657017566626113
trend_n2000_c2_mid_snr4,610057,0.3,0.3,0.9485030132212348,0.06328163067919675,0.15343621595615517,1.3657017566626113
trend_n2000_c2_mid_snr4,610057,0.3,2.0,0.9752369478004189,0.06511733182139828,0.14493063903680678,1.3657017566626113
trend_n2000_c2_mid_snr4,610057,2.0,0.05,0.8754677215507856,0.059036409334024716,0.1581977972690894,1.222879792089977
trend_n2000_c2_mid_snr4,610057,2.0,0.3,0.9026315126971518,0.05984302001239804,0.15343621595615517,1.222879792089977
trend_n2000_c2_mid_snr4,610057,2.0,2.0,0.9581131953360155,0.06134833437476041,0.14493063903680678,1.222879792089977
trend_n2000_c2_spike_snr1,610058,0.05,0.05,1.507190273684678,0.07759001506023491,0.1680243031627165,2.4027480349833037
trend_n2000_c2_spike_snr1,610058,0.05,0.3,1.572501416846621,0.07846134313390575,0.16264661462557353,2.4027480349833037
trend_n2000_c2_spike_snr1,610058,0.05,2.0,1.7844548236615538,0.07929862610629658,0.15257241546215639,2.4027480349833037
trend_n2000_c2_spike_snr1,610058,0.3,0.05,1.5105154378606527,0.07822422257446593,0.1680243031627165,2.4376086841328797
trend_n2000_c2_spike_snr1,610058,0.3,0.3,1.5824092974423787,0.0790430996451035,0.16264661462557353,2.4376086841328797
trend_n2000_c2_spike_snr1,610058,0.3,2.0,1.8224714680466854,0.07958642581350865,0.15257241546215639,2.4376086841328797
trend_n2000_c2_spike_snr1,610058,2.0,0.05,1.5709679497972984,0.08649090925261547,0.1680243031627165,2.9260312868694016
trend_n2000_c2_spike_snr1,610058,2.0,0.3,1.6713436542790805,0.08721220452648729,0.16264661462557353,2.9260312868694016
trend_n2000_c2_spike_snr1,610058,2.0,2.0,2.0377030684597237,0.08672021284081802,0.15257241546215639,2.9260312868694016
trend_n2000_c2_spike_snr4,610058,0.05,0.05,3.1655531418011997,0.18847617268015626,0.17484851701545087,14.16206816308615
trend_n2000_c2_spike_snr4,610058,0.05,0.3,3.3612244813659893,0.19071947425085656,0.16865042347005657,14.16206816308615
trend_n2000_c2_spike_snr4,610058,0.05,2.0,4.128124697684583,0.19210212656472594,0.15601448241122345,14.16206816308615
trend_n2000_c2_spike_snr4,610058,0.3,0.05,3.2640719153506983,0.19770623747195398,0.17484851701545087,15.51806861714409
trend_n2000_c2_spike_snr4,610058,0.3,0.3,3.4756143507219823,0.20001667282087207,0.16865042347005657,15.51806861714409
trend_n2000_c2_spike_snr4,610058,0.3,2.0,4.315640351436015,0.20114886892263298,0.15601448241122345,15.51806861714409
trend_n2000_c2_spike_snr4,610058,2.0,0.05,3.7912285658856204,0.2515630301685834,0.17484851701545087,24.621252382616326
trend_n2000_c2_spike_snr4,610058,2.0,0.3,4.079599158737827,0.25443683980040843,0.16865042347005657,24.621252382616326
trend_n2000_c2_spike_snr4,610058,2.0,2.0,5.280148658043435,0.25501370967257947,0.15601448241122345,24.621252382616326
trend_n2000_c2_mid_snr1,610058,0.05,0.05,0.9378859497408858,0.06178742511342633,0.1678552605686959,1.4280062184642923
trend_n2000_c2_mid_snr1,610058,0.05,0.3,0.9568554782982349,0.06289899894206803,0.1619012822193392,1.4280062184642923
trend_n2000_c2_mid_snr1,610058,0.05,2.0,0.9739649080782483,0.06540144766764698,0.15039953333966705,1.4280062184642923
trend_n2000_c2_mid_snr1,610058,0.3,0.05,0.9232168033807847,0.060553099508844486,0.1678552605686959,1.3727793439734932
trend_n2000_c2_mid_snr1,610058,0.3,0.3,0.9440214263504016,0.061626019488217824,0.1619012822193392,1.3727793439734932
trend_n2000_c2_mid_snr1,610058,0.3,2.0,0.9695586629461572,0.06401446030446806,0.15039953333966705,1.3727793439734932
trend_n2000_c2_mid_snr1,610058,2.0,0.05,0.8782788837338301,0.05727843710124833,0.1678552605686959,1.229783320234233
trend_n2000_c2_mid_snr1,610058,2.0,0.3,0.9059627003681118,0.058231852289677005,0.1619012822193392,1.229783320234233
trend_n2000_c2_mid_snr1,610058,2.0,2.0,0.9645207826915662,0.06022345705621573,0.15039953333966705,1.229783320234233
trend_n2000_c2_mid_snr4,610058,0.05,0.05,1.026733106046303,0.06172569990778667,0.17412371640682736,1.5090753672089714
trend_n2000_c2_mid_snr4,610058,0.05,0.3,1.048290426357248,0.06283624660782834,0.16790257106478199,1.5090753672089714
trend_n2000_c2_mid_snr4,610058,0.05,2.0,1.0782002043863088,0.06537962940181156,0.1555273431579018,1.5090753672089714
trend_n2000_c2_mid_snr4,610058,0.3,0.05,1.0055237315383456,0.060445165089995395,0.17412371640682736,1.4471433744234368
trend_n2000_c2_mid_snr4,610058,0.3,0.3,1.0290703098571656,0.061512311390503234,0.16790257106478199,1.4471433744234368
trend_n2000_c2_mid_snr4,610058,0.3,2.0,1.0672680798365073,0.06392912020613749,0.1555273431579018,1.4471433744234368
trend_n2000_c2_mid_snr4,610058,2.0,0.05,0.9364327209807867,0.057029331982249756,0.17412371640682736,1.2841782475238877
trend_n2000_c2_mid_snr4,610058,2.0,0.3,0.9669264093240354,0.05796605527161257,0.16790257106478199,1.2841782475238877
trend_n2000_c2_mid_snr4,610058,2.0,2.0,1.0361637048148484,0.0599603384487855,0.1555273431579018,1.2841782475238877
trend_n2000_c2_spike_snr1,610059,0.05,0.05,1.5968541165511845,0.07969220754394031,0.16434733161404275,2.504478675333368
trend_n2000_c2_spike_snr1,610059,0.05,0.3,1.6697195227063222,0.08052796102082238,0.1590700795526083,2.504478675333368
trend_n2000_c2_spike_snr1,610059,0.05,2.0,1.8996421828580556,0.08095654160463976,0.14993775610254675,2.504478675333368
trend_n2000_c2_spike_snr1,610059,0.3,0.05,1.607078884366619,0.08054409617581691,0.16434733161404275,2.5546857062283537
trend_n2000_c2_spike_snr1,610059,0.3,0.3,1.6861927772728755,0.08133299206657885,0.1590700795526083,2.5546857062283537
trend_n2000_c2_spike_snr1,610059,0.3,2.0,1.9428538117969092,0.08147669671896002,0.14993775610254675,2.5546857062283537
trend_n2000_c2_spike_snr1,610059,2.0,0.05,1.6915713635608618,0.08926103733107806,0.16434733161404275,3.0865323227831016
trend_n2000_c2_spike_snr1,610059,2.0,0.3,1.7985935209376454,0.08995789846625873,0.1590700795526083,3.0865323227831016
trend_n2000_c2_spike_snr1,610059,2.0,2.0,2.177942912048884,0.08904450231234819,0.14993775610254675,3.0865323227831016
trend_n2000_c2_spike_snr4,610059,0.05,0.05,3.3633120113672343,0.19577382401987387,0.17657640859630339,15.519299359319346
trend_n2000_c2_spike_snr4,610059,0.05,0.3,3.5577011632302384,0.1979995909569882,0.17056704399019162,15.519299359319346
trend_n2000_c2_spike_snr4,610059,0.05,2.0,4.318557100538426,0.1993231794918975,0.15831183854956407,15.519299359319346
trend_n2000_c2_spike_snr4,610059,0.3,0.05,3.4701846546670843,0.20462722776529446,0.17657640859630339,16.89889938075854
trend_n2000_c2_spike_snr4,610059,0.3,0.3,3.681072913274432,0.20689385383607378,0.17056704399019162,16.89889938075854
trend_n2000_c2_spike_snr4,610059,0.3,2.0,4.514046217452163,0.20791130686232479,0.15831183854956407,16.89889938075854
trend_n2000_c2_spike_snr4,610059,2.0,0.05,4.052839519724384,0.25635854969020866,0.17657640859630339,26.086247461886263
trend_n2000_c2_spike_snr4,610059,2.0,0.3,4.340640102104,0.25906703320304164,0.17056704399019162,26.086247461886263
trend_n2000_c2_spike_snr4,610059,2.0,2.0,5.518069616980821,0.2592903656662074,0.15831183854956407,26.086247461886263
trend_n2000_c2_mid_snr1,610059,0.05,0.05,1.0019004000155824,0.06253560142677381,0.16877179891498717,1.4881260801172944
trend_n2000_c2_mid_snr1,610059,0.05,0.3,1.0166557605638784,0.06357351703467597,0.16337432698549145,1.4881260801172944
trend_n2000_c2_mid_snr1,610059,0.05,2.0,1.0202852426476154,0.06583780214528609,0.15339062599762418,1.4881260801172944
trend_n2000_c2_mid_snr1,610059,0.3,0.05,0.9830824578720011,0.06124797572635572,0.16877179891498717,1.4280756649522561
trend_n2000_c2_mid_snr1,610059,0.3,0.3,1.0000554083196782,0.06224453582847889,0.16337432698549145,1.4280756649522561
trend_n2000_c2_mid_snr1,610059,0.3,2.0,1.0131109956938782,0.0643892705704447,0.15339062599762418,1.4280756649522561
trend_n2000_c2_mid_snr1,610059,2.0,0.05,0.9251128884670715,0.05777631844756476,0.16877179891498717,1.270069151783739
trend_n2000_c2_mid_snr1,610059,2.0,0.3,0.9499290455313721,0.058645101076079655,0.16337432698549145,1.270069151783739
trend_n2000_c2_mid_snr1,610059,2.0,2.0,0.9981027600550824,0.060378174130272196,0.15339062599762418,1.270069151783739
trend_n2000_c2_mid_snr4,610059,0.05,0.05,1.0156451222217495,0.06281322024149438,0.16917909199843326,1.508171595181948
trend_n2000_c2_mid_snr4,610059,0.05,0.3,1.028794174672151,0.06384031113534254,0.16390609486886207,1.508171595181948
trend_n2000_c2_mid_snr4,610059,0.05,2.0,1.0203863269225009,0.06615035117739441,0.15414398061127957,1.508171595181948
trend_n2000_c2_mid_snr4,610059,0.3,0.05,0.9936754098081972,0.06144377423507493,0.16917909199843326,1.443184770098363
trend_n2000_c2_mid_snr4,610059,0.3,0.3,1.008891406569394,0.062429487391121544,0.16390609486886207,1.443184770098363
trend_n2000_c2_mid_snr4,610059,0.3,2.0,1.0098293816238564,0.06461877447776403,0.15414398061127957,1.443184770098363
trend_n2000_c2_mid_snr4,610059,2.0,0.05,0.9265695460854183,0.057713044059525806,0.16917909199843326,1.2711204153533917
trend_n2000_c2_mid_snr4,610059,2.0,0.3,0.9491248349298245,0.05857131567073991,0.16390609486886207,1.2711204153533917
trend_n2000_c2_mid_snr4,610059,2.0,2.0,0.9844232098892738,0.06035111566443649,0.15414398061127957,1.2711204153533917
trend_n2000_c2_spike_snr1,610060,0.05,0.05,1.493774603782487,0.07741754320749977,0.17132723548464313,2.433930835379254
trend_n2000_c2_spike_snr1,610060,0.05,0.3,1.5524752408311162,0.07856585729992417,0.16509036117444584,2.433930835379254
trend_n2000_c2_spike_snr1,610060,0.05,2.0,1.7504858587198455,0.08020987721879377,0.1528987185892994,2.433930835379254
trend_n2000_c2_spike_snr1,610060,0.3,0.05,1.5059226947404438,0.07812976720423052,0.17132723548464313,2.4780969545999967
trend_n2000_c2_spike_snr1,610060,0.3,0.3,1.5709697052959688,0.07923117548000597,0.16509036117444584,2.4780969545999967
trend_n2000_c2_spike_snr1,610060,0.3,2.0,1.7966368523345637,0.0805994091531725,0.1528987185892994,2.4780969545999967
trend_n2000_c2_spike_snr1,610060,2.0,0.05,1.6053322465341902,0.08669594819693113,0.17132723548464313,3.0144057567411164
trend_n2000_c2_spike_snr1,610060,2.0,0.3,1.697516041052721,0.08772958040437635,0.16509036117444584,3.0144057567411164
trend_n2000_c2_spike_snr1,610060,2.0,2.0,2.0456103005312793,0.08816482788896933,0.1528987185892994,3.0144057567411164
trend_n2000_c2_spike_snr4,610060,0.05,0.05,3.296910890495378,0.19699800604549494,0.17619483671328817,15.577109550931157
trend_n2000_c2_spike_snr4,610060,0.05,0.3,3.508739901178779,0.19923825301577056,0.17001192906940768,15.577109550931157
trend_n2000_c2_spike_snr4,610060,0.05,2.0,4.344009568893654,0.20045726951482762,0.15709653990480266,15.577109550931157
trend_n2000_c2_spike_snr4,610060,0.3,0.05,3.3902001151695127,0.20616940934254646,0.17619483671328817,16.98872304725498
trend_n2000_c2_spike_snr4,610060,0.3,0.3,3.6171963348475216,0.20848198145088734,0.17001192906940768,16.98872304725498
trend_n2000_c2_spike_snr4,610060,0.3,2.0,4.5222749936485105,0.20949789710488387,0.15709653990480266,16.98872304725498
trend_n2000_c2_spike_snr4,610060,2.0,0.05,3.9109532016956168,0.2592245150849719,0.17619483671328817,26.35097010131006
trend_n2000_c2_spike_snr4,610060,2.0,0.3,4.212998711590124,0.26209049491328634,0.17001192906940768,26.35097010131006
trend_n2000_c2_spike_snr4,610060,2.0,2.0,5.467013387431514,0.2626663123678495,0.15709653990480266,26.35097010131006
trend_n2000_c2_mid_snr1,610060,0.05,0.05,0.9793071953681773,0.060648613230285316,0.17119597400627623,1.4223294749706747
trend_n2000_c2_mid_snr1,610060,0.05,0.3,0.9968286215301898,0.06170214770099199,0.1653801666619391,1.4223294749706747
trend_n2000_c2_mid_snr1,610060,0.05,2.0,1.013549792784101,0.06418572409174844,0.15362156015289843,1.4223294749706747
trend_n2000_c2_mid_snr1,610060,0.3,0.05,0.9608687478424519,0.05948394873589954,0.17119597400627623,1.3683475730059198
trend_n2000_c2_mid_snr1,610060,0.3,0.3,0.9804012981827027,0.06049828697702102,0.1653801666619391,1.3683475730059198
trend_n2000_c2_mid_snr1,610060,0.3,2.0,1.0059397139507964,0.06286195636088703,0.15362156015289843,1.3683475730059198
trend_n2000_c2_mid_snr1,610060,2.0,0.05,0.9007999924832718,0.0563236205857642,0.17119597400627623,1.224016358261827
trend_n2000_c2_mid_snr1,610060,2.0,0.3,0.9276603922117123,0.05721547714064156,0.1653801666619391,1.224016358261827
trend_n2000_c2_mid_snr1,610060,2.0,2.0,0.9867033568648204,0.05916568154017199,0.15362156015289843,1.224016358261827
trend_n2000_c2_mid_snr4,610060,0.05,0.05,0.9704410218682743,0.061537747944332054,0.1716580343245679,1.4604615491463682
trend_n2000_c2_mid_snr4,610060,0.05,0.3,0.9857405307072538,0.06262521551247052,0.16581690598104787,1.4604615491463682
trend_n2000_c2_mid_snr4,610060,0.05,2.0,0.9946231820072786,0.06511687762354737,0.1543630775909543,1.4604615491463682
trend_n2000_c2_mid_snr4,610060,0.3,0.05,0.9533861956029082,0.060198066986827864,0.1716580343245679,1.3988949067111163
trend_n2000_c2_mid_snr4,610060,0.3,0.3,0.9708461019357412,0.06124272229289104,0.16581690598104787,1.3988949067111163
trend_n2000_c2_mid_snr4,610060,0.3,2.0,0.988791375851459,0.06361112979212379,0.1543630775909543,1.3988949067111163
trend_n2000_c2_mid_snr4,610060,2.0,0.05,0.8990744000506505,0.056679908340432676,0.1716580343245679,1.240595542730646
trend_n2000_c2_mid_snr4,610060,2.0,0.3,0.923589827555016,0.057599203330899726,0.16581690598104787,1.240595542730646
trend_n2000_c2_mid_snr4,610060,2.0,2.0,0.9731187565013547,0.05956930421405351,0.1543630775909543,1.240595542730646
trend_n2000_c2_spike_snr1,610061,0.05,0.05,1.6370083253028427,0.07758571907518101,0.17403785224245585,2.5595476784833497
trend_n2000_c2_spike_snr1,610061,0.05,0.3,1.7019404619505554,0.07850093306397489,0.16829087893650405,2.5595476784833497
trend_n2000_c2_spike_snr1,610061,0.05,2.0,1.908896778484958,0.07958093729279646,0.15705182415201469,2.5595476784833497
trend_n2000_c2_spike_snr1,610061,0.3,0.05,1.6438823942441565,0.07819021835841038,0.17403785224245585,2.5962170399419264
trend_n2000_c2_spike_snr1,610061,0.3,0.3,1.7142094939328327,0.07905994254725339,0.16829087893650405,2.5962170399419264
trend_n2000_c2_spike_snr1,610061,0.3,2.0,1.945098520671721,0.07987587124890405,0.15705182415201469,2.5962170399419264
trend_n2000_c2_spike_snr1,610061,2.0,0.05,1.7186743410662761,0.085999612517502,0.17403785224245585,3.085850596408136
trend_n2000_c2_spike_snr1,610061,2.0,0.3,1.8132232957402452,0.08678621785294939,0.16829087893650405,3.085850596408136
trend_n2000_c2_spike_snr1,610061,2.0,2.0,2.154601095235067,0.0866640899564892,0.15705182415201469,3.085850596408136
trend_n2000_c2_spike_snr4,610061,0.05,0.05,3.1698356520355992,0.1967250893436436,0.1758057280140219,15.360494216821607
trend_n2000_c2_spike_snr4,610061,0.05,0.3,3.3878964424676954,0.1990477821811079,0.1694695989636006,15.360494216821607
trend_n2000_c2_spike_snr4,610061,0.05,2.0,4.228031207186299,0.19990991276936088,0.1571819854406963,15.360494216821607
trend_n2000_c2_spike_snr4,610061,0.3,0.05,3.2465130422170754,0.20568338412800097,0.1758057280140219,16.713243089679388
trend_n2000_c2_spike_snr4,610061,0.3,0.3,3.482438947455796,0.2080626005551437,0.1694695989636006,16.713243089679388
trend_n2000_c2_spike_snr4,610061,0.3,2.0,4.40246896353852,0.20860947751406664,0.1571819854406963,16.713243089679388
trend_n2000_c2_spike_snr4,610061,2.0,0.05,3.689927638914113,0.25798782507936113,0.1758057280140219,25.772748130332182
trend_n2000_c2_spike_snr4,610061,2.0,0.3,4.011490159800542,0.2608859496783189,0.1694695989636006,25.772748130332182
trend_n2000_c2_spike_snr4,610061,2.0,2.0,5.320567515769173,0.2605714161123654,0.1571819854406963,25.772748130332182
trend_n2000_c2_mid_snr1,610061,0.05,0.05,1.055033156397546,0.06082300993529666,0.1771811653279343,1.5068501829639713
trend_n2000_c2_mid_snr1,610061,0.05,0.3,1.0720292159179525,0.061860030073044144,0.17133188144678113,1.5068501829639713
trend_n2000_c2_mid_snr1,610061,0.05,2.0,1.0837982090350946,0.06434835631881752,0.15949286743415664,1.5068501829639713
trend_n2000_c2_mid_snr1,610061,0.3,0.05,1.0354518869175608,0.05948377931667608,0.1771811653279343,1.4425601414398912
trend_n2000_c2_mid_snr1,610061,0.3,0.3,1.0552343598195832,0.06047097234250653,0.17133188144678113,1.4425601414398912
trend_n2000_c2_mid_snr1,610061,0.3,2.0,1.0783792282058873,0.06280786801203157,0.15949286743415664,1.4425601414398912
trend_n2000_c2_mid_snr1,610061,2.0,0.05,0.9724707584521807,0.055863069707241884,0.1771811653279343,1.2723066093300968
trend_n2000_c2_mid_snr1,610061,2.0,0.3,1.0015105909295996,0.056698249132905526,0.17133188144678113,1.2723066093300968
trend_n2000_c2_mid_snr1,610061,2.0,2.0,1.0647457502237745,0.05852506953115636,0.15949286743415664,1.2723066093300968
trend_n2000_c2_mid_snr4,610061,0.05,0.05,0.821411226438733,0.06183682413559971,0.17859939408659767,1.4849922478159119
trend_n2000_c2_mid_snr4,610061,0.05,0.3,0.8388257515856494,0.06295470946207518,0.17222706982613184,1.4849922478159119
trend_n2000_c2_mid_snr4,610061,0.05,2.0,0.8631872350586549,0.06551193163427763,0.15933162512060345,1.4849922478159119
trend_n2000_c2_mid_snr4,610061,0.3,0.05,0.8080864423622027,0.06061507269254961,0.17859939408659767,1.4277288070255518
trend_n2000_c2_mid_snr4,610061,0.3,0.3,0.8274649944288359,0.061695702039805754,0.17222706982613184,1.4277288070255518
trend_n2000_c2_mid_snr4,610061,0.3,2.0,0.8598311297067963,0.06414692978597175,0.15933162512060345,1.4277288070255518
trend_n2000_c2_mid_snr4,610061,2.0,0.05,0.7686669283879033,0.05726213366511531,0.17859939408659767,1.275591672061289
trend_n2000_c2_mid_snr4,610061,2.0,0.3,0.7946532654189256,0.05823126650682872,0.17222706982613184,1.275591672061289
trend_n2000_c2_mid_snr4,610061,2.0,2.0,0.8556664715797987,0.06033658592001621,0.15933162512060345,1.275591672061289
trend_n2000_c2_spike_snr1,610062,0.05,0.05,1.5863020288090752,0.07962429004974832,0.1647053348642324,2.50084120292144
trend_n2000_c2_spike_snr1,610062,0.05,0.3,1.6492025851565162,0.08063071772139668,0.15919300453733762,2.50084120292144
trend_n2000_c2_spike_snr1,610062,0.05,2.0,1.8555618539999705,0.08184116468752435,0.14863252104844896,2.50084120292144
trend_n2000_c2_spike_snr1,610062,0.3,0.05,1.5860847766512218,0.08026286552625025,0.1647053348642324,2.5343268887059143
trend_n2000_c2_spike_snr1,610062,0.3,0.3,1.6550784376366152,0.08122114072082291,0.15919300453733762,2.5343268887059143
trend_n2000_c2_spike_snr1,610062,0.3,2.0,1.8886702085939882,0.08215041181750132,0.14863252104844896,2.5343268887059143
trend_n2000_c2_spike_snr1,610062,2.0,0.05,1.6380890907324428,0.08869517654402853,0.1647053348642324,3.030787483015857
trend_n2000_c2_spike_snr1,610062,2.0,0.3,1.7342848958936485,0.08957329133693094,0.15919300453733762,3.030787483015857
trend_n2000_c2_spike_snr1,610062,2.0,2.0,2.0934435522295476,0.08951163351200538,0.14863252104844896,3.030787483015857
trend_n2000_c2_spike_snr4,610062,0.05,0.05,3.019423112815672,0.1996939543595131,0.15775082621937322,14.00709203526465
trend_n2000_c2_spike_snr4,610062,0.05,0.3,3.2260018428279467,0.20208051600105834,0.1522535080738178,14.00709203526465
trend_n2000_c2_spike_snr4,610062,0.05,2.0,4.048814493763565,0.2025283688375802,0.14242615952303833,14.00709203526465
trend_n2000_c2_spike_snr4,610062,0.3,0.05,3.1154816346629137,0.2092499578574418,0.15775082621937322,15.331762487491192
trend_n2000_c2_spike_snr4,610062,0.3,0.3,3.340191688344052,0.21169749919971184,0.1522535080738178,15.331762487491192
trend_n2000_c2_spike_snr4,610062,0.3,2.0,4.243595622297875,0.2118120877791548,0.14242615952303833,15.331762487491192
trend_n2000_c2_spike_snr4,610062,2.0,0.05,3.662736420634234,0.2660018668461504,0.15775082621937322,24.417952309580965
trend_n2000_c2_spike_snr4,610062,2.0,0.3,3.9751039405366746,0.26899833892323716,0.1522535080738178,24.417952309580965
trend_n2000_c2_spike_snr4,610062,2.0,2.0,5.276275612230963,0.2680928501283542,0.14242615952303833,24.417952309580965
trend_n2000_c2_mid_snr1,610062,0.05,0.05,0.9452609395759559,0.06656594057032361,0.158723722750104,1.5470333153248848
trend_n2000_c2_mid_snr1,610062,0.05,0.3,0.9593771064090203,0.06775098962333875,0.15329884994844298,1.5470333153248848
trend_n2000_c2_mid_snr1,610062,0.05,2.0,0.9571743257143309,0.07036631532060268,0.1431230122211188,1.5470333153248848
trend_n2000_c2_mid_snr1,610062,0.3,0.05,0.9289079359087915,0.06501780671184305,0.158723722750104,1.477566389112335
trend_n2000_c2_mid_snr1,610062,0.3,0.3,0.94468102734332,0.06616193281766956,0.15329884994844298,1.477566389112335
trend_n2000_c2_mid_snr1,610062,0.3,2.0,0.9502916307471523,0.06866632101395974,0.1431230122211188,1.477566389112335
trend_n2000_c2_mid_snr1,610062,2.0,0.05,0.8738418932812895,0.06067797304282053,0.158723722750104,1.2888158116064954
trend_n2000_c2_mid_snr1,610062,2.0,0.3,0.8958016731233065,0.06169425802851711,0.15329884994844298,1.2888158116064954
trend_n2000_c2_mid_snr1,610062,2.0,2.0,0.9319062374873227,0.06381475968545662,0.1431230122211188,1.2888158116064954
trend_n2000_c2_mid_snr4,610062,0.05,0.05,0.9367719002847955,0.06068275211660748,0.17022633598418158,1.4018087035229592
trend_n2000_c2_mid_snr4,610062,0.05,0.3,0.9558546384176867,0.06183766468156408,0.1638813245298632,1.4018087035229592
trend_n2000_c2_mid_snr4,610062,0.05,2.0,0.98161271381106,0.06466634681397553,0.15043007984463383,1.4018087035229592
trend_n2000_c2_mid_snr4,610062,0.3,0.05,0.9220113873719717,0.059396428053006906,0.17022633598418158,1.3446042878000435
trend_n2000_c2_mid_snr4,610062,0.3,0.3,0.9431321968729366,0.06050854512591915,0.1638813245298632,1.3446042878000435
trend_n2000_c2_mid_snr4,610062,0.3,2.0,0.9775469672318695,0.06320914938882079,0.15043007984463383,1.3446042878000435
trend_n2000_c2_mid_snr4,610062,2.0,0.05,0.8716719963592633,0.05594668331385262,0.17022633598418158,1.1939019416002017
trend_n2000_c2_mid_snr4,610062,2.0,0.3,0.8996791687968103,0.05693075298337522,0.1638813245298632,1.1939019416002017
trend_n2000_c2_mid_snr4,610062,2.0,2.0,0.965442754302533,0.05920946843099224,0.15043007984463383,1.1939019416002017
trend_n2000_c2_spike_snr1,610063,0.05,0.05,1.7304485509093566,0.07329405868235425,0.176541784278409,2.423520812776752
trend_n2000_c2_spike_snr1,610063,0.05,0.3,1.7883165042443958,0.07426614617067392,0.17045481922529057,2.423520812776752
trend_n2000_c2_spike_snr1,610063,0.05,2.0,1.970376673184468,0.07577673107195544,0.15783138610017988,2.423520812776752
trend_n2000_c2_spike_snr1,610063,0.3,0.05,1.7309455834906187,0.0741612586773609,0.176541784278409,2.468929333450875
trend_n2000_c2_spike_snr1,610063,0.3,0.3,1.79487412537754,0.07508016747587215,0.17045481922529057,2.468929333450875
trend_n2000_c2_spike_snr1,610063,0.3,2.0,2.0043638450319783,0.0762790641337858,0.15783138610017988,2.468929333450875
trend_n2000_c2_spike_snr1,610063,2.0,0.05,1.782223609780227,0.08311401329927912,0.176541784278409,2.9973941225970457
trend_n2000_c2_spike_snr1,610063,2.0,0.3,1.872575160323896,0.0839411652592105,0.17045481922529057,2.9973941225970457
trend_n2000_c2_spike_snr1,610063,2.0,2.0,2.204886269824687,0.0840943994102424,0.15783138610017988,2.9973941225970457
trend_n2000_c2_spike_snr4,610063,0.05,0.05,2.992331529375588,0.20032376333965132,0.16738799540515617,14.919795714079607
trend_n2000_c2_spike_snr4,610063,0.05,0.3,3.1922259562030533,0.20257785564843794,0.161848336845521,14.919795714079607
trend_n2000_c2_spike_snr4,610063,0.05,2.0,4.008034309123065,0.2032571284933743,0.1513031395954735,14.919795714079607
trend_n2000_c2_spike_snr4,610063,0.3,0.05,3.0833148336795753,0.20977981782461003,0.16738799540515617,16.309275106959763
trend_n2000_c2_spike_snr4,610063,0.3,0.3,3.3002885426241484,0.2120930682737921,0.161848336845521,16.309275106959763
trend_n2000_c2_spike_snr4,610063,0.3,2.0,4.194257498251631,0.2124741647796107,0.1513031395954735,16.309275106959763
trend_n2000_c2_spike_snr4,610063,2.0,0.05,3.588650219613868,0.264488563330348,0.16738799540515617,25.5512589747062
trend_n2000_c2_spike_snr4,610063,2.0,0.3,3.8878736559941864,0.2673003520563696,0.161848336845521,25.5512589747062
trend_n2000_c2_spike_snr4,610063,2.0,2.0,5.164583976946544,0.2667808353767725,0.1513031395954735,25.5512589747062
trend_n2000_c2_mid_snr1,610063,0.05,0.05,1.1158881959223286,0.0631280776968437,0.17248505379987553,1.5881638161761078
trend_n2000_c2_mid_snr1,610063,0.05,0.3,1.1359346170847027,0.06419976702624648,0.16673068006808156,1.5881638161761078
trend_n2000_c2_mid_snr1,610063,0.05,2.0,1.1545011819565467,0.06670359922922833,0.1553563693968729,1.5881638161761078
trend_n2000_c2_mid_snr1,610063,0.3,0.05,1.092692138238316,0.06175118879170382,0.17248505379987553,1.5200708186135723
trend_n2000_c2_mid_snr1,610063,0.3,0.3,1.1149915415207698,0.06277578649902418,0.16673068006808156,1.5200708186135723
trend_n2000_c2_mid_snr1,610063,0.3,2.0,1.1431151676702456,0.06513903016816133,0.1553563693968729,1.5200708186135723
trend_n2000_c2_mid_snr1,610063,2.0,0.05,1.0191398425772222,0.05811673169190116,0.17248505379987553,1.3431410992473698
trend_n2000_c2_mid_snr1,610063,2.0,0.3,1.0492904616827265,0.05899874477287477,0.16673068006808156,1.3431410992473698
trend_n2000_c2_mid_snr1,610063,2.0,2.0,1.1127078028237307,0.06088860796392955,0.1553563693968729,1.3431410992473698
trend_n2000_c2_mid_snr4,610063,0.05,0.05,1.0507740545174524,0.062427314830633324,0.15933451360805317,1.4165907471299428
trend_n2000_c2_mid_snr4,610063,0.05,0.3,1.063912960187495,0.06346727268315665,0.15431197791164694,1.4165907471299428
trend_n2000_c2_mid_snr4,610063,0.05,2.0,1.0507563890849292,0.06562445551558338,0.145910705863455,1.4165907471299428
trend_n2000_c2_mid_snr4,610063,0.3,0.05,1.0303873846804166,0.06108116961365996,0.15933451360805317,1.356901466417116
trend_n2000_c2_mid_snr4,610063,0.3,0.3,1.0462302378339545,0.06207392170603548,0.15431197791164694,1.356901466417116
trend_n2000_c2_mid_snr4,610063,0.3,2.0,1.0441185516566824,0.06409979448687482,0.145910705863455,1.356901466417116
trend_n2000_c2_mid_snr4,610063,2.0,0.05,0.9650969152618409,0.057508766494975945,0.15933451360805317,1.2012729270487037
trend_n2000_c2_mid_snr4,610063,2.0,0.3,0.9900490933164161,0.058358020753886825,0.15431197791164694,1.2012729270487037
trend_n2000_c2_mid_snr4,610063,2.0,2.0,1.0273442467748897,0.05993613489063243,0.145910705863455,1.2012729270487037
trend_n2000_c2_spike_snr1,610064,0.05,0.05,1.5316781732281146,0.07631258687345845,0.17009327154178347,2.3781782345427853
trend_n2000_c2_spike_snr1,610064,0.05,0.3,1.593462671746343,0.07736540451235163,0.16403532366776802,2.3781782345427853
trend_n2000_c2_spike_snr1,610064,0.05,2.0,1.7999703546498687,0.07896155278224941,0.15150259663001997,2.3781782345427853
trend_n2000_c2_spike_snr1,610064,0.3,0.05,1.5437175518242379,0.0770358329824199,0.17009327154178347,2.422167983014101
trend_n2000_c2_spike_snr1,610064,0.3,0.3,1.6109373839080068,0.0780487042280537,0.16403532366776802,2.422167983014101
trend_n2000_c2_spike_snr1,610064,0.3,2.0,1.8424562013552572,0.07939015744829626,0.15150259663001997,2.422167983014101
trend_n2000_c2_spike_snr1,610064,2.0,0.05,1.633795716417915,0.0857072776495919,0.17009327154178347,2.9504501097582185
trend_n2000_c2_spike_snr1,610064,2.0,0.3,1.7253359338264795,0.08667443730248994,0.16403532366776802,2.9504501097582185
trend_n2000_c2_spike_snr1,610064,2.0,2.0,2.072073065026448,0.08716735036486106,0.15150259663001997,2.9504501097582185
trend_n2000_c2_spike_snr4,610064,0.05,0.05,2.934735972284994,0.194090213642362,0.1716033696511725,14.39398000823137
trend_n2000_c2_spike_snr4,610064,0.05,0.3,3.133969561973051,0.19649508382936318,0.16551428885161304,14.39398000823137
trend_n2000_c2_spike_snr4,610064,0.05,2.0,3.928420484770414,0.19817346317221352,0.1532915257854564,14.39398000823137
trend_n2000_c2_spike_snr4,610064,0.3,0.05,3.035231706614782,0.20338056257484674,0.1716033696511725,15.763006878226513
trend_n2000_c2_spike_snr4,610064,0.3,0.3,3.251778292520705,0.2058485088885911,0.16551428885161304,15.763006878226513
trend_n2000_c2_spike_snr4,610064,0.3,2.0,4.123494625043974,0.2072594524906514,0.1532915257854564,15.763006878226513
trend_n2000_c2_spike_snr4,610064,2.0,0.05,3.570907917474715,0.2581985183838616,0.1716033696511725,25.04568343768436
trend_n2000_c2_spike_snr4,610064,2.0,0.3,3.86963032010551,0.2612305629614848,0.16551428885161304,25.04568343768436
trend_n2000_c2_spike_snr4,610064,2.0,2.0,5.115804153261803,0.26206092986955315,0.1532915257854564,25.04568343768436
trend_n2000_c2_mid_snr1,610064,0.05,0.05,1.0248943088885891,0.06338397005131821,0.16723204785936802,1.5180369754140692
trend_n2000_c2_mid_snr1,610064,0.05,0.3,1.0431170061364572,0.06463933051613753,0.1608733731100036,1.5180369754140692
trend_n2000_c2_mid_snr1,610064,0.05,2.0,1.052307801136661,0.0675209376264723,0.1485884283470504,1.5180369754140692
trend_n2000_c2_mid_snr1,610064,0.3,0.05,1.0071512660161495,0.06199928488699023,0.16723204785936802,1.4539971174432904
trend_n2000_c2_mid_snr1,610064,0.3,0.3,1.0277877564972793,0.06320517635805367,0.1608733731100036,1.4539971174432904
trend_n2000_c2_mid_snr1,610064,0.3,2.0,1.0471928263236705,0.06594499248445017,0.1485884283470504,1.4539971174432904
trend_n2000_c2_mid_snr1,610064,2.0,0.05,0.9525119043898793,0.058245461942725736,0.16723204785936802,1.285272194309038
trend_n2000_c2_mid_snr1,610064,2.0,0.3,0.9812610639161495,0.05930219628634345,0.1608733731100036,1.285272194309038
trend_n2000_c2_mid_snr1,610064,2.0,2.0,1.0372095977198565,0.061569711363696274,0.1485884283470504,1.285272194309038
trend_n2000_c2_mid_snr4,610064,0.05,0.05,1.0313656613777054,0.06271642357934828,0.16677945474777645,1.488097690578378
trend_n2000_c2_mid_snr4,610064,0.05,0.3,1.0465427296015508,0.06369106353384031,0.16174549911508235,1.488097690578378
trend_n2000_c2_mid_snr4,610064,0.05,2.0,1.052499427178148,0.06590483987069203,0.15206449695079205,1.488097690578378
trend_n2000_c2_mid_snr4,610064,0.3,0.05,1.0167384410868117,0.061471975570543444,0.16677945474777645,1.431602652973655
trend_n2000_c2_mid_snr4,610064,0.3,0.3,1.033751395162908,0.06241036118788672,0.16174549911508235,1.431602652973655
trend_n2000_c2_mid_snr4,610064,0.3,2.0,1.047770076952491,0.0645172324375033,0.15206449695079205,1.431602652973655
trend_n2000_c2_mid_snr4,610064,2.0,0.05,0.9664012691459535,0.05814252261370192,0.16677945474777645,1.2822465090680637
trend_n2000_c2_mid_snr4,610064,2.0,0.3,0.9901582954392283,0.05896650189077089,0.16174549911508235,1.2822465090680637
trend_n2000_c2_mid_snr4,610064,2.0,2.0,1.0354690548464136,0.06069359755005046,0.15206449695079205,1.2822465090680637
trend_n2000_c2_spike_snr1,610065,0.05,0.05,1.474775011941303,0.08039158021033291,0.1667990283450238,2.5166050365761077
trend_n2000_c2_spike_snr1,610065,0.05,0.3,1.5379127532743682,0.08138403799842174,0.16133477463783483,2.5166050365761077
trend_n2000_c2_spike_snr1,610065,0.05,2.0,1.7484545373445155,0.08229555062868078,0.1517063169424243,2.5166050365761077
trend_n2000_c2_spike_snr1,610065,0.3,0.05,1.4852864324579171,0.08103539442976862,0.1667990283450238,2.5564307325170224
trend_n2000_c2_spike_snr1,610065,0.3,0.3,1.554649763118525,0.08198173455360637,0.16133477463783483,2.5564307325170224
trend_n2000_c2_spike_snr1,610065,0.3,2.0,1.7926608780846978,0.08261718953259443,0.1517063169424243,2.5564307325170224
trend_n2000_c2_spike_snr1,610065,2.0,0.05,1.5731926998138555,0.08928077829722735,0.1667990283450238,3.069286918645342
trend_n2000_c2_spike_snr1,610065,2.0,0.3,1.6702821834607418,0.09014084509197147,0.16133477463783483,3.069286918645342
trend_n2000_c2_spike_snr1,610065,2.0,2.0,2.033185888220069,0.08976089512741,0.1517063169424243,3.069286918645342
trend_n2000_c2_spike_snr4,610065,0.05,0.05,3.2328548534285413,0.20317930846135376,0.16726139556160244,15.544011215434523
trend_n2000_c2_spike_snr4,610065,0.05,0.3,3.447367942944574,0.20530040485670986,0.1617540829976924,15.544011215434523
trend_n2000_c2_spike_snr4,610065,0.05,2.0,4.277153944111093,0.20517963278165227,0.1517862943903888,15.544011215434523
trend_n2000_c2_spike_snr4,610065,0.3,0.05,3.327880650928199,0.21263337841735216,0.16726139556160244,16.962023444036525
trend_n2000_c2_spike_snr4,610065,0.3,0.3,3.560331974711915,0.2148014743043345,0.1617540829976924,16.962023444036525
trend_n2000_c2_spike_snr4,610065,0.3,2.0,4.469897183834419,0.2143143192174756,0.1517862943903888,16.962023444036525
trend_n2000_c2_spike_snr4,610065,2.0,0.05,3.852106965077185,0.2665960295929993,0.16726139556160244,26.23385720422845
trend_n2000_c2_spike_snr4,610065,2.0,0.3,4.169621306453162,0.26920511397803815,0.1617540829976924,26.23385720422845
trend_n2000_c2_spike_snr4,610065,2.0,2.0,5.463793653263423,0.2675109778549435,0.1517862943903888,26.23385720422845
trend_n2000_c2_mid_snr1,610065,0.05,0.05,1.0001619648891347,0.06389031452757313,0.16172025674630322,1.4807275854618704
trend_n2000_c2_mid_snr1,610065,0.05,0.3,1.0126926418612332,0.06482841492062931,0.15714659626792046,1.4807275854618704
trend_n2000_c2_mid_snr1,610065,0.05,2.0,1.0048914688097998,0.06681009300634073,0.1491457617469366,1.4807275854618704
trend_n2000_c2_mid_snr1,610065,0.3,0.05,0.9869545072827147,0.062331806072128376,0.16172025674630322,1.4129202540645622
trend_n2000_c2_mid_snr1,610065,0.3,0.3,1.001580086796399,0.06322946318530312,0.15714659626792046,1.4129202540645622
trend_n2000_c2_mid_snr1,610065,0.3,2.0,1.0031936817038074,0.06509799026051123,0.1491457617469366,1.4129202540645622
trend_n2000_c2_mid_snr1,610065,2.0,0.05,0.9412627555871473,0.058197347837731984,0.16172025674630322,1.2376555240024774
trend_n2000_c2_mid_snr1,610065,2.0,0.3,0.9637581492195461,0.058965780136536645,0.15714659626792046,1.2376555240024774
trend_n2000_c2_mid_snr1,610065,2.0,2.0,1.0019861279936422,0.06042193470234676,0.1491457617469366,1.2376555240024774
trend_n2000_c2_mid_snr4,610065,0.05,0.05,1.121125808605821,0.060891519952677615,0.16831183937476796,1.4584325115010346
trend_n2000_c2_mid_snr4,610065,0.05,0.3,1.1415319606601082,0.061988179366348165,0.16240030470472658,1.4584325115010346
trend_n2000_c2_mid_snr4,610065,0.05,2.0,1.1508170109314717,0.06432045529444336,0.15207295805822554,1.4584325115010346
trend_n2000_c2_mid_snr4,610065,0.3,0.05,1.0994304752827173,0.05969760532902072,0.16831183937476796,1.4019076727724036
trend_n2000_c2_mid_snr4,610065,0.3,0.3,1.1218541177936108,0.06075049298240961,0.16240030470472658,1.4019076727724036
trend_n2000_c2_mid_snr4,610065,0.3,2.0,1.1399656103872473,0.06295656210412019,0.15207295805822554,1.4019076727724036
trend_n2000_c2_mid_snr4,610065,2.0,0.05,1.0279336598642508,0.05652923103206094,0.16831183937476796,1.252469733545603
trend_n2000_c2_mid_snr4,610065,2.0,0.3,1.0575338959906606,0.05744762877011508,0.16240030470472658,1.252469733545603
trend_n2000_c2_mid_snr4,610065,2.0,2.0,1.1087999657732748,0.059218052501221634,0.15207295805822554,1.252469733545603
trend_n2000_c2_spike_snr1,610066,0.05,0.05,1.5462494842137597,0.08069880785101362,0.16469517277491283,2.5367104896049075
trend_n2000_c2_spike_snr1,610066,0.05,0.3,1.6108341921104563,0.0817163575218914,0.15917555816129833,2.5367104896049075
trend_n2000_c2_spike_snr1,610066,0.05,2.0,1.819339294609119,0.08284936207897595,0.14900526519524201,2.5367104896049075
trend_n2000_c2_spike_snr1,610066,0.3,0.05,1.54896116043685,0.08121094829556923,0.16469517277491283,2.5653787209150978
trend_n2000_c2_spike_snr1,610066,0.3,0.3,1.619738846840704,0.08217850998209464,0.15917555816129833,2.5653787209150978
trend_n2000_c2_spike_snr1,610066,0.3,2.0,1.8555552858945032,0.08302830977683186,0.14900526519524201,2.5653787209150978
trend_n2000_c2_spike_snr1,610066,2.0,0.05,1.612753419199506,0.08911315119794218,0.16469517277491283,3.0414914223272875
trend_n2000_c2_spike_snr1,610066,2.0,0.3,1.711013668673301,0.08999002125781276,0.15917555816129833,3.0414914223272875
trend_n2000_c2_spike_snr1,610066,2.0,2.0,2.07113754499426,0.08982900585119515,0.14900526519524201,3.0414914223272875
trend_n2000_c2_spike_snr4,610066,0.05,0.05,3.222345076991624,0.19702112328055343,0.17020343379398695,14.967778335191582
trend_n2000_c2_spike_snr4,610066,0.05,0.3,3.440289974251362,0.1990644944049767,0.1644635722366266,14.967778335191582
trend_n2000_c2_spike_snr4,610066,0.05,2.0,4.287958945120962,0.19975592722254062,0.1525586272791553,14.967778335191582
trend_n2000_c2_spike_snr4,610066,0.3,0.05,3.3201102634953057,0.20605117194328354,0.17020343379398695,16.314405729710973
trend_n2000_c2_spike_snr4,610066,0.3,0.3,3.5546820933907264,0.2081448646665854,0.1644635722366266,16.314405729710973
trend_n2000_c2_spike_snr4,610066,0.3,2.0,4.476754871055072,0.20854765423686492,0.1525586272791553,16.314405729710973
trend_n2000_c2_spike_snr4,610066,2.0,0.05,3.858503140478183,0.2591922724201601,0.17020343379398695,25.379877095573217
trend_n2000_c2_spike_snr4,610066,2.0,0.3,4.17362558525961,0.2617604123110173,0.1644635722366266,25.379877095573217
trend_n2000_c2_spike_snr4,610066,2.0,2.0,5.462372536056299,0.26140066399225087,0.1525586272791553,25.379877095573217
trend_n2000_c2_mid_snr1,610066,0.05,0.05,1.102612466307046,0.06468611877387824,0.16384943002293034,1.5690178141426536
trend_n2000_c2_mid_snr1,610066,0.05,0.3,1.1197065025068569,0.06573433162268863,0.15869334429404952,1.5690178141426536
trend_n2000_c2_mid_snr1,610066,0.05,2.0,1.1240861051592657,0.06799210774414682,0.14942774696307087,1.5690178141426536
trend_n2000_c2_mid_snr1,610066,0.3,0.05,1.082214316073487,0.06327720709089613,0.16384943002293034,1.502694203418678
trend_n2000_c2_mid_snr1,610066,0.3,0.3,1.1015625535176463,0.06428060986537594,0.15869334429404952,1.502694203418678
trend_n2000_c2_mid_snr1,610066,0.3,2.0,1.115601089637718,0.06641001895478292,0.14942774696307087,1.502694203418678
trend_n2000_c2_mid_snr1,610066,2.0,0.05,1.0144173093224662,0.0593970781253162,0.16384943002293034,1.3235776998205684
trend_n2000_c2_mid_snr1,610066,2.0,0.3,1.041923879312826,0.0602583217625998,0.15869334429404952,1.3235776998205684
trend_n2000_c2_mid_snr1,610066,2.0,2.0,1.0926461614601946,0.06193318668611672,0.14942774696307087,1.3235776998205684
trend_n2000_c2_mid_snr4,610066,0.05,0.05,0.9856177214587953,0.06427451584122376,0.16423129093077185,1.5151332879963098
trend_n2000_c2_mid_snr4,610066,0.05,0.3,0.9966350543854842,0.06528420122613417,0.15933992695770538,1.5151332879963098
trend_n2000_c2_mid_snr4,610066,0.05,2.0,0.9923625444028953,0.06746507887995608,0.15032942322195647,1.5151332879963098
trend_n2000_c2_mid_snr4,610066,0.3,0.05,0.9679451427033,0.06284632001196976,0.16423129093077185,1.44988940522565
trend_n2000_c2_mid_snr4,610066,0.3,0.3,0.9813795605003545,0.06381373790422584,0.15933992695770538,1.44988940522565
trend_n2000_c2_mid_snr4,610066,0.3,2.0,0.9865347500773782,0.06587934946807758,0.15032942322195647,1.44988940522565
trend_n2000_c2_mid_snr4,610066,2.0,0.05,0.9115376504715141,0.058939799532225834,0.16423129093077185,1.276365032269445
trend_n2000_c2_mid_snr4,610066,2.0,0.3,0.9330096877289221,0.05977862327171426,0.15933992695770538,1.276365032269445
trend_n2000_c2_mid_snr4,610066,2.0,2.0,0.9717634595782392,0.061456014050562044,0.15032942322195647,1.276365032269445
trend_n2000_c2_spike_snr1,610067,0.05,0.05,1.5511624909178545,0.08099260158578318,0.1668384638722307,2.588096434933245
trend_n2000_c2_spike_snr1,610067,0.05,0.3,1.6060721129248006,0.0820810855661063,0.16134658764760582,2.588096434933245
trend_n2000_c2_spike_snr1,610067,0.05,2.0,1.783276202955957,0.08365765613631929,0.15079261548973036,2.588096434933245
trend_n2000_c2_spike_snr1,610067,0.3,0.05,1.5552994666288686,0.08147120826234357,0.1668384638722307,2.616160061548885
trend_n2000_c2_spike_snr1,610067,0.3,0.3,1.6159746710320793,0.08251296470478024,0.16134658764760582,2.616160061548885
trend_n2000_c2_spike_snr1,610067,0.3,2.0,1.819034836158765,0.08382886712102547,0.15079261548973036,2.616160061548885
trend_n2000_c2_spike_snr1,610067,2.0,0.05,1.6199912703750436,0.08903034482396699,0.1668384638722307,3.0800588555303263
trend_n2000_c2_spike_snr1,610067,2.0,0.3,1.7060902442342212,0.08998654572086706,0.16134658764760582,3.0800588555303263
trend_n2000_c2_spike_snr1,610067,2.0,2.0,2.0268021997258816,0.09037201099977402,0.15079261548973036,3.0800588555303263
trend_n2000_c2_spike_snr4,610067,0.05,0.05,3.1480765655298653,0.19938944244706963,0.16276479043772132,14.541922876224918
trend_n2000_c2_spike_snr4,610067,0.05,0.3,3.341463285906918,0.2014236311424355,0.15767500358519543,14.541922876224918
trend_n2000_c2_spike_snr4,610067,0.05,2.0,4.109144473336969,0.20157105025319136,0.14828773166489856,14.541922876224918
trend_n2000_c2_spike_snr4,610067,0.3,0.05,3.2338643283187523,0.20863901336849164,0.16276479043772132,15.858384120188543
trend_n2000_c2_spike_snr4,610067,0.3,0.3,3.44289723378313,0.21072691997827034,0.15767500358519543,15.858384120188543
trend_n2000_c2_spike_snr4,610067,0.3,2.0,4.283357203995274,0.2105764326072175,0.14828773166489856,15.858384120188543
trend_n2000_c2_spike_snr4,610067,2.0,0.05,3.724249326465171,0.26328662375371414,0.16276479043772132,24.80064785688951
trend_n2000_c2_spike_snr4,610067,2.0,0.3,4.010269641903678,0.2658465225589399,0.15767500358519543,24.80064785688951
trend_n2000_c2_spike_snr4,610067,2.0,2.0,5.213660878481004,0.26476852151592506,0.14828773166489856,24.80064785688951
trend_n2000_c2_mid_snr1,610067,0.05,0.05,1.0639391880398725,0.06355822274455535,0.16848994201398312,1.5506437122865686
trend_n2000_c2_mid_snr1,610067,0.05,0.3,1.0815817138792698,0.06465180075959272,0.1628627276049252,1.5506437122865686
trend_n2000_c2_mid_snr1,610067,0.05,2.0,1.0924955832688106,0.06720702543156061,0.15175487710924704,1.5506437122865686
trend_n2000_c2_mid_snr1,610067,0.3,0.05,1.0399112858740889,0.06215875362328063,0.16848994201398312,1.4828984065985273
trend_n2000_c2_mid_snr1,610067,0.3,0.3,1.0592955584170447,0.06321031680615077,0.1628627276049252,1.4828984065985273
trend_n2000_c2_mid_snr1,610067,0.3,2.0,1.0783356025701782,0.06564098820187757,0.15175487710924704,1.4828984065985273
trend_n2000_c2_mid_snr1,610067,2.0,0.05,0.9605254813011975,0.05842673384740094,0.16848994201398312,1.3046426063747665
trend_n2000_c2_mid_snr1,610067,2.0,0.3,0.986580034071216,0.059348095574831734,0.1628627276049252,1.3046426063747665
trend_n2000_c2_mid_snr1,610067,2.0,2.0,1.0376962093077042,0.06135044169644104,0.15175487710924704,1.3046426063747665
trend_n2000_c2_mid_snr4,610067,0.05,0.05,1.111620392086028,0.061909537789058326,0.16677877053547152,1.4832663509126383
trend_n2000_c2_mid_snr4,610067,0.05,0.3,1.1255674973527108,0.06301921325979487,0.16119303355754946,1.4832663509126383
trend_n2000_c2_mid_snr4,610067,0.05,2.0,1.1210356106211279,0.06551071958734642,0.15086959809108683,1.4832663509126383
trend_n2000_c2_mid_snr4,610067,0.3,0.05,1.0859894949791686,0.060455695947063966,0.16677877053547152,1.4145918053473574
trend_n2000_c2_mid_snr4,610067,0.3,0.3,1.1028577268660176,0.06151030210993209,0.16119303355754946,1.4145918053473574
trend_n2000_c2_mid_snr4,610067,0.3,2.0,1.1103177954200796,0.06384199587286533,0.15086959809108683,1.4145918053473574
trend_n2000_c2_mid_snr4,610067,2.0,0.05,1.005167185914066,0.05679604316209421,0.16677877053547152,1.2434175440556632
trend_n2000_c2_mid_snr4,610067,2.0,0.3,1.0316132197196883,0.05768999972849169,0.16119303355754946,1.2434175440556632
trend_n2000_c2_mid_snr4,610067,2.0,2.0,1.081030966458784,0.05949841535205814,0.15086959809108683,1.2434175440556632
trend_n2000_c2_spike_snr1,610068,0.05,0.05,1.5796034115181394,0.07752846956599159,0.16304994719433924,2.3649502626308676
trend_n2000_c2_spike_snr1,610068,0.05,0.3,1.6401597181597578,0.07833306896588868,0.1581907466749467,2.3649502626308676
trend_n2000_c2_spike_snr1,610068,0.05,2.0,1.8252046211317,0.0789445548490716,0.14983788827864367,2.3649502626308676
trend_n2000_c2_spike_snr1,610068,0.3,0.05,1.5924869110625626,0.0782465381578084,0.16304994719433924,2.4080538516841217
trend_n2000_c2_spike_snr1,610068,0.3,0.3,1.6598661882000987,0.07899301789971329,0.1581907466749467,2.4080538516841217
trend_n2000_c2_spike_snr1,610068,0.3,2.0,1.8738623874574791,0.07928515966540052,0.14983788827864367,2.4080538516841217
trend_n2000_c2_spike_snr1,610068,2.0,0.05,1.6889855414667343,0.08712303873954619,0.16304994719433924,2.9378892338850773
trend_n2000_c2_spike_snr1,610068,2.0,0.3,1.7860364318978648,0.08774191086898304,0.1581907466749467,2.9378892338850773
trend_n2000_c2_spike_snr1,610068,2.0,2.0,2.129230040401142,0.08685789123347093,0.14983788827864367,2.9378892338850773
trend_n2000_c2_spike_snr4,610068,0.05,0.05,2.8411609146952665,0.1916654122368823,0.17297455728382163,14.092234514396928
trend_n2000_c2_spike_snr4,610068,0.05,0.3,3.0542135476823975,0.1941527020516257,0.16648951912507268,14.092234514396928
trend_n2000_c2_spike_snr4,610068,0.05,2.0,3.915076705254264,0.19589580577540447,0.15317411669199865,14.092234514396928
trend_n2000_c2_spike_snr4,610068,0.3,0.05,2.9143216575732303,0.20100525709216463,0.17297455728382163,15.432563621174827
trend_n2000_c2_spike_snr4,610068,0.3,0.3,3.1458715009983336,0.20356851117963343,0.16648951912507268,15.432563621174827
trend_n2000_c2_spike_snr4,610068,0.3,2.0,4.090706156543142,0.20506340086097724,0.15317411669199865,15.432563621174827
trend_n2000_c2_spike_snr4,610068,2.0,0.05,3.354045883767682,0.2557592715746474,0.17297455728382163,24.55277116267588
trend_n2000_c2_spike_snr4,610068,2.0,0.3,3.674280090138096,0.2589470478849688,0.16648951912507268,24.55277116267588
trend_n2000_c2_spike_snr4,610068,2.0,2.0,5.027674649214618,0.2599527365606666,0.15317411669199865,24.55277116267588
trend_n2000_c2_mid_snr1,610068,0.05,0.05,1.0905670096175704,0.06206233558989313,0.1696712468180566,1.5075459837713643
trend_n2000_c2_mid_snr1,610068,0.05,0.3,1.104178008276852,0.06326119015587164,0.16359409300162397,1.5075459837713643
trend_n2000_c2_mid_snr1,610068,0.05,2.0,1.098792920842054,0.06620002069686344,0.15130737751854204,1.5075459837713643
trend_n2000_c2_mid_snr1,610068,0.3,0.05,1.068409114937301,0.0607926001627025,0.1696712468180566,1.4465469804718318
trend_n2000_c2_mid_snr1,610068,0.3,0.3,1.084690390001795,0.06194115611877189,0.16359409300162397,1.4465469804718318
trend_n2000_c2_mid_snr1,610068,0.3,2.0,1.0904799479464424,0.06472848389505058,0.15130737751854204,1.4465469804718318
trend_n2000_c2_mid_snr1,610068,2.0,0.05,0.9924629575846144,0.05742332130389775,0.1696712468180566,1.2849650614869847
trend_n2000_c2_mid_snr1,610068,2.0,0.3,1.017863556030623,0.058418201021544394,0.16359409300162397,1.2849650614869847
trend_n2000_c2_mid_snr1,610068,2.0,2.0,1.0640462996602338,0.06069426738246353,0.15130737751854204,1.2849650614869847
trend_n2000_c2_mid_snr4,610068,0.05,0.05,0.8807481946305837,0.06309650420062846,0.16996743672799172,1.4838314836036333
trend_n2000_c2_mid_snr4,610068,0.05,0.3,0.9013497466977469,0.06417085301779356,0.16414079023040276,1.4838314836036333
trend_n2000_c2_mid_snr4,610068,0.05,2.0,0.9298128259959099,0.06662963460022286,0.1524272053856863,1.4838314836036333
trend_n2000_c2_mid_snr4,610068,0.3,0.05,0.8684151198029919,0.06181789090960485,0.16996743672799172,1.4259256958258253
trend_n2000_c2_mid_snr4,610068,0.3,0.3,0.8903997773941534,0.06285818023134024,0.16414079023040276,1.4259256958258253
trend_n2000_c2_mid_snr4,610068,0.3,2.0,0.9253041985564129,0.0652193112671799,0.1524272053856863,1.4259256958258253
trend_n2000_c2_mid_snr4,610068,2.0,0.05,0.8267939014811988,0.058285914096897505,0.16996743672799172,1.2698758784880388
trend_n2000_c2_mid_snr4,610068,2.0,0.3,0.8540020195047201,0.05922076805947762,0.16414079023040276,1.2698758784880388
trend_n2000_c2_mid_snr4,610068,2.0,2.0,0.9144753340036448,0.061246505297578906,0.1524272053856863,1.2698758784880388
trend_n2000_c2_spike_snr1,610069,0.05,0.05,1.4360811302697358,0.07489830767244106,0.1711420147145579,2.2711610684492376
trend_n2000_c2_spike_snr1,610069,0.05,0.3,1.4941572701769434,0.07598039758714524,0.1649713673395945,2.2711610684492376
trend_n2000_c2_spike_snr1,610069,0.05,2.0,1.6976260991546663,0.07766133593449782,0.1520957976018658,2.2711610684492376
trend_n2000_c2_spike_snr1,610069,0.3,0.05,1.439528504216781,0.0756557682414183,0.1711420147145579,2.311852268990674
trend_n2000_c2_spike_snr1,610069,0.3,0.3,1.5033047463699993,0.07669908088796644,0.1649713673395945,2.311852268990674
trend_n2000_c2_spike_snr1,610069,0.3,2.0,1.7329187379585131,0.07813186443812038,0.1520957976018658,2.311852268990674
trend_n2000_c2_spike_snr1,610069,2.0,0.05,1.5078561759095919,0.08440450910382459,0.1711420147145579,2.8251480841097956
trend_n2000_c2_spike_snr1,610069,2.0,0.3,1.5973197904215075,0.0854056176842585,0.1649713673395945,2.8251480841097956
trend_n2000_c2_spike_snr1,610069,2.0,2.0,1.9479282294722884,0.0860091989720605,0.1520957976018658,2.8251480841097956
trend_n2000_c2_spike_snr4,610069,0.05,0.05,3.1118255845287606,0.19558489743655036,0.16482504894162134,14.193720492641223
trend_n2000_c2_spike_snr4,610069,0.05,0.3,3.327675939024334,0.1980519943184448,0.15868805784582338,14.193720492641223
trend_n2000_c2_spike_snr4,610069,0.05,2.0,4.1669019255749,0.19877018944843697,0.14738571752614466,14.193720492641223
trend_n2000_c2_spike_snr4,610069,0.3,0.05,3.2012266027532057,0.20529158349766258,0.16482504894162134,15.568192492846393
trend_n2000_c2_spike_snr4,610069,0.3,0.3,3.4357121613861867,0.20783154675905713,0.15868805784582338,15.568192492846393
trend_n2000_c2_spike_snr4,610069,0.3,2.0,4.359099576405125,0.20822328568886925,0.14738571752614466,15.568192492846393
trend_n2000_c2_spike_snr4,610069,2.0,0.05,3.699968535767906,0.26158616563523945,0.16482504894162134,24.79093288191563
trend_n2000_c2_spike_snr4,610069,2.0,0.3,4.023333571466171,0.2647425897465794,0.15868805784582338,24.79093288191563
trend_n2000_c2_spike_snr4,610069,2.0,2.0,5.356460694490322,0.26424650110524217,0.14738571752614466,24.79093288191563
trend_n2000_c2_mid_snr1,610069,0.05,0.05,1.0904860184024485,0.06308922747769725,0.16680028849877684,1.5248382811945889
trend_n2000_c2_mid_snr1,610069,0.05,0.3,1.1069512200727933,0.06431191531345014,0.16069343286263435,1.5248382811945889
trend_n2000_c2_mid_snr1,610069,0.05,2.0,1.1079911218438836,0.06715796758726582,0.1489243985529576,1.5248382811945889
trend_n2000_c2_mid_snr1,610069,0.3,0.05,1.0711334930829126,0.061789986918317455,0.16680028849877684,1.4637886115285987
trend_n2000_c2_mid_snr1,610069,0.3,0.3,1.0900411487421782,0.0629640341346998,0.16069343286263435,1.4637886115285987
trend_n2000_c2_mid_snr1,610069,0.3,2.0,1.1016065772159465,0.06566642575967875,0.1489243985529576,1.4637886115285987
trend_n2000_c2_mid_snr1,610069,2.0,0.05,1.0053148078285976,0.058199695893447326,0.16680028849877684,1.2974214593514202
trend_n2000_c2_mid_snr1,610069,2.0,0.3,1.0328453633831731,0.059220506686192984,0.16069343286263435,1.2974214593514202
trend_n2000_c2_mid_snr1,610069,2.0,2.0,1.0835446011736207,0.06142240416994492,0.1489243985529576,1.2974214593514202
trend_n2000_c2_mid_snr4,610069,0.05,0.05,1.0643763124804113,0.06349746960896842,0.17110905143891028,1.5722680933065312
trend_n2000_c2_mid_snr4,610069,0.05,0.3,1.0844197920432153,0.06470837892733995,0.16477445925451023,1.5722680933065312
trend_n2000_c2_mid_snr4,610069,0.05,2.0,1.1017468585002328,0.06774840024436028,0.15140734799459174,1.5722680933065312
trend_n2000_c2_mid_snr4,610069,0.3,0.05,1.0420797492002427,0.06200036884029899,0.17110905143891028,1.499999024307043
trend_n2000_c2_mid_snr4,610069,0.3,0.3,1.064165730591595,0.06316200139616855,0.16477445925451023,1.499999024307043
trend_n2000_c2_mid_snr4,610069,0.3,2.0,1.0910460462896556,0.06605068646285304,0.15140734799459174,1.499999024307043
trend_n2000_c2_mid_snr4,610069,2.0,0.05,0.9672646106515292,0.058049819272729945,0.17110905143891028,1.3121368078632467
trend_n2000_c2_mid_snr4,610069,2.0,0.3,0.9969802727822135,0.05906029084005458,0.16477445925451023,1.3121368078632467
trend_n2000_c2_mid_snr4,610069,2.0,2.0,1.0610961108331491,0.06143245048775244,0.15140734799459174,1.3121368078632467
trend_n2000_c2_spike_snr1,610070,0.05,0.05,1.2737970706562978,0.07857360472685124,0.16947648875494303,2.365524709491712
trend_n2000_c2_spike_snr1,610070,0.05,0.3,1.345267941653633,0.07966100000858192,0.16326569956804268,2.365524709491712
trend_n2000_c2_spike_snr1,610070,0.05,2.0,1.5932036163643868,0.080967473484451,0.15128078815021473,2.365524709491712
trend_n2000_c2_spike_snr1,610070,0.3,0.05,1.2896352474588004,0.07941719906545729,0.16947648875494303,2.4175359980922644
trend_n2000_c2_spike_snr1,610070,0.3,0.3,1.366475379644626,0.08047692343753847,0.16326569956804268,2.4175359980922644
trend_n2000_c2_spike_snr1,610070,0.3,2.0,1.6385959844682296,0.08157440804597121,0.15128078815021473,2.4175359980922644
trend_n2000_c2_spike_snr1,610070,2.0,0.05,1.39339400972201,0.08830203494264377,0.16947648875494303,2.9693045368139632
trend_n2000_c2_spike_snr1,610070,2.0,0.3,1.4951237032327958,0.08935188607751307,0.16326569956804268,2.9693045368139632
trend_n2000_c2_spike_snr1,610070,2.0,2.0,1.8818688599968032,0.0897285968312785,0.15128078815021473,2.9693045368139632
trend_n2000_c2_spike_snr4,610070,0.05,0.05,3.2105140996675905,0.20092182348656795,0.1693873154232388,15.408456033587946
trend_n2000_c2_spike_snr4,610070,0.05,0.3,3.418091488137937,0.20319427968996592,0.16361235538719654,15.408456033587946
trend_n2000_c2_spike_snr4,610070,0.05,2.0,4.247567657240408,0.2041719350004329,0.15206090833047117,15.408456033587946
trend_n2000_c2_spike_snr4,610070,0.3,0.05,3.312877572129461,0.21020182789615233,0.1693873154232388,16.812775997228186
trend_n2000_c2_spike_snr4,610070,0.3,0.3,3.5363173468298297,0.21253778848859295,0.16361235538719654,16.812775997228186
trend_n2000_c2_spike_snr4,610070,0.3,2.0,4.43830313930823,0.21325863043212961,0.15206090833047117,16.812775997228186
trend_n2000_c2_spike_snr4,610070,2.0,0.05,3.8643177841914285,0.2640091971268994,0.1693873154232388,26.11872157603052
trend_n2000_c2_spike_snr4,610070,2.0,0.3,4.164951638701457,0.26686461222618835,0.16361235538719654,26.11872157603052
trend_n2000_c2_spike_snr4,610070,2.0,2.0,5.425186682981876,0.2669032505992746,0.15206090833047117,26.11872157603052
trend_n2000_c2_mid_snr1,610070,0.05,0.05,0.865184155702311,0.05965465715499635,0.16767405220387566,1.3177139084379048
trend_n2000_c2_mid_snr1,610070,0.05,0.3,0.8771769412977953,0.06060130944237666,0.16253762085690918,1.3177139084379048
trend_n2000_c2_mid_snr1,610070,0.05,2.0,0.8796592465127439,0.06270424850346484,0.15269729887696323,1.3177139084379048
trend_n2000_c2_mid_snr1,610070,0.3,0.05,0.8544632250266552,0.058469600929688365,0.16767405220387566,1.2677262447066142
trend_n2000_c2_mid_snr1,610070,0.3,0.3,0.8684567518358318,0.05938190743716877,0.16253762085690918,1.2677262447066142
trend_n2000_c2_mid_snr1,610070,0.3,2.0,0.8793588332109008,0.06138600167453222,0.15269729887696323,1.2677262447066142
trend_n2000_c2_mid_snr1,610070,2.0,0.05,0.8187269212953521,0.055360215810427514,0.16767405220387566,1.1391257419498322
trend_n2000_c2_mid_snr1,610070,2.0,0.3,0.8399340113261655,0.05616583522590518,0.16253762085690918,1.1391257419498322
trend_n2000_c2_mid_snr1,610070,2.0,2.0,0.8827341386978785,0.057825139101791996,0.15269729887696323,1.1391257419498322
trend_n2000_c2_mid_snr4,610070,0.05,0.05,1.0098147367140728,0.06175660416929361,0.16362472386358987,1.4136937844024395
trend_n2000_c2_mid_snr4,610070,0.05,0.3,1.0215881675293474,0.06278053031709299,0.1585116249729783,1.4136937844024395
trend_n2000_c2_mid_snr4,610070,0.05,2.0,1.0149219864302077,0.06491398488867513,0.14960846856824261,1.4136937844024395
trend_n2000_c2_mid_snr4,610070,0.3,0.05,0.9915056620440386,0.06053422143271856,0.16362472386358987,1.3588278389811723
trend_n2000_c2_mid_snr4,610070,0.3,0.3,1.0058494549149306,0.06151525297367203,0.1585116249729783,1.3588278389811723
trend_n2000_c2_mid_snr4,610070,0.3,2.0,1.0096618563396145,0.06352642675846139,0.14960846856824261,1.3588278389811723
trend_n2000_c2_mid_snr4,610070,2.0,0.05,0.9362978727173124,0.05729467781186312,0.16362472386358987,1.216623217002285
trend_n2000_c2_mid_snr4,610070,2.0,0.3,0.959555351657796,0.05814339240064694,0.1585116249729783,1.216623217002285
trend_n2000_c2_mid_snr4,610070,2.0,2.0,1.0014760170311643,0.05973369992132745,0.14960846856824261,1.216623217002285
trend_n2000_c2_spike_snr1,610071,0.05,0.05,1.6512726368986417,0.07727857354012589,0.1726906865251586,2.5314232499355636
trend_n2000_c2_spike_snr1,610071,0.05,0.3,1.7216351517639419,0.0781710596375543,0.16683477191843357,2.5314232499355636
trend_n2000_c2_spike_snr1,610071,0.05,2.0,1.9532123121058975,0.07929360230270321,0.1545679453265107,2.5314232499355636
trend_n2000_c2_spike_snr1,610071,0.3,0.05,1.6512182186663722,0.07804891825437443,0.1726906865251586,2.5726777420523144
trend_n2000_c2_spike_snr1,610071,0.3,0.3,1.7269205767247482,0.07890091529161446,0.16683477191843357,2.5726777420523144
trend_n2000_c2_spike_snr1,610071,0.3,2.0,1.9832908198449768,0.0797608839856058,0.1545679453265107,2.5726777420523144
trend_n2000_c2_spike_snr1,610071,2.0,0.05,1.6910367347156419,0.08643405537170616,0.1726906865251586,3.0715379252036583
trend_n2000_c2_spike_snr1,610071,2.0,0.3,1.7912985698233281,0.08722707303280221,0.16683477191843357,3.0715379252036583
trend_n2000_c2_spike_snr1,610071,2.0,2.0,2.163927528194133,0.08719055938934658,0.1545679453265107,3.0715379252036583
trend_n2000_c2_spike_snr4,610071,0.05,0.05,3.120714604589587,0.19579498210324248,0.17522528457835912,15.127818821984771
trend_n2000_c2_spike_snr4,610071,0.05,0.3,3.3221955597934563,0.19784998473947024,0.16950330753720946,15.127818821984771
trend_n2000_c2_spike_snr4,610071,0.05,2.0,4.1442432982052875,0.19917751663385427,0.15686448482107562,15.127818821984771
trend_n2000_c2_spike_snr4,610071,0.3,0.05,3.1970506689766687,0.2050226571140524,0.17522528457835912,16.50721082440864
trend_n2000_c2_spike_snr4,610071,0.3,0.3,3.4151727129327125,0.20713302206804565,0.16950330753720946,16.50721082440864
trend_n2000_c2_spike_snr4,610071,0.3,2.0,4.313317168541923,0.2082238113387579,0.15686448482107562,16.50721082440864
trend_n2000_c2_spike_snr4,610071,2.0,0.05,3.6393341801699477,0.25878566400291403,0.17522528457835912,25.767027568274674
trend_n2000_c2_spike_snr4,610071,2.0,0.3,3.9374192217875486,0.26138886124265676,0.16950330753720946,25.767027568274674
trend_n2000_c2_spike_snr4,610071,2.0,2.0,5.208168055851531,0.261987823851021,0.15686448482107562,25.767027568274674
trend_n2000_c2_mid_snr1,610071,0.05,0.05,0.9911562258778024,0.06134038114293472,0.1728883985440263,1.4695773376368573
trend_n2000_c2_mid_snr1,610071,0.05,0.3,1.0106594863388456,0.06234027578502978,0.16725819646737844,1.4695773376368573
trend_n2000_c2_mid_snr1,610071,0.05,2.0,1.0294666130637666,0.06475324437975798,0.15571876983939825,1.4695773376368573
trend_n2000_c2_mid_snr1,610071,0.3,0.05,0.9747726500145147,0.060169108214649165,0.1728883985440263,1.414846774077783
trend_n2000_c2_mid_snr1,610071,0.3,0.3,0.9962060825515832,0.061131438237242715,0.16725819646737844,1.414846774077783
trend_n2000_c2_mid_snr1,610071,0.3,2.0,1.0234636185088857,0.063429011485398,0.15571876983939825,1.414846774077783
trend_n2000_c2_mid_snr1,610071,2.0,0.05,0.920480919265891,0.056919569548260225,0.1728883985440263,1.2656261057951224
trend_n2000_c2_mid_snr1,610071,2.0,0.3,0.948847321609304,0.0577635801135794,0.16725819646737844,1.2656261057951224
trend_n2000_c2_mid_snr1,610071,2.0,2.0,1.008021505218202,0.059660084300610976,0.15571876983939825,1.2656261057951224
trend_n2000_c2_mid_snr4,610071,0.05,0.05,0.9572753232859418,0.0597963033410243,0.1731434907189418,1.3956093654569777
trend_n2000_c2_mid_snr4,610071,0.05,0.3,0.9702947973578349,0.060884596255775546,0.16718036599474553,1.3956093654569777
trend_n2000_c2_mid_snr4,610071,0.05,2.0,0.9699645487755143,0.06348343746998658,0.15518729463281924,1.3956093654569777
trend_n2000_c2_mid_snr4,610071,0.3,0.05,0.9395074390175706,0.05865340119590969,0.1731434907189418,1.3429419020534494
trend_n2000_c2_mid_snr4,610071,0.3,0.3,0.9551956526569152,0.0596976605490104,0.16718036599474553,1.3429419020534494
trend_n2000_c2_mid_snr4,610071,0.3,2.0,0.9660159972605008,0.06216198967764231,0.15518729463281924,1.3429419020534494
trend_n2000_c2_mid_snr4,610071,2.0,0.05,0.8821900412190222,0.05576612619499092,0.1731434907189418,1.2105779419572573
trend_n2000_c2_mid_snr4,610071,2.0,0.3,0.9068870103591781,0.05667949405202511,0.16718036599474553,1.2105779419572573
trend_n2000_c2_mid_snr4,610071,2.0,2.0,0.9572993342291577,0.05869933312303686,0.15518729463281924,1.2105779419572573
trend_n2000_c2_spike_snr1,610072,0.05,0.05,1.48884115147213,0.07856445583546315,0.1578707946883169,2.296870190968318
trend_n2000_c2_spike_snr1,610072,0.05,0.3,1.5472111210065127,0.0794981601661496,0.15290920710701178,2.296870190968318
trend_n2000_c2_spike_snr1,610072,0.05,2.0,1.7308340800793671,0.08053112839216156,0.1439742395042537,2.296870190968318
trend_n2000_c2_spike_snr1,610072,0.3,0.05,1.501383616272113,0.07924575941267074,0.1578707946883169,2.336704636742139
trend_n2000_c2_spike_snr1,610072,0.3,0.3,1.5659807779635475,0.0801317481433446,0.15290920710701178,2.336704636742139
trend_n2000_c2_spike_snr1,610072,0.3,2.0,1.7774565545899954,0.08088186108861453,0.1439742395042537,2.336704636742139
trend_n2000_c2_spike_snr1,610072,2.0,0.05,1.5909025469028364,0.08801188455704219,0.1578707946883169,2.8428839698821613
trend_n2000_c2_spike_snr1,610072,2.0,0.3,1.6838019911640456,0.08880472170964476,0.15290920710701178,2.8428839698821613
trend_n2000_c2_spike_snr1,610072,2.0,2.0,2.0247584581347438,0.08849236448195016,0.1439742395042537,2.8428839698821613
trend_n2000_c2_spike_snr4,610072,0.05,0.05,3.1705718009906123,0.19802903656474805,0.15722323141834388,13.89933442550432
trend_n2000_c2_spike_snr4,610072,0.05,0.3,3.388131552250143,0.19986402539053313,0.15225339470065122,13.89933442550432
trend_n2000_c2_spike_snr4,610072,0.05,2.0,4.232376057807949,0.19857237649153053,0.14374241760768436,13.89933442550432
trend_n2000_c2_spike_snr4,610072,0.3,0.05,3.2642964825982315,0.2076690365934916,0.15722323141834388,15.222704846646641
trend_n2000_c2_spike_snr4,610072,0.3,0.3,3.500868484828901,0.20954048544437473,0.15225339470065122,15.222704846646641
trend_n2000_c2_spike_snr4,610072,0.3,2.0,4.429929274657314,0.20780369898795642,0.14374241760768436,15.222704846646641
trend_n2000_c2_spike_snr4,610072,2.0,0.05,3.7799378142236133,0.26450718612542273,0.15722323141834388,24.224343081062695
trend_n2000_c2_spike_snr4,610072,2.0,0.3,4.108083060847244,0.2668065434232723,0.15225339470065122,24.224343081062695
trend_n2000_c2_spike_snr4,610072,2.0,2.0,5.453066306399897,0.26356124091943434,0.14374241760768436,24.224343081062695
trend_n2000_c2_mid_snr1,610072,0.05,0.05,1.0769404246317198,0.060086669917836816,0.17510365178199072,1.4662121589377808
trend_n2000_c2_mid_snr1,610072,0.05,0.3,1.0971468305832877,0.06126075153880337,0.1684916945095978,1.4662121589377808
trend_n2000_c2_mid_snr1,610072,0.05,2.0,1.1141875284775888,0.06428647093271678,0.15436007300500373,1.4662121589377808
trend_n2000_c2_mid_snr1,610072,0.3,0.05,1.058496904720077,0.05880294193008301,0.17510365178199072,1.4059198424357264
trend_n2000_c2_mid_snr1,610072,0.3,0.3,1.0806892551678182,0.05993097447813594,0.1684916945095978,1.4059198424357264
trend_n2000_c2_mid_snr1,610072,0.3,2.0,1.1065827152370467,0.06281488624694155,0.15436007300500373,1.4059198424357264
trend_n2000_c2_mid_snr1,610072,2.0,0.05,0.9932679864044243,0.05536738419662267,0.17510365178199072,1.245257440460178
trend_n2000_c2_mid_snr1,610072,2.0,0.3,1.0225474371959555,0.05635319096593456,0.1684916945095978,1.245257440460178
trend_n2000_c2_mid_snr1,610072,2.0,2.0,1.0822969526417585,0.058748451344237514,0.15436007300500373,1.245257440460178
trend_n2000_c2_mid_snr4,610072,0.05,0.05,0.8965398109331547,0.06562118299194182,0.16063031656402849,1.5111217788287714
trend_n2000_c2_mid_snr4,610072,0.05,0.3,0.9120730400658739,0.06671969041677048,0.1553691628248448,1.5111217788287714
trend_n2000_c2_mid_snr4,610072,0.05,2.0,0.9223776343959328,0.06901576548047306,0.14575416839006916,1.5111217788287714
trend_n2000_c2_mid_snr4,610072,0.3,0.05,0.8835609073836277,0.06415120738425688,0.16063031656402849,1.4461874989654357
trend_n2000_c2_mid_snr4,610072,0.3,0.3,0.9013767167032569,0.06520773360453658,0.1553691628248448,1.4461874989654357
trend_n2000_c2_mid_snr4,610072,0.3,2.0,0.920887799404513,0.0673912058603551,0.14575416839006916,1.4461874989654357
trend_n2000_c2_mid_snr4,610072,2.0,0.05,0.8430307504024512,0.06017583358249777,0.16063031656402849,1.276323595859225
trend_n2000_c2_mid_snr4,610072,2.0,0.3,0.8685905802772201,0.061105641618104986,0.1553691628248448,1.276323595859225
trend_n2000_c2_mid_snr4,610072,2.0,2.0,0.9213199320695461,0.06291173225281631,0.14575416839006916,1.276323595859225
trend_n2000_c2_spike_snr1,610073,0.05,0.05,1.5175755047810038,0.07968082892486408,0.16568068968891142,2.4832894997524866
trend_n2000_c2_spike_snr1,610073,0.05,0.3,1.581771254313997,0.0807686094538601,0.15984005924286562,2.4832894997524866
trend_n2000_c2_spike_snr1,610073,0.05,2.0,1.7905527112297346,0.08216644234135435,0.14874250098353003,2.4832894997524866
trend_n2000_c2_spike_snr1,610073,0.3,0.05,1.5266220613014494,0.08019354500436117,0.16568068968891142,2.514986848263784
trend_n2000_c2_spike_snr1,610073,0.3,0.3,1.5968231871849698,0.08123345933412505,0.15984005924286562,2.514986848263784
trend_n2000_c2_spike_snr1,610073,0.3,2.0,1.8319320545903517,0.0823587211056551,0.14874250098353003,2.514986848263784
trend_n2000_c2_spike_snr1,610073,2.0,0.05,1.6110349550132974,0.08815489250829406,0.16568068968891142,3.002541870878503
trend_n2000_c2_spike_snr1,610073,2.0,0.3,1.708156543138475,0.08911438821689238,0.15984005924286562,3.002541870878503
trend_n2000_c2_spike_snr1,610073,2.0,2.0,2.064713125223871,0.08927225737497867,0.14874250098353003,3.002541870878503
trend_n2000_c2_spike_snr4,610073,0.05,0.05,3.267684385566363,0.19402054754261638,0.165046433799435,14.175907359333571
trend_n2000_c2_spike_snr4,610073,0.05,0.3,3.467520121283383,0.19590456266881243,0.1598111241141411,14.175907359333571
trend_n2000_c2_spike_snr4,610073,0.05,2.0,4.258702984211831,0.19587624053810032,0.149543060065334,14.175907359333571
trend_n2000_c2_spike_snr4,610073,0.3,0.05,3.3537254731213646,0.2034956104328681,0.165046433799435,15.511984898846064
trend_n2000_c2_spike_snr4,610073,0.3,0.3,3.5709856118086387,0.20542266970375037,0.1598111241141411,15.511984898846064
trend_n2000_c2_spike_snr4,610073,0.3,2.0,4.440246032019457,0.2050579578860171,0.149543060065334,15.511984898846064
trend_n2000_c2_spike_snr4,610073,2.0,0.05,3.8320909421779157,0.25928091176327983,0.165046433799435,24.592521091300018
trend_n2000_c2_spike_snr4,610073,2.0,0.3,4.133266743123036,0.2616657772740754,0.1598111241141411,24.592521091300018
trend_n2000_c2_spike_snr4,610073,2.0,2.0,5.385752566270949,0.260365466311996,0.149543060065334,24.592521091300018
trend_n2000_c2_mid_snr1,610073,0.05,0.05,0.9227341338209231,0.0624519205050381,0.17031655261728182,1.472237152521864
trend_n2000_c2_mid_snr1,610073,0.05,0.3,0.9379672263347986,0.06355974039684202,0.16447033740790565,1.472237152521864
trend_n2000_c2_mid_snr1,610073,0.05,2.0,0.950751546462389,0.06616952935854147,0.15253206097837635,1.472237152521864
trend_n2000_c2_mid_snr1,610073,0.3,0.05,0.905370463756726,0.06102762181527858,0.17031655261728182,1.4069830287538223
trend_n2000_c2_mid_snr1,610073,0.3,0.3,0.9229602792130398,0.06209060193755379,0.16447033740790565,1.4069830287538223
trend_n2000_c2_mid_snr1,610073,0.3,2.0,0.945460160748526,0.06457020471805172,0.15253206097837635,1.4069830287538223
trend_n2000_c2_mid_snr1,610073,2.0,0.05,0.8495296506252222,0.05729279894516564,0.17031655261728182,1.239915628064914
trend_n2000_c2_mid_snr1,610073,2.0,0.3,0.8754078682613269,0.05822061820409998,0.16447033740790565,1.239915628064914
trend_n2000_c2_mid_snr1,610073,2.0,2.0,0.9339996967717792,0.0602652207279282,0.15253206097837635,1.239915628064914
trend_n2000_c2_mid_snr4,610073,0.05,0.05,0.9229423232892352,0.06591894166779337,0.16204013367554668,1.544849421107204
trend_n2000_c2_mid_snr4,610073,0.05,0.3,0.9431507377111626,0.06697119804484972,0.156824039045562,1.544849421107204
trend_n2000_c2_mid_snr4,610073,0.05,2.0,0.9717788873328963,0.06920083629174234,0.14695653262727137,1.544849421107204
trend_n2000_c2_mid_snr4,610073,0.3,0.05,0.9108363574174501,0.06450437036953074,0.16204013367554668,1.4815214107615908
trend_n2000_c2_mid_snr4,610073,0.3,0.3,0.9329054174514765,0.06551832889906042,0.156824039045562,1.4815214107615908
trend_n2000_c2_mid_snr4,610073,0.3,2.0,0.9694813654014353,0.06764101737092457,0.14695653262727137,1.4815214107615908
trend_n2000_c2_mid_snr4,610073,2.0,0.05,0.8712304437392349,0.060540409880227734,0.16204013367554668,1.3096074951643155
trend_n2000_c2_mid_snr4,610073,2.0,0.3,0.9001912383386108,0.06143293945111188,0.156824039045562,1.3096074951643155
trend_n2000_c2_mid_snr4,610073,2.0,2.0,0.9677494208613086,0.06317821485433871,0.14695653262727137,1.3096074951643155
trend_n2000_c2_spike_snr1,610074,0.05,0.05,1.4487421888429581,0.07630928037220511,0.17886634036165597,2.4564466223829786
trend_n2000_c2_spike_snr1,610074,0.05,0.3,1.5142678304407458,0.0774515366001029,0.17203825578971904,2.4564466223829786
trend_n2000_c2_spike_snr1,610074,0.05,2.0,1.736773940486788,0.07925238700102129,0.15781147429321576,2.4564466223829786
trend_n2000_c2_spike_snr1,610074,0.3,0.05,1.454907662020222,0.07712744228868197,0.17886634036165597,2.504512205896271
trend_n2000_c2_spike_snr1,610074,0.3,0.3,1.5255783145850919,0.0782391624758351,0.17203825578971904,2.504512205896271
trend_n2000_c2_spike_snr1,610074,0.3,2.0,1.7720006687422163,0.0798217895366584,0.15781147429321576,2.504512205896271
trend_n2000_c2_spike_snr1,610074,2.0,0.05,1.5287886089107308,0.0855665675260444,0.17886634036165597,3.0346152600897014
trend_n2000_c2_spike_snr1,610074,2.0,0.3,1.6231161737394075,0.08665939736675708,0.17203825578971904,3.0346152600897014
trend_n2000_c2_spike_snr1,610074,2.0,2.0,1.9812461703515558,0.08751957826654964,0.15781147429321576,3.0346152600897014
trend_n2000_c2_spike_snr4,610074,0.05,0.05,3.3034516594777346,0.200489408205908,0.16746354372838052,15.276762381383385
trend_n2000_c2_spike_snr4,610074,0.05,0.3,3.5070635137496087,0.202347625108314,0.16233443328888408,15.276762381383385
trend_n2000_c2_spike_snr4,610074,0.05,2.0,4.285726495056665,0.20178381861271735,0.1531974390230677,15.276762381383385
trend_n2000_c2_spike_snr4,610074,0.3,0.05,3.4095627303841494,0.20983161475634346,0.16746354372838052,16.678644257167893
trend_n2000_c2_spike_snr4,610074,0.3,0.3,3.629885464435736,0.21172633263707896,0.16233443328888408,16.678644257167893
trend_n2000_c2_spike_snr4,610074,0.3,2.0,4.481384691160285,0.21080360837466333,0.1531974390230677,16.678644257167893
trend_n2000_c2_spike_snr4,610074,2.0,0.05,3.989126668287353,0.26387232304785235,0.16746354372838052,25.96205406346675
trend_n2000_c2_spike_snr4,610074,2.0,0.3,4.289908421454408,0.26614637673754465,0.16233443328888408,25.96205406346675
trend_n2000_c2_spike_snr4,610074,2.0,2.0,5.497701543717376,0.2639910965431559,0.1531974390230677,25.96205406346675
trend_n2000_c2_mid_snr1,610074,0.05,0.05,0.9941165584636192,0.06377439696586412,0.16151061396794034,1.4720853901869386
trend_n2000_c2_mid_snr1,610074,0.05,0.3,1.0059362271777923,0.06488431852132806,0.15621533201184212,1.4720853901869386
trend_n2000_c2_mid_snr1,610074,0.05,2.0,0.99423389021301,0.0670869897939984,0.1474913078897544,1.4720853901869386
trend_n2000_c2_mid_snr1,610074,0.3,0.05,0.9768817527504352,0.06249671622434967,0.16151061396794034,1.4145366641117285
trend_n2000_c2_mid_snr1,610074,0.3,0.3,0.9910517874293634,0.06356469552722435,0.15621533201184212,1.4145366641117285
trend_n2000_c2_mid_snr1,610074,0.3,2.0,0.9892879321184771,0.06565277683676607,0.1474913078897544,1.4145366641117285
trend_n2000_c2_mid_snr1,610074,2.0,0.05,0.9259766240229232,0.059180030062426454,0.16151061396794034,1.268662654247699
trend_n2000_c2_mid_snr1,610074,2.0,0.3,0.9486617126353841,0.060118684101932905,0.15621533201184212,1.268662654247699
trend_n2000_c2_mid_snr1,610074,2.0,2.0,0.9842239439653717,0.06180838701696621,0.1474913078897544,1.268662654247699
trend_n2000_c2_mid_snr4,610074,0.05,0.05,1.0580084583620246,0.06783461914487443,0.15887548175656072,1.638522552044609
trend_n2000_c2_mid_snr4,610074,0.05,0.3,1.0728765622031142,0.0688384588275584,0.15430024487369334,1.638522552044609
trend_n2000_c2_mid_snr4,610074,0.05,2.0,1.071779498846922,0.07076614916074019,0.14689484196876793,1.638522552044609
trend_n2000_c2_mid_snr4,610074,0.3,0.05,1.0353413115743637,0.06639126161810253,0.15887548175656072,1.5694856477684662
trend_n2000_c2_mid_snr4,610074,0.3,0.3,1.0526980697982566,0.06735181329028758,0.15430024487369334,1.5694856477684662
trend_n2000_c2_mid_snr4,610074,0.3,2.0,1.0619976359194296,0.06915975524469263,0.14689484196876793,1.5694856477684662
trend_n2000_c2_mid_snr4,610074,2.0,0.05,0.9628182539698069,0.06245556290168455,0.15887548175656072,1.3854914756458034
trend_n2000_c2_mid_snr4,610074,2.0,0.3,0.9887567879906564,0.06328333611504862,0.15430024487369334,1.3854914756458034
trend_n2000_c2_mid_snr4,610074,2.0,2.0,1.035808966097181,0.06468124292763391,0.14689484196876793,1.3854914756458034
trend_n2000_c2_spike_snr1,610075,0.05,0.05,1.5714651138079285,0.07605056024944966,0.17597854939099766,2.46815382417646
trend_n2000_c2_spike_snr1,610075,0.05,0.3,1.6300508788495602,0.07707964640958195,0.1698926340176386,2.46815382417646
trend_n2000_c2_spike_snr1,610075,0.05,2.0,1.8237563357411022,0.07848449757515685,0.15787696747578137,2.46815382417646
trend_n2000_c2_spike_snr1,610075,0.3,0.05,1.584228257689326,0.07668807560920368,0.17597854939099766,2.5094785633438614
trend_n2000_c2_spike_snr1,610075,0.3,0.3,1.6485763928519859,0.07766990579863112,0.1698926340176386,2.5094785633438614
trend_n2000_c2_spike_snr1,610075,0.3,2.0,1.8674337310851614,0.078804392608608,0.15787696747578137,2.5094785633438614
trend_n2000_c2_spike_snr1,610075,2.0,0.05,1.67578516899674,0.08478002589487127,0.17597854939099766,3.021408483198925
trend_n2000_c2_spike_snr1,610075,2.0,0.3,1.7655610829833108,0.08567875677295929,0.1698926340176386,3.021408483198925
trend_n2000_c2_spike_snr1,610075,2.0,2.0,2.0998134479542805,0.08585821905894656,0.15787696747578137,3.021408483198925
trend_n2000_c2_spike_snr4,610075,0.05,0.05,2.9361984667042336,0.19289322882478072,0.168429048903567,13.973285081752215
trend_n2000_c2_spike_snr4,610075,0.05,0.3,3.124396103323576,0.195125651220665,0.16279477831030872,13.973285081752215
trend_n2000_c2_spike_snr4,610075,0.05,2.0,3.87419504213154,0.19596579637539932,0.1523176906774817,13.973285081752215
trend_n2000_c2_spike_snr4,610075,0.3,0.05,3.0527112818209834,0.2024277040223919,0.168429048903567,15.359220629392652
trend_n2000_c2_spike_snr4,610075,0.3,0.3,3.2578544186912635,0.20471606568175826,0.16279477831030872,15.359220629392652
trend_n2000_c2_spike_snr4,610075,0.3,2.0,4.083165617787563,0.20524224168859326,0.1523176906774817,15.359220629392652
trend_n2000_c2_spike_snr4,610075,2.0,0.05,3.6485968241483575,0.2578405822294712,0.168429048903567,24.614697345980666
trend_n2000_c2_spike_snr4,610075,2.0,0.3,3.9337935756178486,0.2606356741800832,0.16279477831030872,24.614697345980666
trend_n2000_c2_spike_snr4,610075,2.0,2.0,5.124250618780408,0.26026772271309745,0.1523176906774817,24.614697345980666
trend_n2000_c2_mid_snr1,610075,0.05,0.05,1.086782210944039,0.06338480510739923,0.17005970282511987,1.5659654116359416
trend_n2000_c2_mid_snr1,610075,0.05,0.3,1.101255427303684,0.06450469930188567,0.16438589672398418,1.5659654116359416
trend_n2000_c2_mid_snr1,610075,0.05,2.0,1.103976287688476,0.06715449231776396,0.15308783131031864,1.5659654116359416
trend_n2000_c2_mid_snr1,610075,0.3,0.05,1.0653698558108748,0.06199099955636552,0.17005970282511987,1.4987523529965296
trend_n2000_c2_mid_snr1,610075,0.3,0.3,1.0821224029963485,0.0630644352495834,0.16438589672398418,1.4987523529965296
trend_n2000_c2_mid_snr1,610075,0.3,2.0,1.0942488915086244,0.06557959897724551,0.15308783131031864,1.4987523529965296
trend_n2000_c2_mid_snr1,610075,2.0,0.05,0.9935051569882427,0.058131896031739225,0.17005970282511987,1.3160798868094645
trend_n2000_c2_mid_snr1,610075,2.0,0.3,1.018059871546852,0.05906170326844213,0.16438589672398418,1.3160798868094645
trend_n2000_c2_mid_snr1,610075,2.0,2.0,1.064478763299138,0.06111976111715765,0.15308783131031864,1.3160798868094645
trend_n2000_c2_mid_snr4,610075,0.05,0.05,0.9723876486611812,0.061190013054130014,0.17336479427787893,1.4608557863283316
trend_n2000_c2_mid_snr4,610075,0.05,0.3,0.9915876478170554,0.06222318652390862,0.16754946044632862,1.4608557863283316
trend_n2000_c2_mid_snr4,610075,0.05,2.0,1.0140909039078991,0.06466773105001099,0.15567770048719073,1.4608557863283316
trend_n2000_c2_mid_snr4,610075,0.3,0.05,0.9545866730900886,0.059933965044434684,0.17336479427787893,1.402211190039771
trend_n2000_c2_mid_snr4,610075,0.3,0.3,0.9752425742800597,0.06093137961921398,0.16754946044632862,1.402211190039771
trend_n2000_c2_mid_snr4,610075,0.3,2.0,1.0046889229386182,0.06326827065923651,0.15567770048719073,1.402211190039771
trend_n2000_c2_mid_snr4,610075,2.0,0.05,0.8929977791733515,0.05652046834856642,0.17336479427787893,1.2447908778714614
trend_n2000_c2_mid_snr4,610075,2.0,0.3,0.9192479454222541,0.05740630503436182,0.16754946044632862,1.2447908778714614
trend_n2000_c2_mid_snr4,610075,2.0,2.0,0.9765036964750535,0.059369345976020144,0.15567770048719073,1.2447908778714614
trend_n2000_c2_spike_snr1,610076,0.05,0.05,1.5048715669303756,0.0781278178422346,0.17224550951464698,2.4907290380182356
trend_n2000_c2_spike_snr1,610076,0.05,0.3,1.5673722323791992,0.07914366938189005,0.16636392783068674,2.4907290380182356
trend_n2000_c2_spike_snr1,610076,0.05,2.0,1.7763449368925717,0.0805533191487472,0.15451078651585365,2.4907290380182356
trend_n2000_c2_spike_snr1,610076,0.3,0.05,1.5178076668934788,0.07883754786773686,0.17224550951464698,2.53580309395724
trend_n2000_c2_spike_snr1,610076,0.3,0.3,1.5862640256435252,0.07980918182149163,0.16636392783068674,2.53580309395724
trend_n2000_c2_spike_snr1,610076,0.3,2.0,1.8215447183328877,0.08095338457374027,0.15451078651585365,2.53580309395724
trend_n2000_c2_spike_snr1,610076,2.0,0.05,1.6103912675472076,0.08715379884841372,0.17224550951464698,3.0607575366011366
trend_n2000_c2_spike_snr1,610076,2.0,0.3,1.705674157938122,0.08804585083716458,0.16636392783068674,3.0607575366011366
trend_n2000_c2_spike_snr1,610076,2.0,2.0,2.06260764539914,0.08823424974741798,0.15451078651585365,3.0607575366011366
trend_n2000_c2_spike_snr4,610076,0.05,0.05,3.133349320545728,0.1955580625457278,0.17365524346478306,14.97382341840995
trend_n2000_c2_spike_snr4,610076,0.05,0.3,3.3226242539477533,0.19798007242853874,0.16757929977299788,14.97382341840995
trend_n2000_c2_spike_snr4,610076,0.05,2.0,4.076484656373093,0.19952902060445557,0.15571494172611472,14.97382341840995
trend_n2000_c2_spike_snr4,610076,0.3,0.05,3.2358768192391563,0.20427318945428896,0.17365524346478306,16.296244889886452
trend_n2000_c2_spike_snr4,610076,0.3,0.3,3.440554905867264,0.2067523281917488,0.16757929977299788,16.296244889886452
trend_n2000_c2_spike_snr4,610076,0.3,2.0,4.263212087617371,0.20804558565800071,0.15571494172611472,16.296244889886452
trend_n2000_c2_spike_snr4,610076,2.0,0.05,3.7890189867115875,0.2557328987801536,0.17365524346478306,25.1842643848402
trend_n2000_c2_spike_snr4,610076,2.0,0.3,4.068705201138109,0.2587104257965382,0.16757929977299788,25.1842643848402
trend_n2000_c2_spike_snr4,610076,2.0,2.0,5.23283809317414,0.2593116051346859,0.15571494172611472,25.1842643848402
trend_n2000_c2_mid_snr1,610076,0.05,0.05,0.9399129352299204,0.06294533445530527,0.16890044219232203,1.486280374926794
trend_n2000_c2_mid_snr1,610076,0.05,0.3,0.9553255729603667,0.06408514763027336,0.16300069855198474,1.486280374926794
trend_n2000_c2_mid_snr1,610076,0.05,2.0,0.9613459607759204,0.06665461365985904,0.15164616891629362,1.486280374926794
trend_n2000_c2_mid_snr1,610076,0.3,0.05,0.9208735186423963,0.06148760249721661,0.16890044219232203,1.41908413688453
trend_n2000_c2_mid_snr1,610076,0.3,0.3,0.9380244894770176,0.06258571858135402,0.16300069855198474,1.41908413688453
trend_n2000_c2_mid_snr1,610076,0.3,2.0,0.9520089129535141,0.06503845959163912,0.15164616891629362,1.41908413688453
trend_n2000_c2_mid_snr1,610076,2.0,0.05,0.8609926722432669,0.057518932301884734,0.16890044219232203,1.2416794838347474
trend_n2000_c2_mid_snr1,610076,2.0,0.3,0.8843321713436578,0.05849116147580417,0.16300069855198474,1.2416794838347474
trend_n2000_c2_mid_snr1,610076,2.0,2.0,0.9281785257821084,0.060555027666759444,0.15164616891629362,1.2416794838347474
trend_n2000_c2_mid_snr4,610076,0.05,0.05,0.9347438827009786,0.06426965127426341,0.16512950088603,1.5070809921870456
trend_n2000_c2_mid_snr4,610076,0.05,0.3,0.9486214759414165,0.0654986296417382,0.15911840543106687,1.5070809921870456
trend_n2000_c2_mid_snr4,610076,0.05,2.0,0.9485021347813972,0.06802934522562207,0.14853380289385973,1.5070809921870456
trend_n2000_c2_mid_snr4,610076,0.3,0.05,0.9188514534878046,0.0628416596896681,0.16512950088603,1.44232993843867
trend_n2000_c2_mid_snr4,610076,0.3,0.3,0.9355827010924875,0.06402104982550072,0.15911840543106687,1.44232993843867
trend_n2000_c2_mid_snr4,610076,0.3,2.0,0.9466734001766,0.0664194312464254,0.14853380289385973,1.44232993843867
trend_n2000_c2_mid_snr4,610076,2.0,0.05,0.8733635746190556,0.05897560605442526,0.16512950088603,1.2734872824125005
trend_n2000_c2_mid_snr4,610076,2.0,0.3,0.899628344455634,0.06000526664361728,0.15911840543106687,1.2734872824125005
trend_n2000_c2_mid_snr4,610076,2.0,2.0,0.9502295381062204,0.06196153079247673,0.14853380289385973,1.2734872824125005
trend_n2000_c2_spike_snr1,610077,0.05,0.05,1.4274996702441196,0.0780615477579818,0.16788804663716284,2.3861556322119855
trend_n2000_c2_spike_snr1,610077,0.05,0.3,1.493689429837809,0.07922276097993748,0.16154275170798812,2.3861556322119855
trend_n2000_c2_spike_snr1,610077,0.05,2.0,1.7124891093517702,0.08074630868839965,0.14951307217367224,2.3861556322119855
trend_n2000_c2_spike_snr1,610077,0.3,0.05,1.4330627902369166,0.07859224308740138,0.16788804663716284,2.4167143209286643
trend_n2000_c2_spike_snr1,610077,0.3,0.3,1.5051827698427822,0.07970993452297093,0.16154275170798812,2.4167143209286643
trend_n2000_c2_spike_snr1,610077,0.3,2.0,1.751240534903394,0.08096346885804488,0.14951307217367224,2.4167143209286643
trend_n2000_c2_spike_snr1,610077,2.0,0.05,1.5020600348311661,0.08658148070938172,0.16788804663716284,2.8933653446254404
trend_n2000_c2_spike_snr1,610077,2.0,0.3,1.6010686777464402,0.08764352646228489,0.16154275170798812,2.8933653446254404
trend_n2000_c2_spike_snr1,610077,2.0,2.0,1.9730466460049445,0.08796159287818939,0.14951307217367224,2.8933653446254404
trend_n2000_c2_spike_snr4,610077,0.05,0.05,2.898154493057361,0.18596255128625871,0.17751173296052355,13.756143278130343
trend_n2000_c2_spike_snr4,610077,0.05,0.3,3.092329668872695,0.18812339083281296,0.17136797815273266,13.756143278130343
trend_n2000_c2_spike_snr4,610077,0.05,2.0,3.8697837951025513,0.18932523522076905,0.1588622781379287,13.756143278130343
trend_n2000_c2_spike_snr4,610077,0.3,0.05,2.973577442497732,0.19503840335345693,0.17751173296052355,15.061167668780552
trend_n2000_c2_spike_snr4,610077,0.3,0.3,3.1845399087867503,0.19726176301275244,0.17136797815273266,15.061167668780552
trend_n2000_c2_spike_snr4,610077,0.3,2.0,4.039571065103748,0.19820050005108267,0.1588622781379287,15.061167668780552
trend_n2000_c2_spike_snr4,610077,2.0,0.05,3.4029686989883587,0.24879225599961013,0.17751173296052355,24.008741301245987
trend_n2000_c2_spike_snr4,610077,2.0,0.3,3.695551949034323,0.25156507779095116,0.17136797815273266,24.008741301245987
trend_n2000_c2_spike_snr4,610077,2.0,2.0,4.932829649547621,0.2519160499470864,0.1588622781379287,24.008741301245987
trend_n2000_c2_mid_snr1,610077,0.05,0.05,1.1705763023882994,0.061302927360173357,0.17574434622555019,1.5604042768934054
trend_n2000_c2_mid_snr1,610077,0.05,0.3,1.1922355749479556,0.06247588035778624,0.16923958454792587,1.5604042768934054
trend_n2000_c2_mid_snr1,610077,0.05,2.0,1.209467589542575,0.06531088719468403,0.15627006970569132,1.5604042768934054
trend_n2000_c2_mid_snr1,610077,0.3,0.05,1.1440490531894338,0.05995192086332777,0.17574434622555019,1.4920915379503579
trend_n2000_c2_mid_snr1,610077,0.3,0.3,1.1678782269528418,0.0610735855424003,0.16923958454792587,1.4920915379503579
trend_n2000_c2_mid_snr1,610077,0.3,2.0,1.1947049670604133,0.06375330747889127,0.15627006970569132,1.4920915379503579
trend_n2000_c2_mid_snr1,610077,2.0,0.05,1.0574288125144935,0.05628947189890557,0.17574434622555019,1.3090894030624913
trend_n2000_c2_mid_snr1,610077,2.0,0.3,1.088753554585986,0.0572551192424326,0.16923958454792587,1.3090894030624913
trend_n2000_c2_mid_snr1,610077,2.0,2.0,1.1506307043473099,0.05941466721990618,0.15627006970569132,1.3090894030624913
trend_n2000_c2_mid_snr4,610077,0.05,0.05,0.9112567258711508,0.06350211550766885,0.16888125399000917,1.5009086924646948
trend_n2000_c2_mid_snr4,610077,0.05,0.3,0.9307843488071066,0.064594347489885,0.16309129910780149,1.5009086924646948
trend_n2000_c2_mid_snr4,610077,0.05,2.0,0.9480577098362717,0.06704026411904436,0.15193507767805012,1.5009086924646948
trend_n2000_c2_mid_snr4,610077,0.3,0.05,0.8941100161467537,0.062117792218947615,0.16888125399000917,1.4370031089415216
trend_n2000_c2_mid_snr4,610077,0.3,0.3,0.915336070886497,0.06317110033202213,0.16309129910780149,1.4370031089415216
trend_n2000_c2_mid_snr4,610077,0.3,2.0,0.9407808519715833,0.06550389469437505,0.15193507767805012,1.4370031089415216
trend_n2000_c2_mid_snr4,610077,2.0,0.05,0.833814753448841,0.05836701382903691,0.16888125399000917,1.266921874611219
trend_n2000_c2_mid_snr4,610077,2.0,0.3,0.8613291128833577,0.059301438555843175,0.16309129910780149,1.266921874611219
trend_n2000_c2_mid_snr4,610077,2.0,2.0,0.9184491913989807,0.06124756125549148,0.15193507767805012,1.266921874611219
trend_n2000_c2_spike_snr1,610078,0.05,0.05,1.654235071097328,0.07763258470885719,0.1683602771952798,2.488041047734881
trend_n2000_c2_spike_snr1,610078,0.05,0.3,1.7180433086096927,0.0787323882726984,0.1622263069228954,2.488041047734881
trend_n2000_c2_spike_snr1,610078,0.05,2.0,1.9176392317646584,0.08029030950341078,0.15026657589701736,2.488041047734881
trend_n2000_c2_spike_snr1,610078,0.3,0.05,1.6580083907825676,0.07840907258788803,0.1683602771952798,2.5309030043860745
trend_n2000_c2_spike_snr1,610078,0.3,0.3,1.7279000793163501,0.07946085015953645,0.1622263069228954,2.5309030043860745
trend_n2000_c2_spike_snr1,610078,0.3,2.0,1.9550466731586973,0.08072663841599279,0.15026657589701736,2.5309030043860745
trend_n2000_c2_spike_snr1,610078,2.0,0.05,1.719228936784609,0.08712285988297579,0.1683602771952798,3.050915977198702
trend_n2000_c2_spike_snr1,610078,2.0,0.3,1.8161243588549716,0.08810152900891458,0.1622263069228954,3.050915977198702
trend_n2000_c2_spike_snr1,610078,2.0,2.0,2.1690708557889793,0.0883575209090047,0.15026657589701736,3.050915977198702
trend_n2000_c2_spike_snr4,610078,0.05,0.05,3.141909596533218,0.20061652868982485,0.16533335841883112,14.927136334172474
trend_n2000_c2_spike_snr4,610078,0.05,0.3,3.3417064010492976,0.2026920099643658,0.1600714902326479,14.927136334172474
trend_n2000_c2_spike_snr4,610078,0.05,2.0,4.149747677950483,0.20303420468367656,0.14989532277292805,14.927136334172474
trend_n2000_c2_spike_snr4,610078,0.3,0.05,3.2361449964993554,0.20996042960279152,0.16533335841883112,16.293806108701474
trend_n2000_c2_spike_snr4,610078,0.3,0.3,3.4516251723501137,0.21209320752153057,0.1600714902326479,16.293806108701474
trend_n2000_c2_spike_snr4,610078,0.3,2.0,4.333192609514999,0.2121493430471142,0.14989532277292805,16.293806108701474
trend_n2000_c2_spike_snr4,610078,2.0,0.05,3.7576788869561244,0.2649038652114823,0.16533335841883112,25.515552998885244
trend_n2000_c2_spike_snr4,610078,2.0,0.3,4.050265813204444,0.26752520439353333,0.1600714902326479,25.515552998885244
trend_n2000_c2_spike_snr4,610078,2.0,2.0,5.29693621852904,0.26674636834580134,0.14989532277292805,25.515552998885244
trend_n2000_c2_mid_snr1,610078,0.05,0.05,0.8331260249296601,0.060674341559504526,0.1665924032046053,1.3409834953989523
trend_n2000_c2_mid_snr1,610078,0.05,0.3,0.8479402120338123,0.061789491888862645,0.16064974716420777,1.3409834953989523
trend_n2000_c2_mid_snr1,610078,0.05,2.0,0.8589062254199702,0.06428229355209296,0.1490995205939761,1.3409834953989523
trend_n2000_c2_mid_snr1,610078,0.3,0.05,0.8189788196335348,0.059379578415720384,0.1665924032046053,1.285350867724088
trend_n2000_c2_mid_snr1,610078,0.3,0.3,0.8359921690499492,0.0604540245630742,0.16064974716420777,1.285350867724088
trend_n2000_c2_mid_snr1,610078,0.3,2.0,0.8562325812359697,0.06283119913873443,0.1490995205939761,1.285350867724088
trend_n2000_c2_mid_snr1,610078,2.0,0.05,0.7756028334787227,0.056048414537152556,0.1665924032046053,1.1458436148528204
trend_n2000_c2_mid_snr1,610078,2.0,0.3,0.8002623053795169,0.05700279259355084,0.16064974716420777,1.1458436148528204
trend_n2000_c2_mid_snr1,610078,2.0,2.0,0.8548504053674082,0.058996968644903176,0.1490995205939761,1.1458436148528204
trend_n2000_c2_mid_snr4,610078,0.05,0.05,1.125292446007478,0.06304753670786448,0.16031914398455255,1.476269478959459
trend_n2000_c2_mid_snr4,610078,0.05,0.3,1.1352418594793123,0.06413823453833896,0.15526647925092157,1.476269478959459
trend_n2000_c2_mid_snr4,610078,0.05,2.0,1.1128518386030855,0.0666845338560904,0.1458303231017865,1.476269478959459
trend_n2000_c2_mid_snr4,610078,0.3,0.05,1.0985286198912199,0.061598171714017866,0.16031914398455255,1.4088599443760599
trend_n2000_c2_mid_snr4,610078,0.3,0.3,1.110813469542148,0.06264088238542502,0.15526647925092157,1.4088599443760599
trend_n2000_c2_mid_snr4,610078,0.3,2.0,1.0987479434624248,0.06504678488170154,0.1458303231017865,1.4088599443760599
trend_n2000_c2_mid_snr4,610078,2.0,0.05,1.0125821311910326,0.057744748969155456,0.16031914398455255,1.2324639567356486
trend_n2000_c2_mid_snr4,610078,2.0,0.3,1.0332776363772884,0.058638502376638084,0.15526647925092157,1.2324639567356486
trend_n2000_c2_mid_snr4,610078,2.0,2.0,1.0600449514125578,0.060559869400321126,0.1458303231017865,1.2324639567356486
trend_n2000_c2_spike_snr1,610079,0.05,0.05,1.5415001981256815,0.07736419032289725,0.17659691336155423,2.531461710176017
trend_n2000_c2_spike_snr1,610079,0.05,0.3,1.608555714792051,0.07833994648259629,0.17047486768911016,2.531461710176017
trend_n2000_c2_spike_snr1,610079,0.05,2.0,1.8286191176905469,0.07966636659283487,0.15797333120832857,2.531461710176017
trend_n2000_c2_spike_snr1,610079,0.3,0.05,1.5501916133642923,0.07807685949050432,0.17659691336155423,2.5752940721584023
trend_n2000_c2_spike_snr1,610079,0.3,0.3,1.6231196177215896,0.07900809480632591,0.17047486768911016,2.5752940721584023
trend_n2000_c2_spike_snr1,610079,0.3,2.0,1.8696013394581665,0.08006088782607969,0.15797333120832857,2.5752940721584023
trend_n2000_c2_spike_snr1,610079,2.0,0.05,1.6254878806143245,0.08635289093564195,0.17659691336155423,3.0976759943253653
trend_n2000_c2_spike_snr1,610079,2.0,0.3,1.7244364362756734,0.08721352382369008,0.17047486768911016,3.0976759943253653
trend_n2000_c2_spike_snr1,610079,2.0,2.0,2.0912249008853028,0.08732377494158604,0.15797333120832857,3.0976759943253653
trend_n2000_c2_spike_snr4,610079,0.05,0.05,3.054998093722621,0.19953749246831018,0.1670679802613189,14.849637734504913
trend_n2000_c2_spike_snr4,610079,0.05,0.3,3.2601205131963353,0.2014561497409192,0.16190824581241398,14.849637734504913
trend_n2000_c2_spike_snr4,610079,0.05,2.0,4.104682214873377,0.20096360896892174,0.1522409137364764,14.849637734504913
trend_n2000_c2_spike_snr4,610079,0.3,0.05,3.1497377239480313,0.20953769661295749,0.1670679802613189,16.31337435754544
trend_n2000_c2_spike_snr4,610079,0.3,0.3,3.3723710289762696,0.21151063323204772,0.16190824581241398,16.31337435754544
trend_n2000_c2_spike_snr4,610079,0.3,2.0,4.298225830416241,0.21067631425671476,0.1522409137364764,16.31337435754544
trend_n2000_c2_spike_snr4,610079,2.0,0.05,3.6701501080979964,0.26589779734425417,0.1670679802613189,25.850741972579204
trend_n2000_c2_spike_snr4,610079,2.0,0.3,3.9764100831047826,0.26832356375415023,0.16190824581241398,25.850741972579204
trend_n2000_c2_spike_snr4,610079,2.0,2.0,5.295879739564022,0.2663616876597954,0.1522409137364764,25.850741972579204
trend_n2000_c2_mid_snr1,610079,0.05,0.05,1.1263066990746682,0.060830146846364876,0.1759822966603472,1.5243198843408876
trend_n2000_c2_mid_snr1,610079,0.05,0.3,1.1424833838726303,0.061884346127895964,0.17018285060579605,1.5243198843408876
trend_n2000_c2_mid_snr1,610079,0.05,2.0,1.1460761741879324,0.06441561772922111,0.15871825559138242,1.5243198843408876
trend_n2000_c2_mid_snr1,610079,0.3,0.05,1.103265937390068,0.059616752710112506,0.1759822966603472,1.4638914571079409
trend_n2000_c2_mid_snr1,610079,0.3,0.3,1.1217988988036272,0.060625044889923534,0.17018285060579605,1.4638914571079409
trend_n2000_c2_mid_snr1,610079,0.3,2.0,1.135220114096625,0.06301755923608802,0.15871825559138242,1.4638914571079409
trend_n2000_c2_mid_snr1,610079,2.0,0.05,1.026937380811652,0.05648657576664414,0.1759822966603472,1.3074931003857324
trend_n2000_c2_mid_snr1,610079,2.0,0.3,1.0534366138303801,0.05735731546260729,0.17018285060579605,1.3074931003857324
trend_n2000_c2_mid_snr1,610079,2.0,2.0,1.1023777016795244,0.0592858216825862,0.15871825559138242,1.3074931003857324
trend_n2000_c2_mid_snr4,610079,0.05,0.05,1.0537273324073515,0.06168813395071176,0.16663412621765353,1.45198015278395
trend_n2000_c2_mid_snr4,610079,0.05,0.3,1.0681293305993385,0.06273752780241502,0.16124113651338023,1.45198015278395
trend_n2000_c2_mid_snr4,610079,0.05,2.0,1.0673983528937312,0.06500602449027551,0.15152487400386572,1.45198015278395
trend_n2000_c2_mid_snr4,610079,0.3,0.05,1.0380015126728954,0.06044281853201808,0.16663412621765353,1.3958622641833824
trend_n2000_c2_mid_snr4,610079,0.3,0.3,1.0543183790720367,0.06145303785986058,0.16124113651338023,1.3958622641833824
trend_n2000_c2_mid_snr4,610079,0.3,2.0,1.0616043745533217,0.06361284916884861,0.15152487400386572,1.3958622641833824
trend_n2000_c2_mid_snr4,610079,2.0,0.05,0.9873686873731097,0.0571660658733557,0.16663412621765353,1.2504690043031992
trend_n2000_c2_mid_snr4,610079,2.0,0.3,1.0105234610260916,0.058055387415427616,0.16124113651338023,1.2504690043031992
trend_n2000_c2_mid_snr4,610079,2.0,2.0,1.0484860033925467,0.059834786614104137,0.15152487400386572,1.2504690043031992
trend_n2000_c2_spike_snr1,610080,0.05,0.05,1.47930766053483,0.07939680479071214,0.1663279776172308,2.4589011196961486
trend_n2000_c2_spike_snr1,610080,0.05,0.3,1.5419251976197037,0.08028134829141083,0.16118833533362084,2.4589011196961486
trend_n2000_c2_spike_snr1,610080,0.05,2.0,1.7555309286250491,0.08127091593022197,0.15105111905124585,2.4589011196961486
trend_n2000_c2_spike_snr1,610080,0.3,0.05,1.4948741425001064,0.08014194156166696,0.1663279776172308,2.506107688206839
trend_n2000_c2_spike_snr1,610080,0.3,0.3,1.5633260687692048,0.08098403309360239,0.16118833533362084,2.506107688206839
trend_n2000_c2_spike_snr1,610080,0.3,2.0,1.8025454712000188,0.08171691405173481,0.15105111905124585,2.506107688206839
trend_n2000_c2_spike_snr1,610080,2.0,0.05,1.5978419843996317,0.08893800473930658,0.1663279776172308,3.0533186857713694
trend_n2000_c2_spike_snr1,610080,2.0,0.3,1.6926893831535283,0.0897035387451987,0.16118833533362084,3.0533186857713694
trend_n2000_c2_spike_snr1,610080,2.0,2.0,2.051425845632169,0.08950274832089172,0.15105111905124585,3.0533186857713694
trend_n2000_c2_spike_snr4,610080,0.05,0.05,3.2409142642261037,0.18885053649303188,0.17945017674490754,14.672070132654683
trend_n2000_c2_spike_snr4,610080,0.05,0.3,3.4345254622865413,0.19119880848346352,0.1729446029169798,14.672070132654683
trend_n2000_c2_spike_snr4,610080,0.05,2.0,4.191542294422816,0.19324962378231197,0.15915868146540127,14.672070132654683
trend_n2000_c2_spike_snr4,610080,0.3,0.05,3.332733915308222,0.19787362031977543,0.17945017674490754,16.03149497578393
trend_n2000_c2_spike_snr4,610080,0.3,0.3,3.5412594800985064,0.20029603380224292,0.1729446029169798,16.03149497578393
trend_n2000_c2_spike_snr4,610080,0.3,2.0,4.367225833702981,0.20215781188155238,0.15915868146540127,16.03149497578393
trend_n2000_c2_spike_snr4,610080,2.0,0.05,3.848456152060223,0.2508406440093566,0.17945017674490754,25.217564493644975
trend_n2000_c2_spike_snr4,610080,2.0,0.3,4.128086393050655,0.2538707975006215,0.1729446029169798,25.217564493644975
trend_n2000_c2_spike_snr4,610080,2.0,2.0,5.288999013902746,0.2555386453064734,0.15915868146540127,25.217564493644975
trend_n2000_c2_mid_snr1,610080,0.05,0.05,1.001128041903912,0.061299459442253804,0.1738386035813547,1.4793647024116274
trend_n2000_c2_mid_snr1,610080,0.05,0.3,1.021324176355729,0.06235400949784526,0.16789266161071892,1.4793647024116274
trend_n2000_c2_mid_snr1,610080,0.05,2.0,1.0429306276627384,0.06489349092222753,0.1556961762865518,1.4793647024116274
trend_n2000_c2_mid_snr1,610080,0.3,0.05,0.9824654304380457,0.05996183057671997,0.1738386035813547,1.4165916117451722
trend_n2000_c2_mid_snr1,610080,0.3,0.3,1.0045334440450895,0.060974716840711006,0.16789266161071892,1.4165916117451722
trend_n2000_c2_mid_snr1,610080,0.3,2.0,1.0346595477149,0.06338750284614017,0.1556961762865518,1.4165916117451722
trend_n2000_c2_mid_snr1,610080,2.0,0.05,0.9165285147522756,0.05636735027625443,0.1738386035813547,1.2495912250578303
trend_n2000_c2_mid_snr1,610080,2.0,0.3,0.9454175185963403,0.05725181048051583,0.16789266161071892,1.2495912250578303
trend_n2000_c2_mid_snr1,610080,2.0,2.0,1.007989831957516,0.05923176713346286,0.1556961762865518,1.2495912250578303
trend_n2000_c2_mid_snr4,610080,0.05,0.05,1.0387184037293427,0.06290072641376607,0.17093430608136118,1.5356781964942514
trend_n2000_c2_mid_snr4,610080,0.05,0.3,1.055879496145678,0.06409336839819103,0.16472664407613685,1.5356781964942514
trend_n2000_c2_mid_snr4,610080,0.05,2.0,1.06825218418327,0.06699784262619476,0.15190285588560196,1.5356781964942514
trend_n2000_c2_mid_snr4,610080,0.3,0.05,1.0137601439886024,0.06153537961084246,0.17093430608136118,1.4688970049107348
trend_n2000_c2_mid_snr4,610080,0.3,0.3,1.0329876442618477,0.06268163090000708,0.16472664407613685,1.4688970049107348
trend_n2000_c2_mid_snr4,610080,0.3,2.0,1.0542663138090993,0.06544870445743943,0.15190285588560196,1.4688970049107348
trend_n2000_c2_mid_snr4,610080,2.0,0.05,0.9321321787942923,0.05778767731917855,0.17093430608136118,1.2890195109715687
trend_n2000_c2_mid_snr4,610080,2.0,0.3,0.9583138634896473,0.0587952029760747,0.16472664407613685,1.2890195109715687
trend_n2000_c2_mid_snr4,610080,2.0,2.0,1.0118082221972484,0.06111271759982217,0.15190285588560196,1.2890195109715687
trend_n2000_c2_spike_snr1,610081,0.05,0.05,1.6242612057385468,0.07457003892823431,0.1781190461380484,2.448866944017
trend_n2000_c2_spike_snr1,610081,0.05,0.3,1.6848559821334532,0.07557596350613015,0.17184104151574564,2.448866944017
trend_n2000_c2_spike_snr1,610081,0.05,2.0,1.8856495770162778,0.077170793869064,0.1584573158563746,2.448866944017
trend_n2000_c2_spike_snr1,610081,0.3,0.05,1.6193887272954188,0.07526522798492186,0.1781190461380484,2.4831218609377066
trend_n2000_c2_spike_snr1,610081,0.3,0.3,1.6860046929320807,0.0762204590638956,0.17184104151574564,2.4831218609377066
trend_n2000_c2_spike_snr1,610081,0.3,2.0,1.9139122808042022,0.07752278190451868,0.1584573158563746,2.4831218609377066
trend_n2000_c2_spike_snr1,610081,2.0,0.05,1.6509062268929566,0.08353985502541289,0.1781190461380484,2.9691284208220843
trend_n2000_c2_spike_snr1,610081,2.0,0.3,1.7436153895495394,0.08441682464000567,0.17184104151574564,2.9691284208220843
trend_n2000_c2_spike_snr1,610081,2.0,2.0,2.093442596724532,0.08476315585954394,0.1584573158563746,2.9691284208220843
trend_n2000_c2_spike_snr4,610081,0.05,0.05,3.022779987404709,0.192177987700549,0.16947132150706137,14.053933342588147
trend_n2000_c2_spike_snr4,610081,0.05,0.3,3.1989408027441595,0.19419091866515495,0.16422361791889253,14.053933342588147
trend_n2000_c2_spike_snr4,610081,0.05,2.0,3.9104798105161387,0.1948714587331556,0.15415816955031655,14.053933342588147
trend_n2000_c2_spike_snr4,610081,0.3,0.05,3.120158011169533,0.20133034597634436,0.16947132150706137,15.374800044018775
trend_n2000_c2_spike_snr4,610081,0.3,0.3,3.311649611203624,0.20339228083439648,0.16422361791889253,15.374800044018775
trend_n2000_c2_spike_snr4,610081,0.3,2.0,4.095219906838233,0.2037721150704244,0.15415816955031655,15.374800044018775
trend_n2000_c2_spike_snr4,610081,2.0,0.05,3.640160491094011,0.25574025670552514,0.16947132150706137,24.39134976302677
trend_n2000_c2_spike_snr4,610081,2.0,0.3,3.9065250297898193,0.2582611901163898,0.16422361791889253,24.39134976302677
trend_n2000_c2_spike_snr4,610081,2.0,2.0,5.047695006846484,0.25775621520758096,0.15415816955031655,24.39134976302677
trend_n2000_c2_mid_snr1,610081,0.05,0.05,1.03516328007679,0.06078055546938647,0.1803756366705054,1.5246658899314447
trend_n2000_c2_mid_snr1,610081,0.05,0.3,1.0544442153759401,0.06188896481929999,0.17395568138756717,1.5246658899314447
trend_n2000_c2_mid_snr1,610081,0.05,2.0,1.0768100251074677,0.06462885415422166,0.16040767300626035,1.5246658899314447
trend_n2000_c2_mid_snr1,610081,0.3,0.05,1.0158677301921843,0.05939491089736242,0.1803756366705054,1.4575149813279369
trend_n2000_c2_mid_snr1,610081,0.3,0.3,1.0376510864610962,0.06045347977347804,0.17395568138756717,1.4575149813279369
trend_n2000_c2_mid_snr1,610081,0.3,2.0,1.070128796105728,0.06304399473702377,0.16040767300626035,1.4575149813279369
trend_n2000_c2_mid_snr1,610081,2.0,0.05,0.9560020926648366,0.055687767512574156,0.1803756366705054,1.2824694504879168
trend_n2000_c2_mid_snr1,610081,2.0,0.3,0.9861700227993584,0.05659623140654211,0.17395568138756717,1.2824694504879168
trend_n2000_c2_mid_snr1,610081,2.0,2.0,1.0550416415563768,0.05868917689003968,0.16040767300626035,1.2824694504879168
trend_n2000_c2_mid_snr4,610081,0.05,0.05,0.8076608091624741,0.06395300936576043,0.17126783405612528,1.5112863479067165
trend_n2000_c2_mid_snr4,610081,0.05,0.3,0.8271425261899982,0.06500492250486858,0.16558424940609393,1.5112863479067165
trend_n2000_c2_mid_snr4,610081,0.05,2.0,0.8555303592514595,0.06730620848977968,0.15447892194987642,1.5112863479067165
trend_n2000_c2_mid_snr4,610081,0.3,0.05,0.7941974655657615,0.06274880169621752,0.17126783405612528,1.4553825053944525
trend_n2000_c2_mid_snr4,610081,0.3,0.3,0.8155139922061649,0.06376694697325169,0.16558424940609393,1.4553825053944525
trend_n2000_c2_mid_snr4,610081,0.3,2.0,0.8520482217375968,0.06596951792122557,0.15447892194987642,1.4553825053944525
trend_n2000_c2_mid_snr4,610081,2.0,0.05,0.75256077516185,0.059409079057231015,0.17126783405612528,1.3047468231526085
trend_n2000_c2_mid_snr4,610081,2.0,0.3,0.7806142042402476,0.0603223608104138,0.16558424940609393,1.3047468231526085
trend_n2000_c2_mid_snr4,610081,2.0,2.0,0.8484985748258983,0.062184803639151714,0.15447892194987642,1.3047468231526085
trend_n2000_c2_spike_snr1,610082,0.05,0.05,1.4378293563710345,0.08116024808142211,0.1697609951659353,2.585146072300279
trend_n2000_c2_spike_snr1,610082,0.05,0.3,1.5087927021014884,0.08230590550329786,0.16349855135041047,2.585146072300279
trend_n2000_c2_spike_snr1,610082,0.05,2.0,1.7623923523716136,0.08392139434166392,0.15049569160534854,2.585146072300279
trend_n2000_c2_spike_snr1,610082,0.3,0.05,1.4422819700998466,0.08189666258226914,0.1697609951659353,2.6280512650921155
trend_n2000_c2_spike_snr1,610082,0.3,0.3,1.5190412415092442,0.08300645852128197,0.16349855135041047,2.6280512650921155
trend_n2000_c2_spike_snr1,610082,0.3,2.0,1.7990674476854656,0.08438077715930163,0.15049569160534854,2.6280512650921155
trend_n2000_c2_spike_snr1,610082,2.0,0.05,1.5050549176759098,0.09019893177347907,0.1697609951659353,3.144077727370052
trend_n2000_c2_spike_snr1,610082,2.0,0.3,1.6078247551249247,0.09127311953395209,0.16349855135041047,3.144077727370052
trend_n2000_c2_spike_snr1,610082,2.0,2.0,2.01000344359336,0.0918374497829319,0.15049569160534854,3.144077727370052
trend_n2000_c2_spike_snr4,610082,0.05,0.05,3.2081134394826187,0.20820332324629004,0.15606558401107376,15.12315184287393
trend_n2000_c2_spike_snr4,610082,0.05,0.3,3.4248615641208713,0.2102750828192601,0.1511220057186779,15.12315184287393
trend_n2000_c2_spike_snr4,610082,0.05,2.0,4.274786900603982,0.20930266486989438,0.14293905376751714,15.12315184287393
trend_n2000_c2_spike_snr4,610082,0.3,0.05,3.2968914182306994,0.21782686477511143,0.15606558401107376,16.491712760560727
trend_n2000_c2_spike_snr4,610082,0.3,0.3,3.5320031135324395,0.21994336864623643,0.1511220057186779,16.491712760560727
trend_n2000_c2_spike_snr4,610082,0.3,2.0,4.4627755569858225,0.21858067720949217,0.14293905376751714,16.491712760560727
trend_n2000_c2_spike_snr4,610082,2.0,0.05,3.809574705743596,0.27388680646184366,0.15606558401107376,25.65574573686506
trend_n2000_c2_spike_snr4,610082,2.0,0.3,4.130886371093012,0.27645710827713627,0.1511220057186779,25.65574573686506
trend_n2000_c2_spike_snr4,610082,2.0,2.0,5.45077659333365,0.2737939619258739,0.14293905376751714,25.65574573686506
trend_n2000_c2_mid_snr1,610082,0.05,0.05,0.9846879091848625,0.06559274769971661,0.16616232512775184,1.5894793188260283
trend_n2000_c2_mid_snr1,610082,0.05,0.3,1.0004809845896865,0.06668501669009777,0.16078325148226605,1.5894793188260283
trend_n2000_c2_mid_snr1,610082,0.05,2.0,1.0158153514439745,0.06904955384085504,0.15054700383092476,1.5894793188260283
trend_n2000_c2_mid_snr1,610082,0.3,0.05,0.967243515027825,0.06416858467571875,0.16616232512775184,1.5224688377207
trend_n2000_c2_mid_snr1,610082,0.3,0.3,0.9849828607805606,0.06522036575261501,0.16078325148226605,1.5224688377207
trend_n2000_c2_mid_snr1,610082,0.3,2.0,1.007787067473913,0.06747734871863459,0.15054700383092476,1.5224688377207
trend_n2000_c2_mid_snr1,610082,2.0,0.05,0.9106037654363687,0.06018911682375122,0.16616232512775184,1.340500156032246
trend_n2000_c2_mid_snr1,610082,2.0,0.3,0.9349469132038754,0.06111733418657829,0.16078325148226605,1.340500156032246
trend_n2000_c2_mid_snr1,610082,2.0,2.0,0.9854148360230615,0.06301228268417519,0.15054700383092476,1.340500156032246
trend_n2000_c2_mid_snr4,610082,0.05,0.05,0.9226531319431949,0.06346600608265945,0.16238704927699518,1.445098718538623
trend_n2000_c2_mid_snr4,610082,0.05,0.3,0.9420188232418045,0.06443170315854921,0.1573841242851344,1.445098718538623
trend_n2000_c2_mid_snr4,610082,0.05,2.0,0.9725737939889767,0.06636000191743295,0.14830054966662365,1.445098718538623
trend_n2000_c2_mid_snr4,610082,0.3,0.05,0.9106046578087679,0.062046194878249264,0.16238704927699518,1.383693872927921
trend_n2000_c2_mid_snr4,610082,0.3,0.3,0.9320280919510443,0.06297253747540145,0.1573841242851344,1.383693872927921
trend_n2000_c2_mid_snr4,610082,0.3,2.0,0.9706916400248391,0.06479386413935709,0.14830054966662365,1.383693872927921
trend_n2000_c2_mid_snr4,610082,2.0,0.05,0.8730968334264232,0.058493819499692186,0.16238704927699518,1.2338994336588966
trend_n2000_c2_mid_snr4,610082,2.0,0.3,0.90169237962827,0.05930444788790694,0.1573841242851344,1.2338994336588966
trend_n2000_c2_mid_snr4,610082,2.0,2.0,0.97051605851977,0.060769014986580744,0.14830054966662365,1.2338994336588966
trend_n2000_c2_spike_snr1,610083,0.05,0.05,1.6042192085716735,0.08006750585338136,0.16730085231149164,2.5734733468814173
trend_n2000_c2_spike_snr1,610083,0.05,0.3,1.666904024681705,0.08101647351631289,0.16192720237117697,2.5734733468814173
trend_n2000_c2_spike_snr1,610083,0.05,2.0,1.870515548283818,0.0820089314137934,0.15195008711716404,2.5734733468814173
trend_n2000_c2_spike_snr1,610083,0.3,0.05,1.6109244043996427,0.08051568141092146,0.16730085231149164,2.601137069405362
trend_n2000_c2_spike_snr1,610083,0.3,0.3,1.6793969519920255,0.08141407286607251,0.16192720237117697,2.601137069405362
trend_n2000_c2_spike_snr1,610083,0.3,2.0,1.9084971032288598,0.08212640686158441,0.15195008711716404,2.601137069405362
trend_n2000_c2_spike_snr1,610083,2.0,0.05,1.6762104317733617,0.08804364467322,0.16730085231149164,3.0611948368246624
trend_n2000_c2_spike_snr1,610083,2.0,0.3,1.770210137881981,0.08884509719363133,0.16192720237117697,3.0611948368246624
trend_n2000_c2_spike_snr1,610083,2.0,2.0,2.116241641141301,0.0885529777515225,0.15195008711716404,3.0611948368246624
trend_n2000_c2_spike_snr4,610083,0.05,0.05,3.3950068783590557,0.1927295653180568,0.16832722139398534,14.43257004845173
trend_n2000_c2_spike_snr4,610083,0.05,0.3,3.5981348388530225,0.19464979887709813,0.16280783173691998,14.43257004845173
trend_n2000_c2_spike_snr4,610083,0.05,2.0,4.373615968949926,0.19472198286006187,0.15210433991168285,14.43257004845173
trend_n2000_c2_spike_snr4,610083,0.3,0.05,3.46579250104232,0.20217770671469334,0.16832722139398534,15.769166149788882
trend_n2000_c2_spike_snr4,610083,0.3,0.3,3.686930777204194,0.20414140850671178,0.16280783173691998,15.769166149788882
trend_n2000_c2_spike_snr4,610083,0.3,2.0,4.544065556310669,0.20384788943074883,0.15210433991168285,15.769166149788882
trend_n2000_c2_spike_snr4,610083,2.0,0.05,3.8864312304703996,0.2572403588238688,0.16832722139398534,24.79749610443803
trend_n2000_c2_spike_snr4,610083,2.0,0.3,4.193429411521517,0.2596742730785405,0.16280783173691998,24.79749610443803
trend_n2000_c2_spike_snr4,610083,2.0,2.0,5.445617525965244,0.25836821465252885,0.15210433991168285,24.79749610443803
trend_n2000_c2_mid_snr1,610083,0.05,0.05,1.1117226199675576,0.06462466255845312,0.16794813323908817,1.6089882124043724
trend_n2000_c2_mid_snr1,610083,0.05,0.3,1.1263038771252802,0.0657910997902554,0.16224805809456047,1.6089882124043724
trend_n2000_c2_mid_snr1,610083,0.05,2.0,1.1211349601701472,0.06853918447052867,0.15118108301821634,1.6089882124043724
trend_n2000_c2_mid_snr1,610083,0.3,0.05,1.0890636785958487,0.06317065652170877,0.16794813323908817,1.5382608552380161
trend_n2000_c2_mid_snr1,610083,0.3,0.3,1.1066707954959898,0.06428244002723554,0.16224805809456047,1.5382608552380161
trend_n2000_c2_mid_snr1,610083,0.3,2.0,1.1139695892322745,0.0668691656976315,0.15118108301821634,1.5382608552380161
trend_n2000_c2_mid_snr1,610083,2.0,0.05,1.0176732731738232,0.05929909985285451,0.16794813323908817,1.3538958403522432
trend_n2000_c2_mid_snr1,610083,2.0,0.3,1.0454762846560868,0.06024467803412446,0.16224805809456047,1.3538958403522432
trend_n2000_c2_mid_snr1,610083,2.0,2.0,1.0970545277980508,0.06228839803138402,0.15118108301821634,1.3538958403522432
trend_n2000_c2_mid_snr4,610083,0.05,0.05,1.0291060196676232,0.060736488723598374,0.17766629916174692,1.4976422408389953
trend_n2000_c2_mid_snr4,610083,0.05,0.3,1.044385497630591,0.061861536955709756,0.1714179665693552,1.4976422408389953
trend_n2000_c2_mid_snr4,610083,0.05,2.0,1.0559799957627505,0.06468952494861062,0.15804259712727095,1.4976422408389953
trend_n2000_c2_mid_snr4,610083,0.3,0.05,1.0068869881918356,0.05944347789035379,0.17766629916174692,1.4344436728293395
trend_n2000_c2_mid_snr4,610083,0.3,0.3,1.0240692887453882,0.06052567456454377,0.1714179665693552,1.4344436728293395
trend_n2000_c2_mid_snr4,610083,0.3,2.0,1.0438631554574862,0.06322442090820182,0.15804259712727095,1.4344436728293395
trend_n2000_c2_mid_snr4,610083,2.0,0.05,0.9313699983031739,0.05607922203162394,0.17766629916174692,1.270477243765703
trend_n2000_c2_mid_snr4,610083,2.0,0.3,0.9553463843211417,0.05703242248147403,0.1714179665693552,1.270477243765703
trend_n2000_c2_mid_snr4,610083,2.0,2.0,1.0062643239731348,0.059301320949358985,0.15804259712727095,1.270477243765703
trend_n2000_c2_spike_snr1,610084,0.05,0.05,1.478944883247287,0.07701456432128893,0.17228287317232266,2.4184900410541115
trend_n2000_c2_spike_snr1,610084,0.05,0.3,1.547940123001157,0.07797922593445246,0.16627093981777438,2.4184900410541115
trend_n2000_c2_spike_snr1,610084,0.05,2.0,1.7704982863590912,0.07909980654801807,0.15467734637752614,2.4184900410541115
trend_n2000_c2_spike_snr1,610084,0.3,0.05,1.4811331138885369,0.07782668893513127,0.17228287317232266,2.4628919234000697
trend_n2000_c2_spike_snr1,610084,0.3,0.3,1.5565217869095287,0.07874694885097837,0.16627093981777438,2.4628919234000697
trend_n2000_c2_spike_snr1,610084,0.3,2.0,1.8074893371635894,0.07958775485864217,0.15467734637752614,2.4628919234000697
trend_n2000_c2_spike_snr1,610084,2.0,0.05,1.5381863787222692,0.08656239598997731,0.17228287317232266,2.9868902309325516
trend_n2000_c2_spike_snr1,610084,2.0,0.3,1.641678124883711,0.0874190239614554,0.16627093981777438,2.9868902309325516
trend_n2000_c2_spike_snr1,610084,2.0,2.0,2.019797176198018,0.0873101437158724,0.15467734637752614,2.9868902309325516
trend_n2000_c2_spike_snr4,610084,0.05,0.05,3.1635989501499493,0.19856322494529785,0.16617741563393057,14.753930934175935
trend_n2000_c2_spike_snr4,610084,0.05,0.3,3.3801120670457188,0.20039259148531335,0.1609650418789382,14.753930934175935
trend_n2000_c2_spike_snr4,610084,0.05,2.0,4.205348000065606,0.19964357918311007,0.15160169802365867,14.753930934175935
trend_n2000_c2_spike_snr4,610084,0.3,0.05,3.245198320170213,0.20821783172998254,0.16617741563393057,16.144789622100408
trend_n2000_c2_spike_snr4,610084,0.3,0.3,3.48025007146672,0.21009058785837748,0.1609650418789382,16.144789622100408
trend_n2000_c2_spike_snr4,610084,0.3,2.0,4.385818951518912,0.20898172143812102,0.15160169802365867,16.144789622100408
trend_n2000_c2_spike_snr4,610084,2.0,0.05,3.7189397842209075,0.26355077238794916,0.16617741563393057,25.360271313902462
trend_n2000_c2_spike_snr4,610084,2.0,0.3,4.040986008428425,0.2658601302890268,0.1609650418789382,25.360271313902462
trend_n2000_c2_spike_snr4,610084,2.0,2.0,5.329921770470527,0.26364102962124003,0.15160169802365867,25.360271313902462
trend_n2000_c2_mid_snr1,610084,0.05,0.05,0.97555282307665,0.06138142980644034,0.16895445373286325,1.4326539875185131
trend_n2000_c2_mid_snr1,610084,0.05,0.3,0.9922358809637649,0.06247627518716946,0.16311121542817333,1.4326539875185131
trend_n2000_c2_mid_snr1,610084,0.05,2.0,1.0040268460259993,0.0649949928983268,0.15163056252528878,1.4326539875185131
trend_n2000_c2_mid_snr1,610084,0.3,0.05,0.957919359800469,0.06001628764574404,0.16895445373286325,1.370949684576034
trend_n2000_c2_mid_snr1,610084,0.3,0.3,0.9764280699922898,0.06106982386462148,0.16311121542817333,1.370949684576034
trend_n2000_c2_mid_snr1,610084,0.3,2.0,0.9960896358408909,0.06347142532201133,0.15163056252528878,1.370949684576034
trend_n2000_c2_mid_snr1,610084,2.0,0.05,0.9019887733232593,0.05619104698957552,0.16895445373286325,1.2033166654215406
trend_n2000_c2_mid_snr1,610084,2.0,0.3,0.9267579135185751,0.05711795681884906,0.16311121542817333,1.2033166654215406
trend_n2000_c2_mid_snr1,610084,2.0,2.0,0.9751403001140317,0.05912672192667112,0.15163056252528878,1.2033166654215406
trend_n2000_c2_mid_snr4,610084,0.05,0.05,0.9746434980967404,0.05939265175122962,0.17234567193297415,1.378394683759532
trend_n2000_c2_mid_snr4,610084,0.05,0.3,0.9868052837079959,0.06047767254918966,0.16644128216438248,1.378394683759532
trend_n2000_c2_mid_snr4,610084,0.05,2.0,0.9845998132646441,0.0629375743843592,0.15515838624535386,1.378394683759532
trend_n2000_c2_mid_snr4,610084,0.3,0.05,0.9538109819966265,0.058223105851305426,0.17234567193297415,1.3241034705906005
trend_n2000_c2_mid_snr4,610084,0.3,0.3,0.9684693072346324,0.05926411481593578,0.16644128216438248,1.3241034705906005
trend_n2000_c2_mid_snr4,610084,0.3,2.0,0.9766301900372638,0.06159409002314695,0.15515838624535386,1.3241034705906005
trend_n2000_c2_mid_snr4,610084,2.0,0.05,0.8896737017872061,0.05527958898139809,0.17234567193297415,1.1886807745945471
trend_n2000_c2_mid_snr4,610084,2.0,0.3,0.9128550276228531,0.05619053713695402,0.16644128216438248,1.1886807745945471
trend_n2000_c2_mid_snr4,610084,2.0,2.0,0.9581036988847659,0.05809417760366707,0.15515838624535386,1.1886807745945471
trend_n2000_c2_spike_snr1,610085,0.05,0.05,1.6504838557515629,0.07472646987866066,0.17226225473640364,2.391175711692035
trend_n2000_c2_spike_snr1,610085,0.05,0.3,1.7131963284852352,0.07560151473148001,0.16657686769946922,2.391175711692035
trend_n2000_c2_spike_snr1,610085,0.05,2.0,1.913671512881916,0.07655105382251738,0.1555686882149681,2.391175711692035
trend_n2000_c2_spike_snr1,610085,0.3,0.05,1.654382554932623,0.075500841898269,0.17226225473640364,2.4334343421210476
trend_n2000_c2_spike_snr1,610085,0.3,0.3,1.723288655066797,0.07632300971710844,0.16657686769946922,2.4334343421210476
trend_n2000_c2_spike_snr1,610085,0.3,2.0,1.9510479727965,0.07696572340472851,0.1555686882149681,2.4334343421210476
trend_n2000_c2_spike_snr1,610085,2.0,0.05,1.7187000154665812,0.0841890996275601,0.17226225473640364,2.948331042780983
trend_n2000_c2_spike_snr1,610085,2.0,0.3,1.8148403358828344,0.0849125947741683,0.16657686769946922,2.948331042780983
trend_n2000_c2_spike_snr1,610085,2.0,2.0,2.165674287201562,0.08448694475624967,0.1555686882149681,2.948331042780983
trend_n2000_c2_spike_snr4,610085,0.05,0.05,3.238058990990286,0.19994351898844603,0.17149491998563288,15.496262581964068
trend_n2000_c2_spike_snr4,610085,0.05,0.3,3.454459328959148,0.20203669036210933,0.16575439717079765,15.496262581964068
trend_n2000_c2_spike_snr4,610085,0.05,2.0,4.275598873569617,0.20191573516868186,0.15536792789220397,15.496262581964068
trend_n2000_c2_spike_snr4,610085,0.3,0.05,3.3301636864990116,0.20906469001065792,0.17149491998563288,16.878300789126413
trend_n2000_c2_spike_snr4,610085,0.3,0.3,3.564460630951204,0.2112001409298673,0.16575439717079765,16.878300789126413
trend_n2000_c2_spike_snr4,610085,0.3,2.0,4.463774781170583,0.2107105920747891,0.15536792789220397,16.878300789126413
trend_n2000_c2_spike_snr4,610085,2.0,0.05,3.835402983988093,0.261756448475325,0.17149491998563288,25.999686245907128
trend_n2000_c2_spike_snr4,610085,2.0,0.3,4.153925191214283,0.26433060527028185,0.16575439717079765,25.999686245907128
trend_n2000_c2_spike_snr4,610085,2.0,2.0,5.428710408063099,0.2626878359325056,0.15536792789220397,25.999686245907128
trend_n2000_c2_mid_snr1,610085,0.05,0.05,0.8966456927687241,0.061172001031657076,0.18535632492790846,1.534846179488623
trend_n2000_c2_mid_snr1,610085,0.05,0.3,0.911907547984925,0.062262062320042805,0.17895009187715238,1.534846179488623
trend_n2000_c2_mid_snr1,610085,0.05,2.0,0.9336131953111001,0.06489392753539637,0.16529218561111686,1.534846179488623
trend_n2000_c2_mid_snr1,610085,0.3,0.05,0.8803153905119853,0.059753109698382,0.18535632492790846,1.4659243335624663
trend_n2000_c2_mid_snr1,610085,0.3,0.3,0.8972700555127724,0.060803396200886616,0.17895009187715238,1.4659243335624663
trend_n2000_c2_mid_snr1,610085,0.3,2.0,0.9262830657753165,0.0633194418180463,0.16529218561111686,1.4659243335624663
trend_n2000_c2_mid_snr1,610085,2.0,0.05,0.82926940596728,0.05591968469147531,0.18535632492790846,1.2855306353753158
trend_n2000_c2_mid_snr1,610085,2.0,0.3,0.8524341151367151,0.05684873777856948,0.17895009187715238,1.2855306353753158
trend_n2000_c2_mid_snr1,610085,2.0,2.0,0.9094482290408433,0.05897958803369092,0.16529218561111686,1.2855306353753158
trend_n2000_c2_mid_snr4,610085,0.05,0.05,1.068329213025953,0.06270153759937894,0.1674179623133712,1.506163974747611
trend_n2000_c2_mid_snr4,610085,0.05,0.3,1.0829638636739785,0.06376165539446982,0.1620266890977448,1.506163974747611
trend_n2000_c2_mid_snr4,610085,0.05,2.0,1.0855979061621361,0.0661120589430951,0.15196294292679538,1.506163974747611
trend_n2000_c2_mid_snr4,610085,0.3,0.05,1.04774338305497,0.061260966537667584,0.1674179623133712,1.4391369296184058
trend_n2000_c2_mid_snr4,610085,0.3,0.3,1.0642652195020081,0.06227838600846039,0.1620266890977448,1.4391369296184058
trend_n2000_c2_mid_snr4,610085,0.3,2.0,1.0748525158146034,0.06451096939848683,0.15196294292679538,1.4391369296184058
trend_n2000_c2_mid_snr4,610085,2.0,0.05,0.9809193801730168,0.05733613227241662,0.1674179623133712,1.2607396416264396
trend_n2000_c2_mid_snr4,610085,2.0,0.3,1.00415697313095,0.058221601830468456,0.1620266890977448,1.2607396416264396
trend_n2000_c2_mid_snr4,610085,2.0,2.0,1.0450105969907049,0.06004800892145994,0.15196294292679538,1.2607396416264396
trend_n2000_c2_spike_snr1,610086,0.05,0.05,1.4651223526661428,0.07612033756084247,0.17852323391823427,2.4499826093763932
trend_n2000_c2_spike_snr1,610086,0.05,0.3,1.5275761332354976,0.0772160500439422,0.1719744522559679,2.4499826093763932
trend_n2000_c2_spike_snr1,610086,0.05,2.0,1.7421517273751057,0.07898487973300732,0.1580650474972079,2.4499826093763932
trend_n2000_c2_spike_snr1,610086,0.3,0.05,1.4753893799132212,0.07676706599096349,0.17852323391823427,2.490640529993072
trend_n2000_c2_spike_snr1,610086,0.3,0.3,1.5422515920306576,0.07783378306594804,0.1719744522559679,2.490640529993072
trend_n2000_c2_spike_snr1,610086,0.3,2.0,1.7774652123292387,0.0794049377985182,0.1580650474972079,2.490640529993072
trend_n2000_c2_spike_snr1,610086,2.0,0.05,1.5566588708777767,0.0844299387358933,0.17852323391823427,2.975225213995006
trend_n2000_c2_spike_snr1,610086,2.0,0.3,1.6439430207021466,0.08547647189886379,0.1719744522559679,2.975225213995006
trend_n2000_c2_spike_snr1,610086,2.0,2.0,1.9776026972077576,0.08639098475610481,0.1580650474972079,2.975225213995006
trend_n2000_c2_spike_snr4,610086,0.05,0.05,3.306671735543159,0.19621571977581115,0.16824139541564057,14.78140200218299
trend_n2000_c2_spike_snr4,610086,0.05,0.3,3.493540689166964,0.1982518419268426,0.16290953591931023,14.78140200218299
trend_n2000_c2_spike_snr4,610086,0.05,2.0,4.223606585640448,0.19903123336853465,0.15240681550276075,14.78140200218299
trend_n2000_c2_spike_snr4,610086,0.3,0.05,3.4086243218540173,0.2051044570974259,0.16824139541564057,16.095698165557263
trend_n2000_c2_spike_snr4,610086,0.3,0.3,3.6114834849415973,0.207176833016774,0.16290953591931023,16.095698165557263
trend_n2000_c2_spike_snr4,610086,0.3,2.0,4.413445884248421,0.20762683784758473,0.15240681550276075,16.095698165557263
trend_n2000_c2_spike_snr4,610086,2.0,0.05,3.956175694393816,0.258039268190322,0.16824139541564057,25.015255440414816
trend_n2000_c2_spike_snr4,610086,2.0,0.3,4.235663484164069,0.26052634095214205,0.16290953591931023,25.015255440414816
trend_n2000_c2_spike_snr4,610086,2.0,2.0,5.389498548770045,0.2600223879288789,0.15240681550276075,25.015255440414816
trend_n2000_c2_mid_snr1,610086,0.05,0.05,1.1007889861465756,0.06043091965090922,0.17412176264754597,1.4814670817011675
trend_n2000_c2_mid_snr1,610086,0.05,0.3,1.119497137614419,0.06153279615715694,0.167999717311068,1.4814670817011675
trend_n2000_c2_mid_snr1,610086,0.05,2.0,1.1345051223074396,0.06423897868664465,0.1554180774343902,1.4814670817011675
trend_n2000_c2_mid_snr1,610086,0.3,0.05,1.0764807520228468,0.05918664944624086,0.17412176264754597,1.4204720430225861
trend_n2000_c2_mid_snr1,610086,0.3,0.3,1.09734812784904,0.060242386806376676,0.167999717311068,1.4204720430225861
trend_n2000_c2_mid_snr1,610086,0.3,2.0,1.1215509046866365,0.06280802814039368,0.1554180774343902,1.4204720430225861
trend_n2000_c2_mid_snr1,610086,2.0,0.05,0.9972132158004159,0.055972462488608675,0.17412176264754597,1.26307952372443
trend_n2000_c2_mid_snr1,610086,2.0,0.3,1.0253710670211327,0.056892138098939955,0.167999717311068,1.26307952372443
trend_n2000_c2_mid_snr1,610086,2.0,2.0,1.083037009522645,0.058995640821148,0.1554180774343902,1.26307952372443
trend_n2000_c2_mid_snr4,610086,0.05,0.05,1.0728178237384907,0.06269677849391614,0.1721240156179267,1.5499506628337445
trend_n2000_c2_mid_snr4,610086,0.05,0.3,1.0886818276451586,0.06383228408192376,0.16619316180689947,1.5499506628337445
trend_n2000_c2_mid_snr4,610086,0.05,2.0,1.096467020845341,0.06650505185378768,0.15438927475702938,1.5499506628337445
trend_n2000_c2_mid_snr4,610086,0.3,0.05,1.0480100777709154,0.061304806364638025,0.1721240156179267,1.4815345945464213
trend_n2000_c2_mid_snr4,610086,0.3,0.3,1.0662752179914927,0.06239141188661975,0.16619316180689947,1.4815345945464213
trend_n2000_c2_mid_snr4,610086,0.3,2.0,1.0841728159049016,0.06491955135707655,0.15438927475702938,1.4815345945464213
trend_n2000_c2_mid_snr4,610086,2.0,0.05,0.9703947386378488,0.057761239883229114,0.1721240156179267,1.3094704370261065
trend_n2000_c2_mid_snr4,610086,2.0,0.3,0.9969615156060202,0.05870335418402555,0.16619316180689947,1.3094704370261065
trend_n2000_c2_mid_snr4,610086,2.0,2.0,1.051626585362632,0.06075804439915974,0.15438927475702938,1.3094704370261065
trend_n2000_c2_spike_snr1,610087,0.05,0.05,1.555642423708838,0.08005985079430396,0.16330827659287955,2.4865911998336414
trend_n2000_c2_spike_snr1,610087,0.05,0.3,1.6157791840968527,0.08113123390012039,0.15775728769441527,2.4865911998336414
trend_n2000_c2_spike_snr1,610087,0.05,2.0,1.8118441343788336,0.0825960641026357,0.14701939767667804,2.4865911998336414
trend_n2000_c2_spike_snr1,610087,0.3,0.05,1.5658808923674712,0.08048130668823181,0.16330827659287955,2.5138875790362794
trend_n2000_c2_spike_snr1,610087,0.3,0.3,1.6319320820042675,0.0815022780634589,0.15775728769441527,2.5138875790362794
trend_n2000_c2_spike_snr1,610087,0.3,2.0,1.8542604867534116,0.08268739980259664,0.14701939767667804,2.5138875790362794
trend_n2000_c2_spike_snr1,610087,2.0,0.05,1.6589870783266782,0.08823944932090326,0.16330827659287955,2.9900221056332628
trend_n2000_c2_spike_snr1,610087,2.0,0.3,1.7509904732154746,0.08917186030155569,0.15775728769441527,2.9900221056332628
trend_n2000_c2_spike_snr1,610087,2.0,2.0,2.092603455576962,0.08937166248306183,0.14701939767667804,2.9900221056332628
trend_n2000_c2_spike_snr4,610087,0.05,0.05,3.0217999182680546,0.19294287475260846,0.16113691593712967,13.456660944208721
trend_n2000_c2_spike_snr4,610087,0.05,0.3,3.193621933800834,0.19506744298595974,0.15606316659158564,13.456660944208721
trend_n2000_c2_spike_snr4,610087,0.05,2.0,3.895709875307104,0.19592929884103344,0.14646489118668518,13.456660944208721
trend_n2000_c2_spike_snr4,610087,0.3,0.05,3.117831490585685,0.2024404707997497,0.16113691593712967,14.76065671104001
trend_n2000_c2_spike_snr4,610087,0.3,0.3,3.3066546192537465,0.20461068312518454,0.15606316659158564,14.76065671104001
trend_n2000_c2_spike_snr4,610087,0.3,2.0,4.084972477298959,0.20515441050650735,0.14646489118668518,14.76065671104001
trend_n2000_c2_spike_snr4,610087,2.0,0.05,3.6477352074477074,0.2586680274665953,0.16113691593712967,23.68558790021517
trend_n2000_c2_spike_snr4,610087,2.0,0.3,3.917638052386566,0.26130241882732697,0.15606316659158564,23.68558790021517
trend_n2000_c2_spike_snr4,610087,2.0,2.0,5.068687715929865,0.2609211447662263,0.14646489118668518,23.68558790021517
trend_n2000_c2_mid_snr1,610087,0.05,0.05,1.0737718290195457,0.06401258104167461,0.16191783827804096,1.5123145173893906
trend_n2000_c2_mid_snr1,610087,0.05,0.3,1.0869463212643418,0.06504621431626899,0.15696034291465244,1.5123145173893906
trend_n2000_c2_mid_snr1,610087,0.05,2.0,1.0829548642916154,0.06747380518369604,0.14726824843787778,1.5123145173893906
trend_n2000_c2_mid_snr1,610087,0.3,0.05,1.0521919259651245,0.06262320339328149,0.16191783827804096,1.4479657682783458
trend_n2000_c2_mid_snr1,610087,0.3,0.3,1.0670613398594584,0.06361806619847646,0.15696034291465244,1.4479657682783458
trend_n2000_c2_mid_snr1,610087,0.3,2.0,1.0705660210249852,0.06593462097101378,0.14726824843787778,1.4479657682783458
trend_n2000_c2_mid_snr1,610087,2.0,0.05,0.9794852514555102,0.05897071917616236,0.16191783827804096,1.280369792390337
trend_n2000_c2_mid_snr1,610087,2.0,0.3,1.0004786384705038,0.059847673560239914,0.15696034291465244,1.280369792390337
trend_n2000_c2_mid_snr1,610087,2.0,2.0,1.032547363993283,0.061788408788839476,0.14726824843787778,1.280369792390337
trend_n2000_c2_mid_snr4,610087,0.05,0.05,0.9889475919614155,0.06433921385669285,0.15984605783132838,1.478385362595501
trend_n2000_c2_mid_snr4,610087,0.05,0.3,1.003073412344499,0.0654838108802253,0.15441928412415848,1.478385362595501
trend_n2000_c2_mid_snr4,610087,0.05,2.0,0.9993112177138499,0.06797258530681204,0.14451572843383848,1.478385362595501
trend_n2000_c2_mid_snr4,610087,0.3,0.05,0.9734971597228596,0.06296565053628184,0.15984605783132838,1.417692856384921
trend_n2000_c2_mid_snr4,610087,0.3,0.3,0.9902236703672557,0.06406429366489841,0.15441928412415848,1.417692856384921
trend_n2000_c2_mid_snr4,610087,0.3,2.0,0.9972738101633513,0.06642373300507173,0.14451572843383848,1.417692856384921
trend_n2000_c2_mid_snr4,610087,2.0,0.05,0.9230873793577177,0.059119002092043856,0.15984605783132838,1.252427912529598
trend_n2000_c2_mid_snr4,610087,2.0,0.3,0.9486381683125896,0.06007441324450507,0.15441928412415848,1.252427912529598
trend_n2000_c2_mid_snr4,610087,2.0,2.0,0.9945661454160615,0.061987502633844165,0.14451572843383848,1.252427912529598
trend_n2000_c2_spike_snr1,610088,0.05,0.05,1.581728267356153,0.0757146809838417,0.17462014215808747,2.4369680963459843
trend_n2000_c2_spike_snr1,610088,0.05,0.3,1.6397441257564134,0.07669282032191246,0.1687583883684527,2.4369680963459843
trend_n2000_c2_spike_snr1,610088,0.05,2.0,1.827540089441369,0.07808717983001089,0.15699157411440362,2.4369680963459843
trend_n2000_c2_spike_snr1,610088,0.3,0.05,1.5944441451556353,0.07624654560581658,0.17462014215808747,2.4722189744530105
trend_n2000_c2_spike_snr1,610088,0.3,0.3,1.6575069937986535,0.07718174303543128,0.1687583883684527,2.4722189744530105
trend_n2000_c2_spike_snr1,610088,0.3,2.0,1.868632256125679,0.07831967901837132,0.15699157411440362,2.4722189744530105
trend_n2000_c2_spike_snr1,610088,2.0,0.05,1.6897213415507524,0.08414390926486447,0.17462014215808747,2.9687856188742052
trend_n2000_c2_spike_snr1,610088,2.0,0.3,1.7756978370372092,0.08500964552342596,0.1687583883684527,2.9687856188742052
trend_n2000_c2_spike_snr1,610088,2.0,2.0,2.0954523125463216,0.0852469680581928,0.15699157411440362,2.9687856188742052
trend_n2000_c2_spike_snr4,610088,0.05,0.05,3.1577345982869462,0.19603915681071635,0.1716141465491263,14.888750323861597
trend_n2000_c2_spike_snr4,610088,0.05,0.3,3.3626060089977003,0.19825555186200294,0.1657269593675834,14.888750323861597
trend_n2000_c2_spike_snr4,610088,0.05,2.0,4.149594461799745,0.1989587936033207,0.15459328138561457,14.888750323861597
trend_n2000_c2_spike_snr4,610088,0.3,0.05,3.233627653604657,0.20481680828058654,0.1716141465491263,16.178459940596124
trend_n2000_c2_spike_snr4,610088,0.3,0.3,3.455738297453587,0.2070806717650888,0.1657269593675834,16.178459940596124
trend_n2000_c2_spike_snr4,610088,0.3,2.0,4.319152433585473,0.20746417911624288,0.15459328138561457,16.178459940596124
trend_n2000_c2_spike_snr4,610088,2.0,0.05,3.6859821565961743,0.257484236373779,0.1716141465491263,25.064268783469405
trend_n2000_c2_spike_snr4,610088,2.0,0.3,3.9906476245855163,0.2602388434989946,0.1657269593675834,25.064268783469405
trend_n2000_c2_spike_snr4,610088,2.0,2.0,5.226595043390747,0.25975761863410124,0.15459328138561457,25.064268783469405
trend_n2000_c2_mid_snr1,610088,0.05,0.05,0.9860566595550505,0.062088933621017514,0.17074233075363973,1.4811332071425918
trend_n2000_c2_mid_snr1,610088,0.05,0.3,0.9994916467897056,0.06305475555061399,0.1656223130456428,1.4811332071425918
trend_n2000_c2_mid_snr1,610088,0.05,2.0,1.002925626980927,0.06530556326111865,0.15546750315674845,1.4811332071425918
trend_n2000_c2_mid_snr1,610088,0.3,0.05,0.9726762397691583,0.06083390083559256,0.17074233075363973,1.4240293739255239
trend_n2000_c2_mid_snr1,610088,0.3,0.3,0.9885360473188096,0.061759524160676184,0.1656223130456428,1.4240293739255239
trend_n2000_c2_mid_snr1,610088,0.3,2.0,1.0021295304708386,0.06388880710171159,0.15546750315674845,1.4240293739255239
trend_n2000_c2_mid_snr1,610088,2.0,0.05,0.9272349268975694,0.05753776286587657,0.17074233075363973,1.2761848208444166
trend_n2000_c2_mid_snr1,610088,2.0,0.3,0.9515361318242337,0.05833857049921843,0.1656223130456428,1.2761848208444166
trend_n2000_c2_mid_snr1,610088,2.0,2.0,1.0026447625684691,0.06004417499713903,0.15546750315674845,1.2761848208444166
trend_n2000_c2_mid_snr4,610088,0.05,0.05,1.0827732570071644,0.061412559749890586,0.1766472254032716,1.538219292508135
trend_n2000_c2_mid_snr4,610088,0.05,0.3,1.1027304351119418,0.0625197421775113,0.17042785158288512,1.538219292508135
trend_n2000_c2_mid_snr4,610088,0.05,2.0,1.1206973811191776,0.06517307474527559,0.1578870972214982,1.538219292508135
trend_n2000_c2_mid_snr4,610088,0.3,0.05,1.056806351731582,0.06009377981129486,0.1766472254032716,1.4718497455338033
trend_n2000_c2_mid_snr4,610088,0.3,0.3,1.0790058394819333,0.061153209782921145,0.17042785158288512,1.4718497455338033
trend_n2000_c2_mid_snr4,610088,0.3,2.0,1.1066717919422833,0.06366140587242106,0.1578870972214982,1.4718497455338033
trend_n2000_c2_mid_snr4,610088,2.0,0.05,0.9768402540228369,0.05662007864008478,0.1766472254032716,1.3000302784412912
trend_n2000_c2_mid_snr4,610088,2.0,0.3,1.0067069257746522,0.05753781907925952,0.17042785158288512,1.3000302784412912
trend_n2000_c2_mid_snr4,610088,2.0,2.0,1.0694413271662857,0.05957061378281725,0.1578870972214982,1.3000302784412912
trend_n2000_c2_spike_snr1,610089,0.05,0.05,1.5486508498039306,0.07606180872370444,0.17661855092677387,2.465161575462167
trend_n2000_c2_spike_snr1,610089,0.05,0.3,1.6192888056168262,0.07700371788557811,0.17037089329338148,2.465161575462167
trend_n2000_c2_spike_snr1,610089,0.05,2.0,1.854478377771116,0.07826210461227491,0.15724948849385037,2.465161575462167
trend_n2000_c2_spike_snr1,610089,0.3,0.05,1.5595153475599461,0.07680692145900453,0.17661855092677387,2.511320786267893
trend_n2000_c2_spike_snr1,610089,0.3,0.3,1.6358193748176808,0.07770613667597541,0.17037089329338148,2.511320786267893
trend_n2000_c2_spike_snr1,610089,0.3,2.0,1.8961478912416079,0.07869976462112717,0.15724948849385037,2.511320786267893
trend_n2000_c2_spike_snr1,610089,2.0,0.05,1.639547271134371,0.08496492012621357,0.17661855092677387,3.022252927380582
trend_n2000_c2_spike_snr1,610089,2.0,0.3,1.7409834665116743,0.08579905517585629,0.17037089329338148,3.022252927380582
trend_n2000_c2_spike_snr1,610089,2.0,2.0,2.1168738278317485,0.08588677218403591,0.15724948849385037,3.022252927380582
trend_n2000_c2_spike_snr4,610089,0.05,0.05,3.1264490568861394,0.19200206714466153,0.17229859342393486,14.374964982365421
trend_n2000_c2_spike_snr4,610089,0.05,0.3,3.3206223131894816,0.19425681566957312,0.16633362813322922,14.374964982365421
trend_n2000_c2_spike_snr4,610089,0.05,2.0,4.066068853419505,0.19545285768384155,0.15480229958922298,14.374964982365421
trend_n2000_c2_spike_snr4,610089,0.3,0.05,3.219787760088858,0.2012949655126327,0.17229859342393486,15.735224210177567
trend_n2000_c2_spike_snr4,610089,0.3,0.3,3.43115812284618,0.20360555379022502,0.16633362813322922,15.735224210177567
trend_n2000_c2_spike_snr4,610089,0.3,2.0,4.252067298437841,0.204512590938145,0.15480229958922298,15.735224210177567
trend_n2000_c2_spike_snr4,610089,2.0,0.05,3.7364320253292553,0.25519320253975475,0.17229859342393486,24.824405451092687
trend_n2000_c2_spike_snr4,610089,2.0,0.3,4.028306396462098,0.25802185582927795,0.16633362813322922,24.824405451092687
trend_n2000_c2_spike_snr4,610089,2.0,2.0,5.211477935421403,0.25820130483926185,0.15480229958922298,24.824405451092687
trend_n2000_c2_mid_snr1,610089,0.05,0.05,0.9822352802236917,0.0625216947663518,0.1709753819155093,1.5002906569797987
trend_n2000_c2_mid_snr1,610089,0.05,0.3,1.0004549963008773,0.06357155045638514,0.16531196564926856,1.5002906569797987
trend_n2000_c2_mid_snr1,610089,0.05,2.0,1.014933625102067,0.06590956084877934,0.1545171309512835,1.5002906569797987
trend_n2000_c2_mid_snr1,610089,0.3,0.05,0.958884022614714,0.061154094255099926,0.1709753819155093,1.434761359479615
trend_n2000_c2_mid_snr1,610089,0.3,0.3,0.979223939618275,0.062160929130783554,0.16531196564926856,1.434761359479615
trend_n2000_c2_mid_snr1,610089,0.3,2.0,1.0032363917318894,0.06437101723132398,0.1545171309512835,1.434761359479615
trend_n2000_c2_mid_snr1,610089,2.0,0.05,0.8844695258390611,0.05748924184341219,0.1709753819155093,1.2627732495279966
trend_n2000_c2_mid_snr1,610089,2.0,0.3,0.9123396481069304,0.058365992678833196,0.16531196564926856,1.2627732495279966
trend_n2000_c2_mid_snr1,610089,2.0,2.0,0.9717177723366881,0.06014725031913266,0.1545171309512835,1.2627732495279966
trend_n2000_c2_mid_snr4,610089,0.05,0.05,1.0362188508935848,0.06062463035120377,0.1876344693246762,1.5793362952984726
trend_n2000_c2_mid_snr4,610089,0.05,0.3,1.0461474434168094,0.06178112952941989,0.1811039494932298,1.5793362952984726
trend_n2000_c2_mid_snr4,610089,0.05,2.0,1.041369097702124,0.06483364761878208,0.16654664733793045,1.5793362952984726
trend_n2000_c2_mid_snr4,610089,0.3,0.05,1.0143062477822369,0.0591343911878209,0.1876344693246762,1.5039983217262933
trend_n2000_c2_mid_snr4,610089,0.3,0.3,1.0268215111805024,0.060239142969891905,0.1811039494932298,1.5039983217262933
trend_n2000_c2_mid_snr4,610089,0.3,2.0,1.032452679021902,0.06313678367260575,0.16654664733793045,1.5039983217262933
trend_n2000_c2_mid_snr4,610089,2.0,0.05,0.9411601613228118,0.055201348743908876,0.1876344693246762,1.308575150006615
trend_n2000_c2_mid_snr4,610089,2.0,0.3,0.9623279483230622,0.05615059207070166,0.1811039494932298,1.308575150006615
trend_n2000_c2_mid_snr4,610089,2.0,2.0,1.0050814698315715,0.05853961881760416,0.16654664733793045,1.308575150006615
trend_n2000_c2_spike_snr1,610090,0.05,0.05,1.5299334268853066,0.07922155227420265,0.16330366945921687,2.4299998963937344
trend_n2000_c2_spike_snr1,610090,0.05,0.3,1.5877566559062422,0.0802654142660166,0.1578623208472581,2.4299998963937344
trend_n2000_c2_spike_snr1,610090,0.05,2.0,1.7777038635220086,0.08165872797440783,0.147422909740526,2.4299998963937344
trend_n2000_c2_spike_snr1,610090,0.3,0.05,1.5437938620042335,0.07972513938885113,0.16330366945921687,2.4630738085453086
trend_n2000_c2_spike_snr1,610090,0.3,0.3,1.6076943955051801,0.08071871051319209,0.1578623208472581,2.4630738085453086
trend_n2000_c2_spike_snr1,610090,0.3,2.0,1.8249665714223442,0.08182427831856302,0.147422909740526,2.4630738085453086
trend_n2000_c2_spike_snr1,610090,2.0,0.05,1.641478952720033,0.0878427478257293,0.16330366945921687,2.9577098702604316
trend_n2000_c2_spike_snr1,610090,2.0,0.3,1.7324328126435133,0.088742425097513,0.1578623208472581,2.9577098702604316
trend_n2000_c2_spike_snr1,610090,2.0,2.0,2.075112208028201,0.08880438554609593,0.147422909740526,2.9577098702604316
trend_n2000_c2_spike_snr4,610090,0.05,0.05,2.9315795699839167,0.19728749599170572,0.16333603827522733,14.10586788290866
trend_n2000_c2_spike_snr4,610090,0.05,0.3,3.137377856362087,0.19951953823517474,0.1578197413990421,14.10586788290866
trend_n2000_c2_spike_snr4,610090,0.05,2.0,3.959838625630207,0.20005313605149969,0.14748489986083305,14.10586788290866
trend_n2000_c2_spike_snr4,610090,0.3,0.05,3.013752778716356,0.20699598335916625,0.16333603827522733,15.466564749308631
trend_n2000_c2_spike_snr4,610090,0.3,0.3,3.237946950078875,0.20929018401949193,0.1578197413990421,15.466564749308631
trend_n2000_c2_spike_snr4,610090,0.3,2.0,4.143749049481193,0.2095064815989666,0.14748489986083305,15.466564749308631
trend_n2000_c2_spike_snr4,610090,2.0,0.05,3.4820420167090553,0.2636930961223203,0.16333603827522733,24.672504168923847
trend_n2000_c2_spike_snr4,610090,2.0,0.3,3.7951313389183943,0.2665262628365126,0.1578197413990421,24.672504168923847
trend_n2000_c2_spike_snr4,610090,2.0,2.0,5.110432983383948,0.265813024984386,0.14748489986083305,24.672504168923847
trend_n2000_c2_mid_snr1,610090,0.05,0.05,0.9968917507112378,0.06440237857044724,0.167378884989592,1.5534150710720602
trend_n2000_c2_mid_snr1,610090,0.05,0.3,1.012308376012294,0.06551276977597034,0.1618135573323361,1.5534150710720602
trend_n2000_c2_mid_snr1,610090,0.05,2.0,1.026208896737108,0.06800957648242317,0.1508981733561739,1.5534150710720602
trend_n2000_c2_mid_snr1,610090,0.3,0.05,0.9785822792346993,0.06299589411070815,0.167378884989592,1.4874378463923859
trend_n2000_c2_mid_snr1,610090,0.3,0.3,0.9964481733978988,0.06406088106519706,0.1618135573323361,1.4874378463923859
trend_n2000_c2_mid_snr1,610090,0.3,2.0,1.020203480357001,0.06642755102675887,0.1508981733561739,1.4874378463923859
trend_n2000_c2_mid_snr1,610090,2.0,0.05,0.9247904748042476,0.05920347169662419,0.167378884989592,1.3153184198883265
trend_n2000_c2_mid_snr1,610090,2.0,0.3,0.9511143084208027,0.06012993160218585,0.1618135573323361,1.3153184198883265
trend_n2000_c2_mid_snr1,610090,2.0,2.0,1.0110294225481655,0.06205689994490957,0.1508981733561739,1.3153184198883265
trend_n2000_c2_mid_snr4,610090,0.05,0.05,0.9730885276177723,0.06152405654385655,0.17207958181727118,1.4643542094508462
trend_n2000_c2_mid_snr4,610090,0.05,0.3,0.9922648039886272,0.06258343413259378,0.1662125819605492,1.4643542094508462
trend_n2000_c2_mid_snr4,610090,0.05,2.0,1.0196196001768862,0.06514969688549159,0.153817084824621,1.4643542094508462
trend_n2000_c2_mid_snr4,610090,0.3,0.05,0.9548629968944871,0.060213894710502126,0.17207958181727118,1.4034704260110258
trend_n2000_c2_mid_snr4,610090,0.3,0.3,0.9756949108580579,0.06123457610736961,0.1662125819605492,1.4034704260110258
trend_n2000_c2_mid_snr4,610090,0.3,2.0,1.0101349414496537,0.06368681657525345,0.153817084824621,1.4034704260110258
trend_n2000_c2_mid_snr4,610090,2.0,0.05,0.8951430738941578,0.05674594186953566,0.17207958181727118,1.2450034760804074
trend_n2000_c2_mid_snr4,610090,2.0,0.3,0.9219273507983653,0.05765034985323603,0.1662125819605492,1.2450034760804074
trend_n2000_c2_mid_snr4,610090,2.0,2.0,0.9836721064517049,0.05972258666675637,0.153817084824621,1.2450034760804074
trend_n2000_c2_spike_snr1,610091,0.05,0.05,1.5751042806159536,0.07606257650182324,0.1670987247845313,2.3461351999729367
trend_n2000_c2_spike_snr1,610091,0.05,0.3,1.6334378004423844,0.0769999308932755,0.16164368474225652,2.3461351999729367
trend_n2000_c2_spike_snr1,610091,0.05,2.0,1.8157172295333308,0.07815650267556458,0.1513490122471308,2.3461351999729367
trend_n2000_c2_spike_snr1,610091,0.3,0.05,1.5802289033910577,0.07676614805071529,0.1670987247845313,2.3847361291889175
trend_n2000_c2_spike_snr1,610091,0.3,0.3,1.6449430873875763,0.07765070466217093,0.16164368474225652,2.3847361291889175
trend_n2000_c2_spike_snr1,610091,0.3,2.0,1.8547022338933818,0.07851415275012028,0.1513490122471308,2.3847361291889175
trend_n2000_c2_spike_snr1,610091,2.0,0.05,1.6475514641747862,0.08543547264535253,0.1670987247845313,2.8905184167379185
trend_n2000_c2_spike_snr1,610091,2.0,0.3,1.7398758247662602,0.08622569007552645,0.16164368474225652,2.8905184167379185
trend_n2000_c2_spike_snr1,610091,2.0,2.0,2.0733206620536864,0.08606543796268595,0.1513490122471308,2.8905184167379185
trend_n2000_c2_spike_snr4,610091,0.05,0.05,3.0229411351455733,0.19397077528148862,0.16439402173577758,13.860429383965988
trend_n2000_c2_spike_snr4,610091,0.05,0.3,3.2153591138972653,0.19602289971502862,0.15911110834842213,13.860429383965988
trend_n2000_c2_spike_snr4,610091,0.05,2.0,3.98739792440839,0.1965792436382775,0.14886263623343982,13.860429383965988
trend_n2000_c2_spike_snr4,610091,0.3,0.05,3.1111687536249986,0.20373378911143614,0.16439402173577758,15.224739092471074
trend_n2000_c2_spike_snr4,610091,0.3,0.3,3.3208583720977685,0.20584320922429875,0.15911110834842213,15.224739092471074
trend_n2000_c2_spike_snr4,610091,0.3,2.0,4.1716399318224155,0.20610206211663878,0.14886263623343982,15.224739092471074
trend_n2000_c2_spike_snr4,610091,2.0,0.05,3.6141482901869453,0.2604669485827034,0.16439402173577758,24.430997416350976
trend_n2000_c2_spike_snr4,610091,2.0,0.3,3.9062481568363254,0.2630840416109149,0.15911110834842213,24.430997416350976
trend_n2000_c2_spike_snr4,610091,2.0,2.0,5.140002363762046,0.26252232106809903,0.14886263623343982,24.430997416350976
trend_n2000_c2_mid_snr1,610091,0.05,0.05,0.8722187789824168,0.06338662165054137,0.17326683787226474,1.5227482372198888
trend_n2000_c2_mid_snr1,610091,0.05,0.3,0.8877169433238914,0.06451574044765926,0.1672563359986786,1.5227482372198888
trend_n2000_c2_mid_snr1,610091,0.05,2.0,0.9035789716362341,0.06713001243073792,0.15506097136973984,1.5227482372198888
trend_n2000_c2_mid_snr1,610091,0.3,0.05,0.8564367518251518,0.06199126074947957,0.17326683787226474,1.4574566866427945
trend_n2000_c2_mid_snr1,610091,0.3,0.3,0.873626930909698,0.06308187059972471,0.1672563359986786,1.4574566866427945
trend_n2000_c2_mid_snr1,610091,0.3,2.0,0.8966091264497627,0.06558942392533121,0.15506097136973984,1.4574566866427945
trend_n2000_c2_mid_snr1,610091,2.0,0.05,0.807049278374273,0.05819298522692866,0.17326683787226474,1.2851899197016465
trend_n2000_c2_mid_snr1,610091,2.0,0.3,0.8302756618752,0.05916754807490947,0.1672563359986786,1.2851899197016465
trend_n2000_c2_mid_snr1,610091,2.0,2.0,0.8803106906888037,0.06132235117455015,0.15506097136973984,1.2851899197016465
trend_n2000_c2_mid_snr4,610091,0.05,0.05,1.0763201027875635,0.06259743906096406,0.17009529272952395,1.5287326066700806
trend_n2000_c2_mid_snr4,610091,0.05,0.3,1.0944408911534595,0.06367443338200428,0.1644053253975682,1.5287326066700806
trend_n2000_c2_mid_snr4,610091,0.05,2.0,1.115049061847079,0.06616453683060884,0.15302520265818242,1.5287326066700806
trend_n2000_c2_mid_snr4,610091,0.3,0.05,1.056954364681916,0.06122582056491888,0.17009529272952395,1.4639859518134035
trend_n2000_c2_mid_snr4,610091,0.3,0.3,1.077306444392922,0.062257121321598906,0.1644053253975682,1.4639859518134035
trend_n2000_c2_mid_snr4,610091,0.3,2.0,1.1068839340406704,0.06461469572155545,0.15302520265818242,1.4639859518134035
trend_n2000_c2_mid_snr4,610091,2.0,0.05,0.9940258358441127,0.0576146918874523,0.17009529272952395,1.2961863272303906
trend_n2000_c2_mid_snr4,610091,2.0,0.3,1.0219573084921914,0.05850871501952948,0.1644053253975682,1.2961863272303906
trend_n2000_c2_mid_snr4,610091,2.0,2.0,1.084170148562548,0.06042469761535341,0.15302520265818242,1.2961863272303906
trend_n2000_c2_spike_snr1,610092,0.05,0.05,1.3362435775295152,0.07891849725796331,0.16740878559884018,2.382118045825892
trend_n2000_c2_spike_snr1,610092,0.05,0.3,1.4028343290038479,0.08000881098495949,0.16141240954301303,2.382118045825892
trend_n2000_c2_spike_snr1,610092,0.05,2.0,1.6368194504382378,0.08131007151566626,0.14992613817275977,2.382118045825892
trend_n2000_c2_spike_snr1,610092,0.3,0.05,1.3416193895731245,0.07971765551910513,0.16740878559884018,2.4269321926808676
trend_n2000_c2_spike_snr1,610092,0.3,0.3,1.414018807117554,0.08077499171422625,0.16141240954301303,2.4269321926808676
trend_n2000_c2_spike_snr1,610092,0.3,2.0,1.6747447786368919,0.0818417526513089,0.14992613817275977,2.4269321926808676
trend_n2000_c2_spike_snr1,610092,2.0,0.05,1.410651074857024,0.08845312398349983,0.16740878559884018,2.950110905643167
trend_n2000_c2_spike_snr1,610092,2.0,0.3,1.509591368835073,0.08948184466466731,0.16141240954301303,2.950110905643167
trend_n2000_c2_spike_snr1,610092,2.0,2.0,1.8949424011677674,0.0897284541443176,0.14992613817275977,2.950110905643167
trend_n2000_c2_spike_snr4,610092,0.05,0.05,2.680196909433116,0.19629120294315666,0.1594910341001124,13.423860767456624
trend_n2000_c2_spike_snr4,610092,0.05,0.3,2.888512526126253,0.19825385293976272,0.1545209043897806,13.423860767456624
trend_n2000_c2_spike_snr4,610092,0.05,2.0,3.7141890986718984,0.1977596093157491,0.14601515467472612,13.423860767456624
trend_n2000_c2_spike_snr4,610092,0.3,0.05,2.7728610892376757,0.20601118184896933,0.1594910341001124,14.750542882135905
trend_n2000_c2_spike_snr4,610092,0.3,0.3,2.999215578147052,0.2080277751145553,0.1545209043897806,14.750542882135905
trend_n2000_c2_spike_snr4,610092,0.3,2.0,3.906386610115192,0.20717941505943394,0.14601515467472612,14.750542882135905
trend_n2000_c2_spike_snr4,610092,2.0,0.05,3.276015698262394,0.2631502114739974,0.1594910341001124,23.778494411779853
trend_n2000_c2_spike_snr4,610092,2.0,0.3,3.590511217783174,0.26564511601979196,0.1545209043897806,23.778494411779853
trend_n2000_c2_spike_snr4,610092,2.0,2.0,4.900922785734505,0.2635995274205415,0.14601515467472612,23.778494411779853
trend_n2000_c2_mid_snr1,610092,0.05,0.05,1.1603047039521903,0.06233530500782303,0.16436580845028076,1.4973587290216663
trend_n2000_c2_mid_snr1,610092,0.05,0.3,1.1803368166977588,0.06344304829932643,0.15869944421150814,1.4973587290216663
trend_n2000_c2_mid_snr1,610092,0.05,2.0,1.1848132456954366,0.06587743782749449,0.14862451255511183,1.4973587290216663
trend_n2000_c2_mid_snr1,610092,0.3,0.05,1.1325421782796739,0.06101612891062583,0.16436580845028076,1.433457526525157
trend_n2000_c2_mid_snr1,610092,0.3,0.3,1.154464736972058,0.06207837322649161,0.15869944421150814,1.433457526525157
trend_n2000_c2_mid_snr1,610092,0.3,2.0,1.1675998421186853,0.06438099948718136,0.14862451255511183,1.433457526525157
trend_n2000_c2_mid_snr1,610092,2.0,0.05,1.0404891836901895,0.05742417342592183,0.16436580845028076,1.2608655764245613
trend_n2000_c2_mid_snr1,610092,2.0,0.3,1.0689536158659614,0.058348683805748036,0.15869944421150814,1.2608655764245613
trend_n2000_c2_mid_snr1,610092,2.0,2.0,1.1142713308816552,0.06020470370294985,0.14862451255511183,1.2608655764245613
trend_n2000_c2_mid_snr4,610092,0.05,0.05,0.8453685156089004,0.06193751631368062,0.16291333184927448,1.3651301902699078
trend_n2000_c2_mid_snr4,610092,0.05,0.3,0.8561424083569921,0.06297045977453469,0.15771628842538826,1.3651301902699078
trend_n2000_c2_mid_snr4,610092,0.05,2.0,0.8530468773763111,0.06516184903783241,0.1482012036209098,1.3651301902699078
trend_n2000_c2_mid_snr4,610092,0.3,0.05,0.8262373204406275,0.06060298089053243,0.16291333184927448,1.30668959130472
trend_n2000_c2_mid_snr4,610092,0.3,0.3,0.8391466713300507,0.06159742548634598,0.15771628842538826,1.30668959130472
trend_n2000_c2_mid_snr4,610092,0.3,2.0,0.8451887907299149,0.06368188059009484,0.1482012036209098,1.30668959130472
trend_n2000_c2_mid_snr4,610092,2.0,0.05,0.7668936106306738,0.05718381806322363,0.16291333184927448,1.160197707570408
trend_n2000_c2_mid_snr4,610092,2.0,0.3,0.7873671433142762,0.05806474249765183,0.15771628842538826,1.160197707570408
trend_n2000_c2_mid_snr4,610092,2.0,2.0,0.8274825274626272,0.05979529479455877,0.1482012036209098,1.160197707570408
trend_n2000_c2_spike_snr1,610093,0.05,0.05,1.5323501578931056,0.07636000008905779,0.1767205346900779,2.4737578195774463
trend_n2000_c2_spike_snr1,610093,0.05,0.3,1.5927307398970152,0.07735251029101572,0.1707023346491336,2.4737578195774463
trend_n2000_c2_spike_snr1,610093,0.05,2.0,1.798073947670579,0.07885682257007048,0.1579925831200365,2.4737578195774463
trend_n2000_c2_spike_snr1,610093,0.3,0.05,1.5411957733093145,0.07703969066924979,0.1767205346900779,2.515376835539425
trend_n2000_c2_spike_snr1,610093,0.3,0.3,1.6068247474326898,0.07799274491743265,0.1707023346491336,2.515376835539425
trend_n2000_c2_spike_snr1,610093,0.3,2.0,1.8358395066025106,0.0792562626280424,0.1579925831200365,2.515376835539425
trend_n2000_c2_spike_snr1,610093,2.0,0.05,1.6201841522825537,0.0851780093216469,0.1767205346900779,3.0256451122497703
trend_n2000_c2_spike_snr1,610093,2.0,0.3,1.7094587634256515,0.08607337857858079,0.1707023346491336,3.0256451122497703
trend_n2000_c2_spike_snr1,610093,2.0,2.0,2.0484361166107514,0.08651424878697056,0.1579925831200365,3.0256451122497703
trend_n2000_c2_spike_snr4,610093,0.05,0.05,3.3903038248037802,0.19727699845872584,0.1650868326066637,14.734454102364916
trend_n2000_c2_spike_snr4,610093,0.05,0.3,3.584933740872233,0.19907697778029623,0.16009485935055906,14.734454102364916
trend_n2000_c2_spike_snr4,610093,0.05,2.0,4.341973973924491,0.198460034500804,0.15105020153007773,14.734454102364916
trend_n2000_c2_spike_snr4,610093,0.3,0.05,3.501083518147667,0.20656880402222724,0.1650868326066637,16.098209057079092
trend_n2000_c2_spike_snr4,610093,0.3,0.3,3.7120651572504326,0.20840060561584858,0.16009485935055906,16.098209057079092
trend_n2000_c2_spike_snr4,610093,0.3,2.0,4.54220387158642,0.2074001417372454,0.15105020153007773,16.098209057079092
trend_n2000_c2_spike_snr4,610093,2.0,0.05,4.089923391050223,0.26083874492783027,0.1650868326066637,25.202998032107157
trend_n2000_c2_spike_snr4,610093,2.0,0.3,4.3789333339628325,0.2630482240444446,0.16009485935055906,25.202998032107157
trend_n2000_c2_spike_snr4,610093,2.0,2.0,5.564984151535064,0.260786090764391,0.15105020153007773,25.202998032107157
trend_n2000_c2_mid_snr1,610093,0.05,0.05,0.9332416405359366,0.06325317804276452,0.16362567555691854,1.450519867237313
trend_n2000_c2_mid_snr1,610093,0.05,0.3,0.9461716594402576,0.06436226761966751,0.15814722896858288,1.450519867237313
trend_n2000_c2_mid_snr1,610093,0.05,2.0,0.9410774674385302,0.06662217293711258,0.1487136495127238,1.450519867237313
trend_n2000_c2_mid_snr1,610093,0.3,0.05,0.9166608126945344,0.06178384476152838,0.16362567555691854,1.385438149127589
trend_n2000_c2_mid_snr1,610093,0.3,0.3,0.9324567551579955,0.06284447434647206,0.15814722896858288,1.385438149127589
trend_n2000_c2_mid_snr1,610093,0.3,2.0,0.9389039630183694,0.06497325958479987,0.1487136495127238,1.385438149127589
trend_n2000_c2_mid_snr1,610093,2.0,0.05,0.863092301237045,0.058106893067611874,0.16362567555691854,1.2257195334626398
trend_n2000_c2_mid_snr1,610093,2.0,0.3,0.888648714487024,0.05902443417534793,0.15814722896858288,1.2257195334626398
trend_n2000_c2_mid_snr1,610093,2.0,2.0,0.9363848517271781,0.06071532585126209,0.1487136495127238,1.2257195334626398
trend_n2000_c2_mid_snr4,610093,0.05,0.05,0.9884447662210957,0.06165755160251541,0.1744070571378766,1.495144103023142
trend_n2000_c2_mid_snr4,610093,0.05,0.3,1.0061185160468322,0.06273147616205296,0.1684692153764204,1.495144103023142
trend_n2000_c2_mid_snr4,610093,0.05,2.0,1.022957385412084,0.06536955425546288,0.15600007110351316,1.495144103023142
trend_n2000_c2_mid_snr4,610093,0.3,0.05,0.9690371860683586,0.06040203076395849,0.1744070571378766,1.4351166490295852
trend_n2000_c2_mid_snr4,610093,0.3,0.3,0.988780079692774,0.06143464602901836,0.1684692153764204,1.4351166490295852
trend_n2000_c2_mid_snr4,610093,0.3,2.0,1.014304466640229,0.0639485214121648,0.15600007110351316,1.4351166490295852
trend_n2000_c2_mid_snr4,610093,2.0,0.05,0.9053331127060313,0.05688963634032357,0.1744070571378766,1.2707327185886066
trend_n2000_c2_mid_snr4,610093,2.0,0.3,0.9322602199926566,0.05779441926669757,0.1684692153764204,1.2707327185886066
trend_n2000_c2_mid_snr4,610093,2.0,2.0,0.9897826556476812,0.05988832256476211,0.15600007110351316,1.2707327185886066
trend_n2000_c2_spike_snr1,610094,0.05,0.05,1.5010911757252354,0.07791301623743889,0.16458022704582007,2.3669944777704104
trend_n2000_c2_spike_snr1,610094,0.05,0.3,1.5603260621359003,0.07880636931902694,0.15946783311417415,2.3669944777704104
trend_n2000_c2_spike_snr1,610094,0.05,2.0,1.7556539030567708,0.07978157550018036,0.14981176818320494,2.3669944777704104
trend_n2000_c2_spike_snr1,610094,0.3,0.05,1.513250950821175,0.07872334078776894,0.16458022704582007,2.4147642903932574
trend_n2000_c2_spike_snr1,610094,0.3,0.3,1.5785572686104268,0.07957217574505443,0.15946783311417415,2.4147642903932574
trend_n2000_c2_spike_snr1,610094,0.3,2.0,1.8006769931285638,0.08027797654051264,0.14981176818320494,2.4147642903932574
trend_n2000_c2_spike_snr1,610094,2.0,0.05,1.6027368168598943,0.08761809110927324,0.16458022704582007,2.947182763751948
trend_n2000_c2_spike_snr1,610094,2.0,0.3,1.6952096348196588,0.08838339669511912,0.15946783311417415,2.947182763751948
trend_n2000_c2_spike_snr1,610094,2.0,2.0,2.0406968962437513,0.08810122477527806,0.14981176818320494,2.947182763751948
trend_n2000_c2_spike_snr4,610094,0.05,0.05,3.2271049175952613,0.19906248134187374,0.17106803430499354,15.32542021762433
trend_n2000_c2_spike_snr4,610094,0.05,0.3,3.4355268425500145,0.20125177549918521,0.16527570509294987,15.32542021762433
trend_n2000_c2_spike_snr4,610094,0.05,2.0,4.252629715263155,0.20189334643982113,0.15398534875425174,15.32542021762433
trend_n2000_c2_spike_snr4,610094,0.3,0.05,3.3272775739364446,0.20842857046014593,0.17106803430499354,16.742228211160715
trend_n2000_c2_spike_snr4,610094,0.3,0.3,3.55250322427022,0.21067424343214017,0.16527570509294987,16.742228211160715
trend_n2000_c2_spike_snr4,610094,0.3,2.0,4.444612475263902,0.2110220274310015,0.15398534875425174,16.742228211160715
trend_n2000_c2_spike_snr4,610094,2.0,0.05,3.8615372439102718,0.26243130728739184,0.17106803430499354,26.09028927401357
trend_n2000_c2_spike_snr4,610094,2.0,0.3,4.16675876690485,0.26517725335633924,0.16527570509294987,26.09028927401357
trend_n2000_c2_spike_snr4,610094,2.0,2.0,5.4234477092327005,0.26472623338654727,0.15398534875425174,26.09028927401357
trend_n2000_c2_mid_snr1,610094,0.05,0.05,1.062689986661633,0.060876825703526594,0.1675323432453947,1.429699882617278
trend_n2000_c2_mid_snr1,610094,0.05,0.3,1.0800007098181752,0.06198018477240003,0.16169773860118578,1.429699882617278
trend_n2000_c2_mid_snr1,610094,0.05,2.0,1.0881408800948624,0.06456901264203949,0.15027284193244878,1.429699882617278
trend_n2000_c2_mid_snr1,610094,0.3,0.05,1.044128179038554,0.05962559080282637,0.1675323432453947,1.3726788325828423
trend_n2000_c2_mid_snr1,610094,0.3,0.3,1.0639963323889923,0.060681304996511344,0.16169773860118578,1.3726788325828423
trend_n2000_c2_mid_snr1,610094,0.3,2.0,1.0827306204080123,0.06312781303947688,0.15027284193244878,1.3726788325828423
trend_n2000_c2_mid_snr1,610094,2.0,0.05,0.9808454641591033,0.056201726205461,0.1675323432453947,1.218464175455511
trend_n2000_c2_mid_snr1,610094,2.0,0.3,1.0095595890705424,0.05710847443728468,0.16169773860118578,1.218464175455511
trend_n2000_c2_mid_snr1,610094,2.0,2.0,1.0670701137669256,0.05906218720229261,0.15027284193244878,1.218464175455511
trend_n2000_c2_mid_snr4,610094,0.05,0.05,0.9756289049767607,0.06337110838416113,0.16811113569989888,1.5089007843763615
trend_n2000_c2_mid_snr4,610094,0.05,0.3,0.985191572165904,0.06451387188616335,0.1624857490302458,1.5089007843763615
trend_n2000_c2_mid_snr4,610094,0.05,2.0,0.9724042848877208,0.06716784345595658,0.15150236853447316,1.5089007843763615
trend_n2000_c2_mid_snr4,610094,0.3,0.05,0.9606992058267211,0.061912731559967155,0.16811113569989888,1.4426708015705962
trend_n2000_c2_mid_snr4,610094,0.3,0.3,0.9729363763200906,0.06300828401950144,0.1624857490302458,1.4426708015705962
trend_n2000_c2_mid_snr4,610094,0.3,2.0,0.9710078687755338,0.06552923987431633,0.15150236853447316,1.4426708015705962
trend_n2000_c2_mid_snr4,610094,2.0,0.05,0.9083372647278994,0.05792110392730662,0.16811113569989888,1.265553311558511
trend_n2000_c2_mid_snr4,610094,2.0,0.3,0.929738041945573,0.05886943956701814,0.1624857490302458,1.265553311558511
trend_n2000_c2_mid_snr4,610094,2.0,2.0,0.9674658021079997,0.060929431815071274,0.15150236853447316,1.265553311558511
trend_n2000_c2_spike_snr1,610095,0.05,0.05,1.540036572729115,0.07898959003071751,0.17229001150062712,2.5564296459723637
trend_n2000_c2_spike_snr1,610095,0.05,0.3,1.6008862777257584,0.07994700928854198,0.16672618345263354,2.5564296459723637
trend_n2000_c2_spike_snr1,610095,0.05,2.0,1.8028577659029121,0.0812388489977209,0.15553277373602464,2.5564296459723637
trend_n2000_c2_spike_snr1,610095,0.3,0.05,1.5602908301665577,0.07947741095664877,0.17229001150062712,2.593859179003539
trend_n2000_c2_spike_snr1,610095,0.3,0.3,1.6258851654677182,0.08039596972713342,0.16672618345263354,2.593859179003539
trend_n2000_c2_spike_snr1,610095,0.3,2.0,1.849140741679605,0.08145919587730453,0.15553277373602464,2.593859179003539
trend_n2000_c2_spike_snr1,610095,2.0,0.05,1.6880955254059877,0.0871136375779777,0.17229001150062712,3.103298134010317
trend_n2000_c2_spike_snr1,610095,2.0,0.3,1.775561550806286,0.08796590025751902,0.16672618345263354,3.103298134010317
trend_n2000_c2_spike_snr1,610095,2.0,2.0,2.099649126299871,0.08820354062451914,0.15553277373602464,3.103298134010317
trend_n2000_c2_spike_snr4,610095,0.05,0.05,3.0685395011756738,0.19463748522344151,0.17436640777085297,14.839918426118183
trend_n2000_c2_spike_snr4,610095,0.05,0.3,3.2716777198545977,0.19685149732463644,0.1683916551494759,14.839918426118183
trend_n2000_c2_spike_snr4,610095,0.05,2.0,4.080585365197661,0.19789346355361542,0.15638004104566064,14.839918426118183
trend_n2000_c2_spike_snr4,610095,0.3,0.05,3.1706723887069415,0.20370573904730283,0.17436640777085297,16.209489681829364
trend_n2000_c2_spike_snr4,610095,0.3,0.3,3.3901704741841368,0.2059760222032888,0.1683916551494759,16.209489681829364
trend_n2000_c2_spike_snr4,610095,0.3,2.0,4.272651085384326,0.20674187205846825,0.15638004104566064,16.209489681829364
trend_n2000_c2_spike_snr4,610095,2.0,0.05,3.7153748756369662,0.25673280538576815,0.17436640777085297,25.36955448582677
trend_n2000_c2_spike_snr4,610095,2.0,0.3,4.01316095009744,0.2595065058826614,0.1683916551494759,25.36955448582677
trend_n2000_c2_spike_snr4,610095,2.0,2.0,5.255689039448724,0.25955982542622724,0.15638004104566064,25.36955448582677
trend_n2000_c2_mid_snr1,610095,0.05,0.05,0.9569527784123316,0.060975860259890866,0.1777660345935795,1.4833568680745237
trend_n2000_c2_mid_snr1,610095,0.05,0.3,0.9729065868312705,0.06205516646753039,0.17167423393128067,1.4833568680745237
trend_n2000_c2_mid_snr1,610095,0.05,2.0,0.9878898671850439,0.06472315497241081,0.1587204178092238,1.4833568680745237
trend_n2000_c2_mid_snr1,610095,0.3,0.05,0.9344314553236368,0.05971007164579827,0.1777660345935795,1.4215268713713973
trend_n2000_c2_mid_snr1,610095,0.3,0.3,0.9523838694589299,0.060748332211772754,0.17167423393128067,1.4215268713713973
trend_n2000_c2_mid_snr1,610095,0.3,2.0,0.9760024260614443,0.06329138872759663,0.1587204178092238,1.4215268713713973
trend_n2000_c2_mid_snr1,610095,2.0,0.05,0.8649168056904769,0.05614022938619693,0.1777660345935795,1.2524023050079818
trend_n2000_c2_mid_snr1,610095,2.0,0.3,0.8898607768336628,0.057052096837921805,0.17167423393128067,1.2524023050079818
trend_n2000_c2_mid_snr1,610095,2.0,2.0,0.9455426665765866,0.05917588777766836,0.1587204178092238,1.2524023050079818
trend_n2000_c2_mid_snr4,610095,0.05,0.05,1.105865664380704,0.06087543505833162,0.1701683651196142,1.4680704645528295
trend_n2000_c2_mid_snr4,610095,0.05,0.3,1.1230681627309334,0.06199649567378443,0.16420036559426268,1.4680704645528295
trend_n2000_c2_mid_snr4,610095,0.05,2.0,1.1373289103686115,0.06471301263116083,0.15196332135922128,1.4680704645528295
trend_n2000_c2_mid_snr4,610095,0.3,0.05,1.0855001151255708,0.05960149855740607,0.1701683651196142,1.408293494198409
trend_n2000_c2_mid_snr4,610095,0.3,0.3,1.104524254838308,0.06067976272423188,0.16420036559426268,1.408293494198409
trend_n2000_c2_mid_snr4,610095,0.3,2.0,1.126682798128747,0.0632689372277066,0.15196332135922128,1.408293494198409
trend_n2000_c2_mid_snr4,610095,2.0,0.05,1.02058332777685,0.056426929766766894,0.1701683651196142,1.259793697325072
trend_n2000_c2_mid_snr4,610095,2.0,0.3,1.0462633793514173,0.05737687896089078,0.16420036559426268,1.259793697325072
trend_n2000_c2_mid_snr4,610095,2.0,2.0,1.099328273584403,0.059534372095286316,0.15196332135922128,1.259793697325072
trend_n2000_c2_spike_snr1,610096,0.05,0.05,1.8278113193701115,0.07701605411936364,0.16684098261556402,2.534644280169742
trend_n2000_c2_spike_snr1,610096,0.05,0.3,1.8976470736764648,0.07798021944230477,0.16092231819051658,2.534644280169742
trend_n2000_c2_spike_snr1,610096,0.05,2.0,2.100777495711169,0.07904013918402188,0.15001926491705309,2.534644280169742
trend_n2000_c2_spike_snr1,610096,0.3,0.05,1.8222105360408247,0.07769095531335878,0.16684098261556402,2.566039095785527
trend_n2000_c2_spike_snr1,610096,0.3,0.3,1.8977959106542361,0.07860201032851927,0.16092231819051658,2.566039095785527
trend_n2000_c2_spike_snr1,610096,0.3,2.0,2.1272015582326196,0.0793483974764417,0.15001926491705309,2.566039095785527
trend_n2000_c2_spike_snr1,610096,2.0,0.05,1.8579674262206656,0.08609847767906331,0.16684098261556402,3.0470356815811477
trend_n2000_c2_spike_snr1,610096,2.0,0.3,1.9592115673552473,0.08692360120694771,0.16092231819051658,3.0470356815811477
trend_n2000_c2_spike_snr1,610096,2.0,2.0,2.3090432950456794,0.08658601490627595,0.15001926491705309,3.0470356815811477
trend_n2000_c2_spike_snr4,610096,0.05,0.05,2.9382622628920894,0.20221808319080084,0.15956359805546375,14.414322379722108
trend_n2000_c2_spike_snr4,610096,0.05,0.3,3.13725807828676,0.20423598285751673,0.1546872696683878,14.414322379722108
trend_n2000_c2_spike_snr4,610096,0.05,2.0,3.932456393589316,0.2040191079636372,0.14614755194186568,14.414322379722108
trend_n2000_c2_spike_snr4,610096,0.3,0.05,3.0304856966508753,0.2111171154307845,0.15956359805546375,15.674821890272375
trend_n2000_c2_spike_snr4,610096,0.3,0.3,3.246875943473504,0.21316778652053642,0.1546872696683878,15.674821890272375
trend_n2000_c2_spike_snr4,610096,0.3,2.0,4.119234497464225,0.21257432009899088,0.14614755194186568,15.674821890272375
trend_n2000_c2_spike_snr4,610096,2.0,0.05,3.5324717166309814,0.2647748815917777,0.15956359805546375,24.341366376339376
trend_n2000_c2_spike_snr4,610096,2.0,0.3,3.833438996406746,0.2672135044988607,0.1546872696683878,24.341366376339376
trend_n2000_c2_spike_snr4,610096,2.0,2.0,5.0895966991018975,0.26532071095799437,0.14614755194186568,24.341366376339376
trend_n2000_c2_mid_snr1,610096,0.05,0.05,1.0981382808284534,0.06341410694642532,0.1689507801138037,1.5612003115793955
trend_n2000_c2_mid_snr1,610096,0.05,0.3,1.1129410784360196,0.06449242337592152,0.16349590969172453,1.5612003115793955
trend_n2000_c2_mid_snr1,610096,0.05,2.0,1.1086103777200127,0.06694368859232219,0.15331484568704598,1.5612003115793955
trend_n2000_c2_mid_snr1,610096,0.3,0.05,1.0781573305238699,0.0621322979264995,0.1689507801138037,1.4995306361707976
trend_n2000_c2_mid_snr1,610096,0.3,0.3,1.09545847103482,0.06316494679949729,0.16349590969172453,1.4995306361707976
trend_n2000_c2_mid_snr1,610096,0.3,2.0,1.1016794946585464,0.06548131336879148,0.15331484568704598,1.4995306361707976
trend_n2000_c2_mid_snr1,610096,2.0,0.05,1.010480444665077,0.058615594945954363,0.1689507801138037,1.332307854076097
trend_n2000_c2_mid_snr1,610096,2.0,0.3,1.0364188765531823,0.05950543444936272,0.16349590969172453,1.332307854076097
trend_n2000_c2_mid_snr1,610096,2.0,2.0,1.0813449346157142,0.06135239767198954,0.15331484568704598,1.332307854076097
trend_n2000_c2_mid_snr4,610096,0.05,0.05,1.079842028581846,0.06568954963826781,0.16708521138971003,1.6353736471611446
trend_n2000_c2_mid_snr4,610096,0.05,0.3,1.0949863555170372,0.06668960898276399,0.16215727651165895,1.6353736471611446
trend_n2000_c2_mid_snr4,610096,0.05,2.0,1.0972627320911001,0.06882783880438384,0.15328197659997198,1.6353736471611446
trend_n2000_c2_mid_snr4,610096,0.3,0.05,1.0548625946227703,0.06420447523306003,0.16708521138971003,1.5620662651353832
trend_n2000_c2_mid_snr4,610096,0.3,0.3,1.072641096790176,0.06515736426436007,0.16215727651165895,1.5620662651353832
trend_n2000_c2_mid_snr4,610096,0.3,2.0,1.0857098808734773,0.06716046849062858,0.15328197659997198,1.5620662651353832
trend_n2000_c2_mid_snr4,610096,2.0,0.05,0.9743915749877448,0.060215327196996314,0.16708521138971003,1.3690892762331177
trend_n2000_c2_mid_snr4,610096,2.0,0.3,1.0011338623837123,0.061025202642402784,0.16215727651165895,1.3690892762331177
trend_n2000_c2_mid_snr4,610096,2.0,2.0,1.0529995610679461,0.06257338680992286,0.15328197659997198,1.3690892762331177
trend_n2000_c2_spike_snr1,610097,0.05,0.05,1.6002204295448175,0.07758946683390584,0.16375770644889087,2.389047407285244
trend_n2000_c2_spike_snr1,610097,0.05,0.3,1.658980180076627,0.07852834071445013,0.15849549815661068,2.389047407285244
trend_n2000_c2_spike_snr1,610097,0.05,2.0,1.8463657712083592,0.07960870162479991,0.14865134246572112,2.389047407285244
trend_n2000_c2_spike_snr1,610097,0.3,0.05,1.608574868783477,0.07826993870587383,0.16375770644889087,2.4281382472283153
trend_n2000_c2_spike_snr1,610097,0.3,0.3,1.672680093989367,0.07916626565847347,0.15849549815661068,2.4281382472283153
trend_n2000_c2_spike_snr1,610097,0.3,2.0,1.8844756439629589,0.0799874982170606,0.14865134246572112,2.4281382472283153
trend_n2000_c2_spike_snr1,610097,2.0,0.05,1.6913894810056742,0.08657420896198295,0.16375770644889087,2.920781715955977
trend_n2000_c2_spike_snr1,610097,2.0,0.3,1.7795775347759681,0.0873972215048242,0.15849549815661068,2.920781715955977
trend_n2000_c2_spike_snr1,610097,2.0,2.0,2.1042842508674515,0.08728047508643606,0.14865134246572112,2.920781715955977
trend_n2000_c2_spike_snr4,610097,0.05,0.05,3.3306679843201863,0.1945723533639013,0.16631450222500418,14.425194184465607
trend_n2000_c2_spike_snr4,610097,0.05,0.3,3.5115742489932726,0.19651735594173203,0.1611896576867701,14.425194184465607
trend_n2000_c2_spike_snr4,610097,0.05,2.0,4.228673402951774,0.19689796119742065,0.15129985940232743,14.425194184465607
trend_n2000_c2_spike_snr4,610097,0.3,0.05,3.434534958541383,0.2036214536376833,0.16631450222500418,15.739422348525128
trend_n2000_c2_spike_snr4,610097,0.3,0.3,3.6301851800892533,0.20561088059619165,0.1611896576867701,15.739422348525128
trend_n2000_c2_spike_snr4,610097,0.3,2.0,4.414804052272118,0.20569653753653427,0.15129985940232743,15.739422348525128
trend_n2000_c2_spike_snr4,610097,2.0,0.05,3.9979846194882676,0.2572952577879064,0.16631450222500418,24.656653615205112
trend_n2000_c2_spike_snr4,610097,2.0,0.3,4.265854153959039,0.259715339184318,0.1611896576867701,24.656653615205112
trend_n2000_c2_spike_snr4,610097,2.0,2.0,5.386325001283012,0.25892765988395033,0.15129985940232743,24.656653615205112
trend_n2000_c2_mid_snr1,610097,0.05,0.05,0.914244178493111,0.06247798743241764,0.16400830312851522,1.4162171503466783
trend_n2000_c2_mid_snr1,610097,0.05,0.3,0.9286077884356173,0.0635498246061886,0.15856616381151828,1.4162171503466783
trend_n2000_c2_mid_snr1,610097,0.05,2.0,0.9354312311740641,0.06593167040160845,0.14813509763121582,1.4162171503466783
trend_n2000_c2_mid_snr1,610097,0.3,0.05,0.8996748602810444,0.06118267707238718,0.16400830312851522,1.3593939995756605
trend_n2000_c2_mid_snr1,610097,0.3,0.3,0.916104457118655,0.062215487399744314,0.15856616381151828,1.3593939995756605
trend_n2000_c2_mid_snr1,610097,0.3,2.0,0.9318883355825172,0.06448495418285458,0.14813509763121582,1.3593939995756605
trend_n2000_c2_mid_snr1,610097,2.0,0.05,0.853672924240552,0.05771011754619007,0.16400830312851522,1.2108752505209703
trend_n2000_c2_mid_snr1,610097,2.0,0.3,0.8775672628314687,0.05862231920530344,0.15856616381151828,1.2108752505209703
trend_n2000_c2_mid_snr1,610097,2.0,2.0,0.9270860132170262,0.06050603892848376,0.14813509763121582,1.2108752505209703
trend_n2000_c2_mid_snr4,610097,0.05,0.05,1.0906800874661755,0.061536916650057644,0.16426838335748198,1.4382672208842293
trend_n2000_c2_mid_snr4,610097,0.05,0.3,1.1059247215280101,0.06265301488235965,0.1586437424531594,1.4382672208842293
trend_n2000_c2_mid_snr4,610097,0.05,2.0,1.1054209452938561,0.06527255748808755,0.14775026016894696,1.4382672208842293
trend_n2000_c2_mid_snr4,610097,0.3,0.05,1.0677152867474469,0.06031909396521491,0.16426838335748198,1.38141913255826
trend_n2000_c2_mid_snr4,610097,0.3,0.3,1.0854427798002793,0.06138824071860405,0.1586437424531594,1.38141913255826
trend_n2000_c2_mid_snr4,610097,0.3,2.0,1.0953697168499184,0.06386710113173916,0.14775026016894696,1.38141913255826
trend_n2000_c2_mid_snr4,610097,2.0,0.05,0.9934071160813454,0.057207670802513065,0.16426838335748198,1.2362423688734931
trend_n2000_c2_mid_snr4,610097,2.0,0.3,1.0196753006364165,0.05813600969654487,0.1586437424531594,1.2362423688734931
trend_n2000_c2_mid_snr4,610097,2.0,2.0,1.0675249925955232,0.060144546809178724,0.14775026016894696,1.2362423688734931
trend_n2000_c2_spike_snr1,610098,0.05,0.05,1.4370334364564934,0.07627655906980807,0.17498998443190372,2.395552654904819
trend_n2000_c2_spike_snr1,610098,0.05,0.3,1.4998178910900513,0.07742587877137017,0.16838075928694635,2.395552654904819
trend_n2000_c2_spike_snr1,610098,0.05,2.0,1.7101420107295295,0.07929350758564846,0.15468220157522422,2.395552654904819
trend_n2000_c2_spike_snr1,610098,0.3,0.05,1.4414903664208278,0.07698975180608209,0.17498998443190372,2.4360151692767054
trend_n2000_c2_spike_snr1,610098,0.3,0.3,1.5106272196909325,0.07809450735199029,0.16838075928694635,2.4360151692767054
trend_n2000_c2_spike_snr1,610098,0.3,2.0,1.7495333056226672,0.07968798478880691,0.15468220157522422,2.4360151692767054
trend_n2000_c2_spike_snr1,610098,2.0,0.05,1.5105436400081693,0.08552385949111342,0.17498998443190372,2.9565913187841444
trend_n2000_c2_spike_snr1,610098,2.0,0.3,1.6071721412632336,0.08657641263802968,0.16838075928694635,2.9565913187841444
trend_n2000_c2_spike_snr1,610098,2.0,2.0,1.9735490801426043,0.0872763159613001,0.15468220157522422,2.9565913187841444
trend_n2000_c2_spike_snr4,610098,0.05,0.05,3.175366589313925,0.20060744681495393,0.16492137125682726,14.923596634137125
trend_n2000_c2_spike_snr4,610098,0.05,0.3,3.3949507203793154,0.20301506400859368,0.15897561944653554,14.923596634137125
trend_n2000_c2_spike_snr4,610098,0.05,2.0,4.240442984525721,0.20368852908550478,0.147939406984829,14.923596634137125
trend_n2000_c2_spike_snr4,610098,0.3,0.05,3.2750535316709626,0.21008820398457645,0.16492137125682726,16.31267108064779
trend_n2000_c2_spike_snr4,610098,0.3,0.3,3.5135969153039825,0.21255133794879819,0.15897561944653554,16.31267108064779
trend_n2000_c2_spike_snr4,610098,0.3,2.0,4.443177115137468,0.2128552167139536,0.147939406984829,16.31267108064779
trend_n2000_c2_spike_snr4,610098,2.0,0.05,3.811654765204883,0.26503388606475764,0.16492137125682726,25.542056803125096
trend_n2000_c2_spike_snr4,610098,2.0,0.3,4.140411511908462,0.2680178748241609,0.15897561944653554,25.542056803125096
trend_n2000_c2_spike_snr4,610098,2.0,2.0,5.476897452088243,0.26720642173887177,0.147939406984829,25.542056803125096
trend_n2000_c2_mid_snr1,610098,0.05,0.05,0.9544513542023735,0.06181658723995134,0.1703591724151414,1.4558751300336872
trend_n2000_c2_mid_snr1,610098,0.05,0.3,0.9659521642443082,0.06295794134120095,0.16445844653793543,1.4558751300336872
trend_n2000_c2_mid_snr1,610098,0.05,2.0,0.9642167470773779,0.06565203627251032,0.15258389201824693,1.4558751300336872
trend_n2000_c2_mid_snr1,610098,0.3,0.05,0.9389697699332749,0.06050791477129697,0.1703591724151414,1.3963927923797896
trend_n2000_c2_mid_snr1,610098,0.3,0.3,0.9534052661531685,0.0616013907086448,0.16445844653793543,1.3963927923797896
trend_n2000_c2_mid_snr1,610098,0.3,2.0,0.9636616187447177,0.06415304800637169,0.15258389201824693,1.3963927923797896
trend_n2000_c2_mid_snr1,610098,2.0,0.05,0.8906036552924183,0.057159266257688995,0.1703591724151414,1.2472001734232565
trend_n2000_c2_mid_snr1,610098,2.0,0.3,0.9150597060379272,0.058108082388131616,0.16445844653793543,1.2472001734232565
trend_n2000_c2_mid_snr1,610098,2.0,2.0,0.9688564064232975,0.06017651096383987,0.15258389201824693,1.2472001734232565
trend_n2000_c2_mid_snr4,610098,0.05,0.05,1.0256416444268004,0.06383686426595377,0.17402294175772348,1.599981017318812
trend_n2000_c2_mid_snr4,610098,0.05,0.3,1.0366987987938276,0.06499835328939434,0.16813823372478703,1.599981017318812
trend_n2000_c2_mid_snr4,610098,0.05,2.0,1.0300473494515026,0.06784722902729816,0.15596965475013888,1.599981017318812
trend_n2000_c2_mid_snr4,610098,0.3,0.05,1.006855993507237,0.06240108461415691,0.17402294175772348,1.5303163189550344
trend_n2000_c2_mid_snr4,610098,0.3,0.3,1.0199669249984236,0.06351879064070474,0.16813823372478703,1.5303163189550344
trend_n2000_c2_mid_snr4,610098,0.3,2.0,1.0219828163602973,0.0662418132230653,0.15596965475013888,1.5303163189550344
trend_n2000_c2_mid_snr4,610098,2.0,0.05,0.9465805579083452,0.05832836634714437,0.17402294175772348,1.3388641224191804
trend_n2000_c2_mid_snr4,610098,2.0,0.3,0.9670672568877843,0.059307220895309265,0.16813823372478703,1.3388641224191804
trend_n2000_c2_mid_snr4,610098,2.0,2.0,1.0020168574464572,0.06159416374597956,0.15596965475013888,1.3388641224191804
trend_n2000_c2_spike_snr1,610099,0.05,0.05,1.5169276069654247,0.0742024726482323,0.17250456802638242,2.2946680539926465
trend_n2000_c2_spike_snr1,610099,0.05,0.3,1.5775450380064275,0.0751320836692448,0.1666786475230932,2.2946680539926465
trend_n2000_c2_spike_snr1,610099,0.05,2.0,1.7794594645046151,0.07645956903910345,0.1545552066135337,2.2946680539926465
trend_n2000_c2_spike_snr1,610099,0.3,0.05,1.5250097842550137,0.0748509546224151,0.17250456802638242,2.332223865126142
trend_n2000_c2_spike_snr1,610099,0.3,0.3,1.5913005202113322,0.07573497070573952,0.1666786475230932,2.332223865126142
trend_n2000_c2_spike_snr1,610099,0.3,2.0,1.8192672346406915,0.07678530719454243,0.1545552066135337,2.332223865126142
trend_n2000_c2_spike_snr1,610099,2.0,0.05,1.5999179628436215,0.08329165003073162,0.17250456802638242,2.8326734333018146
trend_n2000_c2_spike_snr1,610099,2.0,0.3,1.6914914991124468,0.08410654925921228,0.1666786475230932,2.8326734333018146
trend_n2000_c2_spike_snr1,610099,2.0,2.0,2.039397779918903,0.08421088561809706,0.1545552066135337,2.8326734333018146
trend_n2000_c2_spike_snr4,610099,0.05,0.05,3.0335136699163994,0.19693659302941965,0.16066707065096816,13.928659021255578
trend_n2000_c2_spike_snr4,610099,0.05,0.3,3.2430519314830066,0.19891518113757226,0.155501076342058,13.928659021255578
trend_n2000_c2_spike_snr4,610099,0.05,2.0,4.055590213155551,0.19850370659533284,0.14634564929408214,13.928659021255578
trend_n2000_c2_spike_snr4,610099,0.3,0.05,3.1052539094904112,0.20668641704256224,0.16066707065096816,15.26268297584524
trend_n2000_c2_spike_snr4,610099,0.3,0.3,3.3346255436798495,0.2087091447515503,0.155501076342058,15.26268297584524
trend_n2000_c2_spike_snr4,610099,0.3,2.0,4.2362632526841075,0.2078852127913185,0.14634564929408214,15.26268297584524
trend_n2000_c2_spike_snr4,610099,2.0,0.05,3.5294795888821184,0.26388764305253165,0.16066707065096816,24.35573478317268
trend_n2000_c2_spike_snr4,610099,2.0,0.3,3.8533809112473225,0.2663839444528676,0.155501076342058,24.35573478317268
trend_n2000_c2_spike_snr4,610099,2.0,2.0,5.18702630298655,0.26425415098543015,0.14634564929408214,24.35573478317268
trend_n2000_c2_mid_snr1,610099,0.05,0.05,1.031521259478337,0.06194959707002016,0.16140219490910712,1.4093422989730535
trend_n2000_c2_mid_snr1,610099,0.05,0.3,1.043836836936266,0.06298630295845759,0.15631206182127363,1.4093422989730535
trend_n2000_c2_mid_snr1,610099,0.05,2.0,1.0318007639713276,0.06522060155829373,0.14736587964000927,1.4093422989730535
trend_n2000_c2_mid_snr1,610099,0.3,0.05,1.0128005445478963,0.06063288723734229,0.16140219490910712,1.3511149271640113
trend_n2000_c2_mid_snr1,610099,0.3,0.3,1.0278432787268585,0.061623190937115754,0.15631206182127363,1.3511149271640113
trend_n2000_c2_mid_snr1,610099,0.3,2.0,1.0270283035481538,0.06372508380411974,0.14736587964000927,1.3511149271640113
trend_n2000_c2_mid_snr1,610099,2.0,0.05,0.9544172146887204,0.057213433134052985,0.16140219490910712,1.2026270140368656
trend_n2000_c2_mid_snr1,610099,2.0,0.3,0.9791366485722854,0.0580594099892084,0.15631206182127363,1.2026270140368656
trend_n2000_c2_mid_snr1,610099,2.0,2.0,1.020456254072483,0.059693465717016496,0.14736587964000927,1.2026270140368656
trend_n2000_c2_mid_snr4,610099,0.05,0.05,1.0311119984388433,0.06318817367223427,0.16834046206049738,1.521915118208186
trend_n2000_c2_mid_snr4,610099,0.05,0.3,1.0523264825768444,0.06433431327187451,0.16230435628991033,1.521915118208186
trend_n2000_c2_mid_snr4,610099,0.05,2.0,1.074423160676521,0.06686093097797723,0.1508906452045741,1.521915118208186
trend_n2000_c2_mid_snr4,610099,0.3,0.05,1.0107903478831561,0.06181313513559571,0.16834046206049738,1.457118467732299
trend_n2000_c2_mid_snr4,610099,0.3,0.3,1.0337829719256757,0.06291621945063491,0.16230435628991033,1.457118467732299
trend_n2000_c2_mid_snr4,610099,0.3,2.0,1.0641315515865144,0.06531822732255836,0.1508906452045741,1.457118467732299
trend_n2000_c2_mid_snr4,610099,2.0,0.05,0.9440771500222419,0.05803778911519505,0.16834046206049738,1.2829756593212391
trend_n2000_c2_mid_snr4,610099,2.0,0.3,0.9736611070399388,0.059007201213357514,0.16230435628991033,1.2829756593212391
trend_n2000_c2_mid_snr4,610099,2.0,2.0,1.0363400253701016,0.06097589973035338,0.1508906452045741,1.2829756593212391
