state,state_name,year,month,date,offense,series_type,actual,rate,population,participated_population,coverage_pct
AL,Alabama,1999,1,1999-01,violent-crime,estimates,21,0.5,4370000,4164229,95.29
AL,Alabama,1999,2,1999-02,violent-crime,estimates,23,0.55,4370000,4202382,96.16
AL,Alabama,1999,3,1999-03,violent-crime,estimates,25,0.6,4370000,4164229,95.29
AL,Alabama,1999,4,1999-04,violent-crime,estimates,19,0.46,4370000,4164229,95.29
AL,Alabama,1999,5,1999-05,violent-crime,estimates,28,0.67,4370000,4164229,95.29
AL,Alabama,1999,6,1999-06,violent-crime,estimates,27,0.65,4370000,4164229,95.29
AL,Alabama,1999,7,1999-07,violent-crime,estimates,34,0.82,4370000,4164007,95.29
AL,Alabama,1999,8,1999-08,violent-crime,estimates,22,0.53,4370000,4162868,95.26
AL,Alabama,1999,9,1999-09,violent-crime,estimates,25,0.6,4370000,4164229,95.29
AL,Alabama,1999,10,1999-10,violent-crime,estimates,20,0.48,4370000,4164229,95.29
AL,Alabama,1999,11,1999-11,violent-crime,estimates,26,0.62,4370000,4164229,95.29
AL,Alabama,1999,12,1999-12,violent-crime,estimates,20162,484.23,4370000,4163725,95.28
AL,Alabama,2000,1,2000-01,violent-crime,estimates,20,0.55,4447100,3632135,81.67
AL,Alabama,2000,2,2000-02,violent-crime,estimates,35,0.97,4447100,3616640,81.33
AL,Alabama,2000,3,2000-03,violent-crime,estimates,20,0.56,4447100,3593873,80.81
AL,Alabama,2000,4,2000-04,violent-crime,estimates,30,0.83,4447100,3595085,80.84
AL,Alabama,2000,5,2000-05,violent-crime,estimates,34,0.95,4447100,3572869,80.34
AL,Alabama,2000,6,2000-06,violent-crime,estimates,3654,102.2,4447100,3575272,80.4
AL,Alabama,2000,7,2000-07,violent-crime,estimates,26,0.71,4447100,3636776,81.78
AL,Alabama,2000,8,2000-08,violent-crime,estimates,18,0.5,4447100,3573350,80.35
AL,Alabama,2000,9,2000-09,violent-crime,estimates,24,0.67,4447100,3589729,80.72
AL,Alabama,2000,10,2000-10,violent-crime,estimates,20,0.56,4447100,3570044,80.28
AL,Alabama,2000,11,2000-11,violent-crime,estimates,32,0.9,4447100,3539181,79.58
AL,Alabama,2000,12,2000-12,violent-crime,estimates,14077,393.3,4447100,3579233,80.48
AL,Alabama,2001,1,2001-01,violent-crime,estimates,12,0.32,4464356,3740077,83.78
AL,Alabama,2001,2,2001-02,violent-crime,estimates,20,0.54,4464356,3695496,82.78
AL,Alabama,2001,3,2001-03,violent-crime,estimates,23,0.62,4464356,3739350,83.76
AL,Alabama,2001,4,2001-04,violent-crime,estimates,15,0.4,4464356,3775367,84.57
AL,Alabama,2001,5,2001-05,violent-crime,estimates,16,0.42,4464356,3779642,84.66
AL,Alabama,2001,6,2001-06,violent-crime,estimates,3076,80.67,4464356,3813301,85.42
AL,Alabama,2001,7,2001-07,violent-crime,estimates,31,0.82,4464356,3767445,84.39
AL,Alabama,2001,8,2001-08,violent-crime,estimates,15,0.4,4464356,3754910,84.11
AL,Alabama,2001,9,2001-09,violent-crime,estimates,25,0.67,4464356,3745122,83.89
AL,Alabama,2001,10,2001-10,violent-crime,estimates,26,0.7,4464356,3708601,83.07
AL,Alabama,2001,11,2001-11,violent-crime,estimates,25,0.67,4464356,3751940,84.04
AL,Alabama,2001,12,2001-12,violent-crime,estimates,13505,360.02,4464356,3751149,84.02
AL,Alabama,2002,1,2002-01,violent-crime,estimates,26,0.64,4486508,4034465,89.92
AL,Alabama,2002,2,2002-02,violent-crime,estimates,16,0.39,4486508,4058770,90.47
AL,Alabama,2002,3,2002-03,violent-crime,estimates,27,0.67,4486508,4010054,89.38
AL,Alabama,2002,4,2002-04,violent-crime,estimates,40,0.99,4486508,4026755,89.75
AL,Alabama,2002,5,2002-05,violent-crime,estimates,40,0.99,4486508,4047363,90.21
AL,Alabama,2002,6,2002-06,violent-crime,estimates,3751,93.96,4486508,3992288,88.98
AL,Alabama,2002,7,2002-07,violent-crime,estimates,37,0.93,4486508,3978675,88.68
AL,Alabama,2002,8,2002-08,violent-crime,estimates,29,0.72,4486508,4006155,89.29
AL,Alabama,2002,9,2002-09,violent-crime,estimates,26,0.64,4486508,4051970,90.31
AL,Alabama,2002,10,2002-10,violent-crime,estimates,22,0.55,4486508,4010138,89.38
AL,Alabama,2002,11,2002-11,violent-crime,estimates,29,0.73,4486508,3994918,89.04
AL,Alabama,2002,12,2002-12,violent-crime,estimates,14121,352.69,4486508,4003751,89.24
AL,Alabama,2003,1,2003-01,violent-crime,estimates,27,0.64,4500752,4198977,93.3
AL,Alabama,2003,2,2003-02,violent-crime,estimates,19,0.45,4500752,4199519,93.31
AL,Alabama,2003,3,2003-03,violent-crime,estimates,33,0.79,4500752,4173892,92.74
AL,Alabama,2003,4,2003-04,violent-crime,estimates,46,1.11,4500752,4155851,92.34
AL,Alabama,2003,5,2003-05,violent-crime,estimates,27,0.65,4500752,4155436,92.33
AL,Alabama,2003,6,2003-06,violent-crime,estimates,3502,84.27,4500752,4155851,92.34
AL,Alabama,2003,7,2003-07,violent-crime,estimates,18,0.43,4500752,4155851,92.34
AL,Alabama,2003,8,2003-08,violent-crime,estimates,23,0.55,4500752,4155309,92.32
AL,Alabama,2003,9,2003-09,violent-crime,estimates,20,0.48,4500752,4155851,92.34
AL,Alabama,2003,10,2003-10,violent-crime,estimates,20,0.48,4500752,4155851,92.34
AL,Alabama,2003,11,2003-11,violent-crime,estimates,21,0.5,4500752,4199519,93.31
AL,Alabama,2003,12,2003-12,violent-crime,estimates,14631,352.06,4500752,4155851,92.34
AL,Alabama,2004,1,2004-01,violent-crime,estimates,13,0.3,4530182,4363696,96.32
AL,Alabama,2004,2,2004-02,violent-crime,estimates,13,0.3,4530182,4369317,96.45
AL,Alabama,2004,3,2004-03,violent-crime,estimates,14,0.32,4530182,4346742,95.95
AL,Alabama,2004,4,2004-04,violent-crime,estimates,22,0.5,4530182,4356794,96.17
AL,Alabama,2004,5,2004-05,violent-crime,estimates,25,0.57,4530182,4354602,96.12
AL,Alabama,2004,6,2004-06,violent-crime,estimates,3222,74.3,4530182,4336445,95.72
AL,Alabama,2004,7,2004-07,violent-crime,estimates,24,0.55,4530182,4359278,96.23
AL,Alabama,2004,8,2004-08,violent-crime,estimates,18,0.41,4530182,4349526,96.01
AL,Alabama,2004,9,2004-09,violent-crime,estimates,17,0.39,4530182,4346742,95.95
AL,Alabama,2004,10,2004-10,violent-crime,estimates,15,0.35,4530182,4346742,95.95
AL,Alabama,2004,11,2004-11,violent-crime,estimates,56,1.32,4530182,4256722,93.96
AL,Alabama,2004,12,2004-12,violent-crime,estimates,15202,350.45,4530182,4337796,95.75
AL,Alabama,2005,1,2005-01,violent-crime,estimates,11,0.31,4557808,3504772,76.9
AL,Alabama,2005,2,2005-02,violent-crime,estimates,9,0.26,4557808,3502665,76.85
AL,Alabama,2005,3,2005-03,violent-crime,estimates,24,0.68,4557808,3505278,76.91
AL,Alabama,2005,4,2005-04,violent-crime,estimates,22,0.63,4557808,3503321,76.86
AL,Alabama,2005,5,2005-05,violent-crime,estimates,21,0.6,4557808,3512214,77.06
AL,Alabama,2005,6,2005-06,violent-crime,estimates,3421,97.09,4557808,3523685,77.31
AL,Alabama,2005,7,2005-07,violent-crime,estimates,13,0.37,4557808,3488465,76.54
AL,Alabama,2005,8,2005-08,violent-crime,estimates,8,0.23,4557808,3504772,76.9
AL,Alabama,2005,9,2005-09,violent-crime,estimates,22,0.63,4557808,3480521,76.36
AL,Alabama,2005,10,2005-10,violent-crime,estimates,19,0.54,4557808,3492398,76.62
AL,Alabama,2005,11,2005-11,violent-crime,estimates,7,0.2,4557808,3503947,76.88
AL,Alabama,2005,12,2005-12,violent-crime,estimates,12668,361.59,4557808,3503400,76.87
AL,Alabama,2006,1,2006-01,violent-crime,estimates,34,0.92,4599030,3707454,80.61
AL,Alabama,2006,2,2006-02,violent-crime,estimates,18,0.49,4599030,3636517,79.07
AL,Alabama,2006,3,2006-03,violent-crime,estimates,33,0.9,4599030,3651038,79.39
AL,Alabama,2006,4,2006-04,violent-crime,estimates,38,1.05,4599030,3614671,78.6
AL,Alabama,2006,5,2006-05,violent-crime,estimates,32,0.86,4599030,3721689,80.92
AL,Alabama,2006,6,2006-06,violent-crime,estimates,3442,95.25,4599030,3613834,78.58
AL,Alabama,2006,7,2006-07,violent-crime,estimates,31,0.86,4599030,3619371,78.7
AL,Alabama,2006,8,2006-08,violent-crime,estimates,17,0.45,4599030,3769758,81.97
AL,Alabama,2006,9,2006-09,violent-crime,estimates,22,0.62,4599030,3546926,77.12
AL,Alabama,2006,10,2006-10,violent-crime,estimates,28,0.75,4599030,3717905,80.84
AL,Alabama,2006,11,2006-11,violent-crime,estimates,33,0.86,4599030,3850114,83.72
AL,Alabama,2006,12,2006-12,violent-crime,estimates,11634,304.66,4599030,3818681,83.03
AL,Alabama,2007,1,2007-01,violent-crime,estimates,27,0.64,4627851,4191653,90.57
AL,Alabama,2007,2,2007-02,violent-crime,estimates,18,0.43,4627851,4201849,90.79
AL,Alabama,2007,3,2007-03,violent-crime,estimates,29,0.68,4627851,4272165,92.31
AL,Alabama,2007,4,2007-04,violent-crime,estimates,30,0.71,4627851,4237604,91.57
AL,Alabama,2007,5,2007-05,violent-crime,estimates,31,0.74,4627851,4185878,90.45
AL,Alabama,2007,6,2007-06,violent-crime,estimates,3667,85.63,4627851,4282389,92.54
AL,Alabama,2007,7,2007-07,violent-crime,estimates,35,0.8,4627851,4348925,93.97
AL,Alabama,2007,8,2007-08,violent-crime,estimates,41,0.94,4627851,4381192,94.67
AL,Alabama,2007,9,2007-09,violent-crime,estimates,39,0.89,4627851,4402290,95.13
AL,Alabama,2007,10,2007-10,violent-crime,estimates,46,1.03,4627851,4466673,96.52
AL,Alabama,2007,11,2007-11,violent-crime,estimates,31,0.71,4627851,4393946,94.95
AL,Alabama,2007,12,2007-12,violent-crime,estimates,14050,327.36,4627851,4291964,92.74
AL,Alabama,2008,1,2008-01,violent-crime,estimates,26,0.61,4661900,4241369,90.98
AL,Alabama,2008,2,2008-02,violent-crime,estimates,28,0.64,4661900,4350186,93.31
AL,Alabama,2008,3,2008-03,violent-crime,estimates,23,0.52,4661900,4420813,94.83
AL,Alabama,2008,4,2008-04,violent-crime,estimates,15,0.34,4661900,4453365,95.53
AL,Alabama,2008,5,2008-05,violent-crime,estimates,25,0.56,4661900,4434254,95.12
AL,Alabama,2008,6,2008-06,violent-crime,estimates,3141,71.35,4661900,4402180,94.43
AL,Alabama,2008,7,2008-07,violent-crime,estimates,32,0.72,4661900,4442212,95.29
AL,Alabama,2008,8,2008-08,violent-crime,estimates,37,0.83,4661900,4465278,95.78
AL,Alabama,2008,9,2008-09,violent-crime,estimates,32,0.72,4661900,4468278,95.85
AL,Alabama,2008,10,2008-10,violent-crime,estimates,32,0.72,4661900,4455239,95.57
AL,Alabama,2008,11,2008-11,violent-crime,estimates,33,0.74,4661900,4472854,95.94
AL,Alabama,2008,12,2008-12,violent-crime,estimates,16340,359.42,4661900,4546272,97.52
AL,Alabama,2009,1,2009-01,violent-crime,estimates,22,0.48,4708708,4605540,97.81
AL,Alabama,2009,2,2009-02,violent-crime,estimates,19,0.41,4708708,4623705,98.19
AL,Alabama,2009,3,2009-03,violent-crime,estimates,12,0.26,4708708,4609541,97.89
AL,Alabama,2009,4,2009-04,violent-crime,estimates,13,0.28,4708708,4639077,98.52
AL,Alabama,2009,5,2009-05,violent-crime,estimates,38,0.82,4708708,4633606,98.41
AL,Alabama,2009,6,2009-06,violent-crime,estimates,2919,62.89,4708708,4641776,98.58
AL,Alabama,2009,7,2009-07,violent-crime,estimates,24,0.52,4708708,4651507,98.79
AL,Alabama,2009,8,2009-08,violent-crime,estimates,18,0.39,4708708,4647621,98.7
AL,Alabama,2009,9,2009-09,violent-crime,estimates,46,1.01,4708708,4555615,96.75
AL,Alabama,2009,10,2009-10,violent-crime,estimates,23,0.52,4708708,4399555,93.43
AL,Alabama,2009,11,2009-11,violent-crime,estimates,2,0.05,4708708,4302454,91.37
AL,Alabama,2009,12,2009-12,violent-crime,estimates,17394,382.82,4708708,4543657,96.49
AL,Alabama,2010,1,2010-01,violent-crime,estimates,9,0.19,4779736,4683990,98
AL,Alabama,2010,2,2010-02,violent-crime,estimates,5,0.11,4779736,4681574,97.95
AL,Alabama,2010,3,2010-03,violent-crime,estimates,6,0.13,4779736,4711099,98.56
AL,Alabama,2010,4,2010-04,violent-crime,estimates,8,0.17,4779736,4659137,97.48
AL,Alabama,2010,5,2010-05,violent-crime,estimates,8,0.17,4779736,4674243,97.79
AL,Alabama,2010,6,2010-06,violent-crime,estimates,3156,67.84,4779736,4652015,97.33
AL,Alabama,2010,7,2010-07,violent-crime,estimates,7,0.16,4779736,4467340,93.46
AL,Alabama,2010,8,2010-08,violent-crime,estimates,5,0.11,4779736,4463699,93.39
AL,Alabama,2010,9,2010-09,violent-crime,estimates,7,0.16,4779736,4471847,93.56
AL,Alabama,2010,10,2010-10,violent-crime,estimates,5,0.12,4779736,4338199,90.76
AL,Alabama,2010,11,2010-11,violent-crime,estimates,10,0.23,4779736,4377847,91.59
AL,Alabama,2010,12,2010-12,violent-crime,estimates,12518,292.2,4779736,4284053,89.63
AL,Alabama,2011,1,2011-01,violent-crime,estimates,1400,30.06,4802740,4657559,96.98
AL,Alabama,2011,2,2011-02,violent-crime,estimates,1115,23.96,4802740,4653064,96.88
AL,Alabama,2011,3,2011-03,violent-crime,estimates,1416,30.54,4802740,4636744,96.54
AL,Alabama,2011,4,2011-04,violent-crime,estimates,1521,32.86,4802740,4628700,96.38
AL,Alabama,2011,5,2011-05,violent-crime,estimates,1610,34.58,4802740,4655817,96.94
AL,Alabama,2011,6,2011-06,violent-crime,estimates,2266,48.51,4802740,4671316,97.26
AL,Alabama,2011,7,2011-07,violent-crime,estimates,1683,35.88,4802740,4691038,97.67
AL,Alabama,2011,8,2011-08,violent-crime,estimates,1526,32.55,4802740,4687454,97.6
AL,Alabama,2011,9,2011-09,violent-crime,estimates,1552,33.12,4802740,4686461,97.58
AL,Alabama,2011,10,2011-10,violent-crime,estimates,1569,33.43,4802740,4693051,97.72
AL,Alabama,2011,11,2011-11,violent-crime,estimates,1491,31.8,4802740,4688284,97.62
AL,Alabama,2011,12,2011-12,violent-crime,estimates,2517,53.75,4802740,4683192,97.51
AL,Alabama,2012,1,2012-01,violent-crime,estimates,1330,28.25,4822023,4707956,97.63
AL,Alabama,2012,2,2012-02,violent-crime,estimates,989,20.91,4822023,4730227,98.1
AL,Alabama,2012,3,2012-03,violent-crime,estimates,1288,27.44,4822023,4693942,97.34
AL,Alabama,2012,4,2012-04,violent-crime,estimates,1417,30.13,4822023,4702666,97.52
AL,Alabama,2012,5,2012-05,violent-crime,estimates,1446,30.82,4822023,4691652,97.3
AL,Alabama,2012,6,2012-06,violent-crime,estimates,1693,36.52,4822023,4636208,96.15
AL,Alabama,2012,7,2012-07,violent-crime,estimates,1499,32.02,4822023,4682087,97.1
AL,Alabama,2012,8,2012-08,violent-crime,estimates,1422,30.32,4822023,4689770,97.26
AL,Alabama,2012,9,2012-09,violent-crime,estimates,1357,29.14,4822023,4657223,96.58
AL,Alabama,2012,10,2012-10,violent-crime,estimates,1326,28.51,4822023,4651172,96.46
AL,Alabama,2012,11,2012-11,violent-crime,estimates,1161,25.16,4822023,4613586,95.68
AL,Alabama,2012,12,2012-12,violent-crime,estimates,6220,135.09,4822023,4604256,95.48
AL,Alabama,2013,1,2013-01,violent-crime,estimates,1696,36.36,4833722,4663979,96.49
AL,Alabama,2013,2,2013-02,violent-crime,estimates,1299,27.83,4833722,4668118,96.57
AL,Alabama,2013,3,2013-03,violent-crime,estimates,1612,34.72,4833722,4642831,96.05
AL,Alabama,2013,4,2013-04,violent-crime,estimates,1714,37.65,4833722,4552528,94.18
AL,Alabama,2013,5,2013-05,violent-crime,estimates,1871,41.17,4833722,4544436,94.02
AL,Alabama,2013,6,2013-06,violent-crime,estimates,1803,39.86,4833722,4523645,93.59
AL,Alabama,2013,7,2013-07,violent-crime,estimates,1856,40.36,4833722,4598544,95.13
AL,Alabama,2013,8,2013-08,violent-crime,estimates,1740,38.61,4833722,4506024,93.22
AL,Alabama,2013,9,2013-09,violent-crime,estimates,1677,37.61,4833722,4459449,92.26
AL,Alabama,2013,10,2013-10,violent-crime,estimates,1610,36.25,4833722,4440852,91.87
AL,Alabama,2013,11,2013-11,violent-crime,estimates,1388,31.05,4833722,4470099,92.48
AL,Alabama,2013,12,2013-12,violent-crime,estimates,1459,33.21,4833722,4393836,90.9
AL,Alabama,2014,1,2014-01,violent-crime,estimates,1500,32.55,4849377,4607887,95.02
AL,Alabama,2014,2,2014-02,violent-crime,estimates,1357,29.4,4849377,4616363,95.19
AL,Alabama,2014,3,2014-03,violent-crime,estimates,1687,36.54,4849377,4616929,95.21
AL,Alabama,2014,4,2014-04,violent-crime,estimates,1758,37.86,4849377,4643817,95.76
AL,Alabama,2014,5,2014-05,violent-crime,estimates,1790,38.07,4849377,4702463,96.97
AL,Alabama,2014,6,2014-06,violent-crime,estimates,1731,37.86,4849377,4572357,94.29
AL,Alabama,2014,7,2014-07,violent-crime,estimates,1831,40.12,4849377,4563827,94.11
AL,Alabama,2014,8,2014-08,violent-crime,estimates,1657,36.85,4849377,4496684,92.73
AL,Alabama,2014,9,2014-09,violent-crime,estimates,1656,35.98,4849377,4602860,94.92
AL,Alabama,2014,10,2014-10,violent-crime,estimates,1559,33.97,4849377,4589157,94.63
AL,Alabama,2014,11,2014-11,violent-crime,estimates,1575,35.26,4849377,4467086,92.12
AL,Alabama,2014,12,2014-12,violent-crime,estimates,1502,32.61,4849377,4606365,94.99
AL,Alabama,2015,1,2015-01,violent-crime,estimates,1741,36.67,4858979,4747955,97.72
AL,Alabama,2015,2,2015-02,violent-crime,estimates,1267,26.82,4858979,4723594,97.21
AL,Alabama,2015,3,2015-03,violent-crime,estimates,1737,36.58,4858979,4748197,97.72
AL,Alabama,2015,4,2015-04,violent-crime,estimates,1852,39.25,4858979,4718400,97.11
AL,Alabama,2015,5,2015-05,violent-crime,estimates,2124,45.13,4858979,4706307,96.86
AL,Alabama,2015,6,2015-06,violent-crime,estimates,1903,40.34,4858979,4717029,97.08
AL,Alabama,2015,7,2015-07,violent-crime,estimates,2042,43.22,4858979,4725175,97.25
AL,Alabama,2015,8,2015-08,violent-crime,estimates,1989,42.45,4858979,4685515,96.43
AL,Alabama,2015,9,2015-09,violent-crime,estimates,1866,40.68,4858979,4587484,94.41
AL,Alabama,2015,10,2015-10,violent-crime,estimates,2010,42.61,4858979,4717184,97.08
AL,Alabama,2015,11,2015-11,violent-crime,estimates,1813,39.13,4858979,4633348,95.36
AL,Alabama,2015,12,2015-12,violent-crime,estimates,1773,38.33,4858979,4626170,95.21
AL,Alabama,2016,1,2016-01,violent-crime,estimates,1951,40.51,4863300,4816063,99.03
AL,Alabama,2016,2,2016-02,violent-crime,estimates,1588,33.38,4863300,4757367,97.82
AL,Alabama,2016,3,2016-03,violent-crime,estimates,2053,43.25,4863300,4746999,97.61
AL,Alabama,2016,4,2016-04,violent-crime,estimates,2096,43.82,4863300,4782939,98.35
AL,Alabama,2016,5,2016-05,violent-crime,estimates,2329,49.31,4863300,4723390,97.12
AL,Alabama,2016,6,2016-06,violent-crime,estimates,2168,45.05,4863300,4812791,98.96
AL,Alabama,2016,7,2016-07,violent-crime,estimates,2278,47.99,4863300,4746867,97.61
AL,Alabama,2016,8,2016-08,violent-crime,estimates,2236,47.19,4863300,4738655,97.44
AL,Alabama,2016,9,2016-09,violent-crime,estimates,2288,48.23,4863300,4744211,97.55
AL,Alabama,2016,10,2016-10,violent-crime,estimates,2237,46.83,4863300,4777347,98.23
AL,Alabama,2016,11,2016-11,violent-crime,estimates,1799,38.02,4863300,4731491,97.29
AL,Alabama,2016,12,2016-12,violent-crime,estimates,2111,44.57,4863300,4736283,97.39
AL,Alabama,2017,1,2017-01,violent-crime,estimates,2085,44.29,4874747,4707392,96.57
AL,Alabama,2017,2,2017-02,violent-crime,estimates,1788,38.04,4874747,4700613,96.43
AL,Alabama,2017,3,2017-03,violent-crime,estimates,2035,43.33,4874747,4696983,96.35
AL,Alabama,2017,4,2017-04,violent-crime,estimates,2277,48.37,4874747,4707511,96.57
AL,Alabama,2017,5,2017-05,violent-crime,estimates,2256,47.79,4874747,4721035,96.85
AL,Alabama,2017,6,2017-06,violent-crime,estimates,2291,48.68,4874747,4705899,96.54
AL,Alabama,2017,7,2017-07,violent-crime,estimates,2168,45.92,4874747,4720837,96.84
AL,Alabama,2017,8,2017-08,violent-crime,estimates,2165,46.13,4874747,4692898,96.27
AL,Alabama,2017,9,2017-09,violent-crime,estimates,1779,39.76,4874747,4474640,91.79
AL,Alabama,2017,10,2017-10,violent-crime,estimates,1903,40.75,4874747,4669384,95.79
AL,Alabama,2017,11,2017-11,violent-crime,estimates,1629,36.74,4874747,4434189,90.96
AL,Alabama,2017,12,2017-12,violent-crime,estimates,1613,36.47,4874747,4422652,90.73
AK,Alaska,1999,1,1999-01,violent-crime,estimates,288,50.78,619000,567202,91.63
AK,Alaska,1999,2,1999-02,violent-crime,estimates,234,41.26,619000,567202,91.63
AK,Alaska,1999,3,1999-03,violent-crime,estimates,265,46.72,619000,567202,91.63
AK,Alaska,1999,4,1999-04,violent-crime,estimates,260,45.84,619000,567202,91.63
AK,Alaska,1999,5,1999-05,violent-crime,estimates,285,50.25,619000,567202,91.63
AK,Alaska,1999,6,1999-06,violent-crime,estimates,301,53.07,619000,567202,91.63
AK,Alaska,1999,7,1999-07,violent-crime,estimates,368,64.88,619000,567202,91.63
AK,Alaska,1999,8,1999-08,violent-crime,estimates,356,62.76,619000,567202,91.63
AK,Alaska,1999,9,1999-09,violent-crime,estimates,307,54.13,619000,567202,91.63
AK,Alaska,1999,10,1999-10,violent-crime,estimates,277,48.84,619000,567202,91.63
AK,Alaska,1999,11,1999-11,violent-crime,estimates,242,42.67,619000,567202,91.63
AK,Alaska,1999,12,1999-12,violent-crime,estimates,314,55.36,619000,567202,91.63
AK,Alaska,2000,1,2000-01,violent-crime,estimates,227,39.08,626932,580891,92.66
AK,Alaska,2000,2,2000-02,violent-crime,estimates,234,40.34,626932,580124,92.53
AK,Alaska,2000,3,2000-03,violent-crime,estimates,292,50.33,626932,580124,92.53
AK,Alaska,2000,4,2000-04,violent-crime,estimates,286,49.37,626932,579262,92.4
AK,Alaska,2000,5,2000-05,violent-crime,estimates,269,46.44,626932,579262,92.4
AK,Alaska,2000,6,2000-06,violent-crime,estimates,259,44.71,626932,579262,92.4
AK,Alaska,2000,7,2000-07,violent-crime,estimates,363,62.67,626932,579262,92.4
AK,Alaska,2000,8,2000-08,violent-crime,estimates,284,49.03,626932,579262,92.4
AK,Alaska,2000,9,2000-09,violent-crime,estimates,255,44.02,626932,579262,92.4
AK,Alaska,2000,10,2000-10,violent-crime,estimates,243,41.95,626932,579262,92.4
AK,Alaska,2000,11,2000-11,violent-crime,estimates,218,37.79,626932,576796,92
AK,Alaska,2000,12,2000-12,violent-crime,estimates,221,38.1,626932,580124,92.53
AK,Alaska,2001,1,2001-01,violent-crime,estimates,290,49.44,634892,586565,92.39
AK,Alaska,2001,2,2001-02,violent-crime,estimates,193,32.41,634892,595512,93.8
AK,Alaska,2001,3,2001-03,violent-crime,estimates,297,49.91,634892,595105,93.73
AK,Alaska,2001,4,2001-04,violent-crime,estimates,254,42.68,634892,595105,93.73
AK,Alaska,2001,5,2001-05,violent-crime,estimates,280,47.02,634892,595512,93.8
AK,Alaska,2001,6,2001-06,violent-crime,estimates,284,47.69,634892,595512,93.8
AK,Alaska,2001,7,2001-07,violent-crime,estimates,337,56.59,634892,595512,93.8
AK,Alaska,2001,8,2001-08,violent-crime,estimates,310,52.09,634892,595105,93.73
AK,Alaska,2001,9,2001-09,violent-crime,estimates,303,51.13,634892,592608,93.34
AK,Alaska,2001,10,2001-10,violent-crime,estimates,272,45.9,634892,592608,93.34
AK,Alaska,2001,11,2001-11,violent-crime,estimates,221,37.29,634892,592608,93.34
AK,Alaska,2001,12,2001-12,violent-crime,estimates,334,56.36,634892,592608,93.34
AK,Alaska,2002,1,2002-01,violent-crime,estimates,226,37.42,643786,603961,93.81
AK,Alaska,2002,2,2002-02,violent-crime,estimates,232,38.41,643786,603961,93.81
AK,Alaska,2002,3,2002-03,violent-crime,estimates,261,43.21,643786,603961,93.81
AK,Alaska,2002,4,2002-04,violent-crime,estimates,248,41.28,643786,600796,93.32
AK,Alaska,2002,5,2002-05,violent-crime,estimates,329,54.76,643786,600796,93.32
AK,Alaska,2002,6,2002-06,violent-crime,estimates,263,43.78,643786,600796,93.32
AK,Alaska,2002,7,2002-07,violent-crime,estimates,334,52.82,643786,632333,98.22
AK,Alaska,2002,8,2002-08,violent-crime,estimates,333,52.66,643786,632333,98.22
AK,Alaska,2002,9,2002-09,violent-crime,estimates,297,46.97,643786,632333,98.22
AK,Alaska,2002,10,2002-10,violent-crime,estimates,299,47.29,643786,632333,98.22
AK,Alaska,2002,11,2002-11,violent-crime,estimates,323,51.08,643786,632333,98.22
AK,Alaska,2002,12,2002-12,violent-crime,estimates,338,53.45,643786,632333,98.22
AK,Alaska,2003,1,2003-01,violent-crime,estimates,328,51.85,648818,632621,97.5
AK,Alaska,2003,2,2003-02,violent-crime,estimates,282,44.58,648818,632621,97.5
AK,Alaska,2003,3,2003-03,violent-crime,estimates,350,55.33,648818,632621,97.5
AK,Alaska,2003,4,2003-04,violent-crime,estimates,310,49,648818,632621,97.5
AK,Alaska,2003,5,2003-05,violent-crime,estimates,313,49.48,648818,632621,97.5
AK,Alaska,2003,6,2003-06,violent-crime,estimates,306,48.37,648818,632621,97.5
AK,Alaska,2003,7,2003-07,violent-crime,estimates,364,57.25,648818,635781,97.99
AK,Alaska,2003,8,2003-08,violent-crime,estimates,314,49.39,648818,635781,97.99
AK,Alaska,2003,9,2003-09,violent-crime,estimates,270,42.19,648818,639922,98.63
AK,Alaska,2003,10,2003-10,violent-crime,estimates,317,49.86,648818,635781,97.99
AK,Alaska,2003,11,2003-11,violent-crime,estimates,319,50.1,648818,636762,98.14
AK,Alaska,2003,12,2003-12,violent-crime,estimates,313,49.48,648818,632621,97.5
AK,Alaska,2004,1,2004-01,violent-crime,estimates,295,45.63,655435,646574,98.65
AK,Alaska,2004,2,2004-02,violent-crime,estimates,300,46.4,655435,646574,98.65
AK,Alaska,2004,3,2004-03,violent-crime,estimates,285,44.08,655435,646574,98.65
AK,Alaska,2004,4,2004-04,violent-crime,estimates,395,61.09,655435,646574,98.65
AK,Alaska,2004,5,2004-05,violent-crime,estimates,450,70.04,655435,642473,98.02
AK,Alaska,2004,6,2004-06,violent-crime,estimates,384,59.77,655435,642473,98.02
AK,Alaska,2004,7,2004-07,violent-crime,estimates,434,67.55,655435,642473,98.02
AK,Alaska,2004,8,2004-08,violent-crime,estimates,377,58.97,655435,639285,97.54
AK,Alaska,2004,9,2004-09,violent-crime,estimates,305,47.71,655435,639285,97.54
AK,Alaska,2004,10,2004-10,violent-crime,estimates,282,44.11,655435,639285,97.54
AK,Alaska,2004,11,2004-11,violent-crime,estimates,240,37.54,655435,639285,97.54
AK,Alaska,2004,12,2004-12,violent-crime,estimates,335,52.4,655435,639285,97.54
AK,Alaska,2005,1,2005-01,violent-crime,estimates,323,49.65,663661,650601,98.03
AK,Alaska,2005,2,2005-02,violent-crime,estimates,258,39.66,663661,650601,98.03
AK,Alaska,2005,3,2005-03,violent-crime,estimates,295,45.34,663661,650601,98.03
AK,Alaska,2005,4,2005-04,violent-crime,estimates,331,50.88,663661,650601,98.03
AK,Alaska,2005,5,2005-05,violent-crime,estimates,383,58.87,663661,650601,98.03
AK,Alaska,2005,6,2005-06,violent-crime,estimates,369,56.72,663661,650601,98.03
AK,Alaska,2005,7,2005-07,violent-crime,estimates,467,71.78,663661,650601,98.03
AK,Alaska,2005,8,2005-08,violent-crime,estimates,351,53.95,663661,650601,98.03
AK,Alaska,2005,9,2005-09,violent-crime,estimates,385,59.18,663661,650601,98.03
AK,Alaska,2005,10,2005-10,violent-crime,estimates,333,51.18,663661,650601,98.03
AK,Alaska,2005,11,2005-11,violent-crime,estimates,252,38.73,663661,650601,98.03
AK,Alaska,2005,12,2005-12,violent-crime,estimates,380,58.41,663661,650601,98.03
AK,Alaska,2006,1,2006-01,violent-crime,estimates,386,58.42,670053,660708,98.61
AK,Alaska,2006,2,2006-02,violent-crime,estimates,330,49.95,670053,660708,98.61
AK,Alaska,2006,3,2006-03,violent-crime,estimates,307,46.47,670053,660708,98.61
AK,Alaska,2006,4,2006-04,violent-crime,estimates,365,55.24,670053,660708,98.61
AK,Alaska,2006,5,2006-05,violent-crime,estimates,399,60.39,670053,660708,98.61
AK,Alaska,2006,6,2006-06,violent-crime,estimates,401,60.69,670053,660708,98.61
AK,Alaska,2006,7,2006-07,violent-crime,estimates,429,64.93,670053,660708,98.61
AK,Alaska,2006,8,2006-08,violent-crime,estimates,430,65.08,670053,660708,98.61
AK,Alaska,2006,9,2006-09,violent-crime,estimates,436,65.99,670053,660708,98.61
AK,Alaska,2006,10,2006-10,violent-crime,estimates,376,56.91,670053,660708,98.61
AK,Alaska,2006,11,2006-11,violent-crime,estimates,302,45.71,670053,660708,98.61
AK,Alaska,2006,12,2006-12,violent-crime,estimates,402,60.84,670053,660708,98.61
AK,Alaska,2007,1,2007-01,violent-crime,estimates,369,54.72,683478,674326,98.66
AK,Alaska,2007,2,2007-02,violent-crime,estimates,301,44.64,683478,674326,98.66
AK,Alaska,2007,3,2007-03,violent-crime,estimates,328,48.64,683478,674326,98.66
AK,Alaska,2007,4,2007-04,violent-crime,estimates,380,56.35,683478,674326,98.66
AK,Alaska,2007,5,2007-05,violent-crime,estimates,408,60.5,683478,674326,98.66
AK,Alaska,2007,6,2007-06,violent-crime,estimates,384,56.95,683478,674326,98.66
AK,Alaska,2007,7,2007-07,violent-crime,estimates,458,67.92,683478,674326,98.66
AK,Alaska,2007,8,2007-08,violent-crime,estimates,423,62.73,683478,674326,98.66
AK,Alaska,2007,9,2007-09,violent-crime,estimates,375,55.61,683478,674326,98.66
AK,Alaska,2007,10,2007-10,violent-crime,estimates,360,53.39,683478,674326,98.66
AK,Alaska,2007,11,2007-11,violent-crime,estimates,338,50.12,683478,674326,98.66
AK,Alaska,2007,12,2007-12,violent-crime,estimates,343,50.87,683478,674326,98.66
AK,Alaska,2008,1,2008-01,violent-crime,estimates,327,48,686293,681192,99.26
AK,Alaska,2008,2,2008-02,violent-crime,estimates,335,49.18,686293,681192,99.26
AK,Alaska,2008,3,2008-03,violent-crime,estimates,402,59.01,686293,681192,99.26
AK,Alaska,2008,4,2008-04,violent-crime,estimates,363,53.29,686293,681192,99.26
AK,Alaska,2008,5,2008-05,violent-crime,estimates,430,63.12,686293,681192,99.26
AK,Alaska,2008,6,2008-06,violent-crime,estimates,399,58.57,686293,681192,99.26
AK,Alaska,2008,7,2008-07,violent-crime,estimates,394,57.84,686293,681192,99.26
AK,Alaska,2008,8,2008-08,violent-crime,estimates,410,60.19,686293,681192,99.26
AK,Alaska,2008,9,2008-09,violent-crime,estimates,375,55.05,686293,681192,99.26
AK,Alaska,2008,10,2008-10,violent-crime,estimates,307,45.07,686293,681192,99.26
AK,Alaska,2008,11,2008-11,violent-crime,estimates,328,48.15,686293,681192,99.26
AK,Alaska,2008,12,2008-12,violent-crime,estimates,378,55.49,686293,681192,99.26
AK,Alaska,2009,1,2009-01,violent-crime,estimates,363,52.36,698473,693296,99.26
AK,Alaska,2009,2,2009-02,violent-crime,estimates,301,43.42,698473,693296,99.26
AK,Alaska,2009,3,2009-03,violent-crime,estimates,356,51.35,698473,693296,99.26
AK,Alaska,2009,4,2009-04,violent-crime,estimates,359,51.78,698473,693296,99.26
AK,Alaska,2009,5,2009-05,violent-crime,estimates,383,55.24,698473,693296,99.26
AK,Alaska,2009,6,2009-06,violent-crime,estimates,387,55.82,698473,693296,99.26
AK,Alaska,2009,7,2009-07,violent-crime,estimates,467,67.36,698473,693296,99.26
AK,Alaska,2009,8,2009-08,violent-crime,estimates,412,59.43,698473,693296,99.26
AK,Alaska,2009,9,2009-09,violent-crime,estimates,394,56.83,698473,693296,99.26
AK,Alaska,2009,10,2009-10,violent-crime,estimates,295,42.55,698473,693296,99.26
AK,Alaska,2009,11,2009-11,violent-crime,estimates,299,43.13,698473,693296,99.26
AK,Alaska,2009,12,2009-12,violent-crime,estimates,377,54.38,698473,693296,99.26
AK,Alaska,2010,1,2010-01,violent-crime,estimates,380,53.83,710231,705891,99.39
AK,Alaska,2010,2,2010-02,violent-crime,estimates,300,42.5,710231,705891,99.39
AK,Alaska,2010,3,2010-03,violent-crime,estimates,350,49.58,710231,705891,99.39
AK,Alaska,2010,4,2010-04,violent-crime,estimates,380,53.83,710231,705891,99.39
AK,Alaska,2010,5,2010-05,violent-crime,estimates,424,60.07,710231,705891,99.39
AK,Alaska,2010,6,2010-06,violent-crime,estimates,380,53.83,710231,705891,99.39
AK,Alaska,2010,7,2010-07,violent-crime,estimates,488,69.13,710231,705891,99.39
AK,Alaska,2010,8,2010-08,violent-crime,estimates,423,59.92,710231,705891,99.39
AK,Alaska,2010,9,2010-09,violent-crime,estimates,405,57.37,710231,705891,99.39
AK,Alaska,2010,10,2010-10,violent-crime,estimates,361,51.14,710231,705891,99.39
AK,Alaska,2010,11,2010-11,violent-crime,estimates,317,44.91,710231,705891,99.39
AK,Alaska,2010,12,2010-12,violent-crime,estimates,304,43.07,710231,705891,99.39
AK,Alaska,2011,1,2011-01,violent-crime,estimates,383,53.36,722718,717816,99.32
AK,Alaska,2011,2,2011-02,violent-crime,estimates,306,42.63,722718,717816,99.32
AK,Alaska,2011,3,2011-03,violent-crime,estimates,332,46.25,722718,717816,99.32
AK,Alaska,2011,4,2011-04,violent-crime,estimates,388,54.02,722718,718303,99.39
AK,Alaska,2011,5,2011-05,violent-crime,estimates,450,62.65,722718,718303,99.39
AK,Alaska,2011,6,2011-06,violent-crime,estimates,349,48.59,722718,718303,99.39
AK,Alaska,2011,7,2011-07,violent-crime,estimates,372,51.79,722718,718303,99.39
AK,Alaska,2011,8,2011-08,violent-crime,estimates,440,61.26,722718,718303,99.39
AK,Alaska,2011,9,2011-09,violent-crime,estimates,413,57.5,722718,718303,99.39
AK,Alaska,2011,10,2011-10,violent-crime,estimates,327,45.52,722718,718303,99.39
AK,Alaska,2011,11,2011-11,violent-crime,estimates,316,43.99,722718,718303,99.39
AK,Alaska,2011,12,2011-12,violent-crime,estimates,316,43.99,722718,718303,99.39
AK,Alaska,2012,1,2012-01,violent-crime,estimates,332,45.67,731449,726997,99.39
AK,Alaska,2012,2,2012-02,violent-crime,estimates,339,46.63,731449,726997,99.39
AK,Alaska,2012,3,2012-03,violent-crime,estimates,340,46.77,731449,726997,99.39
AK,Alaska,2012,4,2012-04,violent-crime,estimates,341,46.91,731449,726997,99.39
AK,Alaska,2012,5,2012-05,violent-crime,estimates,377,51.86,731449,726997,99.39
AK,Alaska,2012,6,2012-06,violent-crime,estimates,481,66.16,731449,726997,99.39
AK,Alaska,2012,7,2012-07,violent-crime,estimates,418,57.5,731449,726997,99.39
AK,Alaska,2012,8,2012-08,violent-crime,estimates,421,57.91,731449,726997,99.39
AK,Alaska,2012,9,2012-09,violent-crime,estimates,387,53.23,731449,726997,99.39
AK,Alaska,2012,10,2012-10,violent-crime,estimates,324,44.57,731449,726997,99.39
AK,Alaska,2012,11,2012-11,violent-crime,estimates,297,40.85,731449,726997,99.39
AK,Alaska,2012,12,2012-12,violent-crime,estimates,330,45.39,731449,726997,99.39
AK,Alaska,2013,1,2013-01,violent-crime,estimates,460,62.95,735132,730730,99.4
AK,Alaska,2013,2,2013-02,violent-crime,estimates,317,43.38,735132,730730,99.4
AK,Alaska,2013,3,2013-03,violent-crime,estimates,344,47.08,735132,730730,99.4
AK,Alaska,2013,4,2013-04,violent-crime,estimates,310,42.42,735132,730730,99.4
AK,Alaska,2013,5,2013-05,violent-crime,estimates,402,55.01,735132,730730,99.4
AK,Alaska,2013,6,2013-06,violent-crime,estimates,425,58.16,735132,730730,99.4
AK,Alaska,2013,7,2013-07,violent-crime,estimates,437,59.8,735132,730730,99.4
AK,Alaska,2013,8,2013-08,violent-crime,estimates,494,67.6,735132,730730,99.4
AK,Alaska,2013,9,2013-09,violent-crime,estimates,410,56.11,735132,730730,99.4
AK,Alaska,2013,10,2013-10,violent-crime,estimates,404,55.29,735132,730730,99.4
AK,Alaska,2013,11,2013-11,violent-crime,estimates,363,49.68,735132,730730,99.4
AK,Alaska,2013,12,2013-12,violent-crime,estimates,315,43.11,735132,730730,99.4
AK,Alaska,2014,1,2014-01,violent-crime,estimates,405,55.3,736732,732371,99.41
AK,Alaska,2014,2,2014-02,violent-crime,estimates,300,40.96,736732,732371,99.41
AK,Alaska,2014,3,2014-03,violent-crime,estimates,301,41.1,736732,732371,99.41
AK,Alaska,2014,4,2014-04,violent-crime,estimates,352,48.06,736732,732371,99.41
AK,Alaska,2014,5,2014-05,violent-crime,estimates,442,60.35,736732,732371,99.41
AK,Alaska,2014,6,2014-06,violent-crime,estimates,396,54.07,736732,732371,99.41
AK,Alaska,2014,7,2014-07,violent-crime,estimates,465,63.49,736732,732371,99.41
AK,Alaska,2014,8,2014-08,violent-crime,estimates,474,64.72,736732,732371,99.41
AK,Alaska,2014,9,2014-09,violent-crime,estimates,420,57.35,736732,732371,99.41
AK,Alaska,2014,10,2014-10,violent-crime,estimates,377,51.48,736732,732371,99.41
AK,Alaska,2014,11,2014-11,violent-crime,estimates,359,49.02,736732,732371,99.41
AK,Alaska,2014,12,2014-12,violent-crime,estimates,365,49.84,736732,732371,99.41
AK,Alaska,2015,1,2015-01,violent-crime,estimates,460,62.6,738432,734820,99.51
AK,Alaska,2015,2,2015-02,violent-crime,estimates,322,43.82,738432,734820,99.51
AK,Alaska,2015,3,2015-03,violent-crime,estimates,398,54.16,738432,734820,99.51
AK,Alaska,2015,4,2015-04,violent-crime,estimates,423,57.57,738432,734820,99.51
AK,Alaska,2015,5,2015-05,violent-crime,estimates,530,72.13,738432,734820,99.51
AK,Alaska,2015,6,2015-06,violent-crime,estimates,540,73.49,738432,734820,99.51
AK,Alaska,2015,7,2015-07,violent-crime,estimates,503,68.45,738432,734820,99.51
AK,Alaska,2015,8,2015-08,violent-crime,estimates,467,63.55,738432,734820,99.51
AK,Alaska,2015,9,2015-09,violent-crime,estimates,473,64.37,738432,734820,99.51
AK,Alaska,2015,10,2015-10,violent-crime,estimates,458,62.33,738432,734820,99.51
AK,Alaska,2015,11,2015-11,violent-crime,estimates,397,54.03,738432,734820,99.51
AK,Alaska,2015,12,2015-12,violent-crime,estimates,394,53.62,738432,734820,99.51
AK,Alaska,2016,1,2016-01,violent-crime,estimates,471,63.77,741894,738566,99.55
AK,Alaska,2016,2,2016-02,violent-crime,estimates,447,60.52,741894,738566,99.55
AK,Alaska,2016,3,2016-03,violent-crime,estimates,497,67.29,741894,738566,99.55
AK,Alaska,2016,4,2016-04,violent-crime,estimates,471,63.77,741894,738566,99.55
AK,Alaska,2016,5,2016-05,violent-crime,estimates,514,69.59,741894,738566,99.55
AK,Alaska,2016,6,2016-06,violent-crime,estimates,472,63.91,741894,738566,99.55
AK,Alaska,2016,7,2016-07,violent-crime,estimates,552,74.74,741894,738566,99.55
AK,Alaska,2016,8,2016-08,violent-crime,estimates,579,78.4,741894,738566,99.55
AK,Alaska,2016,9,2016-09,violent-crime,estimates,536,72.57,741894,738566,99.55
AK,Alaska,2016,10,2016-10,violent-crime,estimates,445,60.25,741894,738566,99.55
AK,Alaska,2016,11,2016-11,violent-crime,estimates,470,63.64,741894,738566,99.55
AK,Alaska,2016,12,2016-12,violent-crime,estimates,487,65.94,741894,738566,99.55
AK,Alaska,2017,1,2017-01,violent-crime,estimates,454,61.67,739795,736205,99.51
AK,Alaska,2017,2,2017-02,violent-crime,estimates,492,66.83,739795,736205,99.51
AK,Alaska,2017,3,2017-03,violent-crime,estimates,449,60.99,739795,736205,99.51
AK,Alaska,2017,4,2017-04,violent-crime,estimates,531,72.13,739795,736205,99.51
AK,Alaska,2017,5,2017-05,violent-crime,estimates,501,68.05,739795,736205,99.51
AK,Alaska,2017,6,2017-06,violent-crime,estimates,554,75.25,739795,736205,99.51
AK,Alaska,2017,7,2017-07,violent-crime,estimates,606,82.31,739795,736205,99.51
AK,Alaska,2017,8,2017-08,violent-crime,estimates,562,76.34,739795,736205,99.51
AK,Alaska,2017,9,2017-09,violent-crime,estimates,570,77.42,739795,736205,99.51
AK,Alaska,2017,10,2017-10,violent-crime,estimates,506,68.73,739795,736205,99.51
AK,Alaska,2017,11,2017-11,violent-crime,estimates,511,69.41,739795,736205,99.51
AK,Alaska,2017,12,2017-12,violent-crime,estimates,584,79.33,739795,736205,99.51
AZ,Arizona,1999,1,1999-01,violent-crime,estimates,2056,43.9,4778000,4683280,98.02
AZ,Arizona,1999,2,1999-02,violent-crime,estimates,1909,40.76,4778000,4683280,98.02
AZ,Arizona,1999,3,1999-03,violent-crime,estimates,2075,44.31,4778000,4683280,98.02
AZ,Arizona,1999,4,1999-04,violent-crime,estimates,2074,44.29,4778000,4683280,98.02
AZ,Arizona,1999,5,1999-05,violent-crime,estimates,2315,49.43,4778000,4683280,98.02
AZ,Arizona,1999,6,1999-06,violent-crime,estimates,2222,47.49,4778000,4678767,97.92
AZ,Arizona,1999,7,1999-07,violent-crime,estimates,2241,47.94,4778000,4675015,97.84
AZ,Arizona,1999,8,1999-08,violent-crime,estimates,2258,47.6,4778000,4743428,99.28
AZ,Arizona,1999,9,1999-09,violent-crime,estimates,2284,48.31,4778000,4727969,98.95
AZ,Arizona,1999,10,1999-10,violent-crime,estimates,2346,50.21,4778000,4672636,97.79
AZ,Arizona,1999,11,1999-11,violent-crime,estimates,2127,44.86,4778000,4741049,99.23
AZ,Arizona,1999,12,1999-12,violent-crime,estimates,2024,42.69,4778000,4741049,99.23
AZ,Arizona,2000,1,2000-01,violent-crime,estimates,2181,42.74,5130632,5103376,99.47
AZ,Arizona,2000,2,2000-02,violent-crime,estimates,2127,41.65,5130632,5106618,99.53
AZ,Arizona,2000,3,2000-03,violent-crime,estimates,2230,43.7,5130632,5103376,99.47
AZ,Arizona,2000,4,2000-04,violent-crime,estimates,2350,46.05,5130632,5103376,99.47
AZ,Arizona,2000,5,2000-05,violent-crime,estimates,2411,47.24,5130632,5103376,99.47
AZ,Arizona,2000,6,2000-06,violent-crime,estimates,2144,42.15,5130632,5086322,99.14
AZ,Arizona,2000,7,2000-07,violent-crime,estimates,2330,45.81,5130632,5086322,99.14
AZ,Arizona,2000,8,2000-08,violent-crime,estimates,2427,47.72,5130632,5086322,99.14
AZ,Arizona,2000,9,2000-09,violent-crime,estimates,2271,44.66,5130632,5084818,99.11
AZ,Arizona,2000,10,2000-10,violent-crime,estimates,2353,46.28,5130632,5084818,99.11
AZ,Arizona,2000,11,2000-11,violent-crime,estimates,2138,42.14,5130632,5073378,98.88
AZ,Arizona,2000,12,2000-12,violent-crime,estimates,2224,44.48,5130632,5000026,97.45
AZ,Arizona,2001,1,2001-01,violent-crime,estimates,2047,38.73,5307331,5285430,99.59
AZ,Arizona,2001,2,2001-02,violent-crime,estimates,1943,36.76,5307331,5285430,99.59
AZ,Arizona,2001,3,2001-03,violent-crime,estimates,2178,41.21,5307331,5285430,99.59
AZ,Arizona,2001,4,2001-04,violent-crime,estimates,2346,44.39,5307331,5285430,99.59
AZ,Arizona,2001,5,2001-05,violent-crime,estimates,2623,49.63,5307331,5285430,99.59
AZ,Arizona,2001,6,2001-06,violent-crime,estimates,2465,46.97,5307331,5248311,98.89
AZ,Arizona,2001,7,2001-07,violent-crime,estimates,2527,48.31,5307331,5230670,98.56
AZ,Arizona,2001,8,2001-08,violent-crime,estimates,2415,46.33,5307331,5212067,98.21
AZ,Arizona,2001,9,2001-09,violent-crime,estimates,2413,46.3,5307331,5212067,98.21
AZ,Arizona,2001,10,2001-10,violent-crime,estimates,2677,51.39,5307331,5208713,98.14
AZ,Arizona,2001,11,2001-11,violent-crime,estimates,2366,45.42,5307331,5208713,98.14
AZ,Arizona,2001,12,2001-12,violent-crime,estimates,2371,45.52,5307331,5208713,98.14
AZ,Arizona,2002,1,2002-01,violent-crime,estimates,2512,46.72,5456453,5376701,98.54
AZ,Arizona,2002,2,2002-02,violent-crime,estimates,2251,41.89,5456453,5373678,98.48
AZ,Arizona,2002,3,2002-03,violent-crime,estimates,2366,44.05,5456453,5371286,98.44
AZ,Arizona,2002,4,2002-04,violent-crime,estimates,2498,46.54,5456453,5367839,98.38
AZ,Arizona,2002,5,2002-05,violent-crime,estimates,2758,51.22,5456453,5384134,98.67
AZ,Arizona,2002,6,2002-06,violent-crime,estimates,2521,47.19,5456453,5341779,97.9
AZ,Arizona,2002,7,2002-07,violent-crime,estimates,2450,45.86,5456453,5341779,97.9
AZ,Arizona,2002,8,2002-08,violent-crime,estimates,2594,48.67,5456453,5329325,97.67
AZ,Arizona,2002,9,2002-09,violent-crime,estimates,2716,50.95,5456453,5330651,97.69
AZ,Arizona,2002,10,2002-10,violent-crime,estimates,2533,47.43,5456453,5340359,97.87
AZ,Arizona,2002,11,2002-11,violent-crime,estimates,2293,42.81,5456453,5356654,98.17
AZ,Arizona,2002,12,2002-12,violent-crime,estimates,2298,43.35,5456453,5300969,97.15
AZ,Arizona,2003,1,2003-01,violent-crime,estimates,2250,40.91,5580811,5499768,98.55
AZ,Arizona,2003,2,2003-02,violent-crime,estimates,1950,35.51,5580811,5490923,98.39
AZ,Arizona,2003,3,2003-03,violent-crime,estimates,2366,43.09,5580811,5490923,98.39
AZ,Arizona,2003,4,2003-04,violent-crime,estimates,2393,43.58,5580811,5490923,98.39
AZ,Arizona,2003,5,2003-05,violent-crime,estimates,2483,45.22,5580811,5490923,98.39
AZ,Arizona,2003,6,2003-06,violent-crime,estimates,2391,43.6,5580811,5483807,98.26
AZ,Arizona,2003,7,2003-07,violent-crime,estimates,2514,45.96,5580811,5469985,98.01
AZ,Arizona,2003,8,2003-08,violent-crime,estimates,2503,45.76,5580811,5469985,98.01
AZ,Arizona,2003,9,2003-09,violent-crime,estimates,2490,45.55,5580811,5466405,97.95
AZ,Arizona,2003,10,2003-10,violent-crime,estimates,2565,46.83,5580811,5477402,98.15
AZ,Arizona,2003,11,2003-11,violent-crime,estimates,2189,40.3,5580811,5431725,97.33
AZ,Arizona,2003,12,2003-12,violent-crime,estimates,2103,38.78,5580811,5423173,97.18
AZ,Arizona,2004,1,2004-01,violent-crime,estimates,2383,42.16,5743834,5651865,98.4
AZ,Arizona,2004,2,2004-02,violent-crime,estimates,2248,39.77,5743834,5651865,98.4
AZ,Arizona,2004,3,2004-03,violent-crime,estimates,2350,41.72,5743834,5632894,98.07
AZ,Arizona,2004,4,2004-04,violent-crime,estimates,2366,42,5743834,5632894,98.07
AZ,Arizona,2004,5,2004-05,violent-crime,estimates,2497,44.33,5743834,5632894,98.07
AZ,Arizona,2004,6,2004-06,violent-crime,estimates,2294,40.73,5743834,5632894,98.07
AZ,Arizona,2004,7,2004-07,violent-crime,estimates,2456,43.45,5743834,5651865,98.4
AZ,Arizona,2004,8,2004-08,violent-crime,estimates,2535,44.85,5743834,5651865,98.4
AZ,Arizona,2004,9,2004-09,violent-crime,estimates,2481,44.05,5743834,5632068,98.05
AZ,Arizona,2004,10,2004-10,violent-crime,estimates,2504,44.37,5743834,5643292,98.25
AZ,Arizona,2004,11,2004-11,violent-crime,estimates,2293,40.64,5743834,5641700,98.22
AZ,Arizona,2004,12,2004-12,violent-crime,estimates,2155,38.25,5743834,5634686,98.1
AZ,Arizona,2005,1,2005-01,violent-crime,estimates,2381,42.97,5939292,5541538,93.3
AZ,Arizona,2005,2,2005-02,violent-crime,estimates,2088,37.82,5939292,5521545,92.97
AZ,Arizona,2005,3,2005-03,violent-crime,estimates,2347,42.65,5939292,5502929,92.65
AZ,Arizona,2005,4,2005-04,violent-crime,estimates,2432,44.71,5939292,5439912,91.59
AZ,Arizona,2005,5,2005-05,violent-crime,estimates,2597,47.55,5939292,5461518,91.96
AZ,Arizona,2005,6,2005-06,violent-crime,estimates,2361,43.39,5939292,5441525,91.62
AZ,Arizona,2005,7,2005-07,violent-crime,estimates,2575,47.4,5939292,5432276,91.46
AZ,Arizona,2005,8,2005-08,violent-crime,estimates,2568,47.31,5939292,5427985,91.39
AZ,Arizona,2005,9,2005-09,violent-crime,estimates,2517,46.38,5939292,5426372,91.36
AZ,Arizona,2005,10,2005-10,violent-crime,estimates,2791,51.47,5939292,5422202,91.29
AZ,Arizona,2005,11,2005-11,violent-crime,estimates,2420,44.63,5939292,5422202,91.29
AZ,Arizona,2005,12,2005-12,violent-crime,estimates,2283,42.67,5939292,5350364,90.08
AZ,Arizona,2006,1,2006-01,violent-crime,estimates,2671,43.56,6166318,6131730,99.44
AZ,Arizona,2006,2,2006-02,violent-crime,estimates,2541,41.44,6166318,6131730,99.44
AZ,Arizona,2006,3,2006-03,violent-crime,estimates,2729,44.54,6166318,6127415,99.37
AZ,Arizona,2006,4,2006-04,violent-crime,estimates,2751,45.05,6166318,6106703,99.03
AZ,Arizona,2006,5,2006-05,violent-crime,estimates,2998,49.09,6166318,6106703,99.03
AZ,Arizona,2006,6,2006-06,violent-crime,estimates,2868,46.96,6166318,6106703,99.03
AZ,Arizona,2006,7,2006-07,violent-crime,estimates,2984,48.86,6166318,6106703,99.03
AZ,Arizona,2006,8,2006-08,violent-crime,estimates,2933,48.03,6166318,6106703,99.03
AZ,Arizona,2006,9,2006-09,violent-crime,estimates,2925,47.9,6166318,6106703,99.03
AZ,Arizona,2006,10,2006-10,violent-crime,estimates,2910,47.65,6166318,6106703,99.03
AZ,Arizona,2006,11,2006-11,violent-crime,estimates,2646,43.33,6166318,6106703,99.03
AZ,Arizona,2006,12,2006-12,violent-crime,estimates,2607,42.69,6166318,6106703,99.03
AZ,Arizona,2007,1,2007-01,violent-crime,estimates,2541,40.58,6338755,6261157,98.78
AZ,Arizona,2007,2,2007-02,violent-crime,estimates,2312,36.93,6338755,6261157,98.78
AZ,Arizona,2007,3,2007-03,violent-crime,estimates,2746,43.86,6338755,6261157,98.78
AZ,Arizona,2007,4,2007-04,violent-crime,estimates,2677,42.88,6338755,6242606,98.48
AZ,Arizona,2007,5,2007-05,violent-crime,estimates,2795,44.77,6338755,6242606,98.48
AZ,Arizona,2007,6,2007-06,violent-crime,estimates,2620,41.85,6338755,6261157,98.78
AZ,Arizona,2007,7,2007-07,violent-crime,estimates,2808,44.85,6338755,6261157,98.78
AZ,Arizona,2007,8,2007-08,violent-crime,estimates,2792,44.64,6338755,6254328,98.67
AZ,Arizona,2007,9,2007-09,violent-crime,estimates,2738,43.78,6338755,6254328,98.67
AZ,Arizona,2007,10,2007-10,violent-crime,estimates,2800,44.55,6338755,6285151,99.15
AZ,Arizona,2007,11,2007-11,violent-crime,estimates,2525,40.29,6338755,6266600,98.86
AZ,Arizona,2007,12,2007-12,violent-crime,estimates,2527,40.32,6338755,6266600,98.86
AZ,Arizona,2008,1,2008-01,violent-crime,estimates,2527,39.14,6500180,6457096,99.34
AZ,Arizona,2008,2,2008-02,violent-crime,estimates,2335,36.16,6500180,6457096,99.34
AZ,Arizona,2008,3,2008-03,violent-crime,estimates,2646,40.97,6500180,6458661,99.36
AZ,Arizona,2008,4,2008-04,violent-crime,estimates,2646,41,6500180,6453996,99.29
AZ,Arizona,2008,5,2008-05,violent-crime,estimates,2715,42.07,6500180,6453996,99.29
AZ,Arizona,2008,6,2008-06,violent-crime,estimates,2556,39.61,6500180,6452431,99.27
AZ,Arizona,2008,7,2008-07,violent-crime,estimates,2766,42.87,6500180,6452431,99.27
AZ,Arizona,2008,8,2008-08,violent-crime,estimates,2698,41.78,6500180,6457096,99.34
AZ,Arizona,2008,9,2008-09,violent-crime,estimates,2830,43.84,6500180,6455847,99.32
AZ,Arizona,2008,10,2008-10,violent-crime,estimates,2698,41.79,6500180,6455847,99.32
AZ,Arizona,2008,11,2008-11,violent-crime,estimates,2385,36.94,6500180,6455847,99.32
AZ,Arizona,2008,12,2008-12,violent-crime,estimates,2421,37.54,6500180,6448930,99.21
AZ,Arizona,2009,1,2009-01,violent-crime,estimates,2564,39.12,6595778,6553655,99.36
AZ,Arizona,2009,2,2009-02,violent-crime,estimates,2213,33.77,6595778,6553655,99.36
AZ,Arizona,2009,3,2009-03,violent-crime,estimates,2426,37.02,6595778,6553655,99.36
AZ,Arizona,2009,4,2009-04,violent-crime,estimates,2410,36.8,6595778,6548235,99.28
AZ,Arizona,2009,5,2009-05,violent-crime,estimates,2660,40.62,6595778,6548235,99.28
AZ,Arizona,2009,6,2009-06,violent-crime,estimates,2339,35.72,6595778,6548235,99.28
AZ,Arizona,2009,7,2009-07,violent-crime,estimates,2412,36.86,6595778,6543372,99.21
AZ,Arizona,2009,8,2009-08,violent-crime,estimates,2408,36.8,6595778,6543372,99.21
AZ,Arizona,2009,9,2009-09,violent-crime,estimates,2410,36.83,6595778,6543372,99.21
AZ,Arizona,2009,10,2009-10,violent-crime,estimates,2368,36.25,6595778,6531919,99.03
AZ,Arizona,2009,11,2009-11,violent-crime,estimates,2139,32.75,6595778,6531919,99.03
AZ,Arizona,2009,12,2009-12,violent-crime,estimates,1993,30.51,6595778,6531919,99.03
AZ,Arizona,2010,1,2010-01,violent-crime,estimates,2154,33.96,6392017,6342461,99.22
AZ,Arizona,2010,2,2010-02,violent-crime,estimates,1792,28.27,6392017,6338470,99.16
AZ,Arizona,2010,3,2010-03,violent-crime,estimates,2122,33.51,6392017,6332295,99.07
AZ,Arizona,2010,4,2010-04,violent-crime,estimates,2136,33.7,6392017,6338470,99.16
AZ,Arizona,2010,5,2010-05,violent-crime,estimates,2323,36.9,6392017,6294988,98.48
AZ,Arizona,2010,6,2010-06,violent-crime,estimates,1976,31.44,6392017,6285943,98.34
AZ,Arizona,2010,7,2010-07,violent-crime,estimates,2310,36.54,6392017,6321092,98.89
AZ,Arizona,2010,8,2010-08,violent-crime,estimates,2287,36.08,6392017,6338470,99.16
AZ,Arizona,2010,9,2010-09,violent-crime,estimates,2229,35.17,6392017,6338470,99.16
AZ,Arizona,2010,10,2010-10,violent-crime,estimates,2241,35.7,6392017,6277278,98.2
AZ,Arizona,2010,11,2010-11,violent-crime,estimates,2093,33.2,6392017,6304487,98.63
AZ,Arizona,2010,12,2010-12,violent-crime,estimates,2146,34.09,6392017,6294988,98.48
AZ,Arizona,2011,1,2011-01,violent-crime,estimates,2129,33.15,6482505,6423097,99.08
AZ,Arizona,2011,2,2011-02,violent-crime,estimates,1781,27.73,6482505,6423097,99.08
AZ,Arizona,2011,3,2011-03,violent-crime,estimates,2186,34.03,6482505,6423097,99.08
AZ,Arizona,2011,4,2011-04,violent-crime,estimates,2269,35.33,6482505,6423097,99.08
AZ,Arizona,2011,5,2011-05,violent-crime,estimates,2337,36.38,6482505,6423097,99.08
AZ,Arizona,2011,6,2011-06,violent-crime,estimates,2215,34.49,6482505,6421346,99.06
AZ,Arizona,2011,7,2011-07,violent-crime,estimates,2338,36.41,6482505,6421346,99.06
AZ,Arizona,2011,8,2011-08,violent-crime,estimates,2367,36.86,6482505,6421346,99.06
AZ,Arizona,2011,9,2011-09,violent-crime,estimates,2268,35.33,6482505,6419368,99.03
AZ,Arizona,2011,10,2011-10,violent-crime,estimates,2514,39.16,6482505,6419368,99.03
AZ,Arizona,2011,11,2011-11,violent-crime,estimates,2182,33.99,6482505,6419368,99.03
AZ,Arizona,2011,12,2011-12,violent-crime,estimates,2134,33.24,6482505,6419368,99.03
AZ,Arizona,2012,1,2012-01,violent-crime,estimates,2248,34.49,6553255,6517539,99.45
AZ,Arizona,2012,2,2012-02,violent-crime,estimates,1936,29.7,6553255,6517539,99.45
AZ,Arizona,2012,3,2012-03,violent-crime,estimates,2325,35.67,6553255,6517539,99.45
AZ,Arizona,2012,4,2012-04,violent-crime,estimates,2246,34.49,6553255,6512628,99.38
AZ,Arizona,2012,5,2012-05,violent-crime,estimates,2325,35.7,6553255,6512628,99.38
AZ,Arizona,2012,6,2012-06,violent-crime,estimates,2303,35.36,6553255,6512628,99.38
AZ,Arizona,2012,7,2012-07,violent-crime,estimates,2405,36.94,6553255,6510733,99.35
AZ,Arizona,2012,8,2012-08,violent-crime,estimates,2407,36.98,6553255,6509569,99.33
AZ,Arizona,2012,9,2012-09,violent-crime,estimates,2504,38.47,6553255,6509569,99.33
AZ,Arizona,2012,10,2012-10,violent-crime,estimates,2409,37.01,6553255,6509569,99.33
AZ,Arizona,2012,11,2012-11,violent-crime,estimates,2319,35.61,6553255,6512628,99.38
AZ,Arizona,2012,12,2012-12,violent-crime,estimates,2264,34.76,6553255,6512628,99.38
AZ,Arizona,2013,1,2013-01,violent-crime,estimates,2119,32.42,6626624,6536294,98.64
AZ,Arizona,2013,2,2013-02,violent-crime,estimates,1890,28.92,6626624,6536294,98.64
AZ,Arizona,2013,3,2013-03,violent-crime,estimates,2253,34.47,6626624,6536294,98.64
AZ,Arizona,2013,4,2013-04,violent-crime,estimates,2337,36.43,6626624,6415896,96.82
AZ,Arizona,2013,5,2013-05,violent-crime,estimates,2501,38.26,6626624,6536294,98.64
AZ,Arizona,2013,6,2013-06,violent-crime,estimates,2340,35.8,6626624,6536294,98.64
AZ,Arizona,2013,7,2013-07,violent-crime,estimates,2323,35.54,6626624,6536294,98.64
AZ,Arizona,2013,8,2013-08,violent-crime,estimates,2402,36.75,6626624,6536294,98.64
AZ,Arizona,2013,9,2013-09,violent-crime,estimates,2183,33.4,6626624,6536294,98.64
AZ,Arizona,2013,10,2013-10,violent-crime,estimates,2180,33.35,6626624,6536294,98.64
AZ,Arizona,2013,11,2013-11,violent-crime,estimates,1983,30.34,6626624,6536294,98.64
AZ,Arizona,2013,12,2013-12,violent-crime,estimates,1928,29.52,6626624,6531217,98.56
AZ,Arizona,2014,1,2014-01,violent-crime,estimates,2081,31.55,6731484,6595464,97.98
AZ,Arizona,2014,2,2014-02,violent-crime,estimates,1707,25.88,6731484,6595464,97.98
AZ,Arizona,2014,3,2014-03,violent-crime,estimates,2181,33.07,6731484,6595464,97.98
AZ,Arizona,2014,4,2014-04,violent-crime,estimates,2108,31.99,6731484,6590156,97.9
AZ,Arizona,2014,5,2014-05,violent-crime,estimates,2281,34.61,6731484,6590156,97.9
AZ,Arizona,2014,6,2014-06,violent-crime,estimates,2280,34.61,6731484,6588378,97.87
AZ,Arizona,2014,7,2014-07,violent-crime,estimates,2170,32.97,6731484,6582631,97.79
AZ,Arizona,2014,8,2014-08,violent-crime,estimates,2252,34.21,6731484,6582631,97.79
AZ,Arizona,2014,9,2014-09,violent-crime,estimates,2192,33.3,6731484,6582631,97.79
AZ,Arizona,2014,10,2014-10,violent-crime,estimates,2464,37.43,6731484,6582631,97.79
AZ,Arizona,2014,11,2014-11,violent-crime,estimates,2018,30.66,6731484,6582631,97.79
AZ,Arizona,2014,12,2014-12,violent-crime,estimates,2104,31.96,6731484,6582631,97.79
AZ,Arizona,2015,1,2015-01,violent-crime,estimates,2579,38.1,6828065,6769321,99.14
AZ,Arizona,2015,2,2015-02,violent-crime,estimates,2163,31.94,6828065,6773040,99.19
AZ,Arizona,2015,3,2015-03,violent-crime,estimates,2536,37.44,6828065,6773040,99.19
AZ,Arizona,2015,4,2015-04,violent-crime,estimates,2409,35.6,6828065,6767124,99.11
AZ,Arizona,2015,5,2015-05,violent-crime,estimates,2673,39.42,6828065,6780686,99.31
AZ,Arizona,2015,6,2015-06,violent-crime,estimates,2399,35.35,6828065,6786602,99.39
AZ,Arizona,2015,7,2015-07,violent-crime,estimates,2526,37.31,6828065,6769614,99.14
AZ,Arizona,2015,8,2015-08,violent-crime,estimates,2802,41.35,6828065,6776967,99.25
AZ,Arizona,2015,9,2015-09,violent-crime,estimates,2686,39.71,6828065,6763405,99.05
AZ,Arizona,2015,10,2015-10,violent-crime,estimates,2566,37.86,6828065,6776967,99.25
AZ,Arizona,2015,11,2015-11,violent-crime,estimates,2350,34.68,6828065,6776967,99.25
AZ,Arizona,2015,12,2015-12,violent-crime,estimates,2229,32.89,6828065,6776967,99.25
AZ,Arizona,2016,1,2016-01,violent-crime,estimates,2575,37.26,6931071,6910258,99.7
AZ,Arizona,2016,2,2016-02,violent-crime,estimates,2417,35.01,6931071,6903153,99.6
AZ,Arizona,2016,3,2016-03,violent-crime,estimates,2510,36.39,6931071,6897426,99.51
AZ,Arizona,2016,4,2016-04,violent-crime,estimates,2674,38.79,6931071,6894381,99.47
AZ,Arizona,2016,5,2016-05,violent-crime,estimates,2713,39.35,6931071,6894381,99.47
AZ,Arizona,2016,6,2016-06,violent-crime,estimates,2625,38.07,6931071,6894381,99.47
AZ,Arizona,2016,7,2016-07,violent-crime,estimates,2792,40.51,6931071,6892882,99.45
AZ,Arizona,2016,8,2016-08,violent-crime,estimates,2663,38.66,6931071,6889108,99.39
AZ,Arizona,2016,9,2016-09,violent-crime,estimates,2626,38.12,6931071,6889108,99.39
AZ,Arizona,2016,10,2016-10,violent-crime,estimates,2872,42.08,6931071,6824352,98.46
AZ,Arizona,2016,11,2016-11,violent-crime,estimates,2784,40.77,6931071,6827834,98.51
AZ,Arizona,2016,12,2016-12,violent-crime,estimates,2558,37.13,6931071,6889108,99.39
AZ,Arizona,2017,1,2017-01,violent-crime,estimates,2760,39.49,7016270,6988735,99.61
AZ,Arizona,2017,2,2017-02,violent-crime,estimates,2564,36.69,7016270,6988735,99.61
AZ,Arizona,2017,3,2017-03,violent-crime,estimates,2857,40.88,7016270,6988735,99.61
AZ,Arizona,2017,4,2017-04,violent-crime,estimates,2981,42.66,7016270,6987413,99.59
AZ,Arizona,2017,5,2017-05,violent-crime,estimates,3087,44.18,7016270,6987413,99.59
AZ,Arizona,2017,6,2017-06,violent-crime,estimates,2872,41.47,7016270,6924724,98.7
AZ,Arizona,2017,7,2017-07,violent-crime,estimates,3092,44.25,7016270,6987413,99.59
AZ,Arizona,2017,8,2017-08,violent-crime,estimates,3297,47.37,7016270,6959511,99.19
AZ,Arizona,2017,9,2017-09,violent-crime,estimates,2957,42.71,7016270,6924098,98.69
AZ,Arizona,2017,10,2017-10,violent-crime,estimates,3214,46.49,7016270,6913400,98.53
AZ,Arizona,2017,11,2017-11,violent-crime,estimates,3096,44.73,7016270,6921743,98.65
AZ,Arizona,2017,12,2017-12,violent-crime,estimates,2989,42.78,7016270,6987413,99.59
AR,Arkansas,1999,1,1999-01,violent-crime,estimates,834,32.83,2551000,2540083,99.57
AR,Arkansas,1999,2,1999-02,violent-crime,estimates,774,30.43,2551000,2543295,99.7
AR,Arkansas,1999,3,1999-03,violent-crime,estimates,839,33.47,2551000,2507019,98.28
AR,Arkansas,1999,4,1999-04,violent-crime,estimates,861,34.34,2551000,2507019,98.28
AR,Arkansas,1999,5,1999-05,violent-crime,estimates,916,36.54,2551000,2507019,98.28
AR,Arkansas,1999,6,1999-06,violent-crime,estimates,890,35.44,2551000,2511179,98.44
AR,Arkansas,1999,7,1999-07,violent-crime,estimates,1007,39.58,2551000,2544403,99.74
AR,Arkansas,1999,8,1999-08,violent-crime,estimates,1083,42.54,2551000,2545993,99.8
AR,Arkansas,1999,9,1999-09,violent-crime,estimates,937,36.87,2551000,2541378,99.62
AR,Arkansas,1999,10,1999-10,violent-crime,estimates,926,36.37,2551000,2545993,99.8
AR,Arkansas,1999,11,1999-11,violent-crime,estimates,841,33.2,2551000,2533267,99.3
AR,Arkansas,1999,12,1999-12,violent-crime,estimates,823,32.44,2551000,2537331,99.46
AR,Arkansas,2000,1,2000-01,violent-crime,estimates,812,31.34,2673400,2591176,96.92
AR,Arkansas,2000,2,2000-02,violent-crime,estimates,821,31.69,2673400,2590403,96.9
AR,Arkansas,2000,3,2000-03,violent-crime,estimates,894,33.65,2673400,2656426,99.37
AR,Arkansas,2000,4,2000-04,violent-crime,estimates,1019,38.77,2673400,2628003,98.3
AR,Arkansas,2000,5,2000-05,violent-crime,estimates,1070,40.53,2673400,2639907,98.75
AR,Arkansas,2000,6,2000-06,violent-crime,estimates,1083,40.99,2673400,2641907,98.82
AR,Arkansas,2000,7,2000-07,violent-crime,estimates,1205,45.35,2673400,2657081,99.39
AR,Arkansas,2000,8,2000-08,violent-crime,estimates,1065,40.21,2673400,2648522,99.07
AR,Arkansas,2000,9,2000-09,violent-crime,estimates,1060,40.03,2673400,2647696,99.04
AR,Arkansas,2000,10,2000-10,violent-crime,estimates,1057,40,2673400,2642444,98.84
AR,Arkansas,2000,11,2000-11,violent-crime,estimates,867,32.8,2673400,2643579,98.88
AR,Arkansas,2000,12,2000-12,violent-crime,estimates,854,32.17,2673400,2655039,99.31
AR,Arkansas,2001,1,2001-01,violent-crime,estimates,975,36.42,2692090,2676879,99.43
AR,Arkansas,2001,2,2001-02,violent-crime,estimates,853,31.82,2692090,2680577,99.57
AR,Arkansas,2001,3,2001-03,violent-crime,estimates,970,36.32,2692090,2670904,99.21
AR,Arkansas,2001,4,2001-04,violent-crime,estimates,1022,38.13,2692090,2680577,99.57
AR,Arkansas,2001,5,2001-05,violent-crime,estimates,967,36.19,2692090,2672298,99.26
AR,Arkansas,2001,6,2001-06,violent-crime,estimates,958,36.05,2692090,2657571,98.72
AR,Arkansas,2001,7,2001-07,violent-crime,estimates,1066,39.89,2692090,2672298,99.26
AR,Arkansas,2001,8,2001-08,violent-crime,estimates,974,36.38,2692090,2677262,99.45
AR,Arkansas,2001,9,2001-09,violent-crime,estimates,983,36.74,2692090,2675206,99.37
AR,Arkansas,2001,10,2001-10,violent-crime,estimates,887,33.83,2692090,2621792,97.39
AR,Arkansas,2001,11,2001-11,violent-crime,estimates,809,30.92,2692090,2616575,97.19
AR,Arkansas,2001,12,2001-12,violent-crime,estimates,784,30.07,2692090,2607281,96.85
AR,Arkansas,2002,1,2002-01,violent-crime,estimates,782,29.33,2710079,2665829,98.37
AR,Arkansas,2002,2,2002-02,violent-crime,estimates,642,24.2,2710079,2652589,97.88
AR,Arkansas,2002,3,2002-03,violent-crime,estimates,832,31.3,2710079,2657967,98.08
AR,Arkansas,2002,4,2002-04,violent-crime,estimates,930,35.2,2710079,2642041,97.49
AR,Arkansas,2002,5,2002-05,violent-crime,estimates,974,36.66,2710079,2657017,98.04
AR,Arkansas,2002,6,2002-06,violent-crime,estimates,932,35.18,2710079,2649406,97.76
AR,Arkansas,2002,7,2002-07,violent-crime,estimates,1068,40.9,2710079,2611372,96.36
AR,Arkansas,2002,8,2002-08,violent-crime,estimates,1041,39.3,2710079,2648988,97.75
AR,Arkansas,2002,9,2002-09,violent-crime,estimates,1163,43.82,2710079,2653960,97.93
AR,Arkansas,2002,10,2002-10,violent-crime,estimates,922,35.05,2710079,2630264,97.05
AR,Arkansas,2002,11,2002-11,violent-crime,estimates,833,32.97,2710079,2526246,93.22
AR,Arkansas,2002,12,2002-12,violent-crime,estimates,863,33.71,2710079,2559721,94.45
AR,Arkansas,2003,1,2003-01,violent-crime,estimates,760,33.25,2725714,2285544,83.85
AR,Arkansas,2003,2,2003-02,violent-crime,estimates,686,31.02,2725714,2211245,81.13
AR,Arkansas,2003,3,2003-03,violent-crime,estimates,905,39.8,2725714,2273897,83.42
AR,Arkansas,2003,4,2003-04,violent-crime,estimates,984,42.9,2725714,2293823,84.15
AR,Arkansas,2003,5,2003-05,violent-crime,estimates,983,44.85,2725714,2191829,80.41
AR,Arkansas,2003,6,2003-06,violent-crime,estimates,974,43.44,2725714,2241938,82.25
AR,Arkansas,2003,7,2003-07,violent-crime,estimates,1107,48.36,2725714,2289106,83.98
AR,Arkansas,2003,8,2003-08,violent-crime,estimates,1020,44.95,2725714,2268975,83.24
AR,Arkansas,2003,9,2003-09,violent-crime,estimates,940,41.56,2725714,2261545,82.97
AR,Arkansas,2003,10,2003-10,violent-crime,estimates,987,43.87,2725714,2249676,82.54
AR,Arkansas,2003,11,2003-11,violent-crime,estimates,867,39.15,2725714,2214390,81.24
AR,Arkansas,2003,12,2003-12,violent-crime,estimates,899,39.8,2725714,2258774,82.87
AR,Arkansas,2004,1,2004-01,violent-crime,estimates,888,35.98,2752629,2467811,89.65
AR,Arkansas,2004,2,2004-02,violent-crime,estimates,836,33.86,2752629,2468955,89.69
AR,Arkansas,2004,3,2004-03,violent-crime,estimates,1025,41.63,2752629,2462426,89.46
AR,Arkansas,2004,4,2004-04,violent-crime,estimates,1148,46.54,2752629,2466610,89.61
AR,Arkansas,2004,5,2004-05,violent-crime,estimates,1158,46.78,2752629,2475375,89.93
AR,Arkansas,2004,6,2004-06,violent-crime,estimates,1139,46.34,2752629,2458119,89.3
AR,Arkansas,2004,7,2004-07,violent-crime,estimates,1229,49.71,2752629,2472573,89.83
AR,Arkansas,2004,8,2004-08,violent-crime,estimates,1147,46.79,2752629,2451343,89.05
AR,Arkansas,2004,9,2004-09,violent-crime,estimates,1096,44.05,2752629,2487875,90.38
AR,Arkansas,2004,10,2004-10,violent-crime,estimates,1102,45.86,2752629,2403179,87.3
AR,Arkansas,2004,11,2004-11,violent-crime,estimates,994,40.43,2752629,2458274,89.31
AR,Arkansas,2004,12,2004-12,violent-crime,estimates,1004,40.91,2752629,2454443,89.17
AR,Arkansas,2005,1,2005-01,violent-crime,estimates,1105,42.36,2779154,2608893,93.87
AR,Arkansas,2005,2,2005-02,violent-crime,estimates,895,34.25,2779154,2612774,94.01
AR,Arkansas,2005,3,2005-03,violent-crime,estimates,1074,41.45,2779154,2591023,93.23
AR,Arkansas,2005,4,2005-04,violent-crime,estimates,1141,43.97,2779154,2595145,93.38
AR,Arkansas,2005,5,2005-05,violent-crime,estimates,1307,50.31,2779154,2598117,93.49
AR,Arkansas,2005,6,2005-06,violent-crime,estimates,1281,49.52,2779154,2587073,93.09
AR,Arkansas,2005,7,2005-07,violent-crime,estimates,1340,51.97,2779154,2578423,92.78
AR,Arkansas,2005,8,2005-08,violent-crime,estimates,1307,50.42,2779154,2592317,93.28
AR,Arkansas,2005,9,2005-09,violent-crime,estimates,1210,46.94,2779154,2577629,92.75
AR,Arkansas,2005,10,2005-10,violent-crime,estimates,1224,47.72,2779154,2565172,92.3
AR,Arkansas,2005,11,2005-11,violent-crime,estimates,1120,43.61,2779154,2568343,92.41
AR,Arkansas,2005,12,2005-12,violent-crime,estimates,1141,44.66,2779154,2554952,91.93
AR,Arkansas,2006,1,2006-01,violent-crime,estimates,1128,41.73,2810872,2703219,96.17
AR,Arkansas,2006,2,2006-02,violent-crime,estimates,909,33.52,2810872,2711953,96.48
AR,Arkansas,2006,3,2006-03,violent-crime,estimates,1341,48.64,2810872,2757025,98.08
AR,Arkansas,2006,4,2006-04,violent-crime,estimates,1408,51.51,2810872,2733565,97.25
AR,Arkansas,2006,5,2006-05,violent-crime,estimates,1360,49.73,2810872,2734577,97.29
AR,Arkansas,2006,6,2006-06,violent-crime,estimates,1290,47.18,2810872,2734122,97.27
AR,Arkansas,2006,7,2006-07,violent-crime,estimates,1490,54.36,2810872,2740983,97.51
AR,Arkansas,2006,8,2006-08,violent-crime,estimates,1436,52.46,2810872,2737480,97.39
AR,Arkansas,2006,9,2006-09,violent-crime,estimates,1249,45.63,2810872,2737480,97.39
AR,Arkansas,2006,10,2006-10,violent-crime,estimates,1223,44.34,2810872,2758390,98.13
AR,Arkansas,2006,11,2006-11,violent-crime,estimates,1153,41.83,2810872,2756158,98.05
AR,Arkansas,2006,12,2006-12,violent-crime,estimates,1242,44.8,2810872,2772559,98.64
AR,Arkansas,2007,1,2007-01,violent-crime,estimates,1103,39.14,2834797,2817848,99.4
AR,Arkansas,2007,2,2007-02,violent-crime,estimates,974,35,2834797,2782628,98.16
AR,Arkansas,2007,3,2007-03,violent-crime,estimates,1237,44.42,2834797,2784554,98.23
AR,Arkansas,2007,4,2007-04,violent-crime,estimates,1222,43.79,2834797,2790756,98.45
AR,Arkansas,2007,5,2007-05,violent-crime,estimates,1530,54.82,2834797,2790756,98.45
AR,Arkansas,2007,6,2007-06,violent-crime,estimates,1454,52.3,2834797,2780141,98.07
AR,Arkansas,2007,7,2007-07,violent-crime,estimates,1433,51.62,2834797,2775901,97.92
AR,Arkansas,2007,8,2007-08,violent-crime,estimates,1321,47.55,2834797,2777865,97.99
AR,Arkansas,2007,9,2007-09,violent-crime,estimates,1235,44.56,2834797,2771658,97.77
AR,Arkansas,2007,10,2007-10,violent-crime,estimates,1208,43.17,2834797,2798400,98.72
AR,Arkansas,2007,11,2007-11,violent-crime,estimates,1082,39.1,2834797,2767132,97.61
AR,Arkansas,2007,12,2007-12,violent-crime,estimates,1134,41.02,2834797,2764717,97.53
AR,Arkansas,2008,1,2008-01,violent-crime,estimates,1072,37.91,2855390,2828000,99.04
AR,Arkansas,2008,2,2008-02,violent-crime,estimates,951,33.65,2855390,2826094,98.97
AR,Arkansas,2008,3,2008-03,violent-crime,estimates,1208,42.78,2855390,2823687,98.89
AR,Arkansas,2008,4,2008-04,violent-crime,estimates,1188,42.08,2855390,2823168,98.87
AR,Arkansas,2008,5,2008-05,violent-crime,estimates,1293,45.82,2855390,2821852,98.83
AR,Arkansas,2008,6,2008-06,violent-crime,estimates,1209,42.89,2855390,2818623,98.71
AR,Arkansas,2008,7,2008-07,violent-crime,estimates,1437,50.87,2855390,2824931,98.93
AR,Arkansas,2008,8,2008-08,violent-crime,estimates,1310,46.36,2855390,2825972,98.97
AR,Arkansas,2008,9,2008-09,violent-crime,estimates,1334,47.32,2855390,2819222,98.73
AR,Arkansas,2008,10,2008-10,violent-crime,estimates,1264,44.91,2855390,2814672,98.57
AR,Arkansas,2008,11,2008-11,violent-crime,estimates,1117,39.59,2855390,2821205,98.8
AR,Arkansas,2008,12,2008-12,violent-crime,estimates,1105,39.25,2855390,2815076,98.59
AR,Arkansas,2009,1,2009-01,violent-crime,estimates,1123,41.41,2889450,2711913,93.86
AR,Arkansas,2009,2,2009-02,violent-crime,estimates,946,34.77,2889450,2721116,94.17
AR,Arkansas,2009,3,2009-03,violent-crime,estimates,1278,46.99,2889450,2719698,94.13
AR,Arkansas,2009,4,2009-04,violent-crime,estimates,1343,49.11,2889450,2734760,94.65
AR,Arkansas,2009,5,2009-05,violent-crime,estimates,1362,50.12,2889450,2717346,94.04
AR,Arkansas,2009,6,2009-06,violent-crime,estimates,1254,45.68,2889450,2745008,95
AR,Arkansas,2009,7,2009-07,violent-crime,estimates,1254,46.26,2889450,2710916,93.82
AR,Arkansas,2009,8,2009-08,violent-crime,estimates,1327,48.96,2889450,2710499,93.81
AR,Arkansas,2009,9,2009-09,violent-crime,estimates,1131,41.68,2889450,2713346,93.91
AR,Arkansas,2009,10,2009-10,violent-crime,estimates,1124,41.46,2889450,2711300,93.83
AR,Arkansas,2009,11,2009-11,violent-crime,estimates,1118,41.26,2889450,2709780,93.78
AR,Arkansas,2009,12,2009-12,violent-crime,estimates,1058,39.08,2889450,2707479,93.7
AR,Arkansas,2010,1,2010-01,violent-crime,estimates,1038,37.31,2915918,2782075,95.41
AR,Arkansas,2010,2,2010-02,violent-crime,estimates,919,33.12,2915918,2774665,95.16
AR,Arkansas,2010,3,2010-03,violent-crime,estimates,1149,41.56,2915918,2764592,94.81
AR,Arkansas,2010,4,2010-04,violent-crime,estimates,1315,47.59,2915918,2763045,94.76
AR,Arkansas,2010,5,2010-05,violent-crime,estimates,1314,47.39,2915918,2772948,95.1
AR,Arkansas,2010,6,2010-06,violent-crime,estimates,1233,44.63,2915918,2762674,94.74
AR,Arkansas,2010,7,2010-07,violent-crime,estimates,1275,46.07,2915918,2767253,94.9
AR,Arkansas,2010,8,2010-08,violent-crime,estimates,1327,48.47,2915918,2737639,93.89
AR,Arkansas,2010,9,2010-09,violent-crime,estimates,1213,44.03,2915918,2755102,94.48
AR,Arkansas,2010,10,2010-10,violent-crime,estimates,1263,45.6,2915918,2769523,94.98
AR,Arkansas,2010,11,2010-11,violent-crime,estimates,1135,41.11,2915918,2761162,94.69
AR,Arkansas,2010,12,2010-12,violent-crime,estimates,1043,37.86,2915918,2754685,94.47
AR,Arkansas,2011,1,2011-01,violent-crime,estimates,1115,39.01,2937979,2858151,97.28
AR,Arkansas,2011,2,2011-02,violent-crime,estimates,877,30.73,2937979,2854194,97.15
AR,Arkansas,2011,3,2011-03,violent-crime,estimates,1054,36.79,2937979,2864657,97.5
AR,Arkansas,2011,4,2011-04,violent-crime,estimates,1174,41.05,2937979,2860054,97.35
AR,Arkansas,2011,5,2011-05,violent-crime,estimates,1314,45.9,2937979,2862438,97.43
AR,Arkansas,2011,6,2011-06,violent-crime,estimates,1245,43.58,2937979,2856511,97.23
AR,Arkansas,2011,7,2011-07,violent-crime,estimates,1348,47.19,2937979,2856317,97.22
AR,Arkansas,2011,8,2011-08,violent-crime,estimates,1226,42.95,2937979,2854745,97.17
AR,Arkansas,2011,9,2011-09,violent-crime,estimates,1181,41.45,2937979,2849367,96.98
AR,Arkansas,2011,10,2011-10,violent-crime,estimates,1269,44.64,2937979,2842836,96.76
AR,Arkansas,2011,11,2011-11,violent-crime,estimates,1039,36.53,2937979,2844133,96.81
AR,Arkansas,2011,12,2011-12,violent-crime,estimates,1144,40.17,2937979,2848008,96.94
AR,Arkansas,2012,1,2012-01,violent-crime,estimates,1038,35.94,2949131,2887870,97.92
AR,Arkansas,2012,2,2012-02,violent-crime,estimates,929,32.43,2949131,2864833,97.14
AR,Arkansas,2012,3,2012-03,violent-crime,estimates,1174,40.87,2949131,2872807,97.41
AR,Arkansas,2012,4,2012-04,violent-crime,estimates,1215,42.39,2949131,2866034,97.18
AR,Arkansas,2012,5,2012-05,violent-crime,estimates,1281,44.65,2949131,2868934,97.28
AR,Arkansas,2012,6,2012-06,violent-crime,estimates,1179,41.49,2949131,2841890,96.36
AR,Arkansas,2012,7,2012-07,violent-crime,estimates,1250,43.76,2949131,2856641,96.86
AR,Arkansas,2012,8,2012-08,violent-crime,estimates,1192,41.44,2949131,2876375,97.53
AR,Arkansas,2012,9,2012-09,violent-crime,estimates,1179,41.11,2949131,2868015,97.25
AR,Arkansas,2012,10,2012-10,violent-crime,estimates,1088,37.77,2949131,2880279,97.67
AR,Arkansas,2012,11,2012-11,violent-crime,estimates,1060,36.72,2949131,2886733,97.88
AR,Arkansas,2012,12,2012-12,violent-crime,estimates,1071,37.17,2949131,2881729,97.71
AR,Arkansas,2013,1,2013-01,violent-crime,estimates,1100,38.04,2959373,2891754,97.72
AR,Arkansas,2013,2,2013-02,violent-crime,estimates,838,28.96,2959373,2893508,97.77
AR,Arkansas,2013,3,2013-03,violent-crime,estimates,1014,35.78,2959373,2833948,95.76
AR,Arkansas,2013,4,2013-04,violent-crime,estimates,1098,38.91,2959373,2821726,95.35
AR,Arkansas,2013,5,2013-05,violent-crime,estimates,1232,42.74,2959373,2882316,97.4
AR,Arkansas,2013,6,2013-06,violent-crime,estimates,1136,39.49,2959373,2876618,97.2
AR,Arkansas,2013,7,2013-07,violent-crime,estimates,1266,44.88,2959373,2820641,95.31
AR,Arkansas,2013,8,2013-08,violent-crime,estimates,1209,42.03,2959373,2876244,97.19
AR,Arkansas,2013,9,2013-09,violent-crime,estimates,1138,39.47,2959373,2883197,97.43
AR,Arkansas,2013,10,2013-10,violent-crime,estimates,1154,40.01,2959373,2884324,97.46
AR,Arkansas,2013,11,2013-11,violent-crime,estimates,970,33.62,2959373,2885223,97.49
AR,Arkansas,2013,12,2013-12,violent-crime,estimates,956,33.2,2959373,2879881,97.31
AR,Arkansas,2014,1,2014-01,violent-crime,estimates,1012,34.87,2966369,2902115,97.83
AR,Arkansas,2014,2,2014-02,violent-crime,estimates,873,30.33,2966369,2878079,97.02
AR,Arkansas,2014,3,2014-03,violent-crime,estimates,1060,37.07,2966369,2859106,96.38
AR,Arkansas,2014,4,2014-04,violent-crime,estimates,1098,39.45,2966369,2783541,93.84
AR,Arkansas,2014,5,2014-05,violent-crime,estimates,1188,41.54,2966369,2860210,96.42
AR,Arkansas,2014,6,2014-06,violent-crime,estimates,1231,43.21,2966369,2848701,96.03
AR,Arkansas,2014,7,2014-07,violent-crime,estimates,1300,45.38,2966369,2864413,96.56
AR,Arkansas,2014,8,2014-08,violent-crime,estimates,1217,42.7,2966369,2850111,96.08
AR,Arkansas,2014,9,2014-09,violent-crime,estimates,1162,40.78,2966369,2849606,96.06
AR,Arkansas,2014,10,2014-10,violent-crime,estimates,1131,39.67,2966369,2850710,96.1
AR,Arkansas,2014,11,2014-11,violent-crime,estimates,995,34.98,2966369,2844786,95.9
AR,Arkansas,2014,12,2014-12,violent-crime,estimates,1028,35.69,2966369,2880220,97.1
AR,Arkansas,2015,1,2015-01,violent-crime,estimates,1263,43.73,2978204,2888161,96.98
AR,Arkansas,2015,2,2015-02,violent-crime,estimates,895,30.98,2978204,2888671,96.99
AR,Arkansas,2015,3,2015-03,violent-crime,estimates,1134,39.21,2978204,2891796,97.1
AR,Arkansas,2015,4,2015-04,violent-crime,estimates,1134,39.22,2978204,2891606,97.09
AR,Arkansas,2015,5,2015-05,violent-crime,estimates,1362,47.07,2978204,2893831,97.17
AR,Arkansas,2015,6,2015-06,violent-crime,estimates,1331,45.59,2978204,2919693,98.04
AR,Arkansas,2015,7,2015-07,violent-crime,estimates,1400,48.41,2978204,2891843,97.1
AR,Arkansas,2015,8,2015-08,violent-crime,estimates,1390,48.09,2978204,2890599,97.06
AR,Arkansas,2015,9,2015-09,violent-crime,estimates,1435,49.88,2978204,2876620,96.59
AR,Arkansas,2015,10,2015-10,violent-crime,estimates,1213,41.97,2978204,2890360,97.05
AR,Arkansas,2015,11,2015-11,violent-crime,estimates,1145,39.4,2978204,2906341,97.59
AR,Arkansas,2015,12,2015-12,violent-crime,estimates,1175,40.53,2978204,2898969,97.34
AR,Arkansas,2016,1,2016-01,violent-crime,estimates,1275,43.12,2988248,2956691,98.94
AR,Arkansas,2016,2,2016-02,violent-crime,estimates,1069,36.17,2988248,2955522,98.9
AR,Arkansas,2016,3,2016-03,violent-crime,estimates,1334,45.11,2988248,2956939,98.95
AR,Arkansas,2016,4,2016-04,violent-crime,estimates,1266,42.81,2988248,2956939,98.95
AR,Arkansas,2016,5,2016-05,violent-crime,estimates,1431,48.39,2988248,2956939,98.95
AR,Arkansas,2016,6,2016-06,violent-crime,estimates,1399,47.35,2988248,2954635,98.88
AR,Arkansas,2016,7,2016-07,violent-crime,estimates,1481,50.12,2988248,2954635,98.88
AR,Arkansas,2016,8,2016-08,violent-crime,estimates,1288,43.59,2988248,2954635,98.88
AR,Arkansas,2016,9,2016-09,violent-crime,estimates,1330,45.02,2988248,2953939,98.85
AR,Arkansas,2016,10,2016-10,violent-crime,estimates,1428,49.69,2988248,2873570,96.16
AR,Arkansas,2016,11,2016-11,violent-crime,estimates,1271,43.03,2988248,2953939,98.85
AR,Arkansas,2016,12,2016-12,violent-crime,estimates,1327,44.88,2988248,2957042,98.96
AR,Arkansas,2017,1,2017-01,violent-crime,estimates,1406,47.55,3004279,2957000,98.43
AR,Arkansas,2017,2,2017-02,violent-crime,estimates,1129,38.23,3004279,2952867,98.29
AR,Arkansas,2017,3,2017-03,violent-crime,estimates,1303,45.35,3004279,2872991,95.63
AR,Arkansas,2017,4,2017-04,violent-crime,estimates,1461,49.64,3004279,2943168,97.97
AR,Arkansas,2017,5,2017-05,violent-crime,estimates,1524,52.98,3004279,2876600,95.75
AR,Arkansas,2017,6,2017-06,violent-crime,estimates,1499,50.71,3004279,2955795,98.39
AR,Arkansas,2017,7,2017-07,violent-crime,estimates,1417,48.2,3004279,2939693,97.85
AR,Arkansas,2017,8,2017-08,violent-crime,estimates,1425,48.46,3004279,2940315,97.87
AR,Arkansas,2017,9,2017-09,violent-crime,estimates,1302,44.28,3004279,2940315,97.87
AR,Arkansas,2017,10,2017-10,violent-crime,estimates,1310,45.57,3004279,2874782,95.69
AR,Arkansas,2017,11,2017-11,violent-crime,estimates,1318,44.95,3004279,2932294,97.6
AR,Arkansas,2017,12,2017-12,violent-crime,estimates,1272,43.12,3004279,2950140,98.2
CA,California,1999,1,1999-01,violent-crime,estimates,18324,55.3,33145000,33134423,99.97
CA,California,1999,2,1999-02,violent-crime,estimates,15700,47.38,33145000,33134423,99.97
CA,California,1999,3,1999-03,violent-crime,estimates,17201,51.91,33145000,33134423,99.97
CA,California,1999,4,1999-04,violent-crime,estimates,16640,50.22,33145000,33134423,99.97
CA,California,1999,5,1999-05,violent-crime,estimates,17392,52.49,33145000,33134423,99.97
CA,California,1999,6,1999-06,violent-crime,estimates,17127,51.69,33145000,33134423,99.97
CA,California,1999,7,1999-07,violent-crime,estimates,18514,55.88,33145000,33134423,99.97
CA,California,1999,8,1999-08,violent-crime,estimates,18460,55.71,33145000,33134423,99.97
CA,California,1999,9,1999-09,violent-crime,estimates,17045,51.44,33145000,33133208,99.96
CA,California,1999,10,1999-10,violent-crime,estimates,18647,56.28,33145000,33133208,99.96
CA,California,1999,11,1999-11,violent-crime,estimates,16219,48.95,33145000,33133208,99.96
CA,California,1999,12,1999-12,violent-crime,estimates,16631,50.19,33145000,33133208,99.96
CA,California,2000,1,2000-01,violent-crime,estimates,16753,49.57,33871648,33796286,99.78
CA,California,2000,2,2000-02,violent-crime,estimates,15076,44.61,33871648,33796286,99.78
CA,California,2000,3,2000-03,violent-crime,estimates,17423,51.55,33871648,33796286,99.78
CA,California,2000,4,2000-04,violent-crime,estimates,17401,51.49,33871648,33796286,99.78
CA,California,2000,5,2000-05,violent-crime,estimates,18539,54.86,33871648,33796286,99.78
CA,California,2000,6,2000-06,violent-crime,estimates,18167,53.75,33871648,33795975,99.78
CA,California,2000,7,2000-07,violent-crime,estimates,19045,56.23,33871648,33868808,99.99
CA,California,2000,8,2000-08,violent-crime,estimates,18932,55.9,33871648,33868808,99.99
CA,California,2000,9,2000-09,violent-crime,estimates,18121,53.5,33871648,33868808,99.99
CA,California,2000,10,2000-10,violent-crime,estimates,17748,52.4,33871648,33868808,99.99
CA,California,2000,11,2000-11,violent-crime,estimates,16269,48.04,33871648,33868808,99.99
CA,California,2000,12,2000-12,violent-crime,estimates,16987,50.15,33871648,33869119,99.99
CA,California,2001,1,2001-01,violent-crime,estimates,16395,47.52,34501130,34501130,100
CA,California,2001,2,2001-02,violent-crime,estimates,14761,42.78,34501130,34501130,100
CA,California,2001,3,2001-03,violent-crime,estimates,17112,49.6,34501130,34501130,100
CA,California,2001,4,2001-04,violent-crime,estimates,16393,47.51,34501130,34501130,100
CA,California,2001,5,2001-05,violent-crime,estimates,18792,54.47,34501130,34501130,100
CA,California,2001,6,2001-06,violent-crime,estimates,18294,53.02,34501130,34501130,100
CA,California,2001,7,2001-07,violent-crime,estimates,19529,56.6,34501130,34501130,100
CA,California,2001,8,2001-08,violent-crime,estimates,18826,54.57,34501130,34501130,100
CA,California,2001,9,2001-09,violent-crime,estimates,18634,54.01,34501130,34501130,100
CA,California,2001,10,2001-10,violent-crime,estimates,19366,56.13,34501130,34501130,100
CA,California,2001,11,2001-11,violent-crime,estimates,17354,50.3,34501130,34501130,100
CA,California,2001,12,2001-12,violent-crime,estimates,17388,50.4,34501130,34501130,100
CA,California,2002,1,2002-01,violent-crime,estimates,17474,49.84,35116033,35058801,99.84
CA,California,2002,2,2002-02,violent-crime,estimates,15708,44.73,35116033,35116033,100
CA,California,2002,3,2002-03,violent-crime,estimates,17143,48.82,35116033,35116033,100
CA,California,2002,4,2002-04,violent-crime,estimates,16672,47.48,35116033,35116033,100
CA,California,2002,5,2002-05,violent-crime,estimates,17929,51.2,35116033,35015853,99.71
CA,California,2002,6,2002-06,violent-crime,estimates,17763,50.73,35116033,35015853,99.71
CA,California,2002,7,2002-07,violent-crime,estimates,18722,53.47,35116033,35015853,99.71
CA,California,2002,8,2002-08,violent-crime,estimates,17874,51.05,35116033,35015853,99.71
CA,California,2002,9,2002-09,violent-crime,estimates,18207,52,35116033,35015853,99.71
CA,California,2002,10,2002-10,violent-crime,estimates,17619,50.43,35116033,34934727,99.48
CA,California,2002,11,2002-11,violent-crime,estimates,16834,48.09,35116033,35006935,99.69
CA,California,2002,12,2002-12,violent-crime,estimates,16213,46.3,35116033,35014994,99.71
CA,California,2003,1,2003-01,violent-crime,estimates,17005,48.03,35484453,35403608,99.77
CA,California,2003,2,2003-02,violent-crime,estimates,14258,40.3,35484453,35377649,99.7
CA,California,2003,3,2003-03,violent-crime,estimates,17221,48.57,35484453,35458494,99.93
CA,California,2003,4,2003-04,violent-crime,estimates,16602,46.89,35484453,35403608,99.77
CA,California,2003,5,2003-05,violent-crime,estimates,18127,51.2,35484453,35403608,99.77
CA,California,2003,6,2003-06,violent-crime,estimates,17286,49.07,35484453,35225165,99.27
CA,California,2003,7,2003-07,violent-crime,estimates,18195,51.62,35484453,35251124,99.34
CA,California,2003,8,2003-08,violent-crime,estimates,17938,50.89,35484453,35251124,99.34
CA,California,2003,9,2003-09,violent-crime,estimates,17540,49.76,35484453,35251124,99.34
CA,California,2003,10,2003-10,violent-crime,estimates,17417,49.43,35484453,35234991,99.3
CA,California,2003,11,2003-11,violent-crime,estimates,15915,45.27,35484453,35154146,99.07
CA,California,2003,12,2003-12,violent-crime,estimates,17090,48.61,35484453,35154146,99.07
CA,California,2004,1,2004-01,violent-crime,estimates,16248,45.3,35893799,35866559,99.92
CA,California,2004,2,2004-02,violent-crime,estimates,14486,40.39,35893799,35866559,99.92
CA,California,2004,3,2004-03,violent-crime,estimates,17463,48.69,35893799,35866559,99.92
CA,California,2004,4,2004-04,violent-crime,estimates,17146,47.8,35893799,35866559,99.92
CA,California,2004,5,2004-05,violent-crime,estimates,18040,50.3,35893799,35866559,99.92
CA,California,2004,6,2004-06,violent-crime,estimates,16742,46.64,35893799,35893799,100
CA,California,2004,7,2004-07,violent-crime,estimates,17370,48.39,35893799,35893799,100
CA,California,2004,8,2004-08,violent-crime,estimates,17180,48.03,35893799,35772710,99.66
CA,California,2004,9,2004-09,violent-crime,estimates,16479,45.91,35893799,35893799,100
CA,California,2004,10,2004-10,violent-crime,estimates,15928,44.38,35893799,35893799,100
CA,California,2004,11,2004-11,violent-crime,estimates,14994,41.91,35893799,35772710,99.66
CA,California,2004,12,2004-12,violent-crime,estimates,15347,42.9,35893799,35772710,99.66
CA,California,2005,1,2005-01,violent-crime,estimates,15595,43.16,36132147,36132147,100
CA,California,2005,2,2005-02,violent-crime,estimates,13333,36.9,36132147,36132147,100
CA,California,2005,3,2005-03,violent-crime,estimates,15281,42.43,36132147,36013012,99.67
CA,California,2005,4,2005-04,violent-crime,estimates,15208,42.23,36132147,36013012,99.67
CA,California,2005,5,2005-05,violent-crime,estimates,16594,46.08,36132147,36013012,99.67
CA,California,2005,6,2005-06,violent-crime,estimates,15953,44.3,36132147,36013012,99.67
CA,California,2005,7,2005-07,violent-crime,estimates,17920,49.76,36132147,36013012,99.67
CA,California,2005,8,2005-08,violent-crime,estimates,16483,45.77,36132147,36013012,99.67
CA,California,2005,9,2005-09,violent-crime,estimates,15710,43.62,36132147,36013012,99.67
CA,California,2005,10,2005-10,violent-crime,estimates,16746,46.5,36132147,36013012,99.67
CA,California,2005,11,2005-11,violent-crime,estimates,15489,43.07,36132147,35960321,99.52
CA,California,2005,12,2005-12,violent-crime,estimates,15281,42.43,36132147,36013012,99.67
CA,California,2006,1,2006-01,violent-crime,estimates,16626,45.75,36457549,36344199,99.69
CA,California,2006,2,2006-02,violent-crime,estimates,14381,39.57,36457549,36344199,99.69
CA,California,2006,3,2006-03,violent-crime,estimates,15463,42.55,36457549,36344199,99.69
CA,California,2006,4,2006-04,violent-crime,estimates,15780,43.42,36457549,36344199,99.69
CA,California,2006,5,2006-05,violent-crime,estimates,17310,47.63,36457549,36344199,99.69
CA,California,2006,6,2006-06,violent-crime,estimates,16809,46.25,36457549,36344199,99.69
CA,California,2006,7,2006-07,violent-crime,estimates,18358,50.35,36457549,36457549,100
CA,California,2006,8,2006-08,violent-crime,estimates,17077,46.84,36457549,36457549,100
CA,California,2006,9,2006-09,violent-crime,estimates,16109,44.19,36457549,36457549,100
CA,California,2006,10,2006-10,violent-crime,estimates,16238,44.54,36457549,36457549,100
CA,California,2006,11,2006-11,violent-crime,estimates,14837,40.7,36457549,36457549,100
CA,California,2006,12,2006-12,violent-crime,estimates,15495,42.5,36457549,36457549,100
CA,California,2007,1,2007-01,violent-crime,estimates,15514,42.44,36553215,36553215,100
CA,California,2007,2,2007-02,violent-crime,estimates,13821,37.81,36553215,36553215,100
CA,California,2007,3,2007-03,violent-crime,estimates,16028,43.85,36553215,36553215,100
CA,California,2007,4,2007-04,violent-crime,estimates,15968,43.68,36553215,36553215,100
CA,California,2007,5,2007-05,violent-crime,estimates,17057,46.66,36553215,36553215,100
CA,California,2007,6,2007-06,violent-crime,estimates,16729,45.77,36553215,36553215,100
CA,California,2007,7,2007-07,violent-crime,estimates,17235,47.15,36553215,36553215,100
CA,California,2007,8,2007-08,violent-crime,estimates,16614,45.45,36553215,36553215,100
CA,California,2007,9,2007-09,violent-crime,estimates,15887,43.46,36553215,36553215,100
CA,California,2007,10,2007-10,violent-crime,estimates,16350,44.73,36553215,36553215,100
CA,California,2007,11,2007-11,violent-crime,estimates,15341,41.97,36553215,36553215,100
CA,California,2007,12,2007-12,violent-crime,estimates,15005,41.05,36553215,36553215,100
CA,California,2008,1,2008-01,violent-crime,estimates,14691,39.97,36756666,36756666,100
CA,California,2008,2,2008-02,violent-crime,estimates,13790,37.52,36756666,36756666,100
CA,California,2008,3,2008-03,violent-crime,estimates,15735,42.81,36756666,36756666,100
CA,California,2008,4,2008-04,violent-crime,estimates,15282,41.58,36756666,36756666,100
CA,California,2008,5,2008-05,violent-crime,estimates,15822,43.05,36756666,36756666,100
CA,California,2008,6,2008-06,violent-crime,estimates,15504,42.18,36756666,36756666,100
CA,California,2008,7,2008-07,violent-crime,estimates,16675,45.37,36756666,36755562,100
CA,California,2008,8,2008-08,violent-crime,estimates,16529,44.97,36756666,36755562,100
CA,California,2008,9,2008-09,violent-crime,estimates,15977,43.47,36756666,36755562,100
CA,California,2008,10,2008-10,violent-crime,estimates,15877,43.2,36756666,36755562,100
CA,California,2008,11,2008-11,violent-crime,estimates,14719,40.05,36756666,36755562,100
CA,California,2008,12,2008-12,violent-crime,estimates,14727,40.07,36756666,36755562,100
CA,California,2009,1,2009-01,violent-crime,estimates,15242,41.25,36961664,36951012,99.97
CA,California,2009,2,2009-02,violent-crime,estimates,12908,34.93,36961664,36951012,99.97
CA,California,2009,3,2009-03,violent-crime,estimates,14814,40.09,36961664,36951012,99.97
CA,California,2009,4,2009-04,violent-crime,estimates,14414,39.01,36961664,36951012,99.97
CA,California,2009,5,2009-05,violent-crime,estimates,15632,42.3,36961664,36951012,99.97
CA,California,2009,6,2009-06,violent-crime,estimates,14795,40.12,36961664,36878551,99.78
CA,California,2009,7,2009-07,violent-crime,estimates,15581,42.31,36961664,36827449,99.64
CA,California,2009,8,2009-08,violent-crime,estimates,15315,41.59,36961664,36827449,99.64
CA,California,2009,9,2009-09,violent-crime,estimates,14915,40.49,36961664,36838101,99.67
CA,California,2009,10,2009-10,violent-crime,estimates,14333,38.91,36961664,36838101,99.67
CA,California,2009,11,2009-11,violent-crime,estimates,13306,36.12,36961664,36838101,99.67
CA,California,2009,12,2009-12,violent-crime,estimates,13368,36.31,36961664,36813726,99.6
CA,California,2010,1,2010-01,violent-crime,estimates,13815,37.08,37253956,37253956,100
CA,California,2010,2,2010-02,violent-crime,estimates,11988,32.18,37253956,37253956,100
CA,California,2010,3,2010-03,violent-crime,estimates,13596,36.5,37253956,37253956,100
CA,California,2010,4,2010-04,violent-crime,estimates,13480,36.18,37253956,37253956,100
CA,California,2010,5,2010-05,violent-crime,estimates,14724,39.52,37253956,37253956,100
CA,California,2010,6,2010-06,violent-crime,estimates,14086,37.84,37253956,37226561,99.93
CA,California,2010,7,2010-07,violent-crime,estimates,14402,38.68,37253956,37235122,99.95
CA,California,2010,8,2010-08,violent-crime,estimates,14685,39.44,37253956,37235122,99.95
CA,California,2010,9,2010-09,violent-crime,estimates,13641,36.63,37253956,37235122,99.95
CA,California,2010,10,2010-10,violent-crime,estimates,13795,37.05,37253956,37235122,99.95
CA,California,2010,11,2010-11,violent-crime,estimates,12783,34.36,37253956,37206716,99.87
CA,California,2010,12,2010-12,violent-crime,estimates,13069,35.13,37253956,37206716,99.87
CA,California,2011,1,2011-01,violent-crime,estimates,13039,34.7,37691912,37572772,99.68
CA,California,2011,2,2011-02,violent-crime,estimates,10760,28.64,37691912,37572772,99.68
CA,California,2011,3,2011-03,violent-crime,estimates,12516,33.31,37691912,37572772,99.68
CA,California,2011,4,2011-04,violent-crime,estimates,12702,33.81,37691912,37572772,99.68
CA,California,2011,5,2011-05,violent-crime,estimates,13650,36.33,37691912,37572772,99.68
CA,California,2011,6,2011-06,violent-crime,estimates,13092,34.85,37691912,37571959,99.68
CA,California,2011,7,2011-07,violent-crime,estimates,14233,37.78,37691912,37668639,99.94
CA,California,2011,8,2011-08,violent-crime,estimates,14015,37.21,37691912,37669452,99.94
CA,California,2011,9,2011-09,violent-crime,estimates,13219,35.09,37691912,37669452,99.94
CA,California,2011,10,2011-10,violent-crime,estimates,13009,34.53,37691912,37669452,99.94
CA,California,2011,11,2011-11,violent-crime,estimates,11980,31.8,37691912,37669452,99.94
CA,California,2011,12,2011-12,violent-crime,estimates,12653,33.59,37691912,37669452,99.94
CA,California,2012,1,2012-01,violent-crime,estimates,12915,33.97,38041430,38024318,99.96
CA,California,2012,2,2012-02,violent-crime,estimates,11696,30.76,38041430,38024318,99.96
CA,California,2012,3,2012-03,violent-crime,estimates,12837,33.76,38041430,38024318,99.96
CA,California,2012,4,2012-04,violent-crime,estimates,13203,34.72,38041430,38024318,99.96
CA,California,2012,5,2012-05,violent-crime,estimates,14471,38.06,38041430,38024318,99.96
CA,California,2012,6,2012-06,violent-crime,estimates,13725,36.1,38041430,38024318,99.96
CA,California,2012,7,2012-07,violent-crime,estimates,14169,37.26,38041430,38024318,99.96
CA,California,2012,8,2012-08,violent-crime,estimates,14712,38.69,38041430,38024318,99.96
CA,California,2012,9,2012-09,violent-crime,estimates,14421,37.93,38041430,38024318,99.96
CA,California,2012,10,2012-10,violent-crime,estimates,13437,35.34,38041430,38024318,99.96
CA,California,2012,11,2012-11,violent-crime,estimates,12509,32.9,38041430,38024318,99.96
CA,California,2012,12,2012-12,violent-crime,estimates,12789,33.63,38041430,38024318,99.96
CA,California,2013,1,2013-01,violent-crime,estimates,12596,32.87,38332521,38324460,99.98
CA,California,2013,2,2013-02,violent-crime,estimates,11067,28.88,38332521,38324460,99.98
CA,California,2013,3,2013-03,violent-crime,estimates,12668,33.05,38332521,38324460,99.98
CA,California,2013,4,2013-04,violent-crime,estimates,12717,33.18,38332521,38324460,99.98
CA,California,2013,5,2013-05,violent-crime,estimates,13993,36.51,38332521,38324460,99.98
CA,California,2013,6,2013-06,violent-crime,estimates,13192,34.42,38332521,38324460,99.98
CA,California,2013,7,2013-07,violent-crime,estimates,13892,36.25,38332521,38324460,99.98
CA,California,2013,8,2013-08,violent-crime,estimates,13738,35.85,38332521,38324460,99.98
CA,California,2013,9,2013-09,violent-crime,estimates,12852,33.53,38332521,38324460,99.98
CA,California,2013,10,2013-10,violent-crime,estimates,12223,31.89,38332521,38324460,99.98
CA,California,2013,11,2013-11,violent-crime,estimates,11288,29.45,38332521,38324460,99.98
CA,California,2013,12,2013-12,violent-crime,estimates,11625,30.33,38332521,38324460,99.98
CA,California,2014,1,2014-01,violent-crime,estimates,12224,31.51,38802500,38795537,99.98
CA,California,2014,2,2014-02,violent-crime,estimates,10750,27.71,38802500,38795537,99.98
CA,California,2014,3,2014-03,violent-crime,estimates,12409,31.99,38802500,38795537,99.98
CA,California,2014,4,2014-04,violent-crime,estimates,12128,31.26,38802500,38795537,99.98
CA,California,2014,5,2014-05,violent-crime,estimates,13235,34.11,38802500,38795537,99.98
CA,California,2014,6,2014-06,violent-crime,estimates,13168,33.94,38802500,38795537,99.98
CA,California,2014,7,2014-07,violent-crime,estimates,13569,34.98,38802500,38795537,99.98
CA,California,2014,8,2014-08,violent-crime,estimates,13267,34.2,38802500,38795537,99.98
CA,California,2014,9,2014-09,violent-crime,estimates,12958,33.4,38802500,38795537,99.98
CA,California,2014,10,2014-10,violent-crime,estimates,12947,33.37,38802500,38795537,99.98
CA,California,2014,11,2014-11,violent-crime,estimates,12148,31.31,38802500,38795537,99.98
CA,California,2014,12,2014-12,violent-crime,estimates,12759,32.89,38802500,38795537,99.98
CA,California,2015,1,2015-01,violent-crime,estimates,13376,34.18,39144818,39137326,99.98
CA,California,2015,2,2015-02,violent-crime,estimates,12038,30.76,39144818,39137326,99.98
CA,California,2015,3,2015-03,violent-crime,estimates,13914,35.55,39144818,39137326,99.98
CA,California,2015,4,2015-04,violent-crime,estimates,13293,33.97,39144818,39137326,99.98
CA,California,2015,5,2015-05,violent-crime,estimates,13899,35.51,39144818,39137326,99.98
CA,California,2015,6,2015-06,violent-crime,estimates,14314,36.57,39144818,39137326,99.98
CA,California,2015,7,2015-07,violent-crime,estimates,14991,38.3,39144818,39137326,99.98
CA,California,2015,8,2015-08,violent-crime,estimates,15342,39.2,39144818,39137326,99.98
CA,California,2015,9,2015-09,violent-crime,estimates,14663,37.51,39144818,39092880,99.87
CA,California,2015,10,2015-10,violent-crime,estimates,14818,37.9,39144818,39092880,99.87
CA,California,2015,11,2015-11,violent-crime,estimates,12860,32.99,39144818,38983164,99.59
CA,California,2015,12,2015-12,violent-crime,estimates,13183,33.72,39144818,39092880,99.87
CA,California,2016,1,2016-01,violent-crime,estimates,13868,35.34,39250017,39242633,99.98
CA,California,2016,2,2016-02,violent-crime,estimates,13050,33.25,39250017,39242633,99.98
CA,California,2016,3,2016-03,violent-crime,estimates,13903,35.43,39250017,39242633,99.98
CA,California,2016,4,2016-04,violent-crime,estimates,14505,36.96,39250017,39242633,99.98
CA,California,2016,5,2016-05,violent-crime,estimates,15423,39.3,39250017,39242633,99.98
CA,California,2016,6,2016-06,violent-crime,estimates,15315,39.03,39250017,39242633,99.98
CA,California,2016,7,2016-07,violent-crime,estimates,15949,40.64,39250017,39242633,99.98
CA,California,2016,8,2016-08,violent-crime,estimates,15409,39.27,39250017,39242633,99.98
CA,California,2016,9,2016-09,violent-crime,estimates,14771,37.67,39250017,39209622,99.9
CA,California,2016,10,2016-10,violent-crime,estimates,14923,38.06,39250017,39209622,99.9
CA,California,2016,11,2016-11,violent-crime,estimates,13799,35.19,39250017,39209622,99.9
CA,California,2016,12,2016-12,violent-crime,estimates,13821,35.25,39250017,39209622,99.9
CA,California,2017,1,2017-01,violent-crime,estimates,14397,36.42,39536653,39529144,99.98
CA,California,2017,2,2017-02,violent-crime,estimates,12776,32.32,39536653,39529144,99.98
CA,California,2017,3,2017-03,violent-crime,estimates,14711,37.22,39536653,39529144,99.98
CA,California,2017,4,2017-04,violent-crime,estimates,14686,37.15,39536653,39529144,99.98
CA,California,2017,5,2017-05,violent-crime,estimates,15770,39.89,39536653,39529144,99.98
CA,California,2017,6,2017-06,violent-crime,estimates,15439,39.06,39536653,39529144,99.98
CA,California,2017,7,2017-07,violent-crime,estimates,16262,41.14,39536653,39529144,99.98
CA,California,2017,8,2017-08,violent-crime,estimates,15964,40.39,39536653,39529144,99.98
CA,California,2017,9,2017-09,violent-crime,estimates,14848,37.56,39536653,39529144,99.98
CA,California,2017,10,2017-10,violent-crime,estimates,15572,39.39,39536653,39529144,99.98
CA,California,2017,11,2017-11,violent-crime,estimates,14142,35.78,39536653,39529144,99.98
CA,California,2017,12,2017-12,violent-crime,estimates,14006,35.43,39536653,39529144,99.98
CO,Colorado,1999,1,1999-01,violent-crime,estimates,1063,26.56,4056000,4002364,98.68
CO,Colorado,1999,2,1999-02,violent-crime,estimates,948,23.71,4056000,3997478,98.56
CO,Colorado,1999,3,1999-03,violent-crime,estimates,965,24.24,4056000,3981357,98.16
CO,Colorado,1999,4,1999-04,violent-crime,estimates,955,24.03,4056000,3974516,97.99
CO,Colorado,1999,5,1999-05,violent-crime,estimates,999,25.08,4056000,3983959,98.22
CO,Colorado,1999,6,1999-06,violent-crime,estimates,1007,25.41,4056000,3963428,97.72
CO,Colorado,1999,7,1999-07,violent-crime,estimates,1158,29.52,4056000,3922588,96.71
CO,Colorado,1999,8,1999-08,violent-crime,estimates,1130,28.85,4056000,3916528,96.56
CO,Colorado,1999,9,1999-09,violent-crime,estimates,1071,27.33,4056000,3918068,96.6
CO,Colorado,1999,10,1999-10,violent-crime,estimates,1068,27.36,4056000,3903993,96.25
CO,Colorado,1999,11,1999-11,violent-crime,estimates,986,25.29,4056000,3898987,96.13
CO,Colorado,1999,12,1999-12,violent-crime,estimates,1918,49.19,4056000,3899505,96.14
CO,Colorado,2000,1,2000-01,violent-crime,estimates,1060,25.37,4301261,4178208,97.14
CO,Colorado,2000,2,2000-02,violent-crime,estimates,963,23.02,4301261,4182956,97.25
CO,Colorado,2000,3,2000-03,violent-crime,estimates,937,22.46,4301261,4171578,96.99
CO,Colorado,2000,4,2000-04,violent-crime,estimates,981,23.77,4301261,4127686,95.96
CO,Colorado,2000,5,2000-05,violent-crime,estimates,1060,25.69,4301261,4125704,95.92
CO,Colorado,2000,6,2000-06,violent-crime,estimates,1027,24.86,4301261,4131903,96.06
CO,Colorado,2000,7,2000-07,violent-crime,estimates,1075,26.74,4301261,4019648,93.45
CO,Colorado,2000,8,2000-08,violent-crime,estimates,1042,25.3,4301261,4117981,95.74
CO,Colorado,2000,9,2000-09,violent-crime,estimates,1033,25.21,4301261,4098255,95.28
CO,Colorado,2000,10,2000-10,violent-crime,estimates,1056,26.44,4301261,3994566,92.87
CO,Colorado,2000,11,2000-11,violent-crime,estimates,800,20.3,4301261,3940454,91.61
CO,Colorado,2000,12,2000-12,violent-crime,estimates,2474,62.58,4301261,3953040,91.9
CO,Colorado,2001,1,2001-01,violent-crime,estimates,882,21.09,4417714,4181418,94.65
CO,Colorado,2001,2,2001-02,violent-crime,estimates,827,19.87,4417714,4162264,94.22
CO,Colorado,2001,3,2001-03,violent-crime,estimates,1056,25.41,4417714,4156398,94.08
CO,Colorado,2001,4,2001-04,violent-crime,estimates,1015,24.58,4417714,4129207,93.47
CO,Colorado,2001,5,2001-05,violent-crime,estimates,1077,26.33,4417714,4090018,92.58
CO,Colorado,2001,6,2001-06,violent-crime,estimates,1193,29.19,4417714,4086725,92.51
CO,Colorado,2001,7,2001-07,violent-crime,estimates,1221,29.98,4417714,4072287,92.18
CO,Colorado,2001,8,2001-08,violent-crime,estimates,1139,28.3,4417714,4024568,91.1
CO,Colorado,2001,9,2001-09,violent-crime,estimates,1205,29.61,4417714,4069647,92.12
CO,Colorado,2001,10,2001-10,violent-crime,estimates,1127,27.54,4417714,4092910,92.65
CO,Colorado,2001,11,2001-11,violent-crime,estimates,985,24.3,4417714,4052874,91.74
CO,Colorado,2001,12,2001-12,violent-crime,estimates,2226,55.08,4417714,4041031,91.47
CO,Colorado,2002,1,2002-01,violent-crime,estimates,993,23.39,4506542,4244986,94.2
CO,Colorado,2002,2,2002-02,violent-crime,estimates,831,19.67,4506542,4225227,93.76
CO,Colorado,2002,3,2002-03,violent-crime,estimates,984,22.75,4506542,4324863,95.97
CO,Colorado,2002,4,2002-04,violent-crime,estimates,1057,24.99,4506542,4229491,93.85
CO,Colorado,2002,5,2002-05,violent-crime,estimates,1237,29.52,4506542,4191026,93
CO,Colorado,2002,6,2002-06,violent-crime,estimates,1180,27.86,4506542,4235311,93.98
CO,Colorado,2002,7,2002-07,violent-crime,estimates,1230,29.11,4506542,4225795,93.77
CO,Colorado,2002,8,2002-08,violent-crime,estimates,1321,30.63,4506542,4312563,95.7
CO,Colorado,2002,9,2002-09,violent-crime,estimates,1173,27.88,4506542,4207295,93.36
CO,Colorado,2002,10,2002-10,violent-crime,estimates,1094,25.88,4506542,4227510,93.81
CO,Colorado,2002,11,2002-11,violent-crime,estimates,963,22.29,4506542,4320936,95.88
CO,Colorado,2002,12,2002-12,violent-crime,estimates,2628,62.45,4506542,4208312,93.38
CO,Colorado,2003,1,2003-01,violent-crime,estimates,1260,28.67,4550688,4395514,96.59
CO,Colorado,2003,2,2003-02,violent-crime,estimates,944,21.5,4550688,4390606,96.48
CO,Colorado,2003,3,2003-03,violent-crime,estimates,1153,26.23,4550688,4395231,96.58
CO,Colorado,2003,4,2003-04,violent-crime,estimates,1026,24.16,4550688,4246935,93.33
CO,Colorado,2003,5,2003-05,violent-crime,estimates,1178,28.11,4550688,4190290,92.08
CO,Colorado,2003,6,2003-06,violent-crime,estimates,1103,26.31,4550688,4192656,92.13
CO,Colorado,2003,7,2003-07,violent-crime,estimates,1288,31.18,4550688,4130679,90.77
CO,Colorado,2003,8,2003-08,violent-crime,estimates,1209,29.26,4550688,4132282,90.81
CO,Colorado,2003,9,2003-09,violent-crime,estimates,1134,27.52,4550688,4121114,90.56
CO,Colorado,2003,10,2003-10,violent-crime,estimates,1263,30.64,4550688,4121669,90.57
CO,Colorado,2003,11,2003-11,violent-crime,estimates,1129,27.39,4550688,4121901,90.58
CO,Colorado,2003,12,2003-12,violent-crime,estimates,2006,48.03,4550688,4176204,91.77
CO,Colorado,2004,1,2004-01,violent-crime,estimates,1217,27.58,4601403,4413349,95.91
CO,Colorado,2004,2,2004-02,violent-crime,estimates,1124,25.5,4601403,4408286,95.8
CO,Colorado,2004,3,2004-03,violent-crime,estimates,1260,28.59,4601403,4407291,95.78
CO,Colorado,2004,4,2004-04,violent-crime,estimates,1212,27.53,4601403,4402561,95.68
CO,Colorado,2004,5,2004-05,violent-crime,estimates,1400,31.81,4601403,4400468,95.63
CO,Colorado,2004,6,2004-06,violent-crime,estimates,1348,30.63,4601403,4400320,95.63
CO,Colorado,2004,7,2004-07,violent-crime,estimates,1381,31.34,4601403,4406685,95.77
CO,Colorado,2004,8,2004-08,violent-crime,estimates,1424,32.33,4601403,4405041,95.73
CO,Colorado,2004,9,2004-09,violent-crime,estimates,1249,28.19,4601403,4430972,96.3
CO,Colorado,2004,10,2004-10,violent-crime,estimates,1375,30.98,4601403,4438506,96.46
CO,Colorado,2004,11,2004-11,violent-crime,estimates,1178,26.51,4601403,4443386,96.57
CO,Colorado,2004,12,2004-12,violent-crime,estimates,2414,54.36,4601403,4440827,96.51
CO,Colorado,2005,1,2005-01,violent-crime,estimates,1359,30.13,4665177,4510046,96.67
CO,Colorado,2005,2,2005-02,violent-crime,estimates,1261,27.94,4665177,4513789,96.75
CO,Colorado,2005,3,2005-03,violent-crime,estimates,1420,31.46,4665177,4514216,96.76
CO,Colorado,2005,4,2005-04,violent-crime,estimates,1426,31.59,4665177,4514644,96.77
CO,Colorado,2005,5,2005-05,violent-crime,estimates,1434,31.77,4665177,4513813,96.76
CO,Colorado,2005,6,2005-06,violent-crime,estimates,1526,33.82,4665177,4512075,96.72
CO,Colorado,2005,7,2005-07,violent-crime,estimates,1647,36.49,4665177,4513102,96.74
CO,Colorado,2005,8,2005-08,violent-crime,estimates,1615,35.77,4665177,4515243,96.79
CO,Colorado,2005,9,2005-09,violent-crime,estimates,1591,35.21,4665177,4518231,96.85
CO,Colorado,2005,10,2005-10,violent-crime,estimates,1576,34.88,4665177,4517779,96.84
CO,Colorado,2005,11,2005-11,violent-crime,estimates,1311,29.04,4665177,4515032,96.78
CO,Colorado,2005,12,2005-12,violent-crime,estimates,1840,40.72,4665177,4518147,96.85
CO,Colorado,2006,1,2006-01,violent-crime,estimates,1560,32.91,4753377,4739678,99.71
CO,Colorado,2006,2,2006-02,violent-crime,estimates,1318,27.81,4753377,4738947,99.7
CO,Colorado,2006,3,2006-03,violent-crime,estimates,1481,31.26,4753377,4737697,99.67
CO,Colorado,2006,4,2006-04,violent-crime,estimates,1560,32.95,4753377,4735002,99.61
CO,Colorado,2006,5,2006-05,violent-crime,estimates,1622,34.27,4753377,4733327,99.58
CO,Colorado,2006,6,2006-06,violent-crime,estimates,1568,33.14,4753377,4731346,99.54
CO,Colorado,2006,7,2006-07,violent-crime,estimates,1624,34.32,4753377,4731791,99.55
CO,Colorado,2006,8,2006-08,violent-crime,estimates,1568,33.12,4753377,4733882,99.59
CO,Colorado,2006,9,2006-09,violent-crime,estimates,1568,33.15,4753377,4729937,99.51
CO,Colorado,2006,10,2006-10,violent-crime,estimates,1529,32.39,4753377,4719959,99.3
CO,Colorado,2006,11,2006-11,violent-crime,estimates,1300,27.54,4753377,4720622,99.31
CO,Colorado,2006,12,2006-12,violent-crime,estimates,2026,42.91,4753377,4721802,99.34
CO,Colorado,2007,1,2007-01,violent-crime,estimates,1172,24.21,4861515,4840938,99.58
CO,Colorado,2007,2,2007-02,violent-crime,estimates,1143,23.63,4861515,4837571,99.51
CO,Colorado,2007,3,2007-03,violent-crime,estimates,1353,27.98,4861515,4835708,99.47
CO,Colorado,2007,4,2007-04,violent-crime,estimates,1370,28.34,4861515,4834815,99.45
CO,Colorado,2007,5,2007-05,violent-crime,estimates,1533,31.72,4861515,4832952,99.41
CO,Colorado,2007,6,2007-06,violent-crime,estimates,1513,31.29,4861515,4834815,99.45
CO,Colorado,2007,7,2007-07,violent-crime,estimates,1580,32.68,4861515,4834815,99.45
CO,Colorado,2007,8,2007-08,violent-crime,estimates,1554,32.21,4861515,4824480,99.24
CO,Colorado,2007,9,2007-09,violent-crime,estimates,1437,29.79,4861515,4824480,99.24
CO,Colorado,2007,10,2007-10,violent-crime,estimates,1375,28.5,4861515,4824480,99.24
CO,Colorado,2007,11,2007-11,violent-crime,estimates,1217,25.23,4861515,4824480,99.24
CO,Colorado,2007,12,2007-12,violent-crime,estimates,1718,35.6,4861515,4826361,99.28
CO,Colorado,2008,1,2008-01,violent-crime,estimates,1181,24.07,4939456,4907541,99.35
CO,Colorado,2008,2,2008-02,violent-crime,estimates,1238,25.23,4939456,4907652,99.36
CO,Colorado,2008,3,2008-03,violent-crime,estimates,1429,29.24,4939456,4887071,98.94
CO,Colorado,2008,4,2008-04,violent-crime,estimates,1263,25.85,4939456,4886554,98.93
CO,Colorado,2008,5,2008-05,violent-crime,estimates,1409,28.84,4939456,4884840,98.89
CO,Colorado,2008,6,2008-06,violent-crime,estimates,1392,28.51,4939456,4881801,98.83
CO,Colorado,2008,7,2008-07,violent-crime,estimates,1543,31.6,4939456,4883567,98.87
CO,Colorado,2008,8,2008-08,violent-crime,estimates,1454,29.81,4939456,4877962,98.76
CO,Colorado,2008,9,2008-09,violent-crime,estimates,1527,31.3,4939456,4877962,98.76
CO,Colorado,2008,10,2008-10,violent-crime,estimates,1403,28.77,4939456,4876196,98.72
CO,Colorado,2008,11,2008-11,violent-crime,estimates,1365,28,4939456,4875183,98.7
CO,Colorado,2008,12,2008-12,violent-crime,estimates,2144,43.96,4939456,4877297,98.74
CO,Colorado,2009,1,2009-01,violent-crime,estimates,1432,28.75,5024748,4980236,99.11
CO,Colorado,2009,2,2009-02,violent-crime,estimates,1151,23.22,5024748,4956575,98.64
CO,Colorado,2009,3,2009-03,violent-crime,estimates,1413,28.51,5024748,4956575,98.64
CO,Colorado,2009,4,2009-04,violent-crime,estimates,1270,25.66,5024748,4948394,98.48
CO,Colorado,2009,5,2009-05,violent-crime,estimates,1391,27.98,5024748,4972055,98.95
CO,Colorado,2009,6,2009-06,violent-crime,estimates,1575,31.83,5024748,4948394,98.48
CO,Colorado,2009,7,2009-07,violent-crime,estimates,1523,30.78,5024748,4948394,98.48
CO,Colorado,2009,8,2009-08,violent-crime,estimates,1551,31.3,5024748,4955433,98.62
CO,Colorado,2009,9,2009-09,violent-crime,estimates,1404,28.22,5024748,4974925,99.01
CO,Colorado,2009,10,2009-10,violent-crime,estimates,1288,25.99,5024748,4956254,98.64
CO,Colorado,2009,11,2009-11,violent-crime,estimates,1251,25.19,5024748,4966163,98.83
CO,Colorado,2009,12,2009-12,violent-crime,estimates,1622,32.74,5024748,4953911,98.59
CO,Colorado,2010,1,2010-01,violent-crime,estimates,1452,29.21,5029196,4971330,98.85
CO,Colorado,2010,2,2010-02,violent-crime,estimates,1058,21.55,5029196,4908581,97.6
CO,Colorado,2010,3,2010-03,violent-crime,estimates,1351,27.62,5029196,4890635,97.24
CO,Colorado,2010,4,2010-04,violent-crime,estimates,1219,24.94,5029196,4887005,97.17
CO,Colorado,2010,5,2010-05,violent-crime,estimates,1465,29.93,5029196,4895421,97.34
CO,Colorado,2010,6,2010-06,violent-crime,estimates,1495,30.72,5029196,4866461,96.76
CO,Colorado,2010,7,2010-07,violent-crime,estimates,1586,32.64,5029196,4858645,96.61
CO,Colorado,2010,8,2010-08,violent-crime,estimates,1452,29.87,5029196,4860763,96.65
CO,Colorado,2010,9,2010-09,violent-crime,estimates,1500,30.86,5029196,4861407,96.66
CO,Colorado,2010,10,2010-10,violent-crime,estimates,1402,28.9,5029196,4851138,96.46
CO,Colorado,2010,11,2010-11,violent-crime,estimates,1262,26.04,5029196,4847070,96.38
CO,Colorado,2010,12,2010-12,violent-crime,estimates,1392,28.8,5029196,4834086,96.12
CO,Colorado,2011,1,2011-01,violent-crime,estimates,1287,25.71,5116796,5005007,97.82
CO,Colorado,2011,2,2011-02,violent-crime,estimates,1010,20.19,5116796,5001682,97.75
CO,Colorado,2011,3,2011-03,violent-crime,estimates,1410,28.15,5116796,5008916,97.89
CO,Colorado,2011,4,2011-04,violent-crime,estimates,1267,25.32,5116796,5004512,97.81
CO,Colorado,2011,5,2011-05,violent-crime,estimates,1346,26.94,5116796,4996112,97.64
CO,Colorado,2011,6,2011-06,violent-crime,estimates,1476,29.41,5116796,5019149,98.09
CO,Colorado,2011,7,2011-07,violent-crime,estimates,1459,29.1,5116796,5014231,98
CO,Colorado,2011,8,2011-08,violent-crime,estimates,1448,28.82,5116796,5024413,98.19
CO,Colorado,2011,9,2011-09,violent-crime,estimates,1440,28.71,5116796,5015890,98.03
CO,Colorado,2011,10,2011-10,violent-crime,estimates,1274,25.3,5116796,5034853,98.4
CO,Colorado,2011,11,2011-11,violent-crime,estimates,1166,23.5,5116796,4962592,96.99
CO,Colorado,2011,12,2011-12,violent-crime,estimates,1328,26.58,5116796,4996127,97.64
CO,Colorado,2012,1,2012-01,violent-crime,estimates,1268,24.77,5187582,5119869,98.69
CO,Colorado,2012,2,2012-02,violent-crime,estimates,1058,20.79,5187582,5089546,98.11
CO,Colorado,2012,3,2012-03,violent-crime,estimates,1350,26.52,5187582,5090126,98.12
CO,Colorado,2012,4,2012-04,violent-crime,estimates,1298,25.5,5187582,5089607,98.11
CO,Colorado,2012,5,2012-05,violent-crime,estimates,1326,26.01,5187582,5098920,98.29
CO,Colorado,2012,6,2012-06,violent-crime,estimates,1366,26.82,5187582,5092412,98.17
CO,Colorado,2012,7,2012-07,violent-crime,estimates,1583,31.01,5187582,5104265,98.39
CO,Colorado,2012,8,2012-08,violent-crime,estimates,1436,28.18,5187582,5096079,98.24
CO,Colorado,2012,9,2012-09,violent-crime,estimates,1357,26.62,5187582,5097473,98.26
CO,Colorado,2012,10,2012-10,violent-crime,estimates,1285,25.21,5187582,5097646,98.27
CO,Colorado,2012,11,2012-11,violent-crime,estimates,1192,23.39,5187582,5096362,98.24
CO,Colorado,2012,12,2012-12,violent-crime,estimates,1229,23.95,5187582,5130812,98.91
CO,Colorado,2013,1,2013-01,violent-crime,estimates,1300,24.9,5268367,5221721,99.11
CO,Colorado,2013,2,2013-02,violent-crime,estimates,1031,19.98,5268367,5159773,97.94
CO,Colorado,2013,3,2013-03,violent-crime,estimates,1311,25.38,5268367,5166035,98.06
CO,Colorado,2013,4,2013-04,violent-crime,estimates,1221,23.71,5268367,5149256,97.74
CO,Colorado,2013,5,2013-05,violent-crime,estimates,1392,26.98,5268367,5159532,97.93
CO,Colorado,2013,6,2013-06,violent-crime,estimates,1365,26.09,5268367,5232347,99.32
CO,Colorado,2013,7,2013-07,violent-crime,estimates,1448,28.06,5268367,5160007,97.94
CO,Colorado,2013,8,2013-08,violent-crime,estimates,1567,30.38,5268367,5157661,97.9
CO,Colorado,2013,9,2013-09,violent-crime,estimates,1294,25.11,5268367,5153071,97.81
CO,Colorado,2013,10,2013-10,violent-crime,estimates,1314,25.46,5268367,5160551,97.95
CO,Colorado,2013,11,2013-11,violent-crime,estimates,1364,26.44,5268367,5159368,97.93
CO,Colorado,2013,12,2013-12,violent-crime,estimates,1280,24.86,5268367,5148855,97.73
CO,Colorado,2014,1,2014-01,violent-crime,estimates,1355,25.84,5355866,5244747,97.93
CO,Colorado,2014,2,2014-02,violent-crime,estimates,1125,21.4,5355866,5257779,98.17
CO,Colorado,2014,3,2014-03,violent-crime,estimates,1284,24.45,5355866,5250579,98.03
CO,Colorado,2014,4,2014-04,violent-crime,estimates,1262,24.01,5355866,5255880,98.13
CO,Colorado,2014,5,2014-05,violent-crime,estimates,1412,26.9,5355866,5248758,98
CO,Colorado,2014,6,2014-06,violent-crime,estimates,1410,26.86,5355866,5249012,98
CO,Colorado,2014,7,2014-07,violent-crime,estimates,1574,29.91,5355866,5263207,98.27
CO,Colorado,2014,8,2014-08,violent-crime,estimates,1517,28.9,5355866,5248886,98
CO,Colorado,2014,9,2014-09,violent-crime,estimates,1448,27.59,5355866,5248616,98
CO,Colorado,2014,10,2014-10,violent-crime,estimates,1382,26.27,5355866,5260050,98.21
CO,Colorado,2014,11,2014-11,violent-crime,estimates,1275,24.3,5355866,5247155,97.97
CO,Colorado,2014,12,2014-12,violent-crime,estimates,1251,23.9,5355866,5234696,97.74
CO,Colorado,2015,1,2015-01,violent-crime,estimates,1369,25.2,5456574,5433346,99.57
CO,Colorado,2015,2,2015-02,violent-crime,estimates,1037,19.09,5456574,5431804,99.55
CO,Colorado,2015,3,2015-03,violent-crime,estimates,1450,26.67,5456574,5436156,99.63
CO,Colorado,2015,4,2015-04,violent-crime,estimates,1333,24.52,5456574,5435449,99.61
CO,Colorado,2015,5,2015-05,violent-crime,estimates,1475,27.13,5456574,5436767,99.64
CO,Colorado,2015,6,2015-06,violent-crime,estimates,1543,28.42,5456574,5428739,99.49
CO,Colorado,2015,7,2015-07,violent-crime,estimates,1613,29.76,5456574,5419856,99.33
CO,Colorado,2015,8,2015-08,violent-crime,estimates,1626,30.11,5456574,5400710,98.98
CO,Colorado,2015,9,2015-09,violent-crime,estimates,1495,27.61,5456574,5414232,99.22
CO,Colorado,2015,10,2015-10,violent-crime,estimates,1630,30.14,5456574,5407242,99.1
CO,Colorado,2015,11,2015-11,violent-crime,estimates,1352,25.01,5456574,5406735,99.09
CO,Colorado,2015,12,2015-12,violent-crime,estimates,1357,25.17,5456574,5391500,98.81
CO,Colorado,2016,1,2016-01,violent-crime,estimates,1504,27.25,5540545,5519770,99.63
CO,Colorado,2016,2,2016-02,violent-crime,estimates,1354,24.68,5540545,5486228,99.02
CO,Colorado,2016,3,2016-03,violent-crime,estimates,1572,28.58,5540545,5499852,99.27
CO,Colorado,2016,4,2016-04,violent-crime,estimates,1437,26.15,5540545,5496012,99.2
CO,Colorado,2016,5,2016-05,violent-crime,estimates,1569,28.54,5540545,5497685,99.23
CO,Colorado,2016,6,2016-06,violent-crime,estimates,1711,31.15,5540545,5492607,99.13
CO,Colorado,2016,7,2016-07,violent-crime,estimates,1765,32.15,5540545,5489242,99.07
CO,Colorado,2016,8,2016-08,violent-crime,estimates,1615,29.58,5540545,5460237,98.55
CO,Colorado,2016,9,2016-09,violent-crime,estimates,1716,31.37,5540545,5469754,98.72
CO,Colorado,2016,10,2016-10,violent-crime,estimates,1729,31.59,5540545,5472494,98.77
CO,Colorado,2016,11,2016-11,violent-crime,estimates,1448,26.47,5540545,5470029,98.73
CO,Colorado,2016,12,2016-12,violent-crime,estimates,1474,26.95,5540545,5469054,98.71
CO,Colorado,2017,1,2017-01,violent-crime,estimates,1777,31.91,5607154,5568067,99.3
CO,Colorado,2017,2,2017-02,violent-crime,estimates,1407,25.23,5607154,5575937,99.44
CO,Colorado,2017,3,2017-03,violent-crime,estimates,1591,28.54,5607154,5575013,99.43
CO,Colorado,2017,4,2017-04,violent-crime,estimates,1688,30.24,5607154,5581824,99.55
CO,Colorado,2017,5,2017-05,violent-crime,estimates,1826,32.8,5607154,5566452,99.27
CO,Colorado,2017,6,2017-06,violent-crime,estimates,1886,33.91,5607154,5561180,99.18
CO,Colorado,2017,7,2017-07,violent-crime,estimates,1969,35.37,5607154,5567581,99.29
CO,Colorado,2017,8,2017-08,violent-crime,estimates,1799,32.39,5607154,5554090,99.05
CO,Colorado,2017,9,2017-09,violent-crime,estimates,1848,33.26,5607154,5556414,99.1
CO,Colorado,2017,10,2017-10,violent-crime,estimates,1725,31.02,5607154,5560795,99.17
CO,Colorado,2017,11,2017-11,violent-crime,estimates,1678,30.21,5607154,5554831,99.07
CO,Colorado,2017,12,2017-12,violent-crime,estimates,1702,30.64,5607154,5554831,99.07
CT,Connecticut,1999,1,1999-01,violent-crime,estimates,875,26.66,3282000,3282000,100
CT,Connecticut,1999,2,1999-02,violent-crime,estimates,858,26.14,3282000,3282000,100
CT,Connecticut,1999,3,1999-03,violent-crime,estimates,907,27.64,3282000,3282000,100
CT,Connecticut,1999,4,1999-04,violent-crime,estimates,860,26.2,3282000,3282000,100
CT,Connecticut,1999,5,1999-05,violent-crime,estimates,976,29.74,3282000,3282000,100
CT,Connecticut,1999,6,1999-06,violent-crime,estimates,977,29.77,3282000,3282000,100
CT,Connecticut,1999,7,1999-07,violent-crime,estimates,1077,32.82,3282000,3282000,100
CT,Connecticut,1999,8,1999-08,violent-crime,estimates,1052,32.05,3282000,3282000,100
CT,Connecticut,1999,9,1999-09,violent-crime,estimates,974,29.68,3282000,3282000,100
CT,Connecticut,1999,10,1999-10,violent-crime,estimates,960,29.25,3282000,3282000,100
CT,Connecticut,1999,11,1999-11,violent-crime,estimates,939,28.61,3282000,3282000,100
CT,Connecticut,1999,12,1999-12,violent-crime,estimates,911,27.76,3282000,3282000,100
CT,Connecticut,2000,1,2000-01,violent-crime,estimates,820,24.08,3405565,3405565,100
CT,Connecticut,2000,2,2000-02,violent-crime,estimates,767,22.52,3405565,3405565,100
CT,Connecticut,2000,3,2000-03,violent-crime,estimates,830,24.37,3405565,3405565,100
CT,Connecticut,2000,4,2000-04,violent-crime,estimates,879,25.81,3405565,3405565,100
CT,Connecticut,2000,5,2000-05,violent-crime,estimates,953,27.98,3405565,3405565,100
CT,Connecticut,2000,6,2000-06,violent-crime,estimates,978,28.72,3405565,3405565,100
CT,Connecticut,2000,7,2000-07,violent-crime,estimates,1049,30.8,3405565,3405565,100
CT,Connecticut,2000,8,2000-08,violent-crime,estimates,1084,31.83,3405565,3405565,100
CT,Connecticut,2000,9,2000-09,violent-crime,estimates,1019,29.92,3405565,3405565,100
CT,Connecticut,2000,10,2000-10,violent-crime,estimates,946,27.78,3405565,3405565,100
CT,Connecticut,2000,11,2000-11,violent-crime,estimates,921,27.04,3405565,3405565,100
CT,Connecticut,2000,12,2000-12,violent-crime,estimates,920,27.01,3405565,3405565,100
CT,Connecticut,2001,1,2001-01,violent-crime,estimates,871,25.43,3425074,3425074,100
CT,Connecticut,2001,2,2001-02,violent-crime,estimates,813,23.74,3425074,3425074,100
CT,Connecticut,2001,3,2001-03,violent-crime,estimates,885,25.84,3425074,3425074,100
CT,Connecticut,2001,4,2001-04,violent-crime,estimates,927,27.07,3425074,3425074,100
CT,Connecticut,2001,5,2001-05,violent-crime,estimates,1003,29.28,3425074,3425074,100
CT,Connecticut,2001,6,2001-06,violent-crime,estimates,987,28.82,3425074,3425074,100
CT,Connecticut,2001,7,2001-07,violent-crime,estimates,1143,33.37,3425074,3425074,100
CT,Connecticut,2001,8,2001-08,violent-crime,estimates,1051,30.69,3425074,3425074,100
CT,Connecticut,2001,9,2001-09,violent-crime,estimates,994,29.02,3425074,3425074,100
CT,Connecticut,2001,10,2001-10,violent-crime,estimates,1037,30.28,3425074,3425074,100
CT,Connecticut,2001,11,2001-11,violent-crime,estimates,977,28.52,3425074,3425074,100
CT,Connecticut,2001,12,2001-12,violent-crime,estimates,874,25.52,3425074,3425074,100
CT,Connecticut,2002,1,2002-01,violent-crime,estimates,852,24.68,3460503,3452099,99.76
CT,Connecticut,2002,2,2002-02,violent-crime,estimates,726,21.03,3460503,3452099,99.76
CT,Connecticut,2002,3,2002-03,violent-crime,estimates,869,25.17,3460503,3452099,99.76
CT,Connecticut,2002,4,2002-04,violent-crime,estimates,837,24.25,3460503,3452099,99.76
CT,Connecticut,2002,5,2002-05,violent-crime,estimates,922,26.71,3460503,3452099,99.76
CT,Connecticut,2002,6,2002-06,violent-crime,estimates,893,25.87,3460503,3452099,99.76
CT,Connecticut,2002,7,2002-07,violent-crime,estimates,1037,29.97,3460503,3460503,100
CT,Connecticut,2002,8,2002-08,violent-crime,estimates,1019,29.45,3460503,3460503,100
CT,Connecticut,2002,9,2002-09,violent-crime,estimates,976,28.2,3460503,3460503,100
CT,Connecticut,2002,10,2002-10,violent-crime,estimates,864,24.97,3460503,3460503,100
CT,Connecticut,2002,11,2002-11,violent-crime,estimates,738,21.33,3460503,3460503,100
CT,Connecticut,2002,12,2002-12,violent-crime,estimates,807,23.32,3460503,3460503,100
CT,Connecticut,2003,1,2003-01,violent-crime,estimates,720,20.67,3483372,3483372,100
CT,Connecticut,2003,2,2003-02,violent-crime,estimates,563,16.16,3483372,3483372,100
CT,Connecticut,2003,3,2003-03,violent-crime,estimates,740,21.24,3483372,3483372,100
CT,Connecticut,2003,4,2003-04,violent-crime,estimates,780,22.39,3483372,3483372,100
CT,Connecticut,2003,5,2003-05,violent-crime,estimates,775,22.25,3483372,3483372,100
CT,Connecticut,2003,6,2003-06,violent-crime,estimates,860,24.69,3483372,3483372,100
CT,Connecticut,2003,7,2003-07,violent-crime,estimates,877,25.18,3483372,3483372,100
CT,Connecticut,2003,8,2003-08,violent-crime,estimates,1014,29.11,3483372,3483372,100
CT,Connecticut,2003,9,2003-09,violent-crime,estimates,1008,28.94,3483372,3483372,100
CT,Connecticut,2003,10,2003-10,violent-crime,estimates,921,26.72,3483372,3447131,98.96
CT,Connecticut,2003,11,2003-11,violent-crime,estimates,908,26.34,3483372,3447131,98.96
CT,Connecticut,2003,12,2003-12,violent-crime,estimates,599,18.03,3483372,3322134,95.37
CT,Connecticut,2004,1,2004-01,violent-crime,estimates,828,23.63,3503604,3503604,100
CT,Connecticut,2004,2,2004-02,violent-crime,estimates,726,20.72,3503604,3503604,100
CT,Connecticut,2004,3,2004-03,violent-crime,estimates,786,22.43,3503604,3503604,100
CT,Connecticut,2004,4,2004-04,violent-crime,estimates,784,22.38,3503604,3503604,100
CT,Connecticut,2004,5,2004-05,violent-crime,estimates,894,25.52,3503604,3503604,100
CT,Connecticut,2004,6,2004-06,violent-crime,estimates,931,26.57,3503604,3503604,100
CT,Connecticut,2004,7,2004-07,violent-crime,estimates,711,21.05,3503604,3378369,96.43
CT,Connecticut,2004,8,2004-08,violent-crime,estimates,716,21.19,3503604,3378369,96.43
CT,Connecticut,2004,9,2004-09,violent-crime,estimates,740,21.95,3503604,3370844,96.21
CT,Connecticut,2004,10,2004-10,violent-crime,estimates,764,22.7,3503604,3366042,96.07
CT,Connecticut,2004,11,2004-11,violent-crime,estimates,694,20.62,3503604,3366042,96.07
CT,Connecticut,2004,12,2004-12,violent-crime,estimates,595,16.98,3503604,3503604,100
CT,Connecticut,2005,1,2005-01,violent-crime,estimates,721,20.54,3510297,3510297,100
CT,Connecticut,2005,2,2005-02,violent-crime,estimates,604,17.21,3510297,3510297,100
CT,Connecticut,2005,3,2005-03,violent-crime,estimates,736,20.97,3510297,3510297,100
CT,Connecticut,2005,4,2005-04,violent-crime,estimates,723,20.6,3510297,3510297,100
CT,Connecticut,2005,5,2005-05,violent-crime,estimates,710,20.97,3510297,3385230,96.44
CT,Connecticut,2005,6,2005-06,violent-crime,estimates,712,21.03,3510297,3385230,96.44
CT,Connecticut,2005,7,2005-07,violent-crime,estimates,713,21.18,3510297,3366528,95.9
CT,Connecticut,2005,8,2005-08,violent-crime,estimates,764,22.69,3510297,3366528,95.9
CT,Connecticut,2005,9,2005-09,violent-crime,estimates,664,19.72,3510297,3366528,95.9
CT,Connecticut,2005,10,2005-10,violent-crime,estimates,716,21.27,3510297,3366528,95.9
CT,Connecticut,2005,11,2005-11,violent-crime,estimates,684,20.32,3510297,3366528,95.9
CT,Connecticut,2005,12,2005-12,violent-crime,estimates,651,19.34,3510297,3366528,95.9
CT,Connecticut,2006,1,2006-01,violent-crime,estimates,860,24.54,3504809,3504809,100
CT,Connecticut,2006,2,2006-02,violent-crime,estimates,732,20.89,3504809,3504809,100
CT,Connecticut,2006,3,2006-03,violent-crime,estimates,763,21.77,3504809,3504809,100
CT,Connecticut,2006,4,2006-04,violent-crime,estimates,798,22.77,3504809,3504809,100
CT,Connecticut,2006,5,2006-05,violent-crime,estimates,933,26.62,3504809,3504809,100
CT,Connecticut,2006,6,2006-06,violent-crime,estimates,864,24.65,3504809,3504809,100
CT,Connecticut,2006,7,2006-07,violent-crime,estimates,997,28.45,3504809,3504809,100
CT,Connecticut,2006,8,2006-08,violent-crime,estimates,908,25.91,3504809,3504809,100
CT,Connecticut,2006,9,2006-09,violent-crime,estimates,893,25.48,3504809,3504809,100
CT,Connecticut,2006,10,2006-10,violent-crime,estimates,924,26.36,3504809,3504809,100
CT,Connecticut,2006,11,2006-11,violent-crime,estimates,894,25.51,3504809,3504809,100
CT,Connecticut,2006,12,2006-12,violent-crime,estimates,900,25.68,3504809,3504809,100
CT,Connecticut,2007,1,2007-01,violent-crime,estimates,828,23.64,3502309,3502309,100
CT,Connecticut,2007,2,2007-02,violent-crime,estimates,717,20.47,3502309,3502309,100
CT,Connecticut,2007,3,2007-03,violent-crime,estimates,792,22.61,3502309,3502309,100
CT,Connecticut,2007,4,2007-04,violent-crime,estimates,840,23.98,3502309,3502309,100
CT,Connecticut,2007,5,2007-05,violent-crime,estimates,984,28.1,3502309,3502309,100
CT,Connecticut,2007,6,2007-06,violent-crime,estimates,961,27.44,3502309,3502309,100
CT,Connecticut,2007,7,2007-07,violent-crime,estimates,931,26.58,3502309,3502309,100
CT,Connecticut,2007,8,2007-08,violent-crime,estimates,946,27.01,3502309,3502309,100
CT,Connecticut,2007,9,2007-09,violent-crime,estimates,885,25.27,3502309,3502309,100
CT,Connecticut,2007,10,2007-10,violent-crime,estimates,949,27.1,3502309,3502309,100
CT,Connecticut,2007,11,2007-11,violent-crime,estimates,880,25.13,3502309,3502309,100
CT,Connecticut,2007,12,2007-12,violent-crime,estimates,834,23.81,3502309,3502309,100
CT,Connecticut,2008,1,2008-01,violent-crime,estimates,871,24.88,3501252,3501252,100
CT,Connecticut,2008,2,2008-02,violent-crime,estimates,663,18.94,3501252,3501252,100
CT,Connecticut,2008,3,2008-03,violent-crime,estimates,790,22.56,3501252,3501252,100
CT,Connecticut,2008,4,2008-04,violent-crime,estimates,868,24.79,3501252,3501252,100
CT,Connecticut,2008,5,2008-05,violent-crime,estimates,921,26.3,3501252,3501252,100
CT,Connecticut,2008,6,2008-06,violent-crime,estimates,970,27.7,3501252,3501252,100
CT,Connecticut,2008,7,2008-07,violent-crime,estimates,1007,28.76,3501252,3501252,100
CT,Connecticut,2008,8,2008-08,violent-crime,estimates,1035,29.56,3501252,3501252,100
CT,Connecticut,2008,9,2008-09,violent-crime,estimates,994,28.39,3501252,3501252,100
CT,Connecticut,2008,10,2008-10,violent-crime,estimates,918,26.22,3501252,3501252,100
CT,Connecticut,2008,11,2008-11,violent-crime,estimates,917,26.19,3501252,3501252,100
CT,Connecticut,2008,12,2008-12,violent-crime,estimates,783,22.36,3501252,3501252,100
CT,Connecticut,2009,1,2009-01,violent-crime,estimates,815,23.16,3518288,3518288,100
CT,Connecticut,2009,2,2009-02,violent-crime,estimates,708,20.12,3518288,3518288,100
CT,Connecticut,2009,3,2009-03,violent-crime,estimates,834,23.7,3518288,3518288,100
CT,Connecticut,2009,4,2009-04,violent-crime,estimates,858,24.39,3518288,3518288,100
CT,Connecticut,2009,5,2009-05,violent-crime,estimates,886,25.18,3518288,3518288,100
CT,Connecticut,2009,6,2009-06,violent-crime,estimates,953,27.09,3518288,3518288,100
CT,Connecticut,2009,7,2009-07,violent-crime,estimates,932,26.49,3518288,3518288,100
CT,Connecticut,2009,8,2009-08,violent-crime,estimates,1001,28.45,3518288,3518288,100
CT,Connecticut,2009,9,2009-09,violent-crime,estimates,870,24.73,3518288,3518288,100
CT,Connecticut,2009,10,2009-10,violent-crime,estimates,1016,28.88,3518288,3518288,100
CT,Connecticut,2009,11,2009-11,violent-crime,estimates,863,24.53,3518288,3518288,100
CT,Connecticut,2009,12,2009-12,violent-crime,estimates,849,24.13,3518288,3518288,100
CT,Connecticut,2010,1,2010-01,violent-crime,estimates,829,23.19,3574097,3574097,100
CT,Connecticut,2010,2,2010-02,violent-crime,estimates,660,18.47,3574097,3574097,100
CT,Connecticut,2010,3,2010-03,violent-crime,estimates,836,23.39,3574097,3574097,100
CT,Connecticut,2010,4,2010-04,violent-crime,estimates,757,21.18,3574097,3574097,100
CT,Connecticut,2010,5,2010-05,violent-crime,estimates,1002,28.04,3574097,3574097,100
CT,Connecticut,2010,6,2010-06,violent-crime,estimates,852,23.84,3574097,3574097,100
CT,Connecticut,2010,7,2010-07,violent-crime,estimates,931,26.05,3574097,3574097,100
CT,Connecticut,2010,8,2010-08,violent-crime,estimates,1000,27.98,3574097,3574097,100
CT,Connecticut,2010,9,2010-09,violent-crime,estimates,839,23.47,3574097,3574097,100
CT,Connecticut,2010,10,2010-10,violent-crime,estimates,842,23.56,3574097,3574097,100
CT,Connecticut,2010,11,2010-11,violent-crime,estimates,778,21.77,3574097,3574097,100
CT,Connecticut,2010,12,2010-12,violent-crime,estimates,756,21.15,3574097,3574097,100
CT,Connecticut,2011,1,2011-01,violent-crime,estimates,718,20.05,3580709,3580709,100
CT,Connecticut,2011,2,2011-02,violent-crime,estimates,641,17.9,3580709,3580709,100
CT,Connecticut,2011,3,2011-03,violent-crime,estimates,764,21.34,3580709,3580709,100
CT,Connecticut,2011,4,2011-04,violent-crime,estimates,813,22.71,3580709,3580709,100
CT,Connecticut,2011,5,2011-05,violent-crime,estimates,841,23.49,3580709,3580709,100
CT,Connecticut,2011,6,2011-06,violent-crime,estimates,937,26.17,3580709,3580709,100
CT,Connecticut,2011,7,2011-07,violent-crime,estimates,945,26.39,3580709,3580709,100
CT,Connecticut,2011,8,2011-08,violent-crime,estimates,887,24.77,3580709,3580709,100
CT,Connecticut,2011,9,2011-09,violent-crime,estimates,885,24.72,3580709,3580709,100
CT,Connecticut,2011,10,2011-10,violent-crime,estimates,813,22.71,3580709,3580709,100
CT,Connecticut,2011,11,2011-11,violent-crime,estimates,820,22.9,3580709,3580709,100
CT,Connecticut,2011,12,2011-12,violent-crime,estimates,825,23.04,3580709,3580709,100
CT,Connecticut,2012,1,2012-01,violent-crime,estimates,802,22.34,3590347,3590347,100
CT,Connecticut,2012,2,2012-02,violent-crime,estimates,651,18.13,3590347,3590347,100
CT,Connecticut,2012,3,2012-03,violent-crime,estimates,804,22.39,3590347,3590347,100
CT,Connecticut,2012,4,2012-04,violent-crime,estimates,775,21.59,3590347,3590347,100
CT,Connecticut,2012,5,2012-05,violent-crime,estimates,871,24.26,3590347,3590347,100
CT,Connecticut,2012,6,2012-06,violent-crime,estimates,849,23.65,3590347,3590347,100
CT,Connecticut,2012,7,2012-07,violent-crime,estimates,847,23.59,3590347,3590347,100
CT,Connecticut,2012,8,2012-08,violent-crime,estimates,921,25.65,3590347,3590347,100
CT,Connecticut,2012,9,2012-09,violent-crime,estimates,908,25.29,3590347,3590347,100
CT,Connecticut,2012,10,2012-10,violent-crime,estimates,944,26.29,3590347,3590347,100
CT,Connecticut,2012,11,2012-11,violent-crime,estimates,776,21.61,3590347,3590347,100
CT,Connecticut,2012,12,2012-12,violent-crime,estimates,1061,29.55,3590347,3590347,100
CT,Connecticut,2013,1,2013-01,violent-crime,estimates,804,22.36,3596080,3596080,100
CT,Connecticut,2013,2,2013-02,violent-crime,estimates,590,16.41,3596080,3596080,100
CT,Connecticut,2013,3,2013-03,violent-crime,estimates,702,19.52,3596080,3596080,100
CT,Connecticut,2013,4,2013-04,violent-crime,estimates,721,20.05,3596080,3596080,100
CT,Connecticut,2013,5,2013-05,violent-crime,estimates,844,23.47,3596080,3596080,100
CT,Connecticut,2013,6,2013-06,violent-crime,estimates,869,24.17,3596080,3596080,100
CT,Connecticut,2013,7,2013-07,violent-crime,estimates,892,24.8,3596080,3596080,100
CT,Connecticut,2013,8,2013-08,violent-crime,estimates,898,24.97,3596080,3596080,100
CT,Connecticut,2013,9,2013-09,violent-crime,estimates,826,22.97,3596080,3596080,100
CT,Connecticut,2013,10,2013-10,violent-crime,estimates,844,23.47,3596080,3596080,100
CT,Connecticut,2013,11,2013-11,violent-crime,estimates,666,18.52,3596080,3596080,100
CT,Connecticut,2013,12,2013-12,violent-crime,estimates,681,18.94,3596080,3596080,100
CT,Connecticut,2014,1,2014-01,violent-crime,estimates,694,19.3,3596677,3596677,100
CT,Connecticut,2014,2,2014-02,violent-crime,estimates,516,14.35,3596677,3596677,100
CT,Connecticut,2014,3,2014-03,violent-crime,estimates,641,17.82,3596677,3596677,100
CT,Connecticut,2014,4,2014-04,violent-crime,estimates,701,19.49,3596677,3596677,100
CT,Connecticut,2014,5,2014-05,violent-crime,estimates,803,22.33,3596677,3596677,100
CT,Connecticut,2014,6,2014-06,violent-crime,estimates,781,21.71,3596677,3596677,100
CT,Connecticut,2014,7,2014-07,violent-crime,estimates,849,23.61,3596677,3596677,100
CT,Connecticut,2014,8,2014-08,violent-crime,estimates,765,21.27,3596677,3596677,100
CT,Connecticut,2014,9,2014-09,violent-crime,estimates,759,21.1,3596677,3596677,100
CT,Connecticut,2014,10,2014-10,violent-crime,estimates,763,21.21,3596677,3596677,100
CT,Connecticut,2014,11,2014-11,violent-crime,estimates,664,18.46,3596677,3596677,100
CT,Connecticut,2014,12,2014-12,violent-crime,estimates,639,17.77,3596677,3596677,100
CT,Connecticut,2015,1,2015-01,violent-crime,estimates,560,15.6,3590886,3590886,100
CT,Connecticut,2015,2,2015-02,violent-crime,estimates,492,13.7,3590886,3590886,100
CT,Connecticut,2015,3,2015-03,violent-crime,estimates,608,16.93,3590886,3590886,100
CT,Connecticut,2015,4,2015-04,violent-crime,estimates,622,17.32,3590886,3590886,100
CT,Connecticut,2015,5,2015-05,violent-crime,estimates,743,20.69,3590886,3590886,100
CT,Connecticut,2015,6,2015-06,violent-crime,estimates,758,21.11,3590886,3590886,100
CT,Connecticut,2015,7,2015-07,violent-crime,estimates,790,22,3590886,3590886,100
CT,Connecticut,2015,8,2015-08,violent-crime,estimates,774,21.55,3590886,3590886,100
CT,Connecticut,2015,9,2015-09,violent-crime,estimates,667,18.57,3590886,3590886,100
CT,Connecticut,2015,10,2015-10,violent-crime,estimates,668,18.6,3590886,3590886,100
CT,Connecticut,2015,11,2015-11,violent-crime,estimates,650,18.1,3590886,3590886,100
CT,Connecticut,2015,12,2015-12,violent-crime,estimates,606,16.88,3590886,3590886,100
CT,Connecticut,2016,1,2016-01,violent-crime,estimates,631,17.72,3576452,3561431,99.58
CT,Connecticut,2016,2,2016-02,violent-crime,estimates,572,15.99,3576452,3576452,100
CT,Connecticut,2016,3,2016-03,violent-crime,estimates,631,17.64,3576452,3576452,100
CT,Connecticut,2016,4,2016-04,violent-crime,estimates,625,17.48,3576452,3576452,100
CT,Connecticut,2016,5,2016-05,violent-crime,estimates,709,19.82,3576452,3576452,100
CT,Connecticut,2016,6,2016-06,violent-crime,estimates,718,20.08,3576452,3576452,100
CT,Connecticut,2016,7,2016-07,violent-crime,estimates,791,22.12,3576452,3576452,100
CT,Connecticut,2016,8,2016-08,violent-crime,estimates,814,22.76,3576452,3576452,100
CT,Connecticut,2016,9,2016-09,violent-crime,estimates,681,19.04,3576452,3576452,100
CT,Connecticut,2016,10,2016-10,violent-crime,estimates,691,19.32,3576452,3576452,100
CT,Connecticut,2016,11,2016-11,violent-crime,estimates,657,18.37,3576452,3576452,100
CT,Connecticut,2016,12,2016-12,violent-crime,estimates,649,18.15,3576452,3576452,100
CT,Connecticut,2017,1,2017-01,violent-crime,estimates,696,19.5,3588184,3569335,99.47
CT,Connecticut,2017,2,2017-02,violent-crime,estimates,528,14.79,3588184,3569335,99.47
CT,Connecticut,2017,3,2017-03,violent-crime,estimates,529,14.82,3588184,3569335,99.47
CT,Connecticut,2017,4,2017-04,violent-crime,estimates,694,19.44,3588184,3569335,99.47
CT,Connecticut,2017,5,2017-05,violent-crime,estimates,680,19.05,3588184,3569335,99.47
CT,Connecticut,2017,6,2017-06,violent-crime,estimates,689,19.3,3588184,3569335,99.47
CT,Connecticut,2017,7,2017-07,violent-crime,estimates,768,21.4,3588184,3588184,100
CT,Connecticut,2017,8,2017-08,violent-crime,estimates,755,21.04,3588184,3588184,100
CT,Connecticut,2017,9,2017-09,violent-crime,estimates,723,20.15,3588184,3588184,100
CT,Connecticut,2017,10,2017-10,violent-crime,estimates,799,22.27,3588184,3588184,100
CT,Connecticut,2017,11,2017-11,violent-crime,estimates,661,18.42,3588184,3588184,100
CT,Connecticut,2017,12,2017-12,violent-crime,estimates,673,18.76,3588184,3588184,100
DE,Delaware,1999,1,1999-01,violent-crime,estimates,424,56.23,754000,754000,100
DE,Delaware,1999,2,1999-02,violent-crime,estimates,380,50.4,754000,754000,100
DE,Delaware,1999,3,1999-03,violent-crime,estimates,424,56.23,754000,754000,100
DE,Delaware,1999,4,1999-04,violent-crime,estimates,423,56.1,754000,754000,100
DE,Delaware,1999,5,1999-05,violent-crime,estimates,437,57.96,754000,754000,100
DE,Delaware,1999,6,1999-06,violent-crime,estimates,428,56.76,754000,754000,100
DE,Delaware,1999,7,1999-07,violent-crime,estimates,472,62.6,754000,754000,100
DE,Delaware,1999,8,1999-08,violent-crime,estimates,452,59.96,754000,753799,99.97
DE,Delaware,1999,9,1999-09,violent-crime,estimates,421,55.85,754000,753799,99.97
DE,Delaware,1999,10,1999-10,violent-crime,estimates,437,57.97,754000,753799,99.97
DE,Delaware,1999,11,1999-11,violent-crime,estimates,346,45.9,754000,753799,99.97
DE,Delaware,1999,12,1999-12,violent-crime,estimates,361,47.89,754000,753799,99.97
DE,Delaware,2000,1,2000-01,violent-crime,estimates,384,49,783600,783600,100
DE,Delaware,2000,2,2000-02,violent-crime,estimates,378,48.24,783600,783600,100
DE,Delaware,2000,3,2000-03,violent-crime,estimates,430,54.87,783600,783600,100
DE,Delaware,2000,4,2000-04,violent-crime,estimates,374,47.73,783600,783600,100
DE,Delaware,2000,5,2000-05,violent-crime,estimates,410,52.32,783600,783600,100
DE,Delaware,2000,6,2000-06,violent-crime,estimates,439,56.02,783600,783600,100
DE,Delaware,2000,7,2000-07,violent-crime,estimates,427,54.49,783600,783600,100
DE,Delaware,2000,8,2000-08,violent-crime,estimates,454,57.94,783600,783600,100
DE,Delaware,2000,9,2000-09,violent-crime,estimates,398,50.79,783600,783600,100
DE,Delaware,2000,10,2000-10,violent-crime,estimates,449,57.3,783600,783600,100
DE,Delaware,2000,11,2000-11,violent-crime,estimates,411,52.45,783600,783600,100
DE,Delaware,2000,12,2000-12,violent-crime,estimates,410,52.32,783600,783600,100
DE,Delaware,2001,1,2001-01,violent-crime,estimates,429,53.93,796165,795507,99.92
DE,Delaware,2001,2,2001-02,violent-crime,estimates,306,38.47,796165,795507,99.92
DE,Delaware,2001,3,2001-03,violent-crime,estimates,413,51.92,796165,795507,99.92
DE,Delaware,2001,4,2001-04,violent-crime,estimates,419,52.67,796165,795507,99.92
DE,Delaware,2001,5,2001-05,violent-crime,estimates,418,52.55,796165,795507,99.92
DE,Delaware,2001,6,2001-06,violent-crime,estimates,426,53.55,796165,795507,99.92
DE,Delaware,2001,7,2001-07,violent-crime,estimates,444,55.85,796165,794980,99.85
DE,Delaware,2001,8,2001-08,violent-crime,estimates,430,54.05,796165,795507,99.92
DE,Delaware,2001,9,2001-09,violent-crime,estimates,420,52.83,796165,795007,99.85
DE,Delaware,2001,10,2001-10,violent-crime,estimates,471,59.24,796165,795007,99.85
DE,Delaware,2001,11,2001-11,violent-crime,estimates,408,51.29,796165,795507,99.92
DE,Delaware,2001,12,2001-12,violent-crime,estimates,351,44.22,796165,793687,99.69
DE,Delaware,2002,1,2002-01,violent-crime,estimates,318,39.51,807385,804898,99.69
DE,Delaware,2002,2,2002-02,violent-crime,estimates,335,41.57,807385,805846,99.81
DE,Delaware,2002,3,2002-03,violent-crime,estimates,367,45.49,807385,806717,99.92
DE,Delaware,2002,4,2002-04,violent-crime,estimates,356,44.15,807385,806381,99.88
DE,Delaware,2002,5,2002-05,violent-crime,estimates,400,49.62,807385,806182,99.85
DE,Delaware,2002,6,2002-06,violent-crime,estimates,390,48.34,807385,806717,99.92
DE,Delaware,2002,7,2002-07,violent-crime,estimates,493,61.11,807385,806717,99.92
DE,Delaware,2002,8,2002-08,violent-crime,estimates,514,63.72,807385,806717,99.92
DE,Delaware,2002,9,2002-09,violent-crime,estimates,463,57.39,807385,806717,99.92
DE,Delaware,2002,10,2002-10,violent-crime,estimates,515,63.89,807385,806028,99.83
DE,Delaware,2002,11,2002-11,violent-crime,estimates,433,53.81,807385,804681,99.67
DE,Delaware,2002,12,2002-12,violent-crime,estimates,490,60.76,807385,806497,99.89
DE,Delaware,2003,1,2003-01,violent-crime,estimates,459,56.15,817491,817491,100
DE,Delaware,2003,2,2003-02,violent-crime,estimates,361,44.16,817491,817491,100
DE,Delaware,2003,3,2003-03,violent-crime,estimates,488,59.69,817491,817491,100
DE,Delaware,2003,4,2003-04,violent-crime,estimates,437,53.46,817491,817491,100
DE,Delaware,2003,5,2003-05,violent-crime,estimates,499,61.04,817491,817491,100
DE,Delaware,2003,6,2003-06,violent-crime,estimates,453,55.41,817491,817491,100
DE,Delaware,2003,7,2003-07,violent-crime,estimates,501,61.29,817491,817491,100
DE,Delaware,2003,8,2003-08,violent-crime,estimates,515,63,817491,817491,100
DE,Delaware,2003,9,2003-09,violent-crime,estimates,467,57.15,817491,817144,99.96
DE,Delaware,2003,10,2003-10,violent-crime,estimates,484,59.21,817491,817491,100
DE,Delaware,2003,11,2003-11,violent-crime,estimates,452,55.29,817491,817491,100
DE,Delaware,2003,12,2003-12,violent-crime,estimates,409,50.09,817491,816607,99.89
DE,Delaware,2004,1,2004-01,violent-crime,estimates,422,50.82,830364,830364,100
DE,Delaware,2004,2,2004-02,violent-crime,estimates,334,40.22,830364,830364,100
DE,Delaware,2004,3,2004-03,violent-crime,estimates,421,50.7,830364,830364,100
DE,Delaware,2004,4,2004-04,violent-crime,estimates,402,48.41,830364,830364,100
DE,Delaware,2004,5,2004-05,violent-crime,estimates,456,54.92,830364,830364,100
DE,Delaware,2004,6,2004-06,violent-crime,estimates,378,45.52,830364,830364,100
DE,Delaware,2004,7,2004-07,violent-crime,estimates,439,52.87,830364,830364,100
DE,Delaware,2004,8,2004-08,violent-crime,estimates,496,59.73,830364,830364,100
DE,Delaware,2004,9,2004-09,violent-crime,estimates,500,60.21,830364,830364,100
DE,Delaware,2004,10,2004-10,violent-crime,estimates,458,55.16,830364,830364,100
DE,Delaware,2004,11,2004-11,violent-crime,estimates,430,51.78,830364,830364,100
DE,Delaware,2004,12,2004-12,violent-crime,estimates,369,44.44,830364,830364,100
DE,Delaware,2005,1,2005-01,violent-crime,estimates,415,49.2,843524,843524,100
DE,Delaware,2005,2,2005-02,violent-crime,estimates,367,43.51,843524,843524,100
DE,Delaware,2005,3,2005-03,violent-crime,estimates,421,49.91,843524,843524,100
DE,Delaware,2005,4,2005-04,violent-crime,estimates,447,52.99,843524,843524,100
DE,Delaware,2005,5,2005-05,violent-crime,estimates,510,60.46,843524,843524,100
DE,Delaware,2005,6,2005-06,violent-crime,estimates,475,56.31,843524,843524,100
DE,Delaware,2005,7,2005-07,violent-crime,estimates,522,61.88,843524,843524,100
DE,Delaware,2005,8,2005-08,violent-crime,estimates,490,58.09,843524,843524,100
DE,Delaware,2005,9,2005-09,violent-crime,estimates,527,62.48,843524,843524,100
DE,Delaware,2005,10,2005-10,violent-crime,estimates,492,58.33,843524,843524,100
DE,Delaware,2005,11,2005-11,violent-crime,estimates,469,55.6,843524,843524,100
DE,Delaware,2005,12,2005-12,violent-crime,estimates,378,44.81,843524,843524,100
DE,Delaware,2006,1,2006-01,violent-crime,estimates,511,59.87,853476,853476,100
DE,Delaware,2006,2,2006-02,violent-crime,estimates,406,47.57,853476,853476,100
DE,Delaware,2006,3,2006-03,violent-crime,estimates,507,59.4,853476,853476,100
DE,Delaware,2006,4,2006-04,violent-crime,estimates,513,60.11,853476,853476,100
DE,Delaware,2006,5,2006-05,violent-crime,estimates,535,62.68,853476,853476,100
DE,Delaware,2006,6,2006-06,violent-crime,estimates,501,58.7,853476,853476,100
DE,Delaware,2006,7,2006-07,violent-crime,estimates,513,60.11,853476,853476,100
DE,Delaware,2006,8,2006-08,violent-crime,estimates,525,61.51,853476,853476,100
DE,Delaware,2006,9,2006-09,violent-crime,estimates,491,57.53,853476,853476,100
DE,Delaware,2006,10,2006-10,violent-crime,estimates,519,60.81,853476,853476,100
DE,Delaware,2006,11,2006-11,violent-crime,estimates,493,57.76,853476,853476,100
DE,Delaware,2006,12,2006-12,violent-crime,estimates,469,54.95,853476,853476,100
DE,Delaware,2007,1,2007-01,violent-crime,estimates,450,52.71,864764,853712,98.72
DE,Delaware,2007,2,2007-02,violent-crime,estimates,358,41.93,864764,853712,98.72
DE,Delaware,2007,3,2007-03,violent-crime,estimates,478,55.99,864764,853712,98.72
DE,Delaware,2007,4,2007-04,violent-crime,estimates,459,53.77,864764,853712,98.72
DE,Delaware,2007,5,2007-05,violent-crime,estimates,548,64.19,864764,853712,98.72
DE,Delaware,2007,6,2007-06,violent-crime,estimates,579,67.82,864764,853712,98.72
DE,Delaware,2007,7,2007-07,violent-crime,estimates,578,67.7,864764,853712,98.72
DE,Delaware,2007,8,2007-08,violent-crime,estimates,588,68.88,864764,853712,98.72
DE,Delaware,2007,9,2007-09,violent-crime,estimates,539,63.14,864764,853712,98.72
DE,Delaware,2007,10,2007-10,violent-crime,estimates,546,63.14,864764,864764,100
DE,Delaware,2007,11,2007-11,violent-crime,estimates,527,60.94,864764,864764,100
DE,Delaware,2007,12,2007-12,violent-crime,estimates,450,52.04,864764,864764,100
DE,Delaware,2008,1,2008-01,violent-crime,estimates,487,55.78,873092,873092,100
DE,Delaware,2008,2,2008-02,violent-crime,estimates,413,47.3,873092,873092,100
DE,Delaware,2008,3,2008-03,violent-crime,estimates,502,57.5,873092,873092,100
DE,Delaware,2008,4,2008-04,violent-crime,estimates,516,59.1,873092,873092,100
DE,Delaware,2008,5,2008-05,violent-crime,estimates,533,61.05,873092,873092,100
DE,Delaware,2008,6,2008-06,violent-crime,estimates,560,64.14,873092,873092,100
DE,Delaware,2008,7,2008-07,violent-crime,estimates,574,65.74,873092,873092,100
DE,Delaware,2008,8,2008-08,violent-crime,estimates,614,70.32,873092,873092,100
DE,Delaware,2008,9,2008-09,violent-crime,estimates,582,66.66,873092,873092,100
DE,Delaware,2008,10,2008-10,violent-crime,estimates,560,64.14,873092,873092,100
DE,Delaware,2008,11,2008-11,violent-crime,estimates,466,53.37,873092,873092,100
DE,Delaware,2008,12,2008-12,violent-crime,estimates,380,43.52,873092,873092,100
DE,Delaware,2009,1,2009-01,violent-crime,estimates,448,50.66,885122,884338,99.91
DE,Delaware,2009,2,2009-02,violent-crime,estimates,366,41.39,885122,884338,99.91
DE,Delaware,2009,3,2009-03,violent-crime,estimates,396,44.78,885122,884338,99.91
DE,Delaware,2009,4,2009-04,violent-crime,estimates,497,56.2,885122,884338,99.91
DE,Delaware,2009,5,2009-05,violent-crime,estimates,511,57.78,885122,884338,99.91
DE,Delaware,2009,6,2009-06,violent-crime,estimates,521,58.91,885122,884338,99.91
DE,Delaware,2009,7,2009-07,violent-crime,estimates,584,66.04,885122,884338,99.91
DE,Delaware,2009,8,2009-08,violent-crime,estimates,558,63.04,885122,885122,100
DE,Delaware,2009,9,2009-09,violent-crime,estimates,406,45.91,885122,884338,99.91
DE,Delaware,2009,10,2009-10,violent-crime,estimates,475,53.71,885122,884338,99.91
DE,Delaware,2009,11,2009-11,violent-crime,estimates,448,50.66,885122,884338,99.91
DE,Delaware,2009,12,2009-12,violent-crime,estimates,496,56.09,885122,884338,99.91
DE,Delaware,2010,1,2010-01,violent-crime,estimates,435,48.44,897934,897934,100
DE,Delaware,2010,2,2010-02,violent-crime,estimates,328,36.53,897934,897934,100
DE,Delaware,2010,3,2010-03,violent-crime,estimates,510,56.8,897934,897934,100
DE,Delaware,2010,4,2010-04,violent-crime,estimates,470,52.34,897934,897934,100
DE,Delaware,2010,5,2010-05,violent-crime,estimates,518,57.69,897934,897934,100
DE,Delaware,2010,6,2010-06,violent-crime,estimates,490,54.57,897934,897934,100
DE,Delaware,2010,7,2010-07,violent-crime,estimates,508,56.57,897934,897934,100
DE,Delaware,2010,8,2010-08,violent-crime,estimates,515,57.35,897934,897934,100
DE,Delaware,2010,9,2010-09,violent-crime,estimates,509,56.69,897934,897934,100
DE,Delaware,2010,10,2010-10,violent-crime,estimates,524,58.36,897934,897934,100
DE,Delaware,2010,11,2010-11,violent-crime,estimates,425,47.33,897934,897934,100
DE,Delaware,2010,12,2010-12,violent-crime,estimates,375,41.76,897934,897934,100
DE,Delaware,2011,1,2011-01,violent-crime,estimates,353,38.91,907135,907135,100
DE,Delaware,2011,2,2011-02,violent-crime,estimates,302,33.29,907135,907135,100
DE,Delaware,2011,3,2011-03,violent-crime,estimates,423,46.63,907135,907135,100
DE,Delaware,2011,4,2011-04,violent-crime,estimates,419,46.19,907135,907135,100
DE,Delaware,2011,5,2011-05,violent-crime,estimates,484,53.35,907135,907135,100
DE,Delaware,2011,6,2011-06,violent-crime,estimates,442,48.72,907135,907135,100
DE,Delaware,2011,7,2011-07,violent-crime,estimates,507,55.89,907135,907135,100
DE,Delaware,2011,8,2011-08,violent-crime,estimates,441,48.61,907135,907135,100
DE,Delaware,2011,9,2011-09,violent-crime,estimates,464,51.15,907135,907135,100
DE,Delaware,2011,10,2011-10,violent-crime,estimates,498,54.9,907135,907135,100
DE,Delaware,2011,11,2011-11,violent-crime,estimates,435,47.95,907135,907135,100
DE,Delaware,2011,12,2011-12,violent-crime,estimates,376,41.45,907135,907135,100
DE,Delaware,2012,1,2012-01,violent-crime,estimates,419,45.7,917092,916825,99.97
DE,Delaware,2012,2,2012-02,violent-crime,estimates,316,34.47,917092,916825,99.97
DE,Delaware,2012,3,2012-03,violent-crime,estimates,488,53.23,917092,916825,99.97
DE,Delaware,2012,4,2012-04,violent-crime,estimates,467,50.94,917092,916825,99.97
DE,Delaware,2012,5,2012-05,violent-crime,estimates,469,51.14,917092,917092,100
DE,Delaware,2012,6,2012-06,violent-crime,estimates,400,43.62,917092,917092,100
DE,Delaware,2012,7,2012-07,violent-crime,estimates,432,47.11,917092,917092,100
DE,Delaware,2012,8,2012-08,violent-crime,estimates,488,53.21,917092,917092,100
DE,Delaware,2012,9,2012-09,violent-crime,estimates,483,52.67,917092,917092,100
DE,Delaware,2012,10,2012-10,violent-crime,estimates,380,41.44,917092,917092,100
DE,Delaware,2012,11,2012-11,violent-crime,estimates,371,40.45,917092,917092,100
DE,Delaware,2012,12,2012-12,violent-crime,estimates,335,36.54,917092,916825,99.97
DE,Delaware,2013,1,2013-01,violent-crime,estimates,431,46.66,925749,923783,99.79
DE,Delaware,2013,2,2013-02,violent-crime,estimates,292,31.58,925749,924670,99.88
DE,Delaware,2013,3,2013-03,violent-crime,estimates,352,38.02,925749,925749,100
DE,Delaware,2013,4,2013-04,violent-crime,estimates,349,37.7,925749,925749,100
DE,Delaware,2013,5,2013-05,violent-crime,estimates,380,41.05,925749,925749,100
DE,Delaware,2013,6,2013-06,violent-crime,estimates,410,44.29,925749,925749,100
DE,Delaware,2013,7,2013-07,violent-crime,estimates,431,46.56,925749,925749,100
DE,Delaware,2013,8,2013-08,violent-crime,estimates,449,48.5,925749,925749,100
DE,Delaware,2013,9,2013-09,violent-crime,estimates,433,46.77,925749,925749,100
DE,Delaware,2013,10,2013-10,violent-crime,estimates,401,43.32,925749,925749,100
DE,Delaware,2013,11,2013-11,violent-crime,estimates,382,41.33,925749,924199,99.83
DE,Delaware,2013,12,2013-12,violent-crime,estimates,323,34.93,925749,924670,99.88
DE,Delaware,2014,1,2014-01,violent-crime,estimates,333,35.63,935614,934690,99.9
DE,Delaware,2014,2,2014-02,violent-crime,estimates,255,27.27,935614,935174,99.95
DE,Delaware,2014,3,2014-03,violent-crime,estimates,326,34.85,935614,935447,99.98
DE,Delaware,2014,4,2014-04,violent-crime,estimates,389,41.58,935614,935447,99.98
DE,Delaware,2014,5,2014-05,violent-crime,estimates,474,50.66,935614,935614,100
DE,Delaware,2014,6,2014-06,violent-crime,estimates,454,48.53,935614,935447,99.98
DE,Delaware,2014,7,2014-07,violent-crime,estimates,389,41.58,935614,935447,99.98
DE,Delaware,2014,8,2014-08,violent-crime,estimates,418,44.68,935614,935447,99.98
DE,Delaware,2014,9,2014-09,violent-crime,estimates,400,42.76,935614,935447,99.98
DE,Delaware,2014,10,2014-10,violent-crime,estimates,358,38.27,935614,935447,99.98
DE,Delaware,2014,11,2014-11,violent-crime,estimates,402,42.97,935614,935614,100
DE,Delaware,2014,12,2014-12,violent-crime,estimates,370,39.61,935614,934030,99.83
DE,Delaware,2015,1,2015-01,violent-crime,estimates,404,42.71,945934,945934,100
DE,Delaware,2015,2,2015-02,violent-crime,estimates,283,29.92,945934,945934,100
DE,Delaware,2015,3,2015-03,violent-crime,estimates,310,32.77,945934,945934,100
DE,Delaware,2015,4,2015-04,violent-crime,estimates,362,38.27,945934,945934,100
DE,Delaware,2015,5,2015-05,violent-crime,estimates,414,43.77,945934,945934,100
DE,Delaware,2015,6,2015-06,violent-crime,estimates,401,42.39,945934,945934,100
DE,Delaware,2015,7,2015-07,violent-crime,estimates,447,47.25,945934,945934,100
DE,Delaware,2015,8,2015-08,violent-crime,estimates,498,52.65,945934,945934,100
DE,Delaware,2015,9,2015-09,violent-crime,estimates,392,41.44,945934,945934,100
DE,Delaware,2015,10,2015-10,violent-crime,estimates,447,47.25,945934,945934,100
DE,Delaware,2015,11,2015-11,violent-crime,estimates,381,40.28,945934,945934,100
DE,Delaware,2015,12,2015-12,violent-crime,estimates,421,44.51,945934,945934,100
DE,Delaware,2016,1,2016-01,violent-crime,estimates,368,38.66,952065,951892,99.98
DE,Delaware,2016,2,2016-02,violent-crime,estimates,329,34.57,952065,951623,99.95
DE,Delaware,2016,3,2016-03,violent-crime,estimates,410,43.06,952065,952065,100
DE,Delaware,2016,4,2016-04,violent-crime,estimates,382,40.12,952065,952065,100
DE,Delaware,2016,5,2016-05,violent-crime,estimates,460,48.32,952065,952065,100
DE,Delaware,2016,6,2016-06,violent-crime,estimates,409,42.96,952065,952065,100
DE,Delaware,2016,7,2016-07,violent-crime,estimates,412,43.27,952065,952065,100
DE,Delaware,2016,8,2016-08,violent-crime,estimates,418,43.9,952065,952065,100
DE,Delaware,2016,9,2016-09,violent-crime,estimates,426,44.74,952065,952065,100
DE,Delaware,2016,10,2016-10,violent-crime,estimates,440,46.22,952065,952065,100
DE,Delaware,2016,11,2016-11,violent-crime,estimates,417,43.8,952065,952065,100
DE,Delaware,2016,12,2016-12,violent-crime,estimates,388,40.81,952065,950787,99.87
DE,Delaware,2017,1,2017-01,violent-crime,estimates,391,40.65,961939,961939,100
DE,Delaware,2017,2,2017-02,violent-crime,estimates,305,31.71,961939,961939,100
DE,Delaware,2017,3,2017-03,violent-crime,estimates,341,35.45,961939,961939,100
DE,Delaware,2017,4,2017-04,violent-crime,estimates,434,45.12,961939,961939,100
DE,Delaware,2017,5,2017-05,violent-crime,estimates,413,42.93,961939,961939,100
DE,Delaware,2017,6,2017-06,violent-crime,estimates,342,35.55,961939,961939,100
DE,Delaware,2017,7,2017-07,violent-crime,estimates,392,40.75,961939,961939,100
DE,Delaware,2017,8,2017-08,violent-crime,estimates,402,41.79,961939,961939,100
DE,Delaware,2017,9,2017-09,violent-crime,estimates,379,39.4,961939,961939,100
DE,Delaware,2017,10,2017-10,violent-crime,estimates,365,37.94,961939,961939,100
DE,Delaware,2017,11,2017-11,violent-crime,estimates,324,33.68,961939,961939,100
DE,Delaware,2017,12,2017-12,violent-crime,estimates,289,30.04,961939,961939,100
FL,Florida,1999,1,1999-01,violent-crime,estimates,0,0,15111000,15021140,99.41
FL,Florida,1999,2,1999-02,violent-crime,estimates,0,0,15111000,15021140,99.41
FL,Florida,1999,3,1999-03,violent-crime,estimates,0,0,15111000,15021140,99.41
FL,Florida,1999,4,1999-04,violent-crime,estimates,0,0,15111000,15021140,99.41
FL,Florida,1999,5,1999-05,violent-crime,estimates,0,0,15111000,15021140,99.41
FL,Florida,1999,6,1999-06,violent-crime,estimates,0,0,15111000,15021140,99.41
FL,Florida,1999,7,1999-07,violent-crime,estimates,0,0,15111000,15021140,99.41
FL,Florida,1999,8,1999-08,violent-crime,estimates,0,0,15111000,15021140,99.41
FL,Florida,1999,9,1999-09,violent-crime,estimates,0,0,15111000,15021140,99.41
FL,Florida,1999,10,1999-10,violent-crime,estimates,0,0,15111000,15021140,99.41
FL,Florida,1999,11,1999-11,violent-crime,estimates,0,0,15111000,15021140,99.41
FL,Florida,1999,12,1999-12,violent-crime,estimates,128332,854.34,15111000,15021140,99.41
FL,Florida,2000,1,2000-01,violent-crime,estimates,0,0,15982378,15698156,98.22
FL,Florida,2000,2,2000-02,violent-crime,estimates,0,0,15982378,15698156,98.22
FL,Florida,2000,3,2000-03,violent-crime,estimates,0,0,15982378,15698156,98.22
FL,Florida,2000,4,2000-04,violent-crime,estimates,0,0,15982378,15698156,98.22
FL,Florida,2000,5,2000-05,violent-crime,estimates,0,0,15982378,15698156,98.22
FL,Florida,2000,6,2000-06,violent-crime,estimates,17240,109.82,15982378,15698156,98.22
FL,Florida,2000,7,2000-07,violent-crime,estimates,0,0,15982378,15698156,98.22
FL,Florida,2000,8,2000-08,violent-crime,estimates,0,0,15982378,15698156,98.22
FL,Florida,2000,9,2000-09,violent-crime,estimates,0,0,15982378,15698156,98.22
FL,Florida,2000,10,2000-10,violent-crime,estimates,0,0,15982378,15698156,98.22
FL,Florida,2000,11,2000-11,violent-crime,estimates,0,0,15982378,15698156,98.22
FL,Florida,2000,12,2000-12,violent-crime,estimates,110801,705.82,15982378,15698156,98.22
FL,Florida,2001,1,2001-01,violent-crime,estimates,0,0,16396515,16377083,99.88
FL,Florida,2001,2,2001-02,violent-crime,estimates,0,0,16396515,16377083,99.88
FL,Florida,2001,3,2001-03,violent-crime,estimates,0,0,16396515,16377083,99.88
FL,Florida,2001,4,2001-04,violent-crime,estimates,0,0,16396515,16377083,99.88
FL,Florida,2001,5,2001-05,violent-crime,estimates,0,0,16396515,16377083,99.88
FL,Florida,2001,6,2001-06,violent-crime,estimates,19209,117.29,16396515,16377083,99.88
FL,Florida,2001,7,2001-07,violent-crime,estimates,0,0,16396515,16377083,99.88
FL,Florida,2001,8,2001-08,violent-crime,estimates,0,0,16396515,16377083,99.88
FL,Florida,2001,9,2001-09,violent-crime,estimates,0,0,16396515,16377083,99.88
FL,Florida,2001,10,2001-10,violent-crime,estimates,0,0,16396515,16377083,99.88
FL,Florida,2001,11,2001-11,violent-crime,estimates,0,0,16396515,16377083,99.88
FL,Florida,2001,12,2001-12,violent-crime,estimates,111327,679.77,16396515,16377083,99.88
FL,Florida,2002,1,2002-01,violent-crime,estimates,0,0,16713149,16589355,99.26
FL,Florida,2002,2,2002-02,violent-crime,estimates,0,0,16713149,16589355,99.26
FL,Florida,2002,3,2002-03,violent-crime,estimates,0,0,16713149,16589355,99.26
FL,Florida,2002,4,2002-04,violent-crime,estimates,0,0,16713149,16589355,99.26
FL,Florida,2002,5,2002-05,violent-crime,estimates,0,0,16713149,16589355,99.26
FL,Florida,2002,6,2002-06,violent-crime,estimates,17894,107.86,16713149,16589355,99.26
FL,Florida,2002,7,2002-07,violent-crime,estimates,0,0,16713149,16589355,99.26
FL,Florida,2002,8,2002-08,violent-crime,estimates,0,0,16713149,16589355,99.26
FL,Florida,2002,9,2002-09,violent-crime,estimates,0,0,16713149,16589355,99.26
FL,Florida,2002,10,2002-10,violent-crime,estimates,0,0,16713149,16589355,99.26
FL,Florida,2002,11,2002-11,violent-crime,estimates,0,0,16713149,16589355,99.26
FL,Florida,2002,12,2002-12,violent-crime,estimates,110011,663.22,16713149,16587371,99.25
FL,Florida,2003,1,2003-01,violent-crime,estimates,0,0,17019068,17012655,99.96
FL,Florida,2003,2,2003-02,violent-crime,estimates,0,0,17019068,17012655,99.96
FL,Florida,2003,3,2003-03,violent-crime,estimates,0,0,17019068,17012655,99.96
FL,Florida,2003,4,2003-04,violent-crime,estimates,0,0,17019068,17012655,99.96
FL,Florida,2003,5,2003-05,violent-crime,estimates,0,0,17019068,17012655,99.96
FL,Florida,2003,6,2003-06,violent-crime,estimates,17396,102.25,17019068,17012655,99.96
FL,Florida,2003,7,2003-07,violent-crime,estimates,0,0,17019068,17012655,99.96
FL,Florida,2003,8,2003-08,violent-crime,estimates,0,0,17019068,17012655,99.96
FL,Florida,2003,9,2003-09,violent-crime,estimates,0,0,17019068,17012655,99.96
FL,Florida,2003,10,2003-10,violent-crime,estimates,0,0,17019068,17012655,99.96
FL,Florida,2003,11,2003-11,violent-crime,estimates,0,0,17019068,17012655,99.96
FL,Florida,2003,12,2003-12,violent-crime,estimates,106840,628,17019068,17012655,99.96
FL,Florida,2004,1,2004-01,violent-crime,estimates,0,0,17397161,17390278,99.96
FL,Florida,2004,2,2004-02,violent-crime,estimates,0,0,17397161,17390278,99.96
FL,Florida,2004,3,2004-03,violent-crime,estimates,0,0,17397161,17390278,99.96
FL,Florida,2004,4,2004-04,violent-crime,estimates,0,0,17397161,17390278,99.96
FL,Florida,2004,5,2004-05,violent-crime,estimates,0,0,17397161,17390278,99.96
FL,Florida,2004,6,2004-06,violent-crime,estimates,22252,127.96,17397161,17390278,99.96
FL,Florida,2004,7,2004-07,violent-crime,estimates,0,0,17397161,17390278,99.96
FL,Florida,2004,8,2004-08,violent-crime,estimates,0,0,17397161,17390278,99.96
FL,Florida,2004,9,2004-09,violent-crime,estimates,0,0,17397161,17390278,99.96
FL,Florida,2004,10,2004-10,violent-crime,estimates,0,0,17397161,17390278,99.96
FL,Florida,2004,11,2004-11,violent-crime,estimates,0,0,17397161,17390278,99.96
FL,Florida,2004,12,2004-12,violent-crime,estimates,101443,583.33,17397161,17390278,99.96
FL,Florida,2005,1,2005-01,violent-crime,estimates,0,0,17789864,17758612,99.82
FL,Florida,2005,2,2005-02,violent-crime,estimates,0,0,17789864,17758612,99.82
FL,Florida,2005,3,2005-03,violent-crime,estimates,0,0,17789864,17758612,99.82
FL,Florida,2005,4,2005-04,violent-crime,estimates,0,0,17789864,17758612,99.82
FL,Florida,2005,5,2005-05,violent-crime,estimates,0,0,17789864,17758612,99.82
FL,Florida,2005,6,2005-06,violent-crime,estimates,22136,124.65,17789864,17758612,99.82
FL,Florida,2005,7,2005-07,violent-crime,estimates,0,0,17789864,17758612,99.82
FL,Florida,2005,8,2005-08,violent-crime,estimates,0,0,17789864,17758612,99.82
FL,Florida,2005,9,2005-09,violent-crime,estimates,0,0,17789864,17758612,99.82
FL,Florida,2005,10,2005-10,violent-crime,estimates,0,0,17789864,17758612,99.82
FL,Florida,2005,11,2005-11,violent-crime,estimates,0,0,17789864,17758612,99.82
FL,Florida,2005,12,2005-12,violent-crime,estimates,103541,583.05,17789864,17758612,99.82
FL,Florida,2006,1,2006-01,violent-crime,estimates,0,0,18089888,18076679,99.93
FL,Florida,2006,2,2006-02,violent-crime,estimates,0,0,18089888,18076679,99.93
FL,Florida,2006,3,2006-03,violent-crime,estimates,0,0,18089888,18076679,99.93
FL,Florida,2006,4,2006-04,violent-crime,estimates,0,0,18089888,18076679,99.93
FL,Florida,2006,5,2006-05,violent-crime,estimates,0,0,18089888,18076679,99.93
FL,Florida,2006,6,2006-06,violent-crime,estimates,22949,126.95,18089888,18076679,99.93
FL,Florida,2006,7,2006-07,violent-crime,estimates,0,0,18089888,18076679,99.93
FL,Florida,2006,8,2006-08,violent-crime,estimates,0,0,18089888,18076679,99.93
FL,Florida,2006,9,2006-09,violent-crime,estimates,0,0,18089888,18076679,99.93
FL,Florida,2006,10,2006-10,violent-crime,estimates,0,0,18089888,18076679,99.93
FL,Florida,2006,11,2006-11,violent-crime,estimates,0,0,18089888,18076679,99.93
FL,Florida,2006,12,2006-12,violent-crime,estimates,106488,589.09,18089888,18076679,99.93
FL,Florida,2007,1,2007-01,violent-crime,estimates,0,0,18251243,18224406,99.85
FL,Florida,2007,2,2007-02,violent-crime,estimates,0,0,18251243,18224406,99.85
FL,Florida,2007,3,2007-03,violent-crime,estimates,0,0,18251243,18224406,99.85
FL,Florida,2007,4,2007-04,violent-crime,estimates,0,0,18251243,18224406,99.85
FL,Florida,2007,5,2007-05,violent-crime,estimates,0,0,18251243,18224406,99.85
FL,Florida,2007,6,2007-06,violent-crime,estimates,24304,133.36,18251243,18224406,99.85
FL,Florida,2007,7,2007-07,violent-crime,estimates,0,0,18251243,18224406,99.85
FL,Florida,2007,8,2007-08,violent-crime,estimates,0,0,18251243,18224406,99.85
FL,Florida,2007,9,2007-09,violent-crime,estimates,0,0,18251243,18224406,99.85
FL,Florida,2007,10,2007-10,violent-crime,estimates,0,0,18251243,18224406,99.85
FL,Florida,2007,11,2007-11,violent-crime,estimates,0,0,18251243,18224406,99.85
FL,Florida,2007,12,2007-12,violent-crime,estimates,107400,589.32,18251243,18224406,99.85
FL,Florida,2008,1,2008-01,violent-crime,estimates,0,0,18328340,18306194,99.88
FL,Florida,2008,2,2008-02,violent-crime,estimates,0,0,18328340,18306194,99.88
FL,Florida,2008,3,2008-03,violent-crime,estimates,0,0,18328340,18306194,99.88
FL,Florida,2008,4,2008-04,violent-crime,estimates,0,0,18328340,18306194,99.88
FL,Florida,2008,5,2008-05,violent-crime,estimates,0,0,18328340,18306194,99.88
FL,Florida,2008,6,2008-06,violent-crime,estimates,23441,128.05,18328340,18306194,99.88
FL,Florida,2008,7,2008-07,violent-crime,estimates,0,0,18328340,18306194,99.88
FL,Florida,2008,8,2008-08,violent-crime,estimates,0,0,18328340,18306194,99.88
FL,Florida,2008,9,2008-09,violent-crime,estimates,0,0,18328340,18297214,99.83
FL,Florida,2008,10,2008-10,violent-crime,estimates,0,0,18328340,18297214,99.83
FL,Florida,2008,11,2008-11,violent-crime,estimates,0,0,18328340,18297214,99.83
FL,Florida,2008,12,2008-12,violent-crime,estimates,102639,560.68,18328340,18306194,99.88
FL,Florida,2009,1,2009-01,violent-crime,estimates,0,0,18537969,18514171,99.87
FL,Florida,2009,2,2009-02,violent-crime,estimates,0,0,18537969,18514171,99.87
FL,Florida,2009,3,2009-03,violent-crime,estimates,0,0,18537969,18514171,99.87
FL,Florida,2009,4,2009-04,violent-crime,estimates,0,0,18537969,18514171,99.87
FL,Florida,2009,5,2009-05,violent-crime,estimates,0,0,18537969,18514171,99.87
FL,Florida,2009,6,2009-06,violent-crime,estimates,20215,109.19,18537969,18514171,99.87
FL,Florida,2009,7,2009-07,violent-crime,estimates,0,0,18537969,18514171,99.87
FL,Florida,2009,8,2009-08,violent-crime,estimates,0,0,18537969,18514171,99.87
FL,Florida,2009,9,2009-09,violent-crime,estimates,0,0,18537969,18514171,99.87
FL,Florida,2009,10,2009-10,violent-crime,estimates,0,0,18537969,18514171,99.87
FL,Florida,2009,11,2009-11,violent-crime,estimates,0,0,18537969,18514171,99.87
FL,Florida,2009,12,2009-12,violent-crime,estimates,93200,503.4,18537969,18514171,99.87
FL,Florida,2010,1,2010-01,violent-crime,estimates,0,0,18801310,18792513,99.95
FL,Florida,2010,2,2010-02,violent-crime,estimates,0,0,18801310,18792513,99.95
FL,Florida,2010,3,2010-03,violent-crime,estimates,0,0,18801310,18792513,99.95
FL,Florida,2010,4,2010-04,violent-crime,estimates,0,0,18801310,18792513,99.95
FL,Florida,2010,5,2010-05,violent-crime,estimates,0,0,18801310,18792513,99.95
FL,Florida,2010,6,2010-06,violent-crime,estimates,17925,95.38,18801310,18792513,99.95
FL,Florida,2010,7,2010-07,violent-crime,estimates,0,0,18801310,18792513,99.95
FL,Florida,2010,8,2010-08,violent-crime,estimates,0,0,18801310,18792513,99.95
FL,Florida,2010,9,2010-09,violent-crime,estimates,0,0,18801310,18792513,99.95
FL,Florida,2010,10,2010-10,violent-crime,estimates,0,0,18801310,18792513,99.95
FL,Florida,2010,11,2010-11,violent-crime,estimates,0,0,18801310,18792513,99.95
FL,Florida,2010,12,2010-12,violent-crime,estimates,83984,446.95,18801310,18790514,99.94
FL,Florida,2011,1,2011-01,violent-crime,estimates,0,0,19057542,19052717,99.97
FL,Florida,2011,2,2011-02,violent-crime,estimates,0,0,19057542,19052717,99.97
FL,Florida,2011,3,2011-03,violent-crime,estimates,0,0,19057542,19052717,99.97
FL,Florida,2011,4,2011-04,violent-crime,estimates,0,0,19057542,19052717,99.97
FL,Florida,2011,5,2011-05,violent-crime,estimates,0,0,19057542,19052717,99.97
FL,Florida,2011,6,2011-06,violent-crime,estimates,32115,168.56,19057542,19052717,99.97
FL,Florida,2011,7,2011-07,violent-crime,estimates,0,0,19057542,19052717,99.97
FL,Florida,2011,8,2011-08,violent-crime,estimates,0,0,19057542,19052717,99.97
FL,Florida,2011,9,2011-09,violent-crime,estimates,0,0,19057542,19052717,99.97
FL,Florida,2011,10,2011-10,violent-crime,estimates,0,0,19057542,19052717,99.97
FL,Florida,2011,11,2011-11,violent-crime,estimates,0,0,19057542,19052717,99.97
FL,Florida,2011,12,2011-12,violent-crime,estimates,66056,346.7,19057542,19052717,99.97
FL,Florida,2012,1,2012-01,violent-crime,estimates,0,0,19317568,19290951,99.86
FL,Florida,2012,2,2012-02,violent-crime,estimates,0,0,19317568,19290951,99.86
FL,Florida,2012,3,2012-03,violent-crime,estimates,0,0,19317568,19290951,99.86
FL,Florida,2012,4,2012-04,violent-crime,estimates,0,0,19317568,19290951,99.86
FL,Florida,2012,5,2012-05,violent-crime,estimates,0,0,19317568,19290951,99.86
FL,Florida,2012,6,2012-06,violent-crime,estimates,13874,71.92,19317568,19290951,99.86
FL,Florida,2012,7,2012-07,violent-crime,estimates,0,0,19317568,19290951,99.86
FL,Florida,2012,8,2012-08,violent-crime,estimates,0,0,19317568,19290951,99.86
FL,Florida,2012,9,2012-09,violent-crime,estimates,0,0,19317568,19290951,99.86
FL,Florida,2012,10,2012-10,violent-crime,estimates,0,0,19317568,19290951,99.86
FL,Florida,2012,11,2012-11,violent-crime,estimates,0,0,19317568,19290951,99.86
FL,Florida,2012,12,2012-12,violent-crime,estimates,80087,415.15,19317568,19290951,99.86
FL,Florida,2013,1,2013-01,violent-crime,estimates,8,0.04,19552860,19489361,99.68
FL,Florida,2013,2,2013-02,violent-crime,estimates,8,0.04,19552860,19489361,99.68
FL,Florida,2013,3,2013-03,violent-crime,estimates,3,0.02,19552860,19489361,99.68
FL,Florida,2013,4,2013-04,violent-crime,estimates,7,0.04,19552860,19489361,99.68
FL,Florida,2013,5,2013-05,violent-crime,estimates,1,0.01,19552860,19522358,99.84
FL,Florida,2013,6,2013-06,violent-crime,estimates,16605,85.2,19552860,19489361,99.68
FL,Florida,2013,7,2013-07,violent-crime,estimates,5,0.03,19552860,19489361,99.68
FL,Florida,2013,8,2013-08,violent-crime,estimates,7,0.04,19552860,19489361,99.68
FL,Florida,2013,9,2013-09,violent-crime,estimates,8,0.04,19552860,19489361,99.68
FL,Florida,2013,10,2013-10,violent-crime,estimates,8,0.04,19552860,19489361,99.68
FL,Florida,2013,11,2013-11,violent-crime,estimates,14,0.07,19552860,19489361,99.68
FL,Florida,2013,12,2013-12,violent-crime,estimates,75018,384.92,19552860,19489361,99.68
FL,Florida,2014,1,2014-01,violent-crime,estimates,0,0,19893297,19829171,99.68
FL,Florida,2014,2,2014-02,violent-crime,estimates,0,0,19893297,19829171,99.68
FL,Florida,2014,3,2014-03,violent-crime,estimates,0,0,19893297,19829171,99.68
FL,Florida,2014,4,2014-04,violent-crime,estimates,0,0,19893297,19829171,99.68
FL,Florida,2014,5,2014-05,violent-crime,estimates,0,0,19893297,19829171,99.68
FL,Florida,2014,6,2014-06,violent-crime,estimates,13642,68.8,19893297,19829171,99.68
FL,Florida,2014,7,2014-07,violent-crime,estimates,0,0,19893297,19829171,99.68
FL,Florida,2014,8,2014-08,violent-crime,estimates,0,0,19893297,19829171,99.68
FL,Florida,2014,9,2014-09,violent-crime,estimates,0,0,19893297,19829171,99.68
FL,Florida,2014,10,2014-10,violent-crime,estimates,0,0,19893297,19829171,99.68
FL,Florida,2014,11,2014-11,violent-crime,estimates,0,0,19893297,19829171,99.68
FL,Florida,2014,12,2014-12,violent-crime,estimates,77423,390.45,19893297,19829171,99.68
FL,Florida,2015,1,2015-01,violent-crime,estimates,9,0.04,20271272,20223143,99.76
FL,Florida,2015,2,2015-02,violent-crime,estimates,5,0.02,20271272,20223143,99.76
FL,Florida,2015,3,2015-03,violent-crime,estimates,5,0.02,20271272,20223143,99.76
FL,Florida,2015,4,2015-04,violent-crime,estimates,10,0.05,20271272,20223143,99.76
FL,Florida,2015,5,2015-05,violent-crime,estimates,7,0.03,20271272,20223143,99.76
FL,Florida,2015,6,2015-06,violent-crime,estimates,14138,69.91,20271272,20223143,99.76
FL,Florida,2015,7,2015-07,violent-crime,estimates,5,0.02,20271272,20223143,99.76
FL,Florida,2015,8,2015-08,violent-crime,estimates,6,0.03,20271272,20223143,99.76
FL,Florida,2015,9,2015-09,violent-crime,estimates,14,0.07,20271272,20223143,99.76
FL,Florida,2015,10,2015-10,violent-crime,estimates,6,0.03,20271272,20223143,99.76
FL,Florida,2015,11,2015-11,violent-crime,estimates,1,0,20271272,20223143,99.76
FL,Florida,2015,12,2015-12,violent-crime,estimates,79206,391.66,20271272,20223143,99.76
FL,Florida,2016,1,2016-01,violent-crime,estimates,0,0,20612439,20566240,99.78
FL,Florida,2016,2,2016-02,violent-crime,estimates,0,0,20612439,20566240,99.78
FL,Florida,2016,3,2016-03,violent-crime,estimates,0,0,20612439,20566240,99.78
FL,Florida,2016,4,2016-04,violent-crime,estimates,0,0,20612439,20566240,99.78
FL,Florida,2016,5,2016-05,violent-crime,estimates,0,0,20612439,20566240,99.78
FL,Florida,2016,6,2016-06,violent-crime,estimates,13193,64.15,20612439,20566240,99.78
FL,Florida,2016,7,2016-07,violent-crime,estimates,0,0,20612439,20566240,99.78
FL,Florida,2016,8,2016-08,violent-crime,estimates,0,0,20612439,20566240,99.78
FL,Florida,2016,9,2016-09,violent-crime,estimates,0,0,20612439,20566240,99.78
FL,Florida,2016,10,2016-10,violent-crime,estimates,0,0,20612439,20566240,99.78
FL,Florida,2016,11,2016-11,violent-crime,estimates,0,0,20612439,20566240,99.78
FL,Florida,2016,12,2016-12,violent-crime,estimates,75308,366.17,20612439,20566240,99.78
FL,Florida,2017,1,2017-01,violent-crime,estimates,12,0.06,20984400,20971216,99.94
FL,Florida,2017,2,2017-02,violent-crime,estimates,6,0.03,20984400,20971216,99.94
FL,Florida,2017,3,2017-03,violent-crime,estimates,9,0.04,20984400,20971216,99.94
FL,Florida,2017,4,2017-04,violent-crime,estimates,1,0,20984400,20971216,99.94
FL,Florida,2017,5,2017-05,violent-crime,estimates,6,0.03,20984400,20971216,99.94
FL,Florida,2017,6,2017-06,violent-crime,estimates,10,0.05,20984400,20971216,99.94
FL,Florida,2017,7,2017-07,violent-crime,estimates,4,0.02,20984400,20971216,99.94
FL,Florida,2017,8,2017-08,violent-crime,estimates,9,0.04,20984400,20971216,99.94
FL,Florida,2017,9,2017-09,violent-crime,estimates,1,0,20984400,20971216,99.94
FL,Florida,2017,10,2017-10,violent-crime,estimates,2,0.01,20984400,20971216,99.94
FL,Florida,2017,11,2017-11,violent-crime,estimates,6,0.03,20984400,20971216,99.94
FL,Florida,2017,12,2017-12,violent-crime,estimates,85497,407.69,20984400,20971216,99.94
GA,Georgia,1999,1,1999-01,violent-crime,estimates,3459,45.83,7788000,7547543,96.91
GA,Georgia,1999,2,1999-02,violent-crime,estimates,2856,38.03,7788000,7510373,96.44
GA,Georgia,1999,3,1999-03,violent-crime,estimates,3074,41.15,7788000,7469326,95.91
GA,Georgia,1999,4,1999-04,violent-crime,estimates,3383,44.84,7788000,7543892,96.87
GA,Georgia,1999,5,1999-05,violent-crime,estimates,3569,47.09,7788000,7579671,97.33
GA,Georgia,1999,6,1999-06,violent-crime,estimates,3294,44.03,7788000,7480663,96.05
GA,Georgia,1999,7,1999-07,violent-crime,estimates,3594,48.2,7788000,7456857,95.75
GA,Georgia,1999,8,1999-08,violent-crime,estimates,3609,48.8,7788000,7394879,94.95
GA,Georgia,1999,9,1999-09,violent-crime,estimates,3358,45.67,7788000,7352724,94.41
GA,Georgia,1999,10,1999-10,violent-crime,estimates,3298,44.67,7788000,7383697,94.81
GA,Georgia,1999,11,1999-11,violent-crime,estimates,3205,43.47,7788000,7372874,94.67
GA,Georgia,1999,12,1999-12,violent-crime,estimates,3100,43.68,7788000,7097441,91.13
GA,Georgia,2000,1,2000-01,violent-crime,estimates,3181,40.05,8186453,7943423,97.03
GA,Georgia,2000,2,2000-02,violent-crime,estimates,2781,36.38,8186453,7645326,93.39
GA,Georgia,2000,3,2000-03,violent-crime,estimates,3327,43.02,8186453,7732975,94.46
GA,Georgia,2000,4,2000-04,violent-crime,estimates,3221,42.07,8186453,7656708,93.53
GA,Georgia,2000,5,2000-05,violent-crime,estimates,3633,47.73,8186453,7611809,92.98
GA,Georgia,2000,6,2000-06,violent-crime,estimates,3291,42.66,8186453,7714641,94.24
GA,Georgia,2000,7,2000-07,violent-crime,estimates,3681,47.85,8186453,7692883,93.97
GA,Georgia,2000,8,2000-08,violent-crime,estimates,3462,45.54,8186453,7602527,92.87
GA,Georgia,2000,9,2000-09,violent-crime,estimates,3367,44.51,8186453,7565122,92.41
GA,Georgia,2000,10,2000-10,violent-crime,estimates,3234,42.96,8186453,7528707,91.97
GA,Georgia,2000,11,2000-11,violent-crime,estimates,3021,40.25,8186453,7506267,91.69
GA,Georgia,2000,12,2000-12,violent-crime,estimates,3224,43.33,8186453,7440558,90.89
GA,Georgia,2001,1,2001-01,violent-crime,estimates,3302,41.39,8383915,7977795,95.16
GA,Georgia,2001,2,2001-02,violent-crime,estimates,2637,33.11,8383915,7964190,94.99
GA,Georgia,2001,3,2001-03,violent-crime,estimates,3195,40.1,8383915,7967963,95.04
GA,Georgia,2001,4,2001-04,violent-crime,estimates,3262,40.85,8383915,7985767,95.25
GA,Georgia,2001,5,2001-05,violent-crime,estimates,3427,43.07,8383915,7956149,94.9
GA,Georgia,2001,6,2001-06,violent-crime,estimates,3387,42.8,8383915,7913281,94.39
GA,Georgia,2001,7,2001-07,violent-crime,estimates,3752,47.96,8383915,7823393,93.31
GA,Georgia,2001,8,2001-08,violent-crime,estimates,3509,44.63,8383915,7862331,93.78
GA,Georgia,2001,9,2001-09,violent-crime,estimates,3281,41.75,8383915,7858229,93.73
GA,Georgia,2001,10,2001-10,violent-crime,estimates,3407,43.48,8383915,7835876,93.46
GA,Georgia,2001,11,2001-11,violent-crime,estimates,3349,42.67,8383915,7848401,93.61
GA,Georgia,2001,12,2001-12,violent-crime,estimates,3106,39.93,8383915,7779467,92.79
GA,Georgia,2002,1,2002-01,violent-crime,estimates,3083,37.15,8560310,8297881,96.93
GA,Georgia,2002,2,2002-02,violent-crime,estimates,2434,29.5,8560310,8250136,96.38
GA,Georgia,2002,3,2002-03,violent-crime,estimates,2987,36.37,8560310,8211914,95.93
GA,Georgia,2002,4,2002-04,violent-crime,estimates,3014,36.53,8560310,8250233,96.38
GA,Georgia,2002,5,2002-05,violent-crime,estimates,3276,39.81,8560310,8230052,96.14
GA,Georgia,2002,6,2002-06,violent-crime,estimates,3172,38.59,8560310,8220561,96.03
GA,Georgia,2002,7,2002-07,violent-crime,estimates,3362,40.91,8560310,8218429,96.01
GA,Georgia,2002,8,2002-08,violent-crime,estimates,3464,42.4,8560310,8169103,95.43
GA,Georgia,2002,9,2002-09,violent-crime,estimates,3504,43.21,8560310,8109003,94.73
GA,Georgia,2002,10,2002-10,violent-crime,estimates,3200,39.5,8560310,8101723,94.64
GA,Georgia,2002,11,2002-11,violent-crime,estimates,2894,36.03,8560310,8033220,93.84
GA,Georgia,2002,12,2002-12,violent-crime,estimates,3073,38.22,8560310,8039307,93.91
GA,Georgia,2003,1,2003-01,violent-crime,estimates,3007,36.32,8684715,8279808,95.34
GA,Georgia,2003,2,2003-02,violent-crime,estimates,2374,28.9,8684715,8215583,94.6
GA,Georgia,2003,3,2003-03,violent-crime,estimates,3029,37.39,8684715,8101130,93.28
GA,Georgia,2003,4,2003-04,violent-crime,estimates,3127,38.68,8684715,8083900,93.08
GA,Georgia,2003,5,2003-05,violent-crime,estimates,3149,38.82,8684715,8112723,93.41
GA,Georgia,2003,6,2003-06,violent-crime,estimates,3326,40.87,8684715,8137271,93.7
GA,Georgia,2003,7,2003-07,violent-crime,estimates,3329,42.29,8684715,7872262,90.65
GA,Georgia,2003,8,2003-08,violent-crime,estimates,3477,43.77,8684715,7944431,91.48
GA,Georgia,2003,9,2003-09,violent-crime,estimates,3153,39.18,8684715,8047239,92.66
GA,Georgia,2003,10,2003-10,violent-crime,estimates,3172,40.48,8684715,7835001,90.22
GA,Georgia,2003,11,2003-11,violent-crime,estimates,2855,36.19,8684715,7888847,90.84
GA,Georgia,2003,12,2003-12,violent-crime,estimates,2917,37.67,8684715,7743043,89.16
GA,Georgia,2004,1,2004-01,violent-crime,estimates,2730,33.1,8829383,8248564,93.42
GA,Georgia,2004,2,2004-02,violent-crime,estimates,2443,29.65,8829383,8240697,93.33
GA,Georgia,2004,3,2004-03,violent-crime,estimates,2839,34.55,8829383,8217618,93.07
GA,Georgia,2004,4,2004-04,violent-crime,estimates,2946,35.94,8829383,8197313,92.84
GA,Georgia,2004,5,2004-05,violent-crime,estimates,3164,38.6,8829383,8196625,92.83
GA,Georgia,2004,6,2004-06,violent-crime,estimates,2902,36.39,8829383,7974688,90.32
GA,Georgia,2004,7,2004-07,violent-crime,estimates,3119,39.72,8829383,7852096,88.93
GA,Georgia,2004,8,2004-08,violent-crime,estimates,3039,38.52,8829383,7889908,89.36
GA,Georgia,2004,9,2004-09,violent-crime,estimates,2643,36.71,8829383,7200531,81.55
GA,Georgia,2004,10,2004-10,violent-crime,estimates,3033,39.24,8829383,7729733,87.55
GA,Georgia,2004,11,2004-11,violent-crime,estimates,2579,34,8829383,7584391,85.9
GA,Georgia,2004,12,2004-12,violent-crime,estimates,5463,71.27,8829383,7665312,86.82
GA,Georgia,2005,1,2005-01,violent-crime,estimates,2966,34.63,9072576,8565276,94.41
GA,Georgia,2005,2,2005-02,violent-crime,estimates,2368,27.74,9072576,8536573,94.09
GA,Georgia,2005,3,2005-03,violent-crime,estimates,2977,35.6,9072576,8362195,92.17
GA,Georgia,2005,4,2005-04,violent-crime,estimates,3129,37.51,9072576,8342154,91.95
GA,Georgia,2005,5,2005-05,violent-crime,estimates,3179,37.9,9072576,8388778,92.46
GA,Georgia,2005,6,2005-06,violent-crime,estimates,3174,38.45,9072576,8254057,90.98
GA,Georgia,2005,7,2005-07,violent-crime,estimates,3457,41.4,9072576,8349714,92.03
GA,Georgia,2005,8,2005-08,violent-crime,estimates,3521,42.76,9072576,8234529,90.76
GA,Georgia,2005,9,2005-09,violent-crime,estimates,3530,43.3,9072576,8151788,89.85
GA,Georgia,2005,10,2005-10,violent-crime,estimates,3318,40.56,9072576,8179589,90.16
GA,Georgia,2005,11,2005-11,violent-crime,estimates,3147,38.3,9072576,8217726,90.58
GA,Georgia,2005,12,2005-12,violent-crime,estimates,3075,37.52,9072576,8196711,90.35
GA,Georgia,2006,1,2006-01,violent-crime,estimates,3397,38.8,9363941,8754804,93.49
GA,Georgia,2006,2,2006-02,violent-crime,estimates,2586,29.81,9363941,8673873,92.63
GA,Georgia,2006,3,2006-03,violent-crime,estimates,3003,35.7,9363941,8412267,89.84
GA,Georgia,2006,4,2006-04,violent-crime,estimates,3258,40.38,9363941,8067387,86.15
GA,Georgia,2006,5,2006-05,violent-crime,estimates,3374,39.02,9363941,8646529,92.34
GA,Georgia,2006,6,2006-06,violent-crime,estimates,3465,40.74,9363941,8504160,90.82
GA,Georgia,2006,7,2006-07,violent-crime,estimates,3872,46.1,9363941,8399924,89.71
GA,Georgia,2006,8,2006-08,violent-crime,estimates,3945,45.48,9363941,8674211,92.63
GA,Georgia,2006,9,2006-09,violent-crime,estimates,3620,41.51,9363941,8721685,93.14
GA,Georgia,2006,10,2006-10,violent-crime,estimates,3646,42.23,9363941,8633105,92.2
GA,Georgia,2006,11,2006-11,violent-crime,estimates,3394,39.66,9363941,8557380,91.39
GA,Georgia,2006,12,2006-12,violent-crime,estimates,3565,41.14,9363941,8664509,92.53
GA,Georgia,2007,1,2007-01,violent-crime,estimates,3340,36.38,9544750,9180114,96.18
GA,Georgia,2007,2,2007-02,violent-crime,estimates,2973,32.28,9544750,9209765,96.49
GA,Georgia,2007,3,2007-03,violent-crime,estimates,3820,41.69,9544750,9163613,96.01
GA,Georgia,2007,4,2007-04,violent-crime,estimates,3661,40.01,9544750,9149475,95.86
GA,Georgia,2007,5,2007-05,violent-crime,estimates,4050,44.33,9544750,9136649,95.72
GA,Georgia,2007,6,2007-06,violent-crime,estimates,4140,45.2,9544750,9159660,95.97
GA,Georgia,2007,7,2007-07,violent-crime,estimates,4057,44.4,9544750,9137193,95.73
GA,Georgia,2007,8,2007-08,violent-crime,estimates,4204,46.13,9544750,9112916,95.48
GA,Georgia,2007,9,2007-09,violent-crime,estimates,3826,42.01,9544750,9107522,95.42
GA,Georgia,2007,10,2007-10,violent-crime,estimates,3738,41.16,9544750,9081475,95.15
GA,Georgia,2007,11,2007-11,violent-crime,estimates,3623,40.23,9544750,9005009,94.35
GA,Georgia,2007,12,2007-12,violent-crime,estimates,3658,40.67,9544750,8995307,94.24
GA,Georgia,2008,1,2008-01,violent-crime,estimates,3456,36.85,9685744,9377736,96.82
GA,Georgia,2008,2,2008-02,violent-crime,estimates,2699,30.38,9685744,8883599,91.72
GA,Georgia,2008,3,2008-03,violent-crime,estimates,3552,37.87,9685744,9379020,96.83
GA,Georgia,2008,4,2008-04,violent-crime,estimates,3697,39.4,9685744,9384215,96.89
GA,Georgia,2008,5,2008-05,violent-crime,estimates,4073,43.71,9685744,9318108,96.2
GA,Georgia,2008,6,2008-06,violent-crime,estimates,3898,41.79,9685744,9327780,96.3
GA,Georgia,2008,7,2008-07,violent-crime,estimates,4161,44.8,9685744,9288820,95.9
GA,Georgia,2008,8,2008-08,violent-crime,estimates,4318,46.32,9685744,9322568,96.25
GA,Georgia,2008,9,2008-09,violent-crime,estimates,4206,45.11,9685744,9323639,96.26
GA,Georgia,2008,10,2008-10,violent-crime,estimates,4107,44.01,9685744,9331705,96.34
GA,Georgia,2008,11,2008-11,violent-crime,estimates,3746,40.26,9685744,9303927,96.06
GA,Georgia,2008,12,2008-12,violent-crime,estimates,3640,39.41,9685744,9236470,95.36
GA,Georgia,2009,1,2009-01,violent-crime,estimates,3321,34.84,9829211,9530994,96.97
GA,Georgia,2009,2,2009-02,violent-crime,estimates,2755,28.75,9829211,9582834,97.49
GA,Georgia,2009,3,2009-03,violent-crime,estimates,3167,33.22,9829211,9534447,97
GA,Georgia,2009,4,2009-04,violent-crime,estimates,3407,35.68,9829211,9549314,97.15
GA,Georgia,2009,5,2009-05,violent-crime,estimates,3653,38.18,9829211,9568842,97.35
GA,Georgia,2009,6,2009-06,violent-crime,estimates,3703,38.76,9829211,9552824,97.19
GA,Georgia,2009,7,2009-07,violent-crime,estimates,3715,39.03,9829211,9519353,96.85
GA,Georgia,2009,8,2009-08,violent-crime,estimates,3604,38.09,9829211,9462213,96.27
GA,Georgia,2009,9,2009-09,violent-crime,estimates,3332,35.11,9829211,9491127,96.56
GA,Georgia,2009,10,2009-10,violent-crime,estimates,3720,39.31,9829211,9464030,96.28
GA,Georgia,2009,11,2009-11,violent-crime,estimates,3209,34.18,9829211,9389701,95.53
GA,Georgia,2009,12,2009-12,violent-crime,estimates,3089,32.87,9829211,9397888,95.61
GA,Georgia,2010,1,2010-01,violent-crime,estimates,2905,30.94,9687653,9390022,96.93
GA,Georgia,2010,2,2010-02,violent-crime,estimates,2333,24.74,9687653,9431499,97.36
GA,Georgia,2010,3,2010-03,violent-crime,estimates,3045,32.34,9687653,9415771,97.19
GA,Georgia,2010,4,2010-04,violent-crime,estimates,3283,34.97,9687653,9387564,96.9
GA,Georgia,2010,5,2010-05,violent-crime,estimates,3484,37.14,9687653,9381701,96.84
GA,Georgia,2010,6,2010-06,violent-crime,estimates,3251,34.61,9687653,9392784,96.96
GA,Georgia,2010,7,2010-07,violent-crime,estimates,3451,36.75,9687653,9389511,96.92
GA,Georgia,2010,8,2010-08,violent-crime,estimates,3434,36.54,9687653,9397132,97
GA,Georgia,2010,9,2010-09,violent-crime,estimates,3425,36.55,9687653,9370881,96.73
GA,Georgia,2010,10,2010-10,violent-crime,estimates,3290,35.15,9687653,9359699,96.61
GA,Georgia,2010,11,2010-11,violent-crime,estimates,3070,32.8,9687653,9359989,96.62
GA,Georgia,2010,12,2010-12,violent-crime,estimates,2843,30.31,9687653,9379769,96.82
GA,Georgia,2011,1,2011-01,violent-crime,estimates,2683,27.84,9815210,9637063,98.18
GA,Georgia,2011,2,2011-02,violent-crime,estimates,2248,23.38,9815210,9616153,97.97
GA,Georgia,2011,3,2011-03,violent-crime,estimates,2760,28.71,9815210,9613090,97.94
GA,Georgia,2011,4,2011-04,violent-crime,estimates,2987,31.11,9815210,9601143,97.82
GA,Georgia,2011,5,2011-05,violent-crime,estimates,3257,33.93,9815210,9599585,97.8
GA,Georgia,2011,6,2011-06,violent-crime,estimates,2993,31.31,9815210,9559957,97.4
GA,Georgia,2011,7,2011-07,violent-crime,estimates,3449,35.98,9815210,9585941,97.66
GA,Georgia,2011,8,2011-08,violent-crime,estimates,3301,34.37,9815210,9604119,97.85
GA,Georgia,2011,9,2011-09,violent-crime,estimates,3070,32.03,9815210,9584404,97.65
GA,Georgia,2011,10,2011-10,violent-crime,estimates,2980,31.22,9815210,9545381,97.25
GA,Georgia,2011,11,2011-11,violent-crime,estimates,3099,32.55,9815210,9521405,97.01
GA,Georgia,2011,12,2011-12,violent-crime,estimates,3106,32.86,9815210,9453519,96.31
GA,Georgia,2012,1,2012-01,violent-crime,estimates,2849,29.06,9919945,9803466,98.83
GA,Georgia,2012,2,2012-02,violent-crime,estimates,2321,23.69,9919945,9796721,98.76
GA,Georgia,2012,3,2012-03,violent-crime,estimates,2982,30.46,9919945,9790474,98.69
GA,Georgia,2012,4,2012-04,violent-crime,estimates,3126,31.92,9919945,9791756,98.71
GA,Georgia,2012,5,2012-05,violent-crime,estimates,3315,33.9,9919945,9778656,98.58
GA,Georgia,2012,6,2012-06,violent-crime,estimates,3190,32.57,9919945,9794877,98.74
GA,Georgia,2012,7,2012-07,violent-crime,estimates,3445,35.19,9919945,9788594,98.68
GA,Georgia,2012,8,2012-08,violent-crime,estimates,3501,35.82,9919945,9774149,98.53
GA,Georgia,2012,9,2012-09,violent-crime,estimates,3267,33.45,9919945,9766684,98.46
GA,Georgia,2012,10,2012-10,violent-crime,estimates,3090,31.73,9919945,9737639,98.16
GA,Georgia,2012,11,2012-11,violent-crime,estimates,2943,30.22,9919945,9737639,98.16
GA,Georgia,2012,12,2012-12,violent-crime,estimates,3037,31.24,9919945,9722794,98.01
GA,Georgia,2013,1,2013-01,violent-crime,estimates,3113,32.08,9992167,9705035,97.13
GA,Georgia,2013,2,2013-02,violent-crime,estimates,2359,24.2,9992167,9748919,97.57
GA,Georgia,2013,3,2013-03,violent-crime,estimates,2786,28.56,9992167,9754558,97.62
GA,Georgia,2013,4,2013-04,violent-crime,estimates,2856,29.28,9992167,9752812,97.6
GA,Georgia,2013,5,2013-05,violent-crime,estimates,3263,33.5,9992167,9740940,97.49
GA,Georgia,2013,6,2013-06,violent-crime,estimates,3264,33.52,9992167,9736740,97.44
GA,Georgia,2013,7,2013-07,violent-crime,estimates,3152,32.44,9992167,9715210,97.23
GA,Georgia,2013,8,2013-08,violent-crime,estimates,3056,31.42,9992167,9727440,97.35
GA,Georgia,2013,9,2013-09,violent-crime,estimates,3032,31.36,9992167,9668689,96.76
GA,Georgia,2013,10,2013-10,violent-crime,estimates,3042,31.4,9992167,9687603,96.95
GA,Georgia,2013,11,2013-11,violent-crime,estimates,2962,30.5,9992167,9710466,97.18
GA,Georgia,2013,12,2013-12,violent-crime,estimates,2956,30.88,9992167,9573686,95.81
GA,Georgia,2014,1,2014-01,violent-crime,estimates,2791,28.42,10097343,9821087,97.26
GA,Georgia,2014,2,2014-02,violent-crime,estimates,2365,24.13,10097343,9799221,97.05
GA,Georgia,2014,3,2014-03,violent-crime,estimates,3040,31,10097343,9804950,97.1
GA,Georgia,2014,4,2014-04,violent-crime,estimates,3119,31.79,10097343,9812332,97.18
GA,Georgia,2014,5,2014-05,violent-crime,estimates,3435,35.71,10097343,9617947,95.25
GA,Georgia,2014,6,2014-06,violent-crime,estimates,3098,32.29,10097343,9595270,95.03
GA,Georgia,2014,7,2014-07,violent-crime,estimates,3440,35.83,10097343,9601947,95.09
GA,Georgia,2014,8,2014-08,violent-crime,estimates,3496,36.41,10097343,9600620,95.08
GA,Georgia,2014,9,2014-09,violent-crime,estimates,3365,35.09,10097343,9589042,94.97
GA,Georgia,2014,10,2014-10,violent-crime,estimates,3173,33.08,10097343,9592695,95
GA,Georgia,2014,11,2014-11,violent-crime,estimates,2959,30.86,10097343,9589901,94.97
GA,Georgia,2014,12,2014-12,violent-crime,estimates,3082,32.2,10097343,9570486,94.78
GA,Georgia,2015,1,2015-01,violent-crime,estimates,3044,30.87,10214860,9860816,96.53
GA,Georgia,2015,2,2015-02,violent-crime,estimates,2274,23.04,10214860,9869376,96.62
GA,Georgia,2015,3,2015-03,violent-crime,estimates,2836,28.29,10214860,10026057,98.15
GA,Georgia,2015,4,2015-04,violent-crime,estimates,2908,29.01,10214860,10023047,98.12
GA,Georgia,2015,5,2015-05,violent-crime,estimates,3258,32.54,10214860,10011853,98.01
GA,Georgia,2015,6,2015-06,violent-crime,estimates,3023,30.21,10214860,10007341,97.97
GA,Georgia,2015,7,2015-07,violent-crime,estimates,3346,33.54,10214860,9976321,97.66
GA,Georgia,2015,8,2015-08,violent-crime,estimates,3165,31.72,10214860,9976641,97.67
GA,Georgia,2015,9,2015-09,violent-crime,estimates,3295,33.04,10214860,9973429,97.64
GA,Georgia,2015,10,2015-10,violent-crime,estimates,3207,32.16,10214860,9972301,97.63
GA,Georgia,2015,11,2015-11,violent-crime,estimates,2976,29.84,10214860,9973690,97.64
GA,Georgia,2015,12,2015-12,violent-crime,estimates,3189,31.99,10214860,9969889,97.6
GA,Georgia,2016,1,2016-01,violent-crime,estimates,3334,32.9,10310371,10134012,98.29
GA,Georgia,2016,2,2016-02,violent-crime,estimates,2848,28.13,10310371,10124824,98.2
GA,Georgia,2016,3,2016-03,violent-crime,estimates,3259,32.17,10310371,10132090,98.27
GA,Georgia,2016,4,2016-04,violent-crime,estimates,3263,32.24,10310371,10120013,98.15
GA,Georgia,2016,5,2016-05,violent-crime,estimates,3484,34.39,10310371,10131911,98.27
GA,Georgia,2016,6,2016-06,violent-crime,estimates,3310,32.7,10310371,10122985,98.18
GA,Georgia,2016,7,2016-07,violent-crime,estimates,3422,33.83,10310371,10113919,98.09
GA,Georgia,2016,8,2016-08,violent-crime,estimates,3494,34.49,10310371,10129804,98.25
GA,Georgia,2016,9,2016-09,violent-crime,estimates,3315,32.74,10310371,10123789,98.19
GA,Georgia,2016,10,2016-10,violent-crime,estimates,3373,33.34,10310371,10116171,98.12
GA,Georgia,2016,11,2016-11,violent-crime,estimates,2981,29.48,10310371,10113151,98.09
GA,Georgia,2016,12,2016-12,violent-crime,estimates,3243,32.12,10310371,10096711,97.93
GA,Georgia,2017,1,2017-01,violent-crime,estimates,2695,26.29,10429379,10251596,98.3
GA,Georgia,2017,2,2017-02,violent-crime,estimates,2364,23.22,10429379,10179465,97.6
GA,Georgia,2017,3,2017-03,violent-crime,estimates,2668,26.2,10429379,10181662,97.62
GA,Georgia,2017,4,2017-04,violent-crime,estimates,2671,26.25,10429379,10176853,97.58
GA,Georgia,2017,5,2017-05,violent-crime,estimates,2803,27.36,10429379,10244370,98.23
GA,Georgia,2017,6,2017-06,violent-crime,estimates,2926,28.79,10429379,10163732,97.45
GA,Georgia,2017,7,2017-07,violent-crime,estimates,3047,29.96,10429379,10169930,97.51
GA,Georgia,2017,8,2017-08,violent-crime,estimates,2603,25.45,10429379,10229011,98.08
GA,Georgia,2017,9,2017-09,violent-crime,estimates,2692,26.36,10429379,10213869,97.93
GA,Georgia,2017,10,2017-10,violent-crime,estimates,2838,27.94,10429379,10159234,97.41
GA,Georgia,2017,11,2017-11,violent-crime,estimates,2592,25.53,10429379,10154164,97.36
GA,Georgia,2017,12,2017-12,violent-crime,estimates,2363,23.27,10429379,10153724,97.36
HI,Hawaii,1999,1,1999-01,violent-crime,estimates,288,24.3,1185000,1185000,100
HI,Hawaii,1999,2,1999-02,violent-crime,estimates,231,19.49,1185000,1185000,100
HI,Hawaii,1999,3,1999-03,violent-crime,estimates,238,20.08,1185000,1185000,100
HI,Hawaii,1999,4,1999-04,violent-crime,estimates,245,20.68,1185000,1185000,100
HI,Hawaii,1999,5,1999-05,violent-crime,estimates,227,19.16,1185000,1185000,100
HI,Hawaii,1999,6,1999-06,violent-crime,estimates,212,17.89,1185000,1185000,100
HI,Hawaii,1999,7,1999-07,violent-crime,estimates,213,17.97,1185000,1185000,100
HI,Hawaii,1999,8,1999-08,violent-crime,estimates,218,18.4,1185000,1185000,100
HI,Hawaii,1999,9,1999-09,violent-crime,estimates,233,19.66,1185000,1185000,100
HI,Hawaii,1999,10,1999-10,violent-crime,estimates,216,18.23,1185000,1185000,100
HI,Hawaii,1999,11,1999-11,violent-crime,estimates,229,19.32,1185000,1185000,100
HI,Hawaii,1999,12,1999-12,violent-crime,estimates,235,19.83,1185000,1185000,100
HI,Hawaii,2000,1,2000-01,violent-crime,estimates,227,18.74,1211537,1211537,100
HI,Hawaii,2000,2,2000-02,violent-crime,estimates,258,21.3,1211537,1211537,100
HI,Hawaii,2000,3,2000-03,violent-crime,estimates,257,21.21,1211537,1211537,100
HI,Hawaii,2000,4,2000-04,violent-crime,estimates,211,17.42,1211537,1211537,100
HI,Hawaii,2000,5,2000-05,violent-crime,estimates,263,21.71,1211537,1211537,100
HI,Hawaii,2000,6,2000-06,violent-crime,estimates,276,22.78,1211537,1211537,100
HI,Hawaii,2000,7,2000-07,violent-crime,estimates,248,20.47,1211537,1211537,100
HI,Hawaii,2000,8,2000-08,violent-crime,estimates,264,21.79,1211537,1211537,100
HI,Hawaii,2000,9,2000-09,violent-crime,estimates,243,20.06,1211537,1211537,100
HI,Hawaii,2000,10,2000-10,violent-crime,estimates,239,19.73,1211537,1211537,100
HI,Hawaii,2000,11,2000-11,violent-crime,estimates,230,18.98,1211537,1211537,100
HI,Hawaii,2000,12,2000-12,violent-crime,estimates,238,19.64,1211537,1211537,100
HI,Hawaii,2001,1,2001-01,violent-crime,estimates,259,21.15,1224398,1224398,100
HI,Hawaii,2001,2,2001-02,violent-crime,estimates,231,18.87,1224398,1224398,100
HI,Hawaii,2001,3,2001-03,violent-crime,estimates,245,20.01,1224398,1224398,100
HI,Hawaii,2001,4,2001-04,violent-crime,estimates,219,17.89,1224398,1224398,100
HI,Hawaii,2001,5,2001-05,violent-crime,estimates,269,21.97,1224398,1224398,100
HI,Hawaii,2001,6,2001-06,violent-crime,estimates,268,21.89,1224398,1224398,100
HI,Hawaii,2001,7,2001-07,violent-crime,estimates,258,21.07,1224398,1224398,100
HI,Hawaii,2001,8,2001-08,violent-crime,estimates,277,22.62,1224398,1224398,100
HI,Hawaii,2001,9,2001-09,violent-crime,estimates,266,21.72,1224398,1224398,100
HI,Hawaii,2001,10,2001-10,violent-crime,estimates,279,22.79,1224398,1224398,100
HI,Hawaii,2001,11,2001-11,violent-crime,estimates,251,20.5,1224398,1224398,100
HI,Hawaii,2001,12,2001-12,violent-crime,estimates,295,24.09,1224398,1224398,100
HI,Hawaii,2002,1,2002-01,violent-crime,estimates,271,21.77,1244898,1244898,100
HI,Hawaii,2002,2,2002-02,violent-crime,estimates,230,18.48,1244898,1244898,100
HI,Hawaii,2002,3,2002-03,violent-crime,estimates,284,22.81,1244898,1244898,100
HI,Hawaii,2002,4,2002-04,violent-crime,estimates,285,22.89,1244898,1244898,100
HI,Hawaii,2002,5,2002-05,violent-crime,estimates,256,20.56,1244898,1244898,100
HI,Hawaii,2002,6,2002-06,violent-crime,estimates,244,19.6,1244898,1244898,100
HI,Hawaii,2002,7,2002-07,violent-crime,estimates,239,19.2,1244898,1244898,100
HI,Hawaii,2002,8,2002-08,violent-crime,estimates,292,23.46,1244898,1244898,100
HI,Hawaii,2002,9,2002-09,violent-crime,estimates,263,21.13,1244898,1244898,100
HI,Hawaii,2002,10,2002-10,violent-crime,estimates,299,24.02,1244898,1244898,100
HI,Hawaii,2002,11,2002-11,violent-crime,estimates,289,23.21,1244898,1244898,100
HI,Hawaii,2002,12,2002-12,violent-crime,estimates,310,24.9,1244898,1244898,100
HI,Hawaii,2003,1,2003-01,violent-crime,estimates,329,26.16,1257608,1257608,100
HI,Hawaii,2003,2,2003-02,violent-crime,estimates,245,19.48,1257608,1257608,100
HI,Hawaii,2003,3,2003-03,violent-crime,estimates,290,23.06,1257608,1257608,100
HI,Hawaii,2003,4,2003-04,violent-crime,estimates,280,22.26,1257608,1257608,100
HI,Hawaii,2003,5,2003-05,violent-crime,estimates,303,24.09,1257608,1257608,100
HI,Hawaii,2003,6,2003-06,violent-crime,estimates,294,23.38,1257608,1257608,100
HI,Hawaii,2003,7,2003-07,violent-crime,estimates,265,21.07,1257608,1257608,100
HI,Hawaii,2003,8,2003-08,violent-crime,estimates,263,20.91,1257608,1257608,100
HI,Hawaii,2003,9,2003-09,violent-crime,estimates,285,22.66,1257608,1257608,100
HI,Hawaii,2003,10,2003-10,violent-crime,estimates,309,24.57,1257608,1257608,100
HI,Hawaii,2003,11,2003-11,violent-crime,estimates,248,19.72,1257608,1257608,100
HI,Hawaii,2003,12,2003-12,violent-crime,estimates,289,22.98,1257608,1257608,100
HI,Hawaii,2004,1,2004-01,violent-crime,estimates,287,22.73,1262840,1262840,100
HI,Hawaii,2004,2,2004-02,violent-crime,estimates,244,19.32,1262840,1262840,100
HI,Hawaii,2004,3,2004-03,violent-crime,estimates,271,21.46,1262840,1262840,100
HI,Hawaii,2004,4,2004-04,violent-crime,estimates,265,20.98,1262840,1262840,100
HI,Hawaii,2004,5,2004-05,violent-crime,estimates,287,22.73,1262840,1262840,100
HI,Hawaii,2004,6,2004-06,violent-crime,estimates,263,20.83,1262840,1262840,100
HI,Hawaii,2004,7,2004-07,violent-crime,estimates,254,20.11,1262840,1262840,100
HI,Hawaii,2004,8,2004-08,violent-crime,estimates,314,24.86,1262840,1262840,100
HI,Hawaii,2004,9,2004-09,violent-crime,estimates,237,18.77,1262840,1262840,100
HI,Hawaii,2004,10,2004-10,violent-crime,estimates,299,23.68,1262840,1262840,100
HI,Hawaii,2004,11,2004-11,violent-crime,estimates,274,21.7,1262840,1262840,100
HI,Hawaii,2004,12,2004-12,violent-crime,estimates,279,22.09,1262840,1262840,100
HI,Hawaii,2005,1,2005-01,violent-crime,estimates,250,19.6,1275194,1275194,100
HI,Hawaii,2005,2,2005-02,violent-crime,estimates,248,19.45,1275194,1275194,100
HI,Hawaii,2005,3,2005-03,violent-crime,estimates,267,20.94,1275194,1275194,100
HI,Hawaii,2005,4,2005-04,violent-crime,estimates,257,20.15,1275194,1275194,100
HI,Hawaii,2005,5,2005-05,violent-crime,estimates,298,23.37,1275194,1275194,100
HI,Hawaii,2005,6,2005-06,violent-crime,estimates,299,23.45,1275194,1275194,100
HI,Hawaii,2005,7,2005-07,violent-crime,estimates,289,22.66,1275194,1275194,100
HI,Hawaii,2005,8,2005-08,violent-crime,estimates,308,24.15,1275194,1275194,100
HI,Hawaii,2005,9,2005-09,violent-crime,estimates,294,23.06,1275194,1275194,100
HI,Hawaii,2005,10,2005-10,violent-crime,estimates,316,24.78,1275194,1275194,100
HI,Hawaii,2005,11,2005-11,violent-crime,estimates,310,24.31,1275194,1275194,100
HI,Hawaii,2005,12,2005-12,violent-crime,estimates,296,23.21,1275194,1275194,100
HI,Hawaii,2006,1,2006-01,violent-crime,estimates,296,24.22,1285498,1222352,95.09
HI,Hawaii,2006,2,2006-02,violent-crime,estimates,270,22.09,1285498,1222352,95.09
HI,Hawaii,2006,3,2006-03,violent-crime,estimates,285,23.32,1285498,1222352,95.09
HI,Hawaii,2006,4,2006-04,violent-crime,estimates,309,25.28,1285498,1222352,95.09
HI,Hawaii,2006,5,2006-05,violent-crime,estimates,323,26.42,1285498,1222352,95.09
HI,Hawaii,2006,6,2006-06,violent-crime,estimates,248,20.29,1285498,1222352,95.09
HI,Hawaii,2006,7,2006-07,violent-crime,estimates,301,24.62,1285498,1222352,95.09
HI,Hawaii,2006,8,2006-08,violent-crime,estimates,286,23.4,1285498,1222352,95.09
HI,Hawaii,2006,9,2006-09,violent-crime,estimates,264,21.6,1285498,1222352,95.09
HI,Hawaii,2006,10,2006-10,violent-crime,estimates,339,27.73,1285498,1222352,95.09
HI,Hawaii,2006,11,2006-11,violent-crime,estimates,288,23.56,1285498,1222352,95.09
HI,Hawaii,2006,12,2006-12,violent-crime,estimates,261,21.35,1285498,1222352,95.09
HI,Hawaii,2007,1,2007-01,violent-crime,estimates,292,22.75,1283388,1283388,100
HI,Hawaii,2007,2,2007-02,violent-crime,estimates,260,20.26,1283388,1283388,100
HI,Hawaii,2007,3,2007-03,violent-crime,estimates,326,25.4,1283388,1283388,100
HI,Hawaii,2007,4,2007-04,violent-crime,estimates,341,26.57,1283388,1283388,100
HI,Hawaii,2007,5,2007-05,violent-crime,estimates,342,26.65,1283388,1283388,100
HI,Hawaii,2007,6,2007-06,violent-crime,estimates,279,21.74,1283388,1283388,100
HI,Hawaii,2007,7,2007-07,violent-crime,estimates,302,23.53,1283388,1283388,100
HI,Hawaii,2007,8,2007-08,violent-crime,estimates,273,21.27,1283388,1283388,100
HI,Hawaii,2007,9,2007-09,violent-crime,estimates,298,23.22,1283388,1283388,100
HI,Hawaii,2007,10,2007-10,violent-crime,estimates,267,20.8,1283388,1283388,100
HI,Hawaii,2007,11,2007-11,violent-crime,estimates,277,21.58,1283388,1283388,100
HI,Hawaii,2007,12,2007-12,violent-crime,estimates,287,22.36,1283388,1283388,100
HI,Hawaii,2008,1,2008-01,violent-crime,estimates,279,21.66,1288198,1288198,100
HI,Hawaii,2008,2,2008-02,violent-crime,estimates,299,23.21,1288198,1288198,100
HI,Hawaii,2008,3,2008-03,violent-crime,estimates,282,21.89,1288198,1288198,100
HI,Hawaii,2008,4,2008-04,violent-crime,estimates,280,21.74,1288198,1288198,100
HI,Hawaii,2008,5,2008-05,violent-crime,estimates,305,23.68,1288198,1288198,100
HI,Hawaii,2008,6,2008-06,violent-crime,estimates,303,23.52,1288198,1288198,100
HI,Hawaii,2008,7,2008-07,violent-crime,estimates,292,22.67,1288198,1288198,100
HI,Hawaii,2008,8,2008-08,violent-crime,estimates,306,23.75,1288198,1288198,100
HI,Hawaii,2008,9,2008-09,violent-crime,estimates,287,22.28,1288198,1288198,100
HI,Hawaii,2008,10,2008-10,violent-crime,estimates,290,22.51,1288198,1288198,100
HI,Hawaii,2008,11,2008-11,violent-crime,estimates,290,22.51,1288198,1288198,100
HI,Hawaii,2008,12,2008-12,violent-crime,estimates,297,23.06,1288198,1288198,100
HI,Hawaii,2009,1,2009-01,violent-crime,estimates,293,22.62,1295178,1295178,100
HI,Hawaii,2009,2,2009-02,violent-crime,estimates,278,21.46,1295178,1295178,100
HI,Hawaii,2009,3,2009-03,violent-crime,estimates,313,24.17,1295178,1295178,100
HI,Hawaii,2009,4,2009-04,violent-crime,estimates,327,25.25,1295178,1295178,100
HI,Hawaii,2009,5,2009-05,violent-crime,estimates,294,22.7,1295178,1295178,100
HI,Hawaii,2009,6,2009-06,violent-crime,estimates,292,22.55,1295178,1295178,100
HI,Hawaii,2009,7,2009-07,violent-crime,estimates,279,21.54,1295178,1295178,100
HI,Hawaii,2009,8,2009-08,violent-crime,estimates,294,22.7,1295178,1295178,100
HI,Hawaii,2009,9,2009-09,violent-crime,estimates,295,22.78,1295178,1295178,100
HI,Hawaii,2009,10,2009-10,violent-crime,estimates,304,23.47,1295178,1295178,100
HI,Hawaii,2009,11,2009-11,violent-crime,estimates,286,22.08,1295178,1295178,100
HI,Hawaii,2009,12,2009-12,violent-crime,estimates,295,22.78,1295178,1295178,100
HI,Hawaii,2010,1,2010-01,violent-crime,estimates,301,22.13,1360301,1360301,100
HI,Hawaii,2010,2,2010-02,violent-crime,estimates,270,19.85,1360301,1360301,100
HI,Hawaii,2010,3,2010-03,violent-crime,estimates,278,20.44,1360301,1360301,100
HI,Hawaii,2010,4,2010-04,violent-crime,estimates,276,20.29,1360301,1360301,100
HI,Hawaii,2010,5,2010-05,violent-crime,estimates,335,24.63,1360301,1360301,100
HI,Hawaii,2010,6,2010-06,violent-crime,estimates,270,19.85,1360301,1360301,100
HI,Hawaii,2010,7,2010-07,violent-crime,estimates,318,23.38,1360301,1360301,100
HI,Hawaii,2010,8,2010-08,violent-crime,estimates,325,23.89,1360301,1360301,100
HI,Hawaii,2010,9,2010-09,violent-crime,estimates,310,22.79,1360301,1360301,100
HI,Hawaii,2010,10,2010-10,violent-crime,estimates,322,23.67,1360301,1360301,100
HI,Hawaii,2010,11,2010-11,violent-crime,estimates,299,21.98,1360301,1360301,100
HI,Hawaii,2010,12,2010-12,violent-crime,estimates,299,21.98,1360301,1360301,100
HI,Hawaii,2011,1,2011-01,violent-crime,estimates,322,23.42,1374810,1374810,100
HI,Hawaii,2011,2,2011-02,violent-crime,estimates,289,21.02,1374810,1374810,100
HI,Hawaii,2011,3,2011-03,violent-crime,estimates,286,20.8,1374810,1374810,100
HI,Hawaii,2011,4,2011-04,violent-crime,estimates,272,19.78,1374810,1374810,100
HI,Hawaii,2011,5,2011-05,violent-crime,estimates,309,22.48,1374810,1374810,100
HI,Hawaii,2011,6,2011-06,violent-crime,estimates,280,20.37,1374810,1374810,100
HI,Hawaii,2011,7,2011-07,violent-crime,estimates,272,19.78,1374810,1374810,100
HI,Hawaii,2011,8,2011-08,violent-crime,estimates,297,21.6,1374810,1374810,100
HI,Hawaii,2011,9,2011-09,violent-crime,estimates,283,20.58,1374810,1374810,100
HI,Hawaii,2011,10,2011-10,violent-crime,estimates,283,20.58,1374810,1374810,100
HI,Hawaii,2011,11,2011-11,violent-crime,estimates,273,19.86,1374810,1374810,100
HI,Hawaii,2011,12,2011-12,violent-crime,estimates,299,21.75,1374810,1374810,100
HI,Hawaii,2012,1,2012-01,violent-crime,estimates,293,21.04,1392313,1392313,100
HI,Hawaii,2012,2,2012-02,violent-crime,estimates,234,16.81,1392313,1392313,100
HI,Hawaii,2012,3,2012-03,violent-crime,estimates,287,20.61,1392313,1392313,100
HI,Hawaii,2012,4,2012-04,violent-crime,estimates,278,19.97,1392313,1392313,100
HI,Hawaii,2012,5,2012-05,violent-crime,estimates,261,18.75,1392313,1392313,100
HI,Hawaii,2012,6,2012-06,violent-crime,estimates,267,19.18,1392313,1392313,100
HI,Hawaii,2012,7,2012-07,violent-crime,estimates,283,20.33,1392313,1392313,100
HI,Hawaii,2012,8,2012-08,violent-crime,estimates,306,21.98,1392313,1392313,100
HI,Hawaii,2012,9,2012-09,violent-crime,estimates,299,21.48,1392313,1392313,100
HI,Hawaii,2012,10,2012-10,violent-crime,estimates,287,20.61,1392313,1392313,100
HI,Hawaii,2012,11,2012-11,violent-crime,estimates,282,20.25,1392313,1392313,100
HI,Hawaii,2012,12,2012-12,violent-crime,estimates,301,21.62,1392313,1392313,100
HI,Hawaii,2013,1,2013-01,violent-crime,estimates,326,23.22,1404054,1404054,100
HI,Hawaii,2013,2,2013-02,violent-crime,estimates,263,18.73,1404054,1404054,100
HI,Hawaii,2013,3,2013-03,violent-crime,estimates,271,19.3,1404054,1404054,100
HI,Hawaii,2013,4,2013-04,violent-crime,estimates,264,18.8,1404054,1404054,100
HI,Hawaii,2013,5,2013-05,violent-crime,estimates,277,19.73,1404054,1404054,100
HI,Hawaii,2013,6,2013-06,violent-crime,estimates,260,18.52,1404054,1404054,100
HI,Hawaii,2013,7,2013-07,violent-crime,estimates,116,27.66,1404054,419371,29.87
HI,Hawaii,2013,8,2013-08,violent-crime,estimates,102,29.11,1404054,350419,24.96
HI,Hawaii,2013,9,2013-09,violent-crime,estimates,88,25.11,1404054,350419,24.96
HI,Hawaii,2013,10,2013-10,violent-crime,estimates,77,21.97,1404054,350419,24.96
HI,Hawaii,2013,11,2013-11,violent-crime,estimates,92,26.25,1404054,350419,24.96
HI,Hawaii,2013,12,2013-12,violent-crime,estimates,99,28.25,1404054,350419,24.96
HI,Hawaii,2014,1,2014-01,violent-crime,estimates,306,21.56,1419561,1419561,100
HI,Hawaii,2014,2,2014-02,violent-crime,estimates,261,18.39,1419561,1419561,100
HI,Hawaii,2014,3,2014-03,violent-crime,estimates,115,27.03,1419561,425527,29.98
HI,Hawaii,2014,4,2014-04,violent-crime,estimates,96,22.56,1419561,425527,29.98
HI,Hawaii,2014,5,2014-05,violent-crime,estimates,103,24.21,1419561,425527,29.98
HI,Hawaii,2014,6,2014-06,violent-crime,estimates,68,15.98,1419561,425527,29.98
HI,Hawaii,2014,7,2014-07,violent-crime,estimates,82,23.09,1419561,355166,25.02
HI,Hawaii,2014,8,2014-08,violent-crime,estimates,82,23.09,1419561,355166,25.02
HI,Hawaii,2014,9,2014-09,violent-crime,estimates,98,27.59,1419561,355166,25.02
HI,Hawaii,2014,10,2014-10,violent-crime,estimates,69,19.43,1419561,355166,25.02
HI,Hawaii,2014,11,2014-11,violent-crime,estimates,263,19.49,1419561,1349200,95.04
HI,Hawaii,2014,12,2014-12,violent-crime,estimates,227,16.82,1419561,1349200,95.04
HI,Hawaii,2015,1,2015-01,violent-crime,estimates,272,19,1431603,1431603,100
HI,Hawaii,2015,2,2015-02,violent-crime,estimates,252,17.6,1431603,1431603,100
HI,Hawaii,2015,3,2015-03,violent-crime,estimates,264,18.44,1431603,1431603,100
HI,Hawaii,2015,4,2015-04,violent-crime,estimates,289,20.19,1431603,1431603,100
HI,Hawaii,2015,5,2015-05,violent-crime,estimates,308,21.51,1431603,1431603,100
HI,Hawaii,2015,6,2015-06,violent-crime,estimates,263,18.37,1431603,1431603,100
HI,Hawaii,2015,7,2015-07,violent-crime,estimates,308,21.51,1431603,1431603,100
HI,Hawaii,2015,8,2015-08,violent-crime,estimates,260,18.16,1431603,1431603,100
HI,Hawaii,2015,9,2015-09,violent-crime,estimates,300,20.96,1431603,1431603,100
HI,Hawaii,2015,10,2015-10,violent-crime,estimates,361,25.22,1431603,1431603,100
HI,Hawaii,2015,11,2015-11,violent-crime,estimates,355,24.8,1431603,1431603,100
HI,Hawaii,2015,12,2015-12,violent-crime,estimates,298,20.82,1431603,1431603,100
HI,Hawaii,2016,1,2016-01,violent-crime,estimates,301,21.07,1428557,1428557,100
HI,Hawaii,2016,2,2016-02,violent-crime,estimates,267,18.69,1428557,1428557,100
HI,Hawaii,2016,3,2016-03,violent-crime,estimates,265,18.55,1428557,1428557,100
HI,Hawaii,2016,4,2016-04,violent-crime,estimates,281,19.67,1428557,1428557,100
HI,Hawaii,2016,5,2016-05,violent-crime,estimates,312,21.84,1428557,1428557,100
HI,Hawaii,2016,6,2016-06,violent-crime,estimates,282,19.74,1428557,1428557,100
HI,Hawaii,2016,7,2016-07,violent-crime,estimates,267,18.69,1428557,1428557,100
HI,Hawaii,2016,8,2016-08,violent-crime,estimates,323,22.61,1428557,1428557,100
HI,Hawaii,2016,9,2016-09,violent-crime,estimates,292,20.44,1428557,1428557,100
HI,Hawaii,2016,10,2016-10,violent-crime,estimates,342,23.94,1428557,1428557,100
HI,Hawaii,2016,11,2016-11,violent-crime,estimates,235,16.45,1428557,1428557,100
HI,Hawaii,2016,12,2016-12,violent-crime,estimates,285,19.95,1428557,1428557,100
HI,Hawaii,2017,1,2017-01,violent-crime,estimates,292,20.45,1427538,1427538,100
HI,Hawaii,2017,2,2017-02,violent-crime,estimates,254,17.79,1427538,1427538,100
HI,Hawaii,2017,3,2017-03,violent-crime,estimates,300,21.02,1427538,1427538,100
HI,Hawaii,2017,4,2017-04,violent-crime,estimates,318,22.28,1427538,1427538,100
HI,Hawaii,2017,5,2017-05,violent-crime,estimates,324,22.7,1427538,1427538,100
HI,Hawaii,2017,6,2017-06,violent-crime,estimates,286,20.03,1427538,1427538,100
HI,Hawaii,2017,7,2017-07,violent-crime,estimates,317,22.21,1427538,1427538,100
HI,Hawaii,2017,8,2017-08,violent-crime,estimates,283,19.82,1427538,1427538,100
HI,Hawaii,2017,9,2017-09,violent-crime,estimates,298,20.88,1427538,1427538,100
HI,Hawaii,2017,10,2017-10,violent-crime,estimates,311,21.79,1427538,1427538,100
HI,Hawaii,2017,11,2017-11,violent-crime,estimates,289,20.24,1427538,1427538,100
HI,Hawaii,2017,12,2017-12,violent-crime,estimates,305,21.37,1427538,1427538,100
ID,Idaho,1999,1,1999-01,violent-crime,estimates,257,20.58,1252000,1248543,99.72
ID,Idaho,1999,2,1999-02,violent-crime,estimates,205,16.42,1252000,1248543,99.72
ID,Idaho,1999,3,1999-03,violent-crime,estimates,240,19.3,1252000,1243820,99.35
ID,Idaho,1999,4,1999-04,violent-crime,estimates,232,18.59,1252000,1248060,99.69
ID,Idaho,1999,5,1999-05,violent-crime,estimates,262,20.98,1252000,1248543,99.72
ID,Idaho,1999,6,1999-06,violent-crime,estimates,253,20.34,1252000,1243820,99.35
ID,Idaho,1999,7,1999-07,violent-crime,estimates,313,25.16,1252000,1243820,99.35
ID,Idaho,1999,8,1999-08,violent-crime,estimates,317,25.68,1252000,1234401,98.59
ID,Idaho,1999,9,1999-09,violent-crime,estimates,237,19.04,1252000,1244665,99.41
ID,Idaho,1999,10,1999-10,violent-crime,estimates,272,21.87,1252000,1243820,99.35
ID,Idaho,1999,11,1999-11,violent-crime,estimates,278,22.35,1252000,1243820,99.35
ID,Idaho,1999,12,1999-12,violent-crime,estimates,246,19.7,1252000,1248543,99.72
ID,Idaho,2000,1,2000-01,violent-crime,estimates,260,20.3,1293953,1280977,99
ID,Idaho,2000,2,2000-02,violent-crime,estimates,256,19.97,1293953,1281921,99.07
ID,Idaho,2000,3,2000-03,violent-crime,estimates,271,21.13,1293953,1282539,99.12
ID,Idaho,2000,4,2000-04,violent-crime,estimates,283,22.13,1293953,1278799,98.83
ID,Idaho,2000,5,2000-05,violent-crime,estimates,285,22.29,1293953,1278799,98.83
ID,Idaho,2000,6,2000-06,violent-crime,estimates,296,23.06,1293953,1283483,99.19
ID,Idaho,2000,7,2000-07,violent-crime,estimates,307,23.94,1293953,1282539,99.12
ID,Idaho,2000,8,2000-08,violent-crime,estimates,312,24.42,1293953,1277855,98.76
ID,Idaho,2000,9,2000-09,violent-crime,estimates,257,20.04,1293953,1282539,99.12
ID,Idaho,2000,10,2000-10,violent-crime,estimates,268,20.9,1293953,1282539,99.12
ID,Idaho,2000,11,2000-11,violent-crime,estimates,218,17.06,1293953,1277855,98.76
ID,Idaho,2000,12,2000-12,violent-crime,estimates,251,19.64,1293953,1277855,98.76
ID,Idaho,2001,1,2001-01,violent-crime,estimates,219,16.77,1321006,1305535,98.83
ID,Idaho,2001,2,2001-02,violent-crime,estimates,188,14.4,1321006,1305535,98.83
ID,Idaho,2001,3,2001-03,violent-crime,estimates,245,18.77,1321006,1305535,98.83
ID,Idaho,2001,4,2001-04,violent-crime,estimates,263,20.14,1321006,1305535,98.83
ID,Idaho,2001,5,2001-05,violent-crime,estimates,286,21.91,1321006,1305535,98.83
ID,Idaho,2001,6,2001-06,violent-crime,estimates,328,25.12,1321006,1305535,98.83
ID,Idaho,2001,7,2001-07,violent-crime,estimates,308,23.59,1321006,1305535,98.83
ID,Idaho,2001,8,2001-08,violent-crime,estimates,314,24.05,1321006,1305535,98.83
ID,Idaho,2001,9,2001-09,violent-crime,estimates,296,22.67,1321006,1305535,98.83
ID,Idaho,2001,10,2001-10,violent-crime,estimates,317,24.28,1321006,1305535,98.83
ID,Idaho,2001,11,2001-11,violent-crime,estimates,221,16.93,1321006,1305535,98.83
ID,Idaho,2001,12,2001-12,violent-crime,estimates,213,16.32,1321006,1305535,98.83
ID,Idaho,2002,1,2002-01,violent-crime,estimates,253,19.13,1341131,1322538,98.61
ID,Idaho,2002,2,2002-02,violent-crime,estimates,218,16.48,1341131,1322538,98.61
ID,Idaho,2002,3,2002-03,violent-crime,estimates,291,22,1341131,1322538,98.61
ID,Idaho,2002,4,2002-04,violent-crime,estimates,290,21.91,1341131,1323480,98.68
ID,Idaho,2002,5,2002-05,violent-crime,estimates,290,21.91,1341131,1323480,98.68
ID,Idaho,2002,6,2002-06,violent-crime,estimates,302,22.82,1341131,1323480,98.68
ID,Idaho,2002,7,2002-07,violent-crime,estimates,345,26.07,1341131,1323480,98.68
ID,Idaho,2002,8,2002-08,violent-crime,estimates,350,26.45,1341131,1323480,98.68
ID,Idaho,2002,9,2002-09,violent-crime,estimates,305,22.96,1341131,1328471,99.06
ID,Idaho,2002,10,2002-10,violent-crime,estimates,261,19.65,1341131,1328471,99.06
ID,Idaho,2002,11,2002-11,violent-crime,estimates,248,18.67,1341131,1328471,99.06
ID,Idaho,2002,12,2002-12,violent-crime,estimates,273,20.55,1341131,1328471,99.06
ID,Idaho,2003,1,2003-01,violent-crime,estimates,277,20.44,1366332,1355358,99.2
ID,Idaho,2003,2,2003-02,violent-crime,estimates,221,16.31,1366332,1355358,99.2
ID,Idaho,2003,3,2003-03,violent-crime,estimates,267,19.7,1366332,1355358,99.2
ID,Idaho,2003,4,2003-04,violent-crime,estimates,246,18.15,1366332,1355358,99.2
ID,Idaho,2003,5,2003-05,violent-crime,estimates,315,23.24,1366332,1355358,99.2
ID,Idaho,2003,6,2003-06,violent-crime,estimates,241,17.78,1366332,1355358,99.2
ID,Idaho,2003,7,2003-07,violent-crime,estimates,322,23.78,1366332,1353858,99.09
ID,Idaho,2003,8,2003-08,violent-crime,estimates,322,23.78,1366332,1353858,99.09
ID,Idaho,2003,9,2003-09,violent-crime,estimates,312,23.06,1366332,1353224,99.04
ID,Idaho,2003,10,2003-10,violent-crime,estimates,293,21.64,1366332,1354098,99.1
ID,Idaho,2003,11,2003-11,violent-crime,estimates,287,21.19,1366332,1354098,99.1
ID,Idaho,2003,12,2003-12,violent-crime,estimates,232,17.13,1366332,1354098,99.1
ID,Idaho,2004,1,2004-01,violent-crime,estimates,259,18.6,1393262,1392114,99.92
ID,Idaho,2004,2,2004-02,violent-crime,estimates,241,17.31,1393262,1392114,99.92
ID,Idaho,2004,3,2004-03,violent-crime,estimates,310,22.27,1393262,1392114,99.92
ID,Idaho,2004,4,2004-04,violent-crime,estimates,298,21.41,1393262,1392114,99.92
ID,Idaho,2004,5,2004-05,violent-crime,estimates,312,22.41,1393262,1392114,99.92
ID,Idaho,2004,6,2004-06,violent-crime,estimates,280,20.14,1393262,1390597,99.81
ID,Idaho,2004,7,2004-07,violent-crime,estimates,334,24.02,1393262,1390597,99.81
ID,Idaho,2004,8,2004-08,violent-crime,estimates,319,22.94,1393262,1390597,99.81
ID,Idaho,2004,9,2004-09,violent-crime,estimates,250,17.98,1393262,1390597,99.81
ID,Idaho,2004,10,2004-10,violent-crime,estimates,308,22.15,1393262,1390597,99.81
ID,Idaho,2004,11,2004-11,violent-crime,estimates,276,19.85,1393262,1390597,99.81
ID,Idaho,2004,12,2004-12,violent-crime,estimates,261,18.77,1393262,1390597,99.81
ID,Idaho,2005,1,2005-01,violent-crime,estimates,332,23.3,1429096,1424732,99.69
ID,Idaho,2005,2,2005-02,violent-crime,estimates,255,17.9,1429096,1424732,99.69
ID,Idaho,2005,3,2005-03,violent-crime,estimates,274,19.39,1429096,1413375,98.9
ID,Idaho,2005,4,2005-04,violent-crime,estimates,304,21.75,1429096,1397634,97.8
ID,Idaho,2005,5,2005-05,violent-crime,estimates,324,22.86,1429096,1417597,99.2
ID,Idaho,2005,6,2005-06,violent-crime,estimates,348,24.59,1429096,1414983,99.01
ID,Idaho,2005,7,2005-07,violent-crime,estimates,400,28.39,1429096,1408930,98.59
ID,Idaho,2005,8,2005-08,violent-crime,estimates,328,23.25,1429096,1410763,98.72
ID,Idaho,2005,9,2005-09,violent-crime,estimates,319,22.61,1429096,1410763,98.72
ID,Idaho,2005,10,2005-10,violent-crime,estimates,292,20.97,1429096,1392788,97.46
ID,Idaho,2005,11,2005-11,violent-crime,estimates,232,16.74,1429096,1385742,96.97
ID,Idaho,2005,12,2005-12,violent-crime,estimates,257,18.25,1429096,1408099,98.53
ID,Idaho,2006,1,2006-01,violent-crime,estimates,339,23.18,1466465,1462206,99.71
ID,Idaho,2006,2,2006-02,violent-crime,estimates,255,17.44,1466465,1462206,99.71
ID,Idaho,2006,3,2006-03,violent-crime,estimates,274,18.74,1466465,1462206,99.71
ID,Idaho,2006,4,2006-04,violent-crime,estimates,281,19.26,1466465,1458888,99.48
ID,Idaho,2006,5,2006-05,violent-crime,estimates,303,20.73,1466465,1461340,99.65
ID,Idaho,2006,6,2006-06,violent-crime,estimates,313,21.41,1466465,1462206,99.71
ID,Idaho,2006,7,2006-07,violent-crime,estimates,372,25.4,1466465,1464850,99.89
ID,Idaho,2006,8,2006-08,violent-crime,estimates,366,25.03,1466465,1462206,99.71
ID,Idaho,2006,9,2006-09,violent-crime,estimates,324,22.12,1466465,1464850,99.89
ID,Idaho,2006,10,2006-10,violent-crime,estimates,272,18.6,1466465,1462206,99.71
ID,Idaho,2006,11,2006-11,violent-crime,estimates,290,19.8,1466465,1464850,99.89
ID,Idaho,2006,12,2006-12,violent-crime,estimates,273,18.64,1466465,1464850,99.89
ID,Idaho,2007,1,2007-01,violent-crime,estimates,261,17.43,1499402,1497812,99.89
ID,Idaho,2007,2,2007-02,violent-crime,estimates,259,17.29,1499402,1497812,99.89
ID,Idaho,2007,3,2007-03,violent-crime,estimates,320,21.36,1499402,1497812,99.89
ID,Idaho,2007,4,2007-04,violent-crime,estimates,292,19.5,1499402,1497812,99.89
ID,Idaho,2007,5,2007-05,violent-crime,estimates,352,23.5,1499402,1497812,99.89
ID,Idaho,2007,6,2007-06,violent-crime,estimates,367,24.5,1499402,1497812,99.89
ID,Idaho,2007,7,2007-07,violent-crime,estimates,406,27.11,1499402,1497812,99.89
ID,Idaho,2007,8,2007-08,violent-crime,estimates,357,23.83,1499402,1497812,99.89
ID,Idaho,2007,9,2007-09,violent-crime,estimates,328,21.9,1499402,1497812,99.89
ID,Idaho,2007,10,2007-10,violent-crime,estimates,298,19.9,1499402,1497812,99.89
ID,Idaho,2007,11,2007-11,violent-crime,estimates,301,20.1,1499402,1497812,99.89
ID,Idaho,2007,12,2007-12,violent-crime,estimates,293,19.56,1499402,1497812,99.89
ID,Idaho,2008,1,2008-01,violent-crime,estimates,288,18.93,1523816,1521749,99.86
ID,Idaho,2008,2,2008-02,violent-crime,estimates,292,19.19,1523816,1521749,99.86
ID,Idaho,2008,3,2008-03,violent-crime,estimates,295,19.39,1523816,1521749,99.86
ID,Idaho,2008,4,2008-04,violent-crime,estimates,320,21.03,1523816,1521749,99.86
ID,Idaho,2008,5,2008-05,violent-crime,estimates,301,19.78,1523816,1521749,99.86
ID,Idaho,2008,6,2008-06,violent-crime,estimates,356,23.39,1523816,1521749,99.86
ID,Idaho,2008,7,2008-07,violent-crime,estimates,357,23.46,1523816,1521749,99.86
ID,Idaho,2008,8,2008-08,violent-crime,estimates,344,22.61,1523816,1521749,99.86
ID,Idaho,2008,9,2008-09,violent-crime,estimates,326,21.42,1523816,1521749,99.86
ID,Idaho,2008,10,2008-10,violent-crime,estimates,264,17.35,1523816,1521749,99.86
ID,Idaho,2008,11,2008-11,violent-crime,estimates,272,17.87,1523816,1521749,99.86
ID,Idaho,2008,12,2008-12,violent-crime,estimates,259,17.02,1523816,1521749,99.86
ID,Idaho,2009,1,2009-01,violent-crime,estimates,260,16.84,1545801,1543741,99.87
ID,Idaho,2009,2,2009-02,violent-crime,estimates,260,16.92,1545801,1536657,99.41
ID,Idaho,2009,3,2009-03,violent-crime,estimates,350,22.67,1545801,1543741,99.87
ID,Idaho,2009,4,2009-04,violent-crime,estimates,339,21.96,1545801,1543741,99.87
ID,Idaho,2009,5,2009-05,violent-crime,estimates,360,23.43,1545801,1536657,99.41
ID,Idaho,2009,6,2009-06,violent-crime,estimates,294,19.13,1545801,1536657,99.41
ID,Idaho,2009,7,2009-07,violent-crime,estimates,382,24.86,1545801,1536657,99.41
ID,Idaho,2009,8,2009-08,violent-crime,estimates,354,23.04,1545801,1536657,99.41
ID,Idaho,2009,9,2009-09,violent-crime,estimates,355,23.1,1545801,1536657,99.41
ID,Idaho,2009,10,2009-10,violent-crime,estimates,274,17.83,1545801,1536657,99.41
ID,Idaho,2009,11,2009-11,violent-crime,estimates,262,17.05,1545801,1536657,99.41
ID,Idaho,2009,12,2009-12,violent-crime,estimates,280,18.22,1545801,1536657,99.41
ID,Idaho,2010,1,2010-01,violent-crime,estimates,307,19.66,1567582,1561268,99.6
ID,Idaho,2010,2,2010-02,violent-crime,estimates,289,18.51,1567582,1561268,99.6
ID,Idaho,2010,3,2010-03,violent-crime,estimates,275,17.58,1567582,1564555,99.81
ID,Idaho,2010,4,2010-04,violent-crime,estimates,277,17.74,1567582,1561268,99.6
ID,Idaho,2010,5,2010-05,violent-crime,estimates,337,21.6,1567582,1560286,99.53
ID,Idaho,2010,6,2010-06,violent-crime,estimates,293,18.94,1567582,1546590,98.66
ID,Idaho,2010,7,2010-07,violent-crime,estimates,309,19.98,1567582,1546590,98.66
ID,Idaho,2010,8,2010-08,violent-crime,estimates,283,18.13,1567582,1561268,99.6
ID,Idaho,2010,9,2010-09,violent-crime,estimates,276,17.85,1567582,1546590,98.66
ID,Idaho,2010,10,2010-10,violent-crime,estimates,283,18.3,1567582,1546590,98.66
ID,Idaho,2010,11,2010-11,violent-crime,estimates,255,16.49,1567582,1546590,98.66
ID,Idaho,2010,12,2010-12,violent-crime,estimates,262,16.94,1567582,1546590,98.66
ID,Idaho,2011,1,2011-01,violent-crime,estimates,230,14.52,1584985,1584495,99.97
ID,Idaho,2011,2,2011-02,violent-crime,estimates,204,12.87,1584985,1584495,99.97
ID,Idaho,2011,3,2011-03,violent-crime,estimates,279,17.6,1584985,1584985,100
ID,Idaho,2011,4,2011-04,violent-crime,estimates,255,16.09,1584985,1584495,99.97
ID,Idaho,2011,5,2011-05,violent-crime,estimates,275,17.36,1584985,1584495,99.97
ID,Idaho,2011,6,2011-06,violent-crime,estimates,309,19.52,1584985,1583018,99.88
ID,Idaho,2011,7,2011-07,violent-crime,estimates,317,20.06,1584985,1580475,99.72
ID,Idaho,2011,8,2011-08,violent-crime,estimates,268,16.96,1584985,1580475,99.72
ID,Idaho,2011,9,2011-09,violent-crime,estimates,297,18.79,1584985,1580475,99.72
ID,Idaho,2011,10,2011-10,violent-crime,estimates,268,16.96,1584985,1580475,99.72
ID,Idaho,2011,11,2011-11,violent-crime,estimates,233,14.71,1584985,1584495,99.97
ID,Idaho,2011,12,2011-12,violent-crime,estimates,236,14.9,1584985,1583546,99.91
ID,Idaho,2012,1,2012-01,violent-crime,estimates,277,17.36,1595728,1595241,99.97
ID,Idaho,2012,2,2012-02,violent-crime,estimates,213,13.35,1595728,1595241,99.97
ID,Idaho,2012,3,2012-03,violent-crime,estimates,234,14.67,1595728,1595241,99.97
ID,Idaho,2012,4,2012-04,violent-crime,estimates,275,17.24,1595728,1595241,99.97
ID,Idaho,2012,5,2012-05,violent-crime,estimates,311,19.49,1595728,1595728,100
ID,Idaho,2012,6,2012-06,violent-crime,estimates,283,17.74,1595728,1595241,99.97
ID,Idaho,2012,7,2012-07,violent-crime,estimates,326,20.45,1595728,1594317,99.91
ID,Idaho,2012,8,2012-08,violent-crime,estimates,350,21.95,1595728,1594317,99.91
ID,Idaho,2012,9,2012-09,violent-crime,estimates,310,19.51,1595728,1589025,99.58
ID,Idaho,2012,10,2012-10,violent-crime,estimates,267,16.8,1595728,1589025,99.58
ID,Idaho,2012,11,2012-11,violent-crime,estimates,244,15.36,1595728,1589025,99.58
ID,Idaho,2012,12,2012-12,violent-crime,estimates,254,15.98,1595728,1589025,99.58
ID,Idaho,2013,1,2013-01,violent-crime,estimates,285,17.68,1612136,1611676,99.97
ID,Idaho,2013,2,2013-02,violent-crime,estimates,246,15.26,1612136,1611676,99.97
ID,Idaho,2013,3,2013-03,violent-crime,estimates,278,17.25,1612136,1611676,99.97
ID,Idaho,2013,4,2013-04,violent-crime,estimates,277,17.19,1612136,1611676,99.97
ID,Idaho,2013,5,2013-05,violent-crime,estimates,258,16.01,1612136,1611676,99.97
ID,Idaho,2013,6,2013-06,violent-crime,estimates,323,20.04,1612136,1611676,99.97
ID,Idaho,2013,7,2013-07,violent-crime,estimates,382,23.7,1612136,1611676,99.97
ID,Idaho,2013,8,2013-08,violent-crime,estimates,316,19.61,1612136,1611676,99.97
ID,Idaho,2013,9,2013-09,violent-crime,estimates,297,18.43,1612136,1611676,99.97
ID,Idaho,2013,10,2013-10,violent-crime,estimates,270,16.75,1612136,1611676,99.97
ID,Idaho,2013,11,2013-11,violent-crime,estimates,270,16.75,1612136,1611676,99.97
ID,Idaho,2013,12,2013-12,violent-crime,estimates,234,14.57,1612136,1606277,99.64
ID,Idaho,2014,1,2014-01,violent-crime,estimates,278,17.01,1634464,1634011,99.97
ID,Idaho,2014,2,2014-02,violent-crime,estimates,229,14.01,1634464,1634011,99.97
ID,Idaho,2014,3,2014-03,violent-crime,estimates,277,16.95,1634464,1634011,99.97
ID,Idaho,2014,4,2014-04,violent-crime,estimates,289,17.69,1634464,1634011,99.97
ID,Idaho,2014,5,2014-05,violent-crime,estimates,293,17.93,1634464,1634011,99.97
ID,Idaho,2014,6,2014-06,violent-crime,estimates,305,18.67,1634464,1634011,99.97
ID,Idaho,2014,7,2014-07,violent-crime,estimates,317,19.4,1634464,1634011,99.97
ID,Idaho,2014,8,2014-08,violent-crime,estimates,285,17.44,1634464,1634011,99.97
ID,Idaho,2014,9,2014-09,violent-crime,estimates,309,18.91,1634464,1634011,99.97
ID,Idaho,2014,10,2014-10,violent-crime,estimates,293,17.93,1634464,1634011,99.97
ID,Idaho,2014,11,2014-11,violent-crime,estimates,284,17.38,1634464,1634011,99.97
ID,Idaho,2014,12,2014-12,violent-crime,estimates,256,15.67,1634464,1634011,99.97
ID,Idaho,2015,1,2015-01,violent-crime,estimates,288,17.41,1654930,1654475,99.97
ID,Idaho,2015,2,2015-02,violent-crime,estimates,236,14.26,1654930,1654475,99.97
ID,Idaho,2015,3,2015-03,violent-crime,estimates,294,17.77,1654930,1654475,99.97
ID,Idaho,2015,4,2015-04,violent-crime,estimates,259,15.65,1654930,1654475,99.97
ID,Idaho,2015,5,2015-05,violent-crime,estimates,329,19.89,1654930,1654475,99.97
ID,Idaho,2015,6,2015-06,violent-crime,estimates,317,19.16,1654930,1654475,99.97
ID,Idaho,2015,7,2015-07,violent-crime,estimates,317,19.16,1654930,1654475,99.97
ID,Idaho,2015,8,2015-08,violent-crime,estimates,376,22.73,1654930,1654475,99.97
ID,Idaho,2015,9,2015-09,violent-crime,estimates,325,19.64,1654930,1654475,99.97
ID,Idaho,2015,10,2015-10,violent-crime,estimates,326,19.7,1654930,1654475,99.97
ID,Idaho,2015,11,2015-11,violent-crime,estimates,260,15.78,1654930,1647895,99.57
ID,Idaho,2015,12,2015-12,violent-crime,estimates,248,15,1654930,1652910,99.88
ID,Idaho,2016,1,2016-01,violent-crime,estimates,273,16.24,1683140,1680830,99.86
ID,Idaho,2016,2,2016-02,violent-crime,estimates,267,15.89,1683140,1680830,99.86
ID,Idaho,2016,3,2016-03,violent-crime,estimates,263,15.65,1683140,1680830,99.86
ID,Idaho,2016,4,2016-04,violent-crime,estimates,297,17.67,1683140,1680830,99.86
ID,Idaho,2016,5,2016-05,violent-crime,estimates,322,19.16,1683140,1680830,99.86
ID,Idaho,2016,6,2016-06,violent-crime,estimates,379,22.55,1683140,1680830,99.86
ID,Idaho,2016,7,2016-07,violent-crime,estimates,372,22.13,1683140,1680830,99.86
ID,Idaho,2016,8,2016-08,violent-crime,estimates,415,24.69,1683140,1680830,99.86
ID,Idaho,2016,9,2016-09,violent-crime,estimates,333,19.81,1683140,1680830,99.86
ID,Idaho,2016,10,2016-10,violent-crime,estimates,318,18.92,1683140,1680830,99.86
ID,Idaho,2016,11,2016-11,violent-crime,estimates,309,18.38,1683140,1680830,99.86
ID,Idaho,2016,12,2016-12,violent-crime,estimates,294,17.49,1683140,1680830,99.86
ID,Idaho,2017,1,2017-01,violent-crime,estimates,330,19.22,1716943,1716943,100
ID,Idaho,2017,2,2017-02,violent-crime,estimates,293,17.09,1716943,1714484,99.86
ID,Idaho,2017,3,2017-03,violent-crime,estimates,305,17.77,1716943,1716065,99.95
ID,Idaho,2017,4,2017-04,violent-crime,estimates,350,20.4,1716943,1716065,99.95
ID,Idaho,2017,5,2017-05,violent-crime,estimates,316,18.41,1716943,1716065,99.95
ID,Idaho,2017,6,2017-06,violent-crime,estimates,370,21.56,1716943,1716065,99.95
ID,Idaho,2017,7,2017-07,violent-crime,estimates,431,25.1,1716943,1716943,100
ID,Idaho,2017,8,2017-08,violent-crime,estimates,437,25.49,1716943,1714628,99.87
ID,Idaho,2017,9,2017-09,violent-crime,estimates,371,21.61,1716943,1716943,100
ID,Idaho,2017,10,2017-10,violent-crime,estimates,327,19.05,1716943,1716943,100
ID,Idaho,2017,11,2017-11,violent-crime,estimates,314,18.3,1716943,1716065,99.95
ID,Idaho,2017,12,2017-12,violent-crime,estimates,319,18.59,1716943,1716065,99.95
IL,Illinois,1999,1,1999-01,violent-crime,estimates,3829,111.13,12128000,3445393,28.41
IL,Illinois,1999,2,1999-02,violent-crime,estimates,3501,101.61,12128000,3445393,28.41
IL,Illinois,1999,3,1999-03,violent-crime,estimates,3929,114.04,12128000,3445393,28.41
IL,Illinois,1999,4,1999-04,violent-crime,estimates,4333,125.76,12128000,3445393,28.41
IL,Illinois,1999,5,1999-05,violent-crime,estimates,4885,141.78,12128000,3445393,28.41
IL,Illinois,1999,6,1999-06,violent-crime,estimates,4912,142.57,12128000,3445393,28.41
IL,Illinois,1999,7,1999-07,violent-crime,estimates,5458,158.41,12128000,3445393,28.41
IL,Illinois,1999,8,1999-08,violent-crime,estimates,5034,146.11,12128000,3445393,28.41
IL,Illinois,1999,9,1999-09,violent-crime,estimates,4712,136.76,12128000,3445393,28.41
IL,Illinois,1999,10,1999-10,violent-crime,estimates,4621,134.12,12128000,3445393,28.41
IL,Illinois,1999,11,1999-11,violent-crime,estimates,3968,115.17,12128000,3445393,28.41
IL,Illinois,1999,12,1999-12,violent-crime,estimates,3886,112.79,12128000,3445393,28.41
IL,Illinois,2000,1,2000-01,violent-crime,estimates,3807,105.55,12419293,3606677,29.04
IL,Illinois,2000,2,2000-02,violent-crime,estimates,3478,98.2,12419293,3541869,28.52
IL,Illinois,2000,3,2000-03,violent-crime,estimates,3976,112.26,12419293,3541869,28.52
IL,Illinois,2000,4,2000-04,violent-crime,estimates,3938,111.18,12419293,3541869,28.52
IL,Illinois,2000,5,2000-05,violent-crime,estimates,4623,128.08,12419293,3609387,29.06
IL,Illinois,2000,6,2000-06,violent-crime,estimates,4555,128.6,12419293,3541869,28.52
IL,Illinois,2000,7,2000-07,violent-crime,estimates,4924,139.02,12419293,3541869,28.52
IL,Illinois,2000,8,2000-08,violent-crime,estimates,4906,138.51,12419293,3541869,28.52
IL,Illinois,2000,9,2000-09,violent-crime,estimates,4491,126.8,12419293,3541869,28.52
IL,Illinois,2000,10,2000-10,violent-crime,estimates,4480,126.49,12419293,3541869,28.52
IL,Illinois,2000,11,2000-11,violent-crime,estimates,4052,114.4,12419293,3541869,28.52
IL,Illinois,2000,12,2000-12,violent-crime,estimates,3425,96.7,12419293,3541869,28.52
IL,Illinois,2001,1,2001-01,violent-crime,estimates,3381,92.21,12482301,3666598,29.37
IL,Illinois,2001,2,2001-02,violent-crime,estimates,3098,84.49,12482301,3666598,29.37
IL,Illinois,2001,3,2001-03,violent-crime,estimates,3823,104.27,12482301,3666598,29.37
IL,Illinois,2001,4,2001-04,violent-crime,estimates,4090,111.55,12482301,3666598,29.37
IL,Illinois,2001,5,2001-05,violent-crime,estimates,4343,118.45,12482301,3666598,29.37
IL,Illinois,2001,6,2001-06,violent-crime,estimates,4365,119.05,12482301,3666598,29.37
IL,Illinois,2001,7,2001-07,violent-crime,estimates,4832,131.78,12482301,3666598,29.37
IL,Illinois,2001,8,2001-08,violent-crime,estimates,4649,126.79,12482301,3666598,29.37
IL,Illinois,2001,9,2001-09,violent-crime,estimates,4525,123.41,12482301,3666598,29.37
IL,Illinois,2001,10,2001-10,violent-crime,estimates,4586,125.08,12482301,3666598,29.37
IL,Illinois,2001,11,2001-11,violent-crime,estimates,3960,108,12482301,3666598,29.37
IL,Illinois,2001,12,2001-12,violent-crime,estimates,3656,99.71,12482301,3666598,29.37
IL,Illinois,2002,1,2002-01,violent-crime,estimates,3605,95.11,12600620,3790538,30.08
IL,Illinois,2002,2,2002-02,violent-crime,estimates,2852,77.05,12600620,3701354,29.37
IL,Illinois,2002,3,2002-03,violent-crime,estimates,3561,96.03,12600620,3708121,29.43
IL,Illinois,2002,4,2002-04,violent-crime,estimates,3840,100.95,12600620,3804036,30.19
IL,Illinois,2002,5,2002-05,violent-crime,estimates,4253,109.53,12600620,3882891,30.82
IL,Illinois,2002,6,2002-06,violent-crime,estimates,4610,123.77,12600620,3724554,29.56
IL,Illinois,2002,7,2002-07,violent-crime,estimates,4930,133.19,12600620,3701354,29.37
IL,Illinois,2002,8,2002-08,violent-crime,estimates,4791,129.44,12600620,3701354,29.37
IL,Illinois,2002,9,2002-09,violent-crime,estimates,4696,126.87,12600620,3701354,29.37
IL,Illinois,2002,10,2002-10,violent-crime,estimates,4410,117.92,12600620,3739909,29.68
IL,Illinois,2002,11,2002-11,violent-crime,estimates,3583,96.8,12600620,3701354,29.37
IL,Illinois,2002,12,2002-12,violent-crime,estimates,3527,95.24,12600620,3703380,29.39
IL,Illinois,2003,1,2003-01,violent-crime,estimates,2932,79.43,12653544,3691209,29.17
IL,Illinois,2003,2,2003-02,violent-crime,estimates,2455,66.51,12653544,3691209,29.17
IL,Illinois,2003,3,2003-03,violent-crime,estimates,3349,90.73,12653544,3691209,29.17
IL,Illinois,2003,4,2003-04,violent-crime,estimates,3419,92.63,12653544,3691209,29.17
IL,Illinois,2003,5,2003-05,violent-crime,estimates,3732,101.11,12653544,3691209,29.17
IL,Illinois,2003,6,2003-06,violent-crime,estimates,4048,109.67,12653544,3691209,29.17
IL,Illinois,2003,7,2003-07,violent-crime,estimates,4291,116.25,12653544,3691209,29.17
IL,Illinois,2003,8,2003-08,violent-crime,estimates,4206,113.95,12653544,3691209,29.17
IL,Illinois,2003,9,2003-09,violent-crime,estimates,3759,101.84,12653544,3691209,29.17
IL,Illinois,2003,10,2003-10,violent-crime,estimates,3898,105.6,12653544,3691209,29.17
IL,Illinois,2003,11,2003-11,violent-crime,estimates,3270,88.59,12653544,3691209,29.17
IL,Illinois,2003,12,2003-12,violent-crime,estimates,3058,82.85,12653544,3691209,29.17
IL,Illinois,2004,1,2004-01,violent-crime,estimates,2747,74.11,12713634,3706531,29.15
IL,Illinois,2004,2,2004-02,violent-crime,estimates,2621,71.06,12713634,3688420,29.01
IL,Illinois,2004,3,2004-03,violent-crime,estimates,3232,87.63,12713634,3688420,29.01
IL,Illinois,2004,4,2004-04,violent-crime,estimates,3147,85.32,12713634,3688420,29.01
IL,Illinois,2004,5,2004-05,violent-crime,estimates,3750,101.67,12713634,3688420,29.01
IL,Illinois,2004,6,2004-06,violent-crime,estimates,3774,102.32,12713634,3688420,29.01
IL,Illinois,2004,7,2004-07,violent-crime,estimates,3933,106.63,12713634,3688420,29.01
IL,Illinois,2004,8,2004-08,violent-crime,estimates,3684,99.88,12713634,3688420,29.01
IL,Illinois,2004,9,2004-09,violent-crime,estimates,3634,98.52,12713634,3688420,29.01
IL,Illinois,2004,10,2004-10,violent-crime,estimates,3582,97.11,12713634,3688420,29.01
IL,Illinois,2004,11,2004-11,violent-crime,estimates,3120,84.59,12713634,3688420,29.01
IL,Illinois,2004,12,2004-12,violent-crime,estimates,2889,78.33,12713634,3688420,29.01
IL,Illinois,2005,1,2005-01,violent-crime,estimates,2582,69.92,12763371,3692783,28.93
IL,Illinois,2005,2,2005-02,violent-crime,estimates,2428,65.75,12763371,3692783,28.93
IL,Illinois,2005,3,2005-03,violent-crime,estimates,2908,78.75,12763371,3692783,28.93
IL,Illinois,2005,4,2005-04,violent-crime,estimates,3359,90.96,12763371,3692783,28.93
IL,Illinois,2005,5,2005-05,violent-crime,estimates,3516,95.21,12763371,3692783,28.93
IL,Illinois,2005,6,2005-06,violent-crime,estimates,3784,102.47,12763371,3692783,28.93
IL,Illinois,2005,7,2005-07,violent-crime,estimates,4049,109.65,12763371,3692783,28.93
IL,Illinois,2005,8,2005-08,violent-crime,estimates,3772,102.15,12763371,3692783,28.93
IL,Illinois,2005,9,2005-09,violent-crime,estimates,3516,95.21,12763371,3692783,28.93
IL,Illinois,2005,10,2005-10,violent-crime,estimates,3524,95.43,12763371,3692783,28.93
IL,Illinois,2005,11,2005-11,violent-crime,estimates,3126,83.95,12763371,3723612,29.17
IL,Illinois,2005,12,2005-12,violent-crime,estimates,2810,76.09,12763371,3692783,28.93
IL,Illinois,2006,1,2006-01,violent-crime,estimates,4159,49.08,12831970,8474242,66.04
IL,Illinois,2006,2,2006-02,violent-crime,estimates,3361,39.68,12831970,8470641,66.01
IL,Illinois,2006,3,2006-03,violent-crime,estimates,4131,48.77,12831970,8470641,66.01
IL,Illinois,2006,4,2006-04,violent-crime,estimates,4493,53.04,12831970,8470641,66.01
IL,Illinois,2006,5,2006-05,violent-crime,estimates,4889,57.72,12831970,8470641,66.01
IL,Illinois,2006,6,2006-06,violent-crime,estimates,4796,56.62,12831970,8470641,66.01
IL,Illinois,2006,7,2006-07,violent-crime,estimates,5417,63.62,12831970,8513988,66.35
IL,Illinois,2006,8,2006-08,violent-crime,estimates,5026,59.03,12831970,8513988,66.35
IL,Illinois,2006,9,2006-09,violent-crime,estimates,4820,56.61,12831970,8513988,66.35
IL,Illinois,2006,10,2006-10,violent-crime,estimates,4782,56.17,12831970,8513988,66.35
IL,Illinois,2006,11,2006-11,violent-crime,estimates,4193,49.39,12831970,8489550,66.16
IL,Illinois,2006,12,2006-12,violent-crime,estimates,4254,49.96,12831970,8513988,66.35
IL,Illinois,2007,1,2007-01,violent-crime,estimates,3642,42.4,12852548,8589227,66.83
IL,Illinois,2007,2,2007-02,violent-crime,estimates,2833,32.98,12852548,8589227,66.83
IL,Illinois,2007,3,2007-03,violent-crime,estimates,4274,49.76,12852548,8589227,66.83
IL,Illinois,2007,4,2007-04,violent-crime,estimates,4413,51.38,12852548,8589227,66.83
IL,Illinois,2007,5,2007-05,violent-crime,estimates,5154,60.01,12852548,8589227,66.83
IL,Illinois,2007,6,2007-06,violent-crime,estimates,5146,59.91,12852548,8589227,66.83
IL,Illinois,2007,7,2007-07,violent-crime,estimates,5334,62.1,12852548,8589227,66.83
IL,Illinois,2007,8,2007-08,violent-crime,estimates,5126,59.68,12852548,8589227,66.83
IL,Illinois,2007,9,2007-09,violent-crime,estimates,5116,59.56,12852548,8589227,66.83
IL,Illinois,2007,10,2007-10,violent-crime,estimates,5017,58.52,12852548,8573094,66.7
IL,Illinois,2007,11,2007-11,violent-crime,estimates,4311,50.13,12852548,8600146,66.91
IL,Illinois,2007,12,2007-12,violent-crime,estimates,3976,46.23,12852548,8600146,66.91
IL,Illinois,2008,1,2008-01,violent-crime,estimates,3939,45.96,12901563,8571321,66.44
IL,Illinois,2008,2,2008-02,violent-crime,estimates,3184,37.15,12901563,8571321,66.44
IL,Illinois,2008,3,2008-03,violent-crime,estimates,4176,48.72,12901563,8571321,66.44
IL,Illinois,2008,4,2008-04,violent-crime,estimates,4639,54.12,12901563,8571321,66.44
IL,Illinois,2008,5,2008-05,violent-crime,estimates,4928,57.49,12901563,8571321,66.44
IL,Illinois,2008,6,2008-06,violent-crime,estimates,4745,55.5,12901563,8548949,66.26
IL,Illinois,2008,7,2008-07,violent-crime,estimates,5308,62.16,12901563,8539785,66.19
IL,Illinois,2008,8,2008-08,violent-crime,estimates,5425,63.46,12901563,8548949,66.26
IL,Illinois,2008,9,2008-09,violent-crime,estimates,5051,59.08,12901563,8548949,66.26
IL,Illinois,2008,10,2008-10,violent-crime,estimates,5120,59.89,12901563,8548949,66.26
IL,Illinois,2008,11,2008-11,violent-crime,estimates,4251,49.73,12901563,8548949,66.26
IL,Illinois,2008,12,2008-12,violent-crime,estimates,3750,43.87,12901563,8548949,66.26
IL,Illinois,2009,1,2009-01,violent-crime,estimates,3670,42.54,12910409,8627110,66.82
IL,Illinois,2009,2,2009-02,violent-crime,estimates,3180,36.84,12910409,8631112,66.85
IL,Illinois,2009,3,2009-03,violent-crime,estimates,4244,49.17,12910409,8630877,66.85
IL,Illinois,2009,4,2009-04,violent-crime,estimates,4285,49.67,12910409,8626827,66.82
IL,Illinois,2009,5,2009-05,violent-crime,estimates,4815,55.86,12910409,8619584,66.76
IL,Illinois,2009,6,2009-06,violent-crime,estimates,4738,55.29,12910409,8569465,66.38
IL,Illinois,2009,7,2009-07,violent-crime,estimates,4993,58.28,12910409,8566815,66.36
IL,Illinois,2009,8,2009-08,violent-crime,estimates,4888,57.21,12910409,8543250,66.17
IL,Illinois,2009,9,2009-09,violent-crime,estimates,4459,53.18,12910409,8384472,64.94
IL,Illinois,2009,10,2009-10,violent-crime,estimates,4129,47.35,12910409,8719965,67.54
IL,Illinois,2009,11,2009-11,violent-crime,estimates,4004,46.88,12910409,8541786,66.16
IL,Illinois,2009,12,2009-12,violent-crime,estimates,3582,42.38,12910409,8451570,65.46
IL,Illinois,2010,1,2010-01,violent-crime,estimates,4112,33.41,12830632,12307202,95.92
IL,Illinois,2010,2,2010-02,violent-crime,estimates,3282,26.69,12830632,12294939,95.82
IL,Illinois,2010,3,2010-03,violent-crime,estimates,4598,37.38,12830632,12299154,95.86
IL,Illinois,2010,4,2010-04,violent-crime,estimates,5034,40.94,12830632,12296402,95.84
IL,Illinois,2010,5,2010-05,violent-crime,estimates,5168,42.02,12830632,12299878,95.86
IL,Illinois,2010,6,2010-06,violent-crime,estimates,5153,41.93,12830632,12288460,95.77
IL,Illinois,2010,7,2010-07,violent-crime,estimates,5346,43.5,12830632,12289137,95.78
IL,Illinois,2010,8,2010-08,violent-crime,estimates,5322,43.32,12830632,12284958,95.75
IL,Illinois,2010,9,2010-09,violent-crime,estimates,4771,38.83,12830632,12286423,95.76
IL,Illinois,2010,10,2010-10,violent-crime,estimates,5133,41.77,12830632,12288503,95.77
IL,Illinois,2010,11,2010-11,violent-crime,estimates,4151,33.77,12830632,12292575,95.81
IL,Illinois,2010,12,2010-12,violent-crime,estimates,3800,30.91,12830632,12295294,95.83
IL,Illinois,2011,1,2011-01,violent-crime,estimates,3823,30.56,12869257,12510183,97.21
IL,Illinois,2011,2,2011-02,violent-crime,estimates,3038,24.28,12869257,12510550,97.21
IL,Illinois,2011,3,2011-03,violent-crime,estimates,4061,32.46,12869257,12510183,97.21
IL,Illinois,2011,4,2011-04,violent-crime,estimates,4400,35.17,12869257,12511207,97.22
IL,Illinois,2011,5,2011-05,violent-crime,estimates,4835,38.61,12869257,12523894,97.32
IL,Illinois,2011,6,2011-06,violent-crime,estimates,4847,38.74,12869257,12510708,97.21
IL,Illinois,2011,7,2011-07,violent-crime,estimates,5432,43.45,12869257,12501349,97.14
IL,Illinois,2011,8,2011-08,violent-crime,estimates,5102,40.82,12869257,12500014,97.13
IL,Illinois,2011,9,2011-09,violent-crime,estimates,4642,37.16,12869257,12490411,97.06
IL,Illinois,2011,10,2011-10,violent-crime,estimates,4942,39.59,12869257,12481910,96.99
IL,Illinois,2011,11,2011-11,violent-crime,estimates,4222,33.87,12869257,12463649,96.85
IL,Illinois,2011,12,2011-12,violent-crime,estimates,4235,34,12869257,12455212,96.78
IL,Illinois,2012,1,2012-01,violent-crime,estimates,3702,29.65,12875255,12485222,96.97
IL,Illinois,2012,2,2012-02,violent-crime,estimates,3069,24.59,12875255,12479085,96.92
IL,Illinois,2012,3,2012-03,violent-crime,estimates,4198,33.66,12875255,12472740,96.87
IL,Illinois,2012,4,2012-04,violent-crime,estimates,4073,32.67,12875255,12466443,96.82
IL,Illinois,2012,5,2012-05,violent-crime,estimates,4939,39.62,12875255,12466443,96.82
IL,Illinois,2012,6,2012-06,violent-crime,estimates,4888,39.21,12875255,12466443,96.82
IL,Illinois,2012,7,2012-07,violent-crime,estimates,5137,41.21,12875255,12465887,96.82
IL,Illinois,2012,8,2012-08,violent-crime,estimates,4857,38.97,12875255,12463154,96.8
IL,Illinois,2012,9,2012-09,violent-crime,estimates,4575,36.71,12875255,12463154,96.8
IL,Illinois,2012,10,2012-10,violent-crime,estimates,4364,35.08,12875255,12441390,96.63
IL,Illinois,2012,11,2012-11,violent-crime,estimates,4105,33.2,12875255,12365791,96.04
IL,Illinois,2012,12,2012-12,violent-crime,estimates,3966,32.13,12875255,12344161,95.88
IL,Illinois,2013,1,2013-01,violent-crime,estimates,4114,32.74,12882135,12565342,97.54
IL,Illinois,2013,2,2013-02,violent-crime,estimates,3137,24.97,12882135,12564367,97.53
IL,Illinois,2013,3,2013-03,violent-crime,estimates,3717,29.65,12882135,12537309,97.32
IL,Illinois,2013,4,2013-04,violent-crime,estimates,3988,31.81,12882135,12537309,97.32
IL,Illinois,2013,5,2013-05,violent-crime,estimates,4630,36.94,12882135,12535147,97.31
IL,Illinois,2013,6,2013-06,violent-crime,estimates,4630,36.94,12882135,12533366,97.29
IL,Illinois,2013,7,2013-07,violent-crime,estimates,4942,39.51,12882135,12508323,97.1
IL,Illinois,2013,8,2013-08,violent-crime,estimates,4909,39.28,12882135,12495913,97
IL,Illinois,2013,9,2013-09,violent-crime,estimates,4496,35.98,12882135,12494535,96.99
IL,Illinois,2013,10,2013-10,violent-crime,estimates,4201,33.68,12882135,12475043,96.84
IL,Illinois,2013,11,2013-11,violent-crime,estimates,3693,29.62,12882135,12467144,96.78
IL,Illinois,2013,12,2013-12,violent-crime,estimates,3629,29.15,12882135,12451152,96.65
IL,Illinois,2014,1,2014-01,violent-crime,estimates,3104,24.82,12880580,12505093,97.08
IL,Illinois,2014,2,2014-02,violent-crime,estimates,2605,20.83,12880580,12504642,97.08
IL,Illinois,2014,3,2014-03,violent-crime,estimates,3296,26.36,12880580,12502869,97.07
IL,Illinois,2014,4,2014-04,violent-crime,estimates,3888,31.1,12880580,12499808,97.04
IL,Illinois,2014,5,2014-05,violent-crime,estimates,4442,35.56,12880580,12492547,96.99
IL,Illinois,2014,6,2014-06,violent-crime,estimates,4548,36.41,12880580,12492771,96.99
IL,Illinois,2014,7,2014-07,violent-crime,estimates,4687,37.52,12880580,12491333,96.98
IL,Illinois,2014,8,2014-08,violent-crime,estimates,4577,36.67,12880580,12483178,96.91
IL,Illinois,2014,9,2014-09,violent-crime,estimates,4204,33.71,12880580,12471267,96.82
IL,Illinois,2014,10,2014-10,violent-crime,estimates,4159,33.46,12880580,12429923,96.5
IL,Illinois,2014,11,2014-11,violent-crime,estimates,3466,27.89,12880580,12426609,96.48
IL,Illinois,2014,12,2014-12,violent-crime,estimates,3862,31.09,12880580,12422697,96.45
IL,Illinois,2015,1,2015-01,violent-crime,estimates,3574,28.5,12859995,12539528,97.51
IL,Illinois,2015,2,2015-02,violent-crime,estimates,2582,20.6,12859995,12534785,97.47
IL,Illinois,2015,3,2015-03,violent-crime,estimates,3572,28.62,12859995,12482749,97.07
IL,Illinois,2015,4,2015-04,violent-crime,estimates,3885,31.13,12859995,12480627,97.05
IL,Illinois,2015,5,2015-05,violent-crime,estimates,4581,36.74,12859995,12468396,96.95
IL,Illinois,2015,6,2015-06,violent-crime,estimates,4358,34.95,12859995,12468396,96.95
IL,Illinois,2015,7,2015-07,violent-crime,estimates,4920,39.53,12859995,12446043,96.78
IL,Illinois,2015,8,2015-08,violent-crime,estimates,4724,37.99,12859995,12433346,96.68
IL,Illinois,2015,9,2015-09,violent-crime,estimates,4422,35.59,12859995,12426306,96.63
IL,Illinois,2015,10,2015-10,violent-crime,estimates,4327,34.97,12859995,12374546,96.23
IL,Illinois,2015,11,2015-11,violent-crime,estimates,3868,31.32,12859995,12348484,96.02
IL,Illinois,2015,12,2015-12,violent-crime,estimates,4037,32.71,12859995,12342873,95.98
IL,Illinois,2016,1,2016-01,violent-crime,estimates,4292,34.61,12801539,12401004,96.87
IL,Illinois,2016,2,2016-02,violent-crime,estimates,3345,27.01,12801539,12385661,96.75
IL,Illinois,2016,3,2016-03,violent-crime,estimates,4206,34.01,12801539,12368028,96.61
IL,Illinois,2016,4,2016-04,violent-crime,estimates,4075,33.03,12801539,12336661,96.37
IL,Illinois,2016,5,2016-05,violent-crime,estimates,4904,39.76,12801539,12333476,96.34
IL,Illinois,2016,6,2016-06,violent-crime,estimates,4732,38.37,12801539,12332112,96.33
IL,Illinois,2016,7,2016-07,violent-crime,estimates,5329,43.23,12801539,12328272,96.3
IL,Illinois,2016,8,2016-08,violent-crime,estimates,5443,44.24,12801539,12302385,96.1
IL,Illinois,2016,9,2016-09,violent-crime,estimates,4890,39.75,12801539,12301410,96.09
IL,Illinois,2016,10,2016-10,violent-crime,estimates,5077,41.27,12801539,12301410,96.09
IL,Illinois,2016,11,2016-11,violent-crime,estimates,4513,36.75,12801539,12280439,95.93
IL,Illinois,2016,12,2016-12,violent-crime,estimates,4008,32.65,12801539,12274294,95.88
IL,Illinois,2017,1,2017-01,violent-crime,estimates,4536,36.54,12802023,12414068,96.97
IL,Illinois,2017,2,2017-02,violent-crime,estimates,3743,30.19,12802023,12398283,96.85
IL,Illinois,2017,3,2017-03,violent-crime,estimates,3897,31.42,12802023,12401693,96.87
IL,Illinois,2017,4,2017-04,violent-crime,estimates,4626,37.3,12802023,12401693,96.87
IL,Illinois,2017,5,2017-05,violent-crime,estimates,4904,39.55,12802023,12399403,96.86
IL,Illinois,2017,6,2017-06,violent-crime,estimates,5002,40.35,12802023,12396547,96.83
IL,Illinois,2017,7,2017-07,violent-crime,estimates,5092,41.1,12802023,12387940,96.77
IL,Illinois,2017,8,2017-08,violent-crime,estimates,5088,41.15,12802023,12364556,96.58
IL,Illinois,2017,9,2017-09,violent-crime,estimates,4898,39.75,12802023,12323069,96.26
IL,Illinois,2017,10,2017-10,violent-crime,estimates,4901,39.79,12802023,12317527,96.22
IL,Illinois,2017,11,2017-11,violent-crime,estimates,4304,35.02,12802023,12288530,95.99
IL,Illinois,2017,12,2017-12,violent-crime,estimates,4116,33.48,12802023,12293127,96.02
IN,Indiana,1999,1,1999-01,violent-crime,estimates,1353,31.53,5943000,4291049,72.2
IN,Indiana,1999,2,1999-02,violent-crime,estimates,1323,30.87,5943000,4285849,72.12
IN,Indiana,1999,3,1999-03,violent-crime,estimates,1381,32.42,5943000,4259524,71.67
IN,Indiana,1999,4,1999-04,violent-crime,estimates,1346,31.31,5943000,4298495,72.33
IN,Indiana,1999,5,1999-05,violent-crime,estimates,1701,39.78,5943000,4275722,71.95
IN,Indiana,1999,6,1999-06,violent-crime,estimates,1539,36.18,5943000,4253581,71.57
IN,Indiana,1999,7,1999-07,violent-crime,estimates,1644,39.17,5943000,4197325,70.63
IN,Indiana,1999,8,1999-08,violent-crime,estimates,1594,38.19,5943000,4173664,70.23
IN,Indiana,1999,9,1999-09,violent-crime,estimates,1481,35.66,5943000,4152966,69.88
IN,Indiana,1999,10,1999-10,violent-crime,estimates,1550,37.25,5943000,4160560,70.01
IN,Indiana,1999,11,1999-11,violent-crime,estimates,1520,36.57,5943000,4156219,69.93
IN,Indiana,1999,12,1999-12,violent-crime,estimates,1522,36.75,5943000,4141710,69.69
IN,Indiana,2000,1,2000-01,violent-crime,estimates,1503,32.48,6080485,4627768,76.11
IN,Indiana,2000,2,2000-02,violent-crime,estimates,1411,30.59,6080485,4612791,75.86
IN,Indiana,2000,3,2000-03,violent-crime,estimates,1445,31.86,6080485,4535627,74.59
IN,Indiana,2000,4,2000-04,violent-crime,estimates,1465,32.33,6080485,4531724,74.53
IN,Indiana,2000,5,2000-05,violent-crime,estimates,1523,33.73,6080485,4515848,74.27
IN,Indiana,2000,6,2000-06,violent-crime,estimates,1489,32.96,6080485,4517926,74.3
IN,Indiana,2000,7,2000-07,violent-crime,estimates,1701,37.65,6080485,4517498,74.3
IN,Indiana,2000,8,2000-08,violent-crime,estimates,1629,36,6080485,4524649,74.41
IN,Indiana,2000,9,2000-09,violent-crime,estimates,1451,32.07,6080485,4524563,74.41
IN,Indiana,2000,10,2000-10,violent-crime,estimates,1608,35.58,6080485,4519051,74.32
IN,Indiana,2000,11,2000-11,violent-crime,estimates,1410,31.2,6080485,4519051,74.32
IN,Indiana,2000,12,2000-12,violent-crime,estimates,1209,26.84,6080485,4503653,74.07
IN,Indiana,2001,1,2001-01,violent-crime,estimates,1420,29.13,6114745,4874609,79.72
IN,Indiana,2001,2,2001-02,violent-crime,estimates,1175,24.19,6114745,4856737,79.43
IN,Indiana,2001,3,2001-03,violent-crime,estimates,1494,30.74,6114745,4860645,79.49
IN,Indiana,2001,4,2001-04,violent-crime,estimates,1543,31.92,6114745,4834402,79.06
IN,Indiana,2001,5,2001-05,violent-crime,estimates,1609,32.88,6114745,4893135,80.02
IN,Indiana,2001,6,2001-06,violent-crime,estimates,1762,36.42,6114745,4838133,79.12
IN,Indiana,2001,7,2001-07,violent-crime,estimates,1813,37.09,6114745,4887731,79.93
IN,Indiana,2001,8,2001-08,violent-crime,estimates,1756,36.8,6114745,4772305,78.05
IN,Indiana,2001,9,2001-09,violent-crime,estimates,1622,33.65,6114745,4820009,78.83
IN,Indiana,2001,10,2001-10,violent-crime,estimates,1715,35.73,6114745,4799823,78.5
IN,Indiana,2001,11,2001-11,violent-crime,estimates,1627,33.95,6114745,4791856,78.37
IN,Indiana,2001,12,2001-12,violent-crime,estimates,2577,53.24,6114745,4839974,79.15
IN,Indiana,2002,1,2002-01,violent-crime,estimates,1440,28.85,6159068,4991856,81.05
IN,Indiana,2002,2,2002-02,violent-crime,estimates,1200,24.18,6159068,4962614,80.57
IN,Indiana,2002,3,2002-03,violent-crime,estimates,1357,27.49,6159068,4935897,80.14
IN,Indiana,2002,4,2002-04,violent-crime,estimates,1531,30.76,6159068,4976547,80.8
IN,Indiana,2002,5,2002-05,violent-crime,estimates,1702,34.2,6159068,4976547,80.8
IN,Indiana,2002,6,2002-06,violent-crime,estimates,1746,35.13,6159068,4970398,80.7
IN,Indiana,2002,7,2002-07,violent-crime,estimates,2397,48.91,6159068,4901086,79.58
IN,Indiana,2002,8,2002-08,violent-crime,estimates,1727,35.21,6159068,4905438,79.65
IN,Indiana,2002,9,2002-09,violent-crime,estimates,1680,34.25,6159068,4905438,79.65
IN,Indiana,2002,10,2002-10,violent-crime,estimates,1699,34.86,6159068,4874058,79.14
IN,Indiana,2002,11,2002-11,violent-crime,estimates,1477,30.14,6159068,4901086,79.58
IN,Indiana,2002,12,2002-12,violent-crime,estimates,1491,30.34,6159068,4913879,79.78
IN,Indiana,2003,1,2003-01,violent-crime,estimates,1339,25.61,6195643,5228113,84.38
IN,Indiana,2003,2,2003-02,violent-crime,estimates,1153,22.07,6195643,5224220,84.32
IN,Indiana,2003,3,2003-03,violent-crime,estimates,1612,30.86,6195643,5224220,84.32
IN,Indiana,2003,4,2003-04,violent-crime,estimates,1591,30.61,6195643,5197599,83.89
IN,Indiana,2003,5,2003-05,violent-crime,estimates,1744,33.6,6195643,5190616,83.78
IN,Indiana,2003,6,2003-06,violent-crime,estimates,1769,34.02,6195643,5199415,83.92
IN,Indiana,2003,7,2003-07,violent-crime,estimates,1853,35.94,6195643,5156041,83.22
IN,Indiana,2003,8,2003-08,violent-crime,estimates,1861,35.95,6195643,5176308,83.55
IN,Indiana,2003,9,2003-09,violent-crime,estimates,1736,33.72,6195643,5148163,83.09
IN,Indiana,2003,10,2003-10,violent-crime,estimates,1771,34.53,6195643,5129185,82.79
IN,Indiana,2003,11,2003-11,violent-crime,estimates,1606,31.31,6195643,5129408,82.79
IN,Indiana,2003,12,2003-12,violent-crime,estimates,1526,29.75,6195643,5129408,82.79
IN,Indiana,2004,1,2004-01,violent-crime,estimates,1458,27.58,6237569,5285804,84.74
IN,Indiana,2004,2,2004-02,violent-crime,estimates,1251,23.65,6237569,5289574,84.8
IN,Indiana,2004,3,2004-03,violent-crime,estimates,1556,29.45,6237569,5283237,84.7
IN,Indiana,2004,4,2004-04,violent-crime,estimates,1628,30.87,6237569,5272964,84.54
IN,Indiana,2004,5,2004-05,violent-crime,estimates,1673,31.83,6237569,5256379,84.27
IN,Indiana,2004,6,2004-06,violent-crime,estimates,1625,30.84,6237569,5269574,84.48
IN,Indiana,2004,7,2004-07,violent-crime,estimates,1773,33.84,6237569,5239179,83.99
IN,Indiana,2004,8,2004-08,violent-crime,estimates,1673,31.81,6237569,5259145,84.31
IN,Indiana,2004,9,2004-09,violent-crime,estimates,1593,30.59,6237569,5207562,83.49
IN,Indiana,2004,10,2004-10,violent-crime,estimates,1682,32.06,6237569,5246710,84.11
IN,Indiana,2004,11,2004-11,violent-crime,estimates,1497,28.48,6237569,5256458,84.27
IN,Indiana,2004,12,2004-12,violent-crime,estimates,1374,26.49,6237569,5187421,83.16
IN,Indiana,2005,1,2005-01,violent-crime,estimates,1332,25.46,6271973,5232180,83.42
IN,Indiana,2005,2,2005-02,violent-crime,estimates,1191,22.82,6271973,5220239,83.23
IN,Indiana,2005,3,2005-03,violent-crime,estimates,1375,26.34,6271973,5220239,83.23
IN,Indiana,2005,4,2005-04,violent-crime,estimates,1518,29.29,6271973,5183416,82.64
IN,Indiana,2005,5,2005-05,violent-crime,estimates,1761,33.96,6271973,5184800,82.67
IN,Indiana,2005,6,2005-06,violent-crime,estimates,1728,33.55,6271973,5151011,82.13
IN,Indiana,2005,7,2005-07,violent-crime,estimates,1809,35.02,6271973,5165821,82.36
IN,Indiana,2005,8,2005-08,violent-crime,estimates,1738,33.75,6271973,5149961,82.11
IN,Indiana,2005,9,2005-09,violent-crime,estimates,1656,32.22,6271973,5139278,81.94
IN,Indiana,2005,10,2005-10,violent-crime,estimates,1709,33.25,6271973,5139278,81.94
IN,Indiana,2005,11,2005-11,violent-crime,estimates,1485,28.96,6271973,5127260,81.75
IN,Indiana,2005,12,2005-12,violent-crime,estimates,1461,28.55,6271973,5117210,81.59
IN,Indiana,2006,1,2006-01,violent-crime,estimates,1535,28.2,6313520,5443106,86.21
IN,Indiana,2006,2,2006-02,violent-crime,estimates,1136,20.86,6313520,5445804,86.26
IN,Indiana,2006,3,2006-03,violent-crime,estimates,1521,27.97,6313520,5437747,86.13
IN,Indiana,2006,4,2006-04,violent-crime,estimates,1595,29.33,6313520,5437747,86.13
IN,Indiana,2006,5,2006-05,violent-crime,estimates,1613,29.7,6313520,5430461,86.01
IN,Indiana,2006,6,2006-06,violent-crime,estimates,1647,30.34,6313520,5427763,85.97
IN,Indiana,2006,7,2006-07,violent-crime,estimates,1926,35.48,6313520,5427763,85.97
IN,Indiana,2006,8,2006-08,violent-crime,estimates,1716,31.81,6313520,5394385,85.44
IN,Indiana,2006,9,2006-09,violent-crime,estimates,1597,29.62,6313520,5392115,85.41
IN,Indiana,2006,10,2006-10,violent-crime,estimates,1611,29.88,6313520,5392115,85.41
IN,Indiana,2006,11,2006-11,violent-crime,estimates,1465,27.15,6313520,5396682,85.48
IN,Indiana,2006,12,2006-12,violent-crime,estimates,1594,29.56,6313520,5392115,85.41
IN,Indiana,2007,1,2007-01,violent-crime,estimates,1573,28.06,6345289,5605201,88.34
IN,Indiana,2007,2,2007-02,violent-crime,estimates,1170,20.95,6345289,5584466,88.01
IN,Indiana,2007,3,2007-03,violent-crime,estimates,1692,30.32,6345289,5581134,87.96
IN,Indiana,2007,4,2007-04,violent-crime,estimates,1593,28.44,6345289,5601869,88.28
IN,Indiana,2007,5,2007-05,violent-crime,estimates,1843,32.9,6345289,5601869,88.28
IN,Indiana,2007,6,2007-06,violent-crime,estimates,1820,32.49,6345289,5601869,88.28
IN,Indiana,2007,7,2007-07,violent-crime,estimates,1898,34.51,6345289,5500565,86.69
IN,Indiana,2007,8,2007-08,violent-crime,estimates,1858,33.78,6345289,5499787,86.68
IN,Indiana,2007,9,2007-09,violent-crime,estimates,1852,33.67,6345289,5499787,86.68
IN,Indiana,2007,10,2007-10,violent-crime,estimates,1822,33.13,6345289,5499162,86.67
IN,Indiana,2007,11,2007-11,violent-crime,estimates,1620,29.46,6345289,5499162,86.67
IN,Indiana,2007,12,2007-12,violent-crime,estimates,1604,29.17,6345289,5499162,86.67
IN,Indiana,2008,1,2008-01,violent-crime,estimates,1581,28.39,6376792,5569460,87.34
IN,Indiana,2008,2,2008-02,violent-crime,estimates,1267,22.76,6376792,5567272,87.31
IN,Indiana,2008,3,2008-03,violent-crime,estimates,1687,30.13,6376792,5599035,87.8
IN,Indiana,2008,4,2008-04,violent-crime,estimates,1643,29.35,6376792,5598415,87.79
IN,Indiana,2008,5,2008-05,violent-crime,estimates,1670,29.83,6376792,5598415,87.79
IN,Indiana,2008,6,2008-06,violent-crime,estimates,1815,32.47,6376792,5589688,87.66
IN,Indiana,2008,7,2008-07,violent-crime,estimates,1976,35.17,6376792,5617920,88.1
IN,Indiana,2008,8,2008-08,violent-crime,estimates,2011,35.62,6376792,5645662,88.53
IN,Indiana,2008,9,2008-09,violent-crime,estimates,1966,34.86,6376792,5639574,88.44
IN,Indiana,2008,10,2008-10,violent-crime,estimates,1923,34.52,6376792,5570057,87.35
IN,Indiana,2008,11,2008-11,violent-crime,estimates,1524,27.08,6376792,5628268,88.26
IN,Indiana,2008,12,2008-12,violent-crime,estimates,1526,27.18,6376792,5614184,88.04
IN,Indiana,2009,1,2009-01,violent-crime,estimates,1485,26.25,6423113,5656128,88.06
IN,Indiana,2009,2,2009-02,violent-crime,estimates,1273,22.56,6423113,5642313,87.84
IN,Indiana,2009,3,2009-03,violent-crime,estimates,1614,28.61,6423113,5642313,87.84
IN,Indiana,2009,4,2009-04,violent-crime,estimates,1686,29.84,6423113,5650063,87.96
IN,Indiana,2009,5,2009-05,violent-crime,estimates,1798,31.73,6423113,5667182,88.23
IN,Indiana,2009,6,2009-06,violent-crime,estimates,1814,32.03,6423113,5663110,88.17
IN,Indiana,2009,7,2009-07,violent-crime,estimates,2001,35.57,6423113,5624784,87.57
IN,Indiana,2009,8,2009-08,violent-crime,estimates,1954,34.82,6423113,5611875,87.37
IN,Indiana,2009,9,2009-09,violent-crime,estimates,1770,31.54,6423113,5611875,87.37
IN,Indiana,2009,10,2009-10,violent-crime,estimates,1714,30.83,6423113,5558965,86.55
IN,Indiana,2009,11,2009-11,violent-crime,estimates,1610,28.72,6423113,5606676,87.29
IN,Indiana,2009,12,2009-12,violent-crime,estimates,1638,29.25,6423113,5599561,87.18
IN,Indiana,2010,1,2010-01,violent-crime,estimates,1488,26.04,6483802,5714895,88.14
IN,Indiana,2010,2,2010-02,violent-crime,estimates,1189,20.81,6483802,5712847,88.11
IN,Indiana,2010,3,2010-03,violent-crime,estimates,1674,29.28,6483802,5716551,88.17
IN,Indiana,2010,4,2010-04,violent-crime,estimates,1602,28.08,6483802,5705079,87.99
IN,Indiana,2010,5,2010-05,violent-crime,estimates,1767,31.09,6483802,5683297,87.65
IN,Indiana,2010,6,2010-06,violent-crime,estimates,1859,32.67,6483802,5689896,87.76
IN,Indiana,2010,7,2010-07,violent-crime,estimates,1794,31.49,6483802,5697139,87.87
IN,Indiana,2010,8,2010-08,violent-crime,estimates,1894,33.45,6483802,5662893,87.34
IN,Indiana,2010,9,2010-09,violent-crime,estimates,1899,33.52,6483802,5665645,87.38
IN,Indiana,2010,10,2010-10,violent-crime,estimates,1758,31.19,6483802,5636054,86.93
IN,Indiana,2010,11,2010-11,violent-crime,estimates,1578,28.07,6483802,5620812,86.69
IN,Indiana,2010,12,2010-12,violent-crime,estimates,1489,26.69,6483802,5579328,86.05
IN,Indiana,2011,1,2011-01,violent-crime,estimates,1538,27.01,6516922,5693744,87.37
IN,Indiana,2011,2,2011-02,violent-crime,estimates,1110,19.59,6516922,5667158,86.96
IN,Indiana,2011,3,2011-03,violent-crime,estimates,1422,25.2,6516922,5641941,86.57
IN,Indiana,2011,4,2011-04,violent-crime,estimates,1629,28.87,6516922,5641941,86.57
IN,Indiana,2011,5,2011-05,violent-crime,estimates,1905,33.74,6516922,5645644,86.63
IN,Indiana,2011,6,2011-06,violent-crime,estimates,1868,33.11,6516922,5641921,86.57
IN,Indiana,2011,7,2011-07,violent-crime,estimates,2234,39.62,6516922,5638065,86.51
IN,Indiana,2011,8,2011-08,violent-crime,estimates,2035,35.95,6516922,5661268,86.87
IN,Indiana,2011,9,2011-09,violent-crime,estimates,1715,30.4,6516922,5641327,86.56
IN,Indiana,2011,10,2011-10,violent-crime,estimates,1891,33.54,6516922,5638065,86.51
IN,Indiana,2011,11,2011-11,violent-crime,estimates,1391,24.75,6516922,5620268,86.24
IN,Indiana,2011,12,2011-12,violent-crime,estimates,1439,25.69,6516922,5600813,85.94
IN,Indiana,2012,1,2012-01,violent-crime,estimates,1614,27.74,6537334,5817837,88.99
IN,Indiana,2012,2,2012-02,violent-crime,estimates,1468,25.32,6537334,5797805,88.69
IN,Indiana,2012,3,2012-03,violent-crime,estimates,1774,30.51,6537334,5813565,88.93
IN,Indiana,2012,4,2012-04,violent-crime,estimates,1737,29.89,6537334,5811208,88.89
IN,Indiana,2012,5,2012-05,violent-crime,estimates,2052,35.26,6537334,5819880,89.03
IN,Indiana,2012,6,2012-06,violent-crime,estimates,1901,32.94,6537334,5770866,88.28
IN,Indiana,2012,7,2012-07,violent-crime,estimates,2058,35.96,6537334,5723579,87.55
IN,Indiana,2012,8,2012-08,violent-crime,estimates,1868,33.34,6537334,5602875,85.71
IN,Indiana,2012,9,2012-09,violent-crime,estimates,1845,33.38,6537334,5527438,84.55
IN,Indiana,2012,10,2012-10,violent-crime,estimates,1775,32.24,6537334,5505492,84.22
IN,Indiana,2012,11,2012-11,violent-crime,estimates,1687,30.4,6537334,5549642,84.89
IN,Indiana,2012,12,2012-12,violent-crime,estimates,1589,29.21,6537334,5440631,83.22
IN,Indiana,2013,1,2013-01,violent-crime,estimates,1662,28.7,6570902,5791398,88.14
IN,Indiana,2013,2,2013-02,violent-crime,estimates,1339,22.98,6570902,5826680,88.67
IN,Indiana,2013,3,2013-03,violent-crime,estimates,1537,26.99,6570902,5694132,86.66
IN,Indiana,2013,4,2013-04,violent-crime,estimates,1779,30.89,6570902,5758450,87.64
IN,Indiana,2013,5,2013-05,violent-crime,estimates,1991,35.52,6570902,5604509,85.29
IN,Indiana,2013,6,2013-06,violent-crime,estimates,2043,36.9,6570902,5536691,84.26
IN,Indiana,2013,7,2013-07,violent-crime,estimates,2133,38.52,6570902,5537127,84.27
IN,Indiana,2013,8,2013-08,violent-crime,estimates,2066,37.56,6570902,5500589,83.71
IN,Indiana,2013,9,2013-09,violent-crime,estimates,1864,33.44,6570902,5574552,84.84
IN,Indiana,2013,10,2013-10,violent-crime,estimates,1859,33.91,6570902,5482474,83.44
IN,Indiana,2013,11,2013-11,violent-crime,estimates,1823,33.39,6570902,5459125,83.08
IN,Indiana,2013,12,2013-12,violent-crime,estimates,1776,32.53,6570902,5458872,83.08
IN,Indiana,2014,1,2014-01,violent-crime,estimates,1578,28.13,6596855,5610357,85.05
IN,Indiana,2014,2,2014-02,violent-crime,estimates,1283,23,6596855,5578835,84.57
IN,Indiana,2014,3,2014-03,violent-crime,estimates,1713,30.53,6596855,5610973,85.06
IN,Indiana,2014,4,2014-04,violent-crime,estimates,1879,33.77,6596855,5564748,84.35
IN,Indiana,2014,5,2014-05,violent-crime,estimates,2100,38.25,6596855,5489916,83.22
IN,Indiana,2014,6,2014-06,violent-crime,estimates,2019,36.94,6596855,5465284,82.85
IN,Indiana,2014,7,2014-07,violent-crime,estimates,2026,36.98,6596855,5479339,83.06
IN,Indiana,2014,8,2014-08,violent-crime,estimates,2097,38.36,6596855,5465965,82.86
IN,Indiana,2014,9,2014-09,violent-crime,estimates,1877,34.21,6596855,5486851,83.17
IN,Indiana,2014,10,2014-10,violent-crime,estimates,1905,34.72,6596855,5486851,83.17
IN,Indiana,2014,11,2014-11,violent-crime,estimates,1757,32.02,6596855,5486851,83.17
IN,Indiana,2014,12,2014-12,violent-crime,estimates,1808,33.12,6596855,5459046,82.75
IN,Indiana,2015,1,2015-01,violent-crime,estimates,1758,31.13,6619680,5647201,85.31
IN,Indiana,2015,2,2015-02,violent-crime,estimates,1355,24.07,6619680,5629997,85.05
IN,Indiana,2015,3,2015-03,violent-crime,estimates,1845,32.88,6619680,5611296,84.77
IN,Indiana,2015,4,2015-04,violent-crime,estimates,1818,32.82,6619680,5539355,83.68
IN,Indiana,2015,5,2015-05,violent-crime,estimates,2103,38.14,6619680,5513778,83.29
IN,Indiana,2015,6,2015-06,violent-crime,estimates,2149,38.9,6619680,5524966,83.46
IN,Indiana,2015,7,2015-07,violent-crime,estimates,2275,41.58,6619680,5471722,82.66
IN,Indiana,2015,8,2015-08,violent-crime,estimates,2142,39.06,6619680,5483851,82.84
IN,Indiana,2015,9,2015-09,violent-crime,estimates,2130,38.84,6619680,5483851,82.84
IN,Indiana,2015,10,2015-10,violent-crime,estimates,2065,37.73,6619680,5473347,82.68
IN,Indiana,2015,11,2015-11,violent-crime,estimates,1693,30.93,6619680,5473347,82.68
IN,Indiana,2015,12,2015-12,violent-crime,estimates,1812,33.67,6619680,5382205,81.31
IN,Indiana,2016,1,2016-01,violent-crime,estimates,2324,42.66,6633053,5447279,82.12
IN,Indiana,2016,2,2016-02,violent-crime,estimates,1632,30.15,6633053,5412633,81.6
IN,Indiana,2016,3,2016-03,violent-crime,estimates,1901,34.67,6633053,5483023,82.66
IN,Indiana,2016,4,2016-04,violent-crime,estimates,1949,36.72,6633053,5307281,80.01
IN,Indiana,2016,5,2016-05,violent-crime,estimates,2110,39.68,6633053,5317023,80.16
IN,Indiana,2016,6,2016-06,violent-crime,estimates,2165,40.56,6633053,5337960,80.48
IN,Indiana,2016,7,2016-07,violent-crime,estimates,2250,42.61,6633053,5280406,79.61
IN,Indiana,2016,8,2016-08,violent-crime,estimates,2100,39.26,6633053,5349527,80.65
IN,Indiana,2016,9,2016-09,violent-crime,estimates,2100,40.09,6633053,5237893,78.97
IN,Indiana,2016,10,2016-10,violent-crime,estimates,2010,39.24,6633053,5122950,77.23
IN,Indiana,2016,11,2016-11,violent-crime,estimates,1783,35.78,6633053,4983262,75.13
IN,Indiana,2016,12,2016-12,violent-crime,estimates,1805,34.8,6633053,5186670,78.19
IN,Indiana,2017,1,2017-01,violent-crime,estimates,2442,46.19,6666818,5286942,79.3
IN,Indiana,2017,2,2017-02,violent-crime,estimates,1630,30.8,6666818,5292578,79.39
IN,Indiana,2017,3,2017-03,violent-crime,estimates,1659,31.31,6666818,5299390,79.49
IN,Indiana,2017,4,2017-04,violent-crime,estimates,1950,36.99,6666818,5271302,79.07
IN,Indiana,2017,5,2017-05,violent-crime,estimates,2236,42.81,6666818,5223018,78.34
IN,Indiana,2017,6,2017-06,violent-crime,estimates,2099,40.39,6666818,5197262,77.96
IN,Indiana,2017,7,2017-07,violent-crime,estimates,2252,43.36,6666818,5194151,77.91
IN,Indiana,2017,8,2017-08,violent-crime,estimates,2054,39.22,6666818,5237482,78.56
IN,Indiana,2017,9,2017-09,violent-crime,estimates,2037,40.02,6666818,5089432,76.34
IN,Indiana,2017,10,2017-10,violent-crime,estimates,1998,38.52,6666818,5187564,77.81
IN,Indiana,2017,11,2017-11,violent-crime,estimates,1886,37.5,6666818,5029967,75.45
IN,Indiana,2017,12,2017-12,violent-crime,estimates,1718,33.93,6666818,5062959,75.94
IA,Iowa,1999,1,1999-01,violent-crime,estimates,582,21.23,2869000,2741669,95.56
IA,Iowa,1999,2,1999-02,violent-crime,estimates,527,19.4,2869000,2717010,94.7
IA,Iowa,1999,3,1999-03,violent-crime,estimates,566,20.67,2869000,2738108,95.44
IA,Iowa,1999,4,1999-04,violent-crime,estimates,617,22.55,2869000,2735672,95.35
IA,Iowa,1999,5,1999-05,violent-crime,estimates,663,24.01,2869000,2761551,96.25
IA,Iowa,1999,6,1999-06,violent-crime,estimates,660,24.03,2869000,2746801,95.74
IA,Iowa,1999,7,1999-07,violent-crime,estimates,693,25.27,2869000,2742235,95.58
IA,Iowa,1999,8,1999-08,violent-crime,estimates,698,25.53,2869000,2734004,95.29
IA,Iowa,1999,9,1999-09,violent-crime,estimates,692,25.16,2869000,2750365,95.86
IA,Iowa,1999,10,1999-10,violent-crime,estimates,682,24.86,2869000,2742981,95.61
IA,Iowa,1999,11,1999-11,violent-crime,estimates,577,21.29,2869000,2710036,94.46
IA,Iowa,1999,12,1999-12,violent-crime,estimates,556,20.6,2869000,2699240,94.08
IA,Iowa,2000,1,2000-01,violent-crime,estimates,545,19.47,2926324,2799564,95.67
IA,Iowa,2000,2,2000-02,violent-crime,estimates,575,20.38,2926324,2822025,96.44
IA,Iowa,2000,3,2000-03,violent-crime,estimates,654,23.57,2926324,2774191,94.8
IA,Iowa,2000,4,2000-04,violent-crime,estimates,615,22.1,2926324,2782887,95.1
IA,Iowa,2000,5,2000-05,violent-crime,estimates,733,26.3,2926324,2787118,95.24
IA,Iowa,2000,6,2000-06,violent-crime,estimates,767,27.35,2926324,2803912,95.82
IA,Iowa,2000,7,2000-07,violent-crime,estimates,728,26.32,2926324,2765695,94.51
IA,Iowa,2000,8,2000-08,violent-crime,estimates,682,24.42,2926324,2792566,95.43
IA,Iowa,2000,9,2000-09,violent-crime,estimates,718,25.76,2926324,2787083,95.24
IA,Iowa,2000,10,2000-10,violent-crime,estimates,707,25.34,2926324,2790259,95.35
IA,Iowa,2000,11,2000-11,violent-crime,estimates,502,17.89,2926324,2806740,95.91
IA,Iowa,2000,12,2000-12,violent-crime,estimates,471,17.24,2926324,2731347,93.34
IA,Iowa,2001,1,2001-01,violent-crime,estimates,505,18.17,2923179,2780008,95.1
IA,Iowa,2001,2,2001-02,violent-crime,estimates,470,17.01,2923179,2763260,94.53
IA,Iowa,2001,3,2001-03,violent-crime,estimates,626,22.43,2923179,2790326,95.46
IA,Iowa,2001,4,2001-04,violent-crime,estimates,679,24.29,2923179,2795501,95.63
IA,Iowa,2001,5,2001-05,violent-crime,estimates,638,22.99,2923179,2775618,94.95
IA,Iowa,2001,6,2001-06,violent-crime,estimates,655,23.54,2923179,2782646,95.19
IA,Iowa,2001,7,2001-07,violent-crime,estimates,742,26.48,2923179,2802392,95.87
IA,Iowa,2001,8,2001-08,violent-crime,estimates,727,26.64,2923179,2729141,93.36
IA,Iowa,2001,9,2001-09,violent-crime,estimates,665,23.78,2923179,2796863,95.68
IA,Iowa,2001,10,2001-10,violent-crime,estimates,711,26.28,2923179,2705114,92.54
IA,Iowa,2001,11,2001-11,violent-crime,estimates,632,22.7,2923179,2784143,95.24
IA,Iowa,2001,12,2001-12,violent-crime,estimates,547,19.83,2923179,2758801,94.38
IA,Iowa,2002,1,2002-01,violent-crime,estimates,581,20.97,2936760,2770163,94.33
IA,Iowa,2002,2,2002-02,violent-crime,estimates,599,21.4,2936760,2798932,95.31
IA,Iowa,2002,3,2002-03,violent-crime,estimates,610,21.8,2936760,2798332,95.29
IA,Iowa,2002,4,2002-04,violent-crime,estimates,611,21.79,2936760,2803887,95.48
IA,Iowa,2002,5,2002-05,violent-crime,estimates,693,24.86,2936760,2788003,94.93
IA,Iowa,2002,6,2002-06,violent-crime,estimates,825,29.36,2936760,2809597,95.67
IA,Iowa,2002,7,2002-07,violent-crime,estimates,762,27.08,2936760,2813769,95.81
IA,Iowa,2002,8,2002-08,violent-crime,estimates,788,28.13,2936760,2801524,95.4
IA,Iowa,2002,9,2002-09,violent-crime,estimates,861,30.71,2936760,2803750,95.47
IA,Iowa,2002,10,2002-10,violent-crime,estimates,721,26.03,2936760,2770103,94.33
IA,Iowa,2002,11,2002-11,violent-crime,estimates,593,21.02,2936760,2820842,96.05
IA,Iowa,2002,12,2002-12,violent-crime,estimates,564,19.96,2936760,2825056,96.2
IA,Iowa,2003,1,2003-01,violent-crime,estimates,559,19.48,2944062,2869099,97.45
IA,Iowa,2003,2,2003-02,violent-crime,estimates,486,17.33,2944062,2804810,95.27
IA,Iowa,2003,3,2003-03,violent-crime,estimates,652,22.91,2944062,2846383,96.68
IA,Iowa,2003,4,2003-04,violent-crime,estimates,707,25.03,2944062,2824256,95.93
IA,Iowa,2003,5,2003-05,violent-crime,estimates,708,24.94,2944062,2838807,96.42
IA,Iowa,2003,6,2003-06,violent-crime,estimates,690,24.3,2944062,2838966,96.43
IA,Iowa,2003,7,2003-07,violent-crime,estimates,768,27.21,2944062,2822883,95.88
IA,Iowa,2003,8,2003-08,violent-crime,estimates,821,28.82,2944062,2848522,96.75
IA,Iowa,2003,9,2003-09,violent-crime,estimates,676,23.99,2944062,2818054,95.72
IA,Iowa,2003,10,2003-10,violent-crime,estimates,685,24.54,2944062,2791767,94.83
IA,Iowa,2003,11,2003-11,violent-crime,estimates,627,22.16,2944062,2829299,96.1
IA,Iowa,2003,12,2003-12,violent-crime,estimates,565,20.27,2944062,2787050,94.67
IA,Iowa,2004,1,2004-01,violent-crime,estimates,559,19.36,2954451,2887277,97.73
IA,Iowa,2004,2,2004-02,violent-crime,estimates,533,18.69,2954451,2852352,96.54
IA,Iowa,2004,3,2004-03,violent-crime,estimates,618,21.62,2954451,2857805,96.73
IA,Iowa,2004,4,2004-04,violent-crime,estimates,699,24.54,2954451,2848574,96.42
IA,Iowa,2004,5,2004-05,violent-crime,estimates,696,24.5,2954451,2841225,96.17
IA,Iowa,2004,6,2004-06,violent-crime,estimates,791,27.53,2954451,2873573,97.26
IA,Iowa,2004,7,2004-07,violent-crime,estimates,791,27.75,2954451,2850239,96.47
IA,Iowa,2004,8,2004-08,violent-crime,estimates,780,27.54,2954451,2831870,95.85
IA,Iowa,2004,9,2004-09,violent-crime,estimates,740,25.85,2954451,2862951,96.9
IA,Iowa,2004,10,2004-10,violent-crime,estimates,673,23.81,2954451,2826398,95.67
IA,Iowa,2004,11,2004-11,violent-crime,estimates,722,25.65,2954451,2815121,95.28
IA,Iowa,2004,12,2004-12,violent-crime,estimates,670,23.83,2954451,2811103,95.15
IA,Iowa,2005,1,2005-01,violent-crime,estimates,662,22.99,2966334,2879136,97.06
IA,Iowa,2005,2,2005-02,violent-crime,estimates,597,20.66,2966334,2889221,97.4
IA,Iowa,2005,3,2005-03,violent-crime,estimates,631,22.05,2966334,2861590,96.47
IA,Iowa,2005,4,2005-04,violent-crime,estimates,720,25.09,2966334,2869721,96.74
IA,Iowa,2005,5,2005-05,violent-crime,estimates,777,26.9,2966334,2888552,97.38
IA,Iowa,2005,6,2005-06,violent-crime,estimates,758,26.55,2966334,2854631,96.23
IA,Iowa,2005,7,2005-07,violent-crime,estimates,801,28.08,2966334,2852907,96.18
IA,Iowa,2005,8,2005-08,violent-crime,estimates,811,28.75,2966334,2821024,95.1
IA,Iowa,2005,9,2005-09,violent-crime,estimates,848,29.51,2966334,2873430,96.87
IA,Iowa,2005,10,2005-10,violent-crime,estimates,771,27.01,2966334,2854164,96.22
IA,Iowa,2005,11,2005-11,violent-crime,estimates,622,22.02,2966334,2824188,95.21
IA,Iowa,2005,12,2005-12,violent-crime,estimates,584,20.29,2966334,2878907,97.05
IA,Iowa,2006,1,2006-01,violent-crime,estimates,718,24.8,2982085,2895479,97.1
IA,Iowa,2006,2,2006-02,violent-crime,estimates,544,19.08,2982085,2850928,95.6
IA,Iowa,2006,3,2006-03,violent-crime,estimates,636,22.04,2982085,2885892,96.77
IA,Iowa,2006,4,2006-04,violent-crime,estimates,722,24.94,2982085,2895473,97.1
IA,Iowa,2006,5,2006-05,violent-crime,estimates,748,26.02,2982085,2875198,96.42
IA,Iowa,2006,6,2006-06,violent-crime,estimates,779,27.26,2982085,2857626,95.83
IA,Iowa,2006,7,2006-07,violent-crime,estimates,765,26.41,2982085,2896736,97.14
IA,Iowa,2006,8,2006-08,violent-crime,estimates,737,25.75,2982085,2861982,95.97
IA,Iowa,2006,9,2006-09,violent-crime,estimates,764,26.71,2982085,2860110,95.91
IA,Iowa,2006,10,2006-10,violent-crime,estimates,702,24.43,2982085,2873459,96.36
IA,Iowa,2006,11,2006-11,violent-crime,estimates,643,22.47,2982085,2861475,95.96
IA,Iowa,2006,12,2006-12,violent-crime,estimates,604,20.8,2982085,2903778,97.37
IA,Iowa,2007,1,2007-01,violent-crime,estimates,648,22.51,2988046,2878938,96.35
IA,Iowa,2007,2,2007-02,violent-crime,estimates,513,17.82,2988046,2878424,96.33
IA,Iowa,2007,3,2007-03,violent-crime,estimates,686,23.73,2988046,2891430,96.77
IA,Iowa,2007,4,2007-04,violent-crime,estimates,764,26.63,2988046,2869457,96.03
IA,Iowa,2007,5,2007-05,violent-crime,estimates,872,30.4,2988046,2868210,95.99
IA,Iowa,2007,6,2007-06,violent-crime,estimates,796,27.49,2988046,2895339,96.9
IA,Iowa,2007,7,2007-07,violent-crime,estimates,859,29.54,2988046,2907680,97.31
IA,Iowa,2007,8,2007-08,violent-crime,estimates,802,27.74,2988046,2890659,96.74
IA,Iowa,2007,9,2007-09,violent-crime,estimates,802,27.78,2988046,2887380,96.63
IA,Iowa,2007,10,2007-10,violent-crime,estimates,772,26.77,2988046,2883768,96.51
IA,Iowa,2007,11,2007-11,violent-crime,estimates,641,22.32,2988046,2871269,96.09
IA,Iowa,2007,12,2007-12,violent-crime,estimates,622,21.95,2988046,2833442,94.83
IA,Iowa,2008,1,2008-01,violent-crime,estimates,615,21,3002555,2929088,97.55
IA,Iowa,2008,2,2008-02,violent-crime,estimates,552,18.9,3002555,2921086,97.29
IA,Iowa,2008,3,2008-03,violent-crime,estimates,690,23.52,3002555,2933194,97.69
IA,Iowa,2008,4,2008-04,violent-crime,estimates,711,24.39,3002555,2914691,97.07
IA,Iowa,2008,5,2008-05,violent-crime,estimates,806,27.48,3002555,2933122,97.69
IA,Iowa,2008,6,2008-06,violent-crime,estimates,718,24.76,3002555,2899351,96.56
IA,Iowa,2008,7,2008-07,violent-crime,estimates,790,27.15,3002555,2909576,96.9
IA,Iowa,2008,8,2008-08,violent-crime,estimates,875,30.29,3002555,2889163,96.22
IA,Iowa,2008,9,2008-09,violent-crime,estimates,820,28.15,3002555,2913016,97.02
IA,Iowa,2008,10,2008-10,violent-crime,estimates,785,26.99,3002555,2908660,96.87
IA,Iowa,2008,11,2008-11,violent-crime,estimates,650,22.37,3002555,2906250,96.79
IA,Iowa,2008,12,2008-12,violent-crime,estimates,495,17.06,3002555,2901339,96.63
IA,Iowa,2009,1,2009-01,violent-crime,estimates,597,20.71,3007856,2882400,95.83
IA,Iowa,2009,2,2009-02,violent-crime,estimates,597,20.56,3007856,2903014,96.51
IA,Iowa,2009,3,2009-03,violent-crime,estimates,679,23.17,3007856,2929969,97.41
IA,Iowa,2009,4,2009-04,violent-crime,estimates,729,24.94,3007856,2923594,97.2
IA,Iowa,2009,5,2009-05,violent-crime,estimates,746,25.66,3007856,2907244,96.66
IA,Iowa,2009,6,2009-06,violent-crime,estimates,759,26.46,3007856,2868922,95.38
IA,Iowa,2009,7,2009-07,violent-crime,estimates,785,26.89,3007856,2919413,97.06
IA,Iowa,2009,8,2009-08,violent-crime,estimates,774,26.53,3007856,2917470,97
IA,Iowa,2009,9,2009-09,violent-crime,estimates,712,24.36,3007856,2922298,97.16
IA,Iowa,2009,10,2009-10,violent-crime,estimates,704,24.16,3007856,2913565,96.87
IA,Iowa,2009,11,2009-11,violent-crime,estimates,699,24.12,3007856,2898111,96.35
IA,Iowa,2009,12,2009-12,violent-crime,estimates,544,18.64,3007856,2919197,97.05
IA,Iowa,2010,1,2010-01,violent-crime,estimates,527,17.93,3046355,2938481,96.46
IA,Iowa,2010,2,2010-02,violent-crime,estimates,491,17.14,3046355,2864561,94.03
IA,Iowa,2010,3,2010-03,violent-crime,estimates,726,25.02,3046355,2901113,95.23
IA,Iowa,2010,4,2010-04,violent-crime,estimates,693,23.83,3046355,2908447,95.47
IA,Iowa,2010,5,2010-05,violent-crime,estimates,751,25.91,3046355,2897987,95.13
IA,Iowa,2010,6,2010-06,violent-crime,estimates,690,23.41,3046355,2947100,96.74
IA,Iowa,2010,7,2010-07,violent-crime,estimates,767,26.29,3046355,2917237,95.76
IA,Iowa,2010,8,2010-08,violent-crime,estimates,793,27.66,3046355,2866538,94.1
IA,Iowa,2010,9,2010-09,violent-crime,estimates,722,25.09,3046355,2877531,94.46
IA,Iowa,2010,10,2010-10,violent-crime,estimates,691,23.81,3046355,2902501,95.28
IA,Iowa,2010,11,2010-11,violent-crime,estimates,620,21.54,3046355,2878215,94.48
IA,Iowa,2010,12,2010-12,violent-crime,estimates,486,16.8,3046355,2893067,94.97
IA,Iowa,2011,1,2011-01,violent-crime,estimates,569,19.6,3062309,2903429,94.81
IA,Iowa,2011,2,2011-02,violent-crime,estimates,501,17.34,3062309,2889141,94.35
IA,Iowa,2011,3,2011-03,violent-crime,estimates,629,21.54,3062309,2920433,95.37
IA,Iowa,2011,4,2011-04,violent-crime,estimates,615,21.1,3062309,2914856,95.18
IA,Iowa,2011,5,2011-05,violent-crime,estimates,714,24.43,3062309,2922231,95.43
IA,Iowa,2011,6,2011-06,violent-crime,estimates,652,22.32,3062309,2920917,95.38
IA,Iowa,2011,7,2011-07,violent-crime,estimates,767,26.23,3062309,2923990,95.48
IA,Iowa,2011,8,2011-08,violent-crime,estimates,702,23.99,3062309,2926324,95.56
IA,Iowa,2011,9,2011-09,violent-crime,estimates,679,23.21,3062309,2925977,95.55
IA,Iowa,2011,10,2011-10,violent-crime,estimates,668,22.91,3062309,2916196,95.23
IA,Iowa,2011,11,2011-11,violent-crime,estimates,607,20.81,3062309,2917254,95.26
IA,Iowa,2011,12,2011-12,violent-crime,estimates,542,18.71,3062309,2896279,94.58
IA,Iowa,2012,1,2012-01,violent-crime,estimates,607,20.59,3074186,2948468,95.91
IA,Iowa,2012,2,2012-02,violent-crime,estimates,525,17.91,3074186,2930623,95.33
IA,Iowa,2012,3,2012-03,violent-crime,estimates,743,25.42,3074186,2923087,95.08
IA,Iowa,2012,4,2012-04,violent-crime,estimates,644,22.07,3074186,2917346,94.9
IA,Iowa,2012,5,2012-05,violent-crime,estimates,672,23.07,3074186,2912908,94.75
IA,Iowa,2012,6,2012-06,violent-crime,estimates,691,23.82,3074186,2901295,94.38
IA,Iowa,2012,7,2012-07,violent-crime,estimates,729,25.19,3074186,2893867,94.13
IA,Iowa,2012,8,2012-08,violent-crime,estimates,704,24.27,3074186,2900936,94.36
IA,Iowa,2012,9,2012-09,violent-crime,estimates,637,22.01,3074186,2893822,94.13
IA,Iowa,2012,10,2012-10,violent-crime,estimates,698,24.14,3074186,2891906,94.07
IA,Iowa,2012,11,2012-11,violent-crime,estimates,611,21.35,3074186,2861914,93.1
IA,Iowa,2012,12,2012-12,violent-crime,estimates,527,18.36,3074186,2869646,93.35
IA,Iowa,2013,1,2013-01,violent-crime,estimates,628,21.25,3090416,2954868,95.61
IA,Iowa,2013,2,2013-02,violent-crime,estimates,501,17.3,3090416,2895252,93.68
IA,Iowa,2013,3,2013-03,violent-crime,estimates,625,21.41,3090416,2919131,94.46
IA,Iowa,2013,4,2013-04,violent-crime,estimates,687,23.61,3090416,2910131,94.17
IA,Iowa,2013,5,2013-05,violent-crime,estimates,746,25.69,3090416,2903508,93.95
IA,Iowa,2013,6,2013-06,violent-crime,estimates,779,26.83,3090416,2902950,93.93
IA,Iowa,2013,7,2013-07,violent-crime,estimates,763,26.39,3090416,2891035,93.55
IA,Iowa,2013,8,2013-08,violent-crime,estimates,750,26.02,3090416,2882053,93.26
IA,Iowa,2013,9,2013-09,violent-crime,estimates,684,23.76,3090416,2879158,93.16
IA,Iowa,2013,10,2013-10,violent-crime,estimates,653,22.76,3090416,2869359,92.85
IA,Iowa,2013,11,2013-11,violent-crime,estimates,643,22.43,3090416,2866086,92.74
IA,Iowa,2013,12,2013-12,violent-crime,estimates,605,21.12,3090416,2865211,92.71
IA,Iowa,2014,1,2014-01,violent-crime,estimates,597,19.66,3107126,3036603,97.73
IA,Iowa,2014,2,2014-02,violent-crime,estimates,494,16.41,3107126,3010546,96.89
IA,Iowa,2014,3,2014-03,violent-crime,estimates,625,20.68,3107126,3022974,97.29
IA,Iowa,2014,4,2014-04,violent-crime,estimates,661,21.95,3107126,3011782,96.93
IA,Iowa,2014,5,2014-05,violent-crime,estimates,699,24.02,3107126,2910576,93.67
IA,Iowa,2014,6,2014-06,violent-crime,estimates,728,24.44,3107126,2978705,95.87
IA,Iowa,2014,7,2014-07,violent-crime,estimates,738,24.44,3107126,3019524,97.18
IA,Iowa,2014,8,2014-08,violent-crime,estimates,755,25.28,3107126,2986655,96.12
IA,Iowa,2014,9,2014-09,violent-crime,estimates,811,26.88,3107126,3016735,97.09
IA,Iowa,2014,10,2014-10,violent-crime,estimates,706,23.63,3107126,2987964,96.16
IA,Iowa,2014,11,2014-11,violent-crime,estimates,690,23.1,3107126,2986699,96.12
IA,Iowa,2014,12,2014-12,violent-crime,estimates,722,24.08,3107126,2997810,96.48
IA,Iowa,2015,1,2015-01,violent-crime,estimates,633,20.55,3123899,3080079,98.6
IA,Iowa,2015,2,2015-02,violent-crime,estimates,561,18.38,3123899,3052206,97.71
IA,Iowa,2015,3,2015-03,violent-crime,estimates,627,20.42,3123899,3071102,98.31
IA,Iowa,2015,4,2015-04,violent-crime,estimates,705,23,3123899,3065537,98.13
IA,Iowa,2015,5,2015-05,violent-crime,estimates,734,24.22,3123899,3029955,96.99
IA,Iowa,2015,6,2015-06,violent-crime,estimates,739,24.32,3123899,3038562,97.27
IA,Iowa,2015,7,2015-07,violent-crime,estimates,785,25.51,3123899,3077424,98.51
IA,Iowa,2015,8,2015-08,violent-crime,estimates,843,27.46,3123899,3069886,98.27
IA,Iowa,2015,9,2015-09,violent-crime,estimates,765,24.84,3123899,3080006,98.59
IA,Iowa,2015,10,2015-10,violent-crime,estimates,745,24.44,3123899,3047736,97.56
IA,Iowa,2015,11,2015-11,violent-crime,estimates,662,22.12,3123899,2992886,95.81
IA,Iowa,2015,12,2015-12,violent-crime,estimates,689,23.25,3123899,2963542,94.87
IA,Iowa,2016,1,2016-01,violent-crime,estimates,693,22.77,3134693,3043740,97.1
IA,Iowa,2016,2,2016-02,violent-crime,estimates,626,20.56,3134693,3044614,97.13
IA,Iowa,2016,3,2016-03,violent-crime,estimates,710,23.16,3134693,3065356,97.79
IA,Iowa,2016,4,2016-04,violent-crime,estimates,742,24.28,3134693,3056585,97.51
IA,Iowa,2016,5,2016-05,violent-crime,estimates,756,25,3134693,3023994,96.47
IA,Iowa,2016,6,2016-06,violent-crime,estimates,823,27.09,3134693,3037905,96.91
IA,Iowa,2016,7,2016-07,violent-crime,estimates,879,29.3,3134693,3000403,95.72
IA,Iowa,2016,8,2016-08,violent-crime,estimates,867,28.8,3134693,3010351,96.03
IA,Iowa,2016,9,2016-09,violent-crime,estimates,797,26.47,3134693,3010925,96.05
IA,Iowa,2016,10,2016-10,violent-crime,estimates,795,26.1,3134693,3045415,97.15
IA,Iowa,2016,11,2016-11,violent-crime,estimates,672,21.79,3134693,3083795,98.38
IA,Iowa,2016,12,2016-12,violent-crime,estimates,652,21.29,3134693,3062682,97.7
IA,Iowa,2017,1,2017-01,violent-crime,estimates,694,22.45,3145711,3091270,98.27
IA,Iowa,2017,2,2017-02,violent-crime,estimates,634,20.46,3145711,3098749,98.51
IA,Iowa,2017,3,2017-03,violent-crime,estimates,679,21.88,3145711,3102986,98.64
IA,Iowa,2017,4,2017-04,violent-crime,estimates,711,23.11,3145711,3076455,97.8
IA,Iowa,2017,5,2017-05,violent-crime,estimates,796,25.8,3145711,3085362,98.08
IA,Iowa,2017,6,2017-06,violent-crime,estimates,793,25.88,3145711,3064655,97.42
IA,Iowa,2017,7,2017-07,violent-crime,estimates,885,28.71,3145711,3082857,98
IA,Iowa,2017,8,2017-08,violent-crime,estimates,822,26.82,3145711,3064434,97.42
IA,Iowa,2017,9,2017-09,violent-crime,estimates,755,24.87,3145711,3036393,96.52
IA,Iowa,2017,10,2017-10,violent-crime,estimates,833,27.28,3145711,3053893,97.08
IA,Iowa,2017,11,2017-11,violent-crime,estimates,663,21.56,3145711,3074765,97.74
IA,Iowa,2017,12,2017-12,violent-crime,estimates,686,22.28,3145711,3078745,97.87
KS,Kansas,1999,1,1999-01,violent-crime,estimates,201,31.27,2654000,642711,24.22
KS,Kansas,1999,2,1999-02,violent-crime,estimates,227,46.16,2654000,491781,18.53
KS,Kansas,1999,3,1999-03,violent-crime,estimates,234,45.88,2654000,510043,19.22
KS,Kansas,1999,4,1999-04,violent-crime,estimates,235,37.49,2654000,626777,23.62
KS,Kansas,1999,5,1999-05,violent-crime,estimates,260,54.71,2654000,475213,17.91
KS,Kansas,1999,6,1999-06,violent-crime,estimates,233,34.97,2654000,666213,25.1
KS,Kansas,1999,7,1999-07,violent-crime,estimates,302,44.86,2654000,673133,25.36
KS,Kansas,1999,8,1999-08,violent-crime,estimates,293,41,2654000,714716,26.93
KS,Kansas,1999,9,1999-09,violent-crime,estimates,263,57.24,2654000,459434,17.31
KS,Kansas,1999,10,1999-10,violent-crime,estimates,243,50.76,2654000,478680,18.04
KS,Kansas,1999,11,1999-11,violent-crime,estimates,268,50.95,2654000,526042,19.82
KS,Kansas,1999,12,1999-12,violent-crime,estimates,276,51.28,2654000,538237,20.28
KS,Kansas,2000,1,2000-01,violent-crime,estimates,636,26.99,2688418,2356324,87.65
KS,Kansas,2000,2,2000-02,violent-crime,estimates,562,23.88,2688418,2353867,87.56
KS,Kansas,2000,3,2000-03,violent-crime,estimates,587,26.64,2688418,2203768,81.97
KS,Kansas,2000,4,2000-04,violent-crime,estimates,602,25.61,2688418,2350578,87.43
KS,Kansas,2000,5,2000-05,violent-crime,estimates,701,29.89,2688418,2344889,87.22
KS,Kansas,2000,6,2000-06,violent-crime,estimates,728,30.91,2688418,2355515,87.62
KS,Kansas,2000,7,2000-07,violent-crime,estimates,813,37.5,2688418,2168107,80.65
KS,Kansas,2000,8,2000-08,violent-crime,estimates,796,34.71,2688418,2293430,85.31
KS,Kansas,2000,9,2000-09,violent-crime,estimates,742,32.11,2688418,2310715,85.95
KS,Kansas,2000,10,2000-10,violent-crime,estimates,694,30.3,2688418,2290393,85.19
KS,Kansas,2000,11,2000-11,violent-crime,estimates,667,29.08,2688418,2293622,85.31
KS,Kansas,2000,12,2000-12,violent-crime,estimates,623,26.86,2688418,2319071,86.26
KS,Kansas,2001,1,2001-01,violent-crime,estimates,640,27.82,2694641,2300656,85.38
KS,Kansas,2001,2,2001-02,violent-crime,estimates,576,24.94,2694641,2309694,85.71
KS,Kansas,2001,3,2001-03,violent-crime,estimates,714,30.92,2694641,2309197,85.7
KS,Kansas,2001,4,2001-04,violent-crime,estimates,763,33.41,2694641,2283871,84.76
KS,Kansas,2001,5,2001-05,violent-crime,estimates,752,32.75,2694641,2296121,85.21
KS,Kansas,2001,6,2001-06,violent-crime,estimates,826,35.75,2694641,2310688,85.75
KS,Kansas,2001,7,2001-07,violent-crime,estimates,880,38.61,2694641,2279287,84.59
KS,Kansas,2001,8,2001-08,violent-crime,estimates,739,32.54,2694641,2271094,84.28
KS,Kansas,2001,9,2001-09,violent-crime,estimates,730,32.34,2694641,2257530,83.78
KS,Kansas,2001,10,2001-10,violent-crime,estimates,735,32.64,2694641,2251727,83.56
KS,Kansas,2001,11,2001-11,violent-crime,estimates,716,31.77,2694641,2253777,83.64
KS,Kansas,2001,12,2001-12,violent-crime,estimates,686,29.58,2694641,2319038,86.06
KS,Kansas,2002,1,2002-01,violent-crime,estimates,714,29.8,2715884,2396264,88.23
KS,Kansas,2002,2,2002-02,violent-crime,estimates,621,25.76,2715884,2410480,88.75
KS,Kansas,2002,3,2002-03,violent-crime,estimates,703,29.13,2715884,2413244,88.86
KS,Kansas,2002,4,2002-04,violent-crime,estimates,750,31.18,2715884,2405579,88.57
KS,Kansas,2002,5,2002-05,violent-crime,estimates,736,31.19,2715884,2359453,86.88
KS,Kansas,2002,6,2002-06,violent-crime,estimates,855,35.69,2715884,2395748,88.21
KS,Kansas,2002,7,2002-07,violent-crime,estimates,848,35.31,2715884,2401265,88.42
KS,Kansas,2002,8,2002-08,violent-crime,estimates,915,38.02,2715884,2406693,88.62
KS,Kansas,2002,9,2002-09,violent-crime,estimates,806,33.71,2715884,2390685,88.03
KS,Kansas,2002,10,2002-10,violent-crime,estimates,681,28.4,2715884,2397799,88.29
KS,Kansas,2002,11,2002-11,violent-crime,estimates,596,24.95,2715884,2388884,87.96
KS,Kansas,2002,12,2002-12,violent-crime,estimates,552,23.18,2715884,2381464,87.69
KS,Kansas,2003,1,2003-01,violent-crime,estimates,649,26.37,2723507,2461011,90.36
KS,Kansas,2003,2,2003-02,violent-crime,estimates,462,18.92,2723507,2441760,89.65
KS,Kansas,2003,3,2003-03,violent-crime,estimates,658,28.65,2723507,2296482,84.32
KS,Kansas,2003,4,2003-04,violent-crime,estimates,633,27.49,2723507,2302712,84.55
KS,Kansas,2003,5,2003-05,violent-crime,estimates,771,35.09,2723507,2197129,80.67
KS,Kansas,2003,6,2003-06,violent-crime,estimates,664,30.31,2723507,2190597,80.43
KS,Kansas,2003,7,2003-07,violent-crime,estimates,773,35.34,2723507,2187443,80.32
KS,Kansas,2003,8,2003-08,violent-crime,estimates,773,35.28,2723507,2191062,80.45
KS,Kansas,2003,9,2003-09,violent-crime,estimates,697,32.15,2723507,2168098,79.61
KS,Kansas,2003,10,2003-10,violent-crime,estimates,714,30.9,2723507,2310457,84.83
KS,Kansas,2003,11,2003-11,violent-crime,estimates,554,25.93,2723507,2136536,78.45
KS,Kansas,2003,12,2003-12,violent-crime,estimates,543,25.5,2723507,2129611,78.19
KS,Kansas,2004,1,2004-01,violent-crime,estimates,645,24.49,2735502,2634187,96.3
KS,Kansas,2004,2,2004-02,violent-crime,estimates,520,19.78,2735502,2628721,96.1
KS,Kansas,2004,3,2004-03,violent-crime,estimates,659,25.09,2735502,2626840,96.03
KS,Kansas,2004,4,2004-04,violent-crime,estimates,666,25.51,2735502,2610971,95.45
KS,Kansas,2004,5,2004-05,violent-crime,estimates,782,29.83,2735502,2621863,95.85
KS,Kansas,2004,6,2004-06,violent-crime,estimates,692,26.54,2735502,2607669,95.33
KS,Kansas,2004,7,2004-07,violent-crime,estimates,707,27,2735502,2618166,95.71
KS,Kansas,2004,8,2004-08,violent-crime,estimates,792,30.27,2735502,2616159,95.64
KS,Kansas,2004,9,2004-09,violent-crime,estimates,783,29.97,2735502,2612694,95.51
KS,Kansas,2004,10,2004-10,violent-crime,estimates,720,27.48,2735502,2619623,95.76
KS,Kansas,2004,11,2004-11,violent-crime,estimates,610,23.34,2735502,2613767,95.55
KS,Kansas,2004,12,2004-12,violent-crime,estimates,2335,89.52,2735502,2608265,95.35
KS,Kansas,2005,1,2005-01,violent-crime,estimates,548,20.52,2744687,2670695,97.3
KS,Kansas,2005,2,2005-02,violent-crime,estimates,559,21,2744687,2662371,97
KS,Kansas,2005,3,2005-03,violent-crime,estimates,616,23.09,2744687,2668309,97.22
KS,Kansas,2005,4,2005-04,violent-crime,estimates,577,21.59,2744687,2671934,97.35
KS,Kansas,2005,5,2005-05,violent-crime,estimates,744,27.99,2744687,2658479,96.86
KS,Kansas,2005,6,2005-06,violent-crime,estimates,655,24.61,2744687,2660989,96.95
KS,Kansas,2005,7,2005-07,violent-crime,estimates,746,28.05,2744687,2659110,96.88
KS,Kansas,2005,8,2005-08,violent-crime,estimates,766,28.78,2744687,2661391,96.97
KS,Kansas,2005,9,2005-09,violent-crime,estimates,750,28.18,2744687,2661368,96.96
KS,Kansas,2005,10,2005-10,violent-crime,estimates,702,26.44,2744687,2654864,96.73
KS,Kansas,2005,11,2005-11,violent-crime,estimates,295,11.27,2744687,2618254,95.39
KS,Kansas,2005,12,2005-12,violent-crime,estimates,3275,123.62,2744687,2649330,96.53
KS,Kansas,2006,1,2006-01,violent-crime,estimates,729,26.85,2764075,2714839,98.22
KS,Kansas,2006,2,2006-02,violent-crime,estimates,628,23.22,2764075,2704365,97.84
KS,Kansas,2006,3,2006-03,violent-crime,estimates,1304,48.24,2764075,2703153,97.8
KS,Kansas,2006,4,2006-04,violent-crime,estimates,752,27.73,2764075,2711872,98.11
KS,Kansas,2006,5,2006-05,violent-crime,estimates,763,28.2,2764075,2705360,97.88
KS,Kansas,2006,6,2006-06,violent-crime,estimates,1513,56.35,2764075,2685057,97.14
KS,Kansas,2006,7,2006-07,violent-crime,estimates,831,30.79,2764075,2699177,97.65
KS,Kansas,2006,8,2006-08,violent-crime,estimates,785,29.15,2764075,2693148,97.43
KS,Kansas,2006,9,2006-09,violent-crime,estimates,1483,55.01,2764075,2695816,97.53
KS,Kansas,2006,10,2006-10,violent-crime,estimates,700,26.02,2764075,2690472,97.34
KS,Kansas,2006,11,2006-11,violent-crime,estimates,664,24.75,2764075,2683181,97.07
KS,Kansas,2006,12,2006-12,violent-crime,estimates,1561,58.3,2764075,2677417,96.86
KS,Kansas,2007,1,2007-01,violent-crime,estimates,574,21.17,2775997,2711658,97.68
KS,Kansas,2007,2,2007-02,violent-crime,estimates,560,20.7,2775997,2704913,97.44
KS,Kansas,2007,3,2007-03,violent-crime,estimates,1558,57.55,2775997,2707152,97.52
KS,Kansas,2007,4,2007-04,violent-crime,estimates,727,26.95,2775997,2697357,97.17
KS,Kansas,2007,5,2007-05,violent-crime,estimates,815,30.24,2775997,2694987,97.08
KS,Kansas,2007,6,2007-06,violent-crime,estimates,1801,66.65,2775997,2702136,97.34
KS,Kansas,2007,7,2007-07,violent-crime,estimates,807,29.83,2775997,2705612,97.46
KS,Kansas,2007,8,2007-08,violent-crime,estimates,807,29.83,2775997,2704916,97.44
KS,Kansas,2007,9,2007-09,violent-crime,estimates,1839,68.12,2775997,2699695,97.25
KS,Kansas,2007,10,2007-10,violent-crime,estimates,784,29.07,2775997,2697307,97.17
KS,Kansas,2007,11,2007-11,violent-crime,estimates,697,25.91,2775997,2690147,96.91
KS,Kansas,2007,12,2007-12,violent-crime,estimates,1419,53.11,2775997,2672050,96.26
KS,Kansas,2008,1,2008-01,violent-crime,estimates,641,23.43,2802134,2735747,97.63
KS,Kansas,2008,2,2008-02,violent-crime,estimates,567,20.88,2802134,2715697,96.92
KS,Kansas,2008,3,2008-03,violent-crime,estimates,1470,53.78,2802134,2733492,97.55
KS,Kansas,2008,4,2008-04,violent-crime,estimates,647,23.66,2802134,2734173,97.57
KS,Kansas,2008,5,2008-05,violent-crime,estimates,759,27.77,2802134,2733332,97.54
KS,Kansas,2008,6,2008-06,violent-crime,estimates,1541,56.62,2802134,2721573,97.13
KS,Kansas,2008,7,2008-07,violent-crime,estimates,851,31.34,2802134,2715808,96.92
KS,Kansas,2008,8,2008-08,violent-crime,estimates,774,28.31,2802134,2733573,97.55
KS,Kansas,2008,9,2008-09,violent-crime,estimates,1473,54.06,2802134,2724768,97.24
KS,Kansas,2008,10,2008-10,violent-crime,estimates,773,30.01,2802134,2575892,91.93
KS,Kansas,2008,11,2008-11,violent-crime,estimates,658,25.49,2802134,2581137,92.11
KS,Kansas,2008,12,2008-12,violent-crime,estimates,955,36.93,2802134,2585992,92.29
KS,Kansas,2009,1,2009-01,violent-crime,estimates,788,28.69,2818747,2746867,97.45
KS,Kansas,2009,2,2009-02,violent-crime,estimates,629,22.88,2818747,2748901,97.52
KS,Kansas,2009,3,2009-03,violent-crime,estimates,1234,45.03,2818747,2740554,97.23
KS,Kansas,2009,4,2009-04,violent-crime,estimates,801,29.26,2818747,2737588,97.12
KS,Kansas,2009,5,2009-05,violent-crime,estimates,797,29.12,2818747,2737351,97.11
KS,Kansas,2009,6,2009-06,violent-crime,estimates,1471,53.95,2818747,2726825,96.74
KS,Kansas,2009,7,2009-07,violent-crime,estimates,816,29.8,2818747,2737908,97.13
KS,Kansas,2009,8,2009-08,violent-crime,estimates,837,30.59,2818747,2736271,97.07
KS,Kansas,2009,9,2009-09,violent-crime,estimates,1405,51.56,2818747,2725002,96.67
KS,Kansas,2009,10,2009-10,violent-crime,estimates,576,21.33,2818747,2700760,95.81
KS,Kansas,2009,11,2009-11,violent-crime,estimates,568,21.39,2818747,2655191,94.2
KS,Kansas,2009,12,2009-12,violent-crime,estimates,957,35.97,2818747,2660435,94.38
KS,Kansas,2010,1,2010-01,violent-crime,estimates,594,21.35,2853118,2781922,97.5
KS,Kansas,2010,2,2010-02,violent-crime,estimates,544,19.54,2853118,2783393,97.56
KS,Kansas,2010,3,2010-03,violent-crime,estimates,1144,41.17,2853118,2778955,97.4
KS,Kansas,2010,4,2010-04,violent-crime,estimates,712,25.54,2853118,2788171,97.72
KS,Kansas,2010,5,2010-05,violent-crime,estimates,794,28.43,2853118,2792549,97.88
KS,Kansas,2010,6,2010-06,violent-crime,estimates,1324,47.55,2853118,2784295,97.59
KS,Kansas,2010,7,2010-07,violent-crime,estimates,753,27.02,2853118,2786778,97.67
KS,Kansas,2010,8,2010-08,violent-crime,estimates,691,24.83,2853118,2782885,97.54
KS,Kansas,2010,9,2010-09,violent-crime,estimates,1315,47.63,2853118,2760744,96.76
KS,Kansas,2010,10,2010-10,violent-crime,estimates,814,29.35,2853118,2773740,97.22
KS,Kansas,2010,11,2010-11,violent-crime,estimates,676,24.46,2853118,2763212,96.85
KS,Kansas,2010,12,2010-12,violent-crime,estimates,1100,39.77,2853118,2765949,96.94
KS,Kansas,2011,1,2011-01,violent-crime,estimates,636,22.74,2871238,2797099,97.42
KS,Kansas,2011,2,2011-02,violent-crime,estimates,503,17.99,2871238,2796127,97.38
KS,Kansas,2011,3,2011-03,violent-crime,estimates,1173,41.88,2871238,2801132,97.56
KS,Kansas,2011,4,2011-04,violent-crime,estimates,681,24.28,2871238,2804264,97.67
KS,Kansas,2011,5,2011-05,violent-crime,estimates,717,25.67,2871238,2792720,97.27
KS,Kansas,2011,6,2011-06,violent-crime,estimates,1332,47.62,2871238,2797349,97.43
KS,Kansas,2011,7,2011-07,violent-crime,estimates,730,26.02,2871238,2805896,97.72
KS,Kansas,2011,8,2011-08,violent-crime,estimates,701,25.07,2871238,2795933,97.38
KS,Kansas,2011,9,2011-09,violent-crime,estimates,1271,45.45,2871238,2796548,97.4
KS,Kansas,2011,10,2011-10,violent-crime,estimates,715,25.56,2871238,2797803,97.44
KS,Kansas,2011,11,2011-11,violent-crime,estimates,546,19.61,2871238,2784272,96.97
KS,Kansas,2011,12,2011-12,violent-crime,estimates,1063,38.28,2871238,2776600,96.7
KS,Kansas,2012,1,2012-01,violent-crime,estimates,661,23.39,2885905,2826212,97.93
KS,Kansas,2012,2,2012-02,violent-crime,estimates,541,19.15,2885905,2824835,97.88
KS,Kansas,2012,3,2012-03,violent-crime,estimates,1150,40.63,2885905,2830318,98.07
KS,Kansas,2012,4,2012-04,violent-crime,estimates,639,22.63,2885905,2823949,97.85
KS,Kansas,2012,5,2012-05,violent-crime,estimates,795,28.06,2885905,2833306,98.18
KS,Kansas,2012,6,2012-06,violent-crime,estimates,1343,47.52,2885905,2826218,97.93
KS,Kansas,2012,7,2012-07,violent-crime,estimates,738,26.06,2885905,2831969,98.13
KS,Kansas,2012,8,2012-08,violent-crime,estimates,758,26.75,2885905,2833849,98.2
KS,Kansas,2012,9,2012-09,violent-crime,estimates,1271,44.96,2885905,2826658,97.95
KS,Kansas,2012,10,2012-10,violent-crime,estimates,619,22.01,2885905,2812148,97.44
KS,Kansas,2012,11,2012-11,violent-crime,estimates,645,22.94,2885905,2811393,97.42
KS,Kansas,2012,12,2012-12,violent-crime,estimates,1088,38.72,2885905,2809751,97.36
KS,Kansas,2013,1,2013-01,violent-crime,estimates,578,20.39,2893957,2835066,97.97
KS,Kansas,2013,2,2013-02,violent-crime,estimates,479,16.99,2893957,2819246,97.42
KS,Kansas,2013,3,2013-03,violent-crime,estimates,1070,37.87,2893957,2825505,97.63
KS,Kansas,2013,4,2013-04,violent-crime,estimates,714,25.25,2893957,2828089,97.72
KS,Kansas,2013,5,2013-05,violent-crime,estimates,715,25.33,2893957,2822471,97.53
KS,Kansas,2013,6,2013-06,violent-crime,estimates,1251,44.4,2893957,2817701,97.36
KS,Kansas,2013,7,2013-07,violent-crime,estimates,719,25.49,2893957,2820437,97.46
KS,Kansas,2013,8,2013-08,violent-crime,estimates,696,24.71,2893957,2816357,97.32
KS,Kansas,2013,9,2013-09,violent-crime,estimates,1161,41.32,2893957,2809750,97.09
KS,Kansas,2013,10,2013-10,violent-crime,estimates,655,23.18,2893957,2825702,97.64
KS,Kansas,2013,11,2013-11,violent-crime,estimates,696,24.86,2893957,2799676,96.74
KS,Kansas,2013,12,2013-12,violent-crime,estimates,953,34.22,2893957,2784827,96.23
KS,Kansas,2014,1,2014-01,violent-crime,estimates,604,21.45,2904021,2815918,96.97
KS,Kansas,2014,2,2014-02,violent-crime,estimates,521,18.62,2904021,2798392,96.36
KS,Kansas,2014,3,2014-03,violent-crime,estimates,998,35.47,2904021,2813812,96.89
KS,Kansas,2014,4,2014-04,violent-crime,estimates,672,24.11,2904021,2787095,95.97
KS,Kansas,2014,5,2014-05,violent-crime,estimates,745,26.54,2904021,2807040,96.66
KS,Kansas,2014,6,2014-06,violent-crime,estimates,1280,45.7,2904021,2800615,96.44
KS,Kansas,2014,7,2014-07,violent-crime,estimates,689,24.62,2904021,2799022,96.38
KS,Kansas,2014,8,2014-08,violent-crime,estimates,741,26.56,2904021,2790017,96.07
KS,Kansas,2014,9,2014-09,violent-crime,estimates,1203,43.22,2904021,2783170,95.84
KS,Kansas,2014,10,2014-10,violent-crime,estimates,513,18.48,2904021,2776326,95.6
KS,Kansas,2014,11,2014-11,violent-crime,estimates,533,19.3,2904021,2761311,95.09
KS,Kansas,2014,12,2014-12,violent-crime,estimates,1222,45.74,2904021,2671419,91.99
KS,Kansas,2015,1,2015-01,violent-crime,estimates,666,24.64,2911641,2702729,92.82
KS,Kansas,2015,2,2015-02,violent-crime,estimates,529,19.59,2911641,2700090,92.73
KS,Kansas,2015,3,2015-03,violent-crime,estimates,1141,42.4,2911641,2690986,92.42
KS,Kansas,2015,4,2015-04,violent-crime,estimates,731,27.21,2911641,2686651,92.27
KS,Kansas,2015,5,2015-05,violent-crime,estimates,778,29.02,2911641,2680821,92.07
KS,Kansas,2015,6,2015-06,violent-crime,estimates,1426,53.11,2911641,2685237,92.22
KS,Kansas,2015,7,2015-07,violent-crime,estimates,748,27.94,2911641,2677043,91.94
KS,Kansas,2015,8,2015-08,violent-crime,estimates,814,30.36,2911641,2681162,92.08
KS,Kansas,2015,9,2015-09,violent-crime,estimates,1371,51.18,2911641,2678689,92
KS,Kansas,2015,10,2015-10,violent-crime,estimates,654,24.53,2911641,2665609,91.55
KS,Kansas,2015,11,2015-11,violent-crime,estimates,650,24.3,2911641,2674699,91.86
KS,Kansas,2015,12,2015-12,violent-crime,estimates,1349,50.31,2911641,2681404,92.09
KS,Kansas,2016,1,2016-01,violent-crime,estimates,715,28.04,2907289,2549907,87.71
KS,Kansas,2016,2,2016-02,violent-crime,estimates,568,22.24,2907289,2554473,87.86
KS,Kansas,2016,3,2016-03,violent-crime,estimates,1024,40.09,2907289,2554275,87.86
KS,Kansas,2016,4,2016-04,violent-crime,estimates,714,27.86,2907289,2562731,88.15
KS,Kansas,2016,5,2016-05,violent-crime,estimates,745,29.48,2907289,2526780,86.91
KS,Kansas,2016,6,2016-06,violent-crime,estimates,1058,41.57,2907289,2545380,87.55
KS,Kansas,2016,7,2016-07,violent-crime,estimates,823,32.29,2907289,2548717,87.67
KS,Kansas,2016,8,2016-08,violent-crime,estimates,777,30.6,2907289,2539036,87.33
KS,Kansas,2016,9,2016-09,violent-crime,estimates,1105,43.67,2907289,2530313,87.03
KS,Kansas,2016,10,2016-10,violent-crime,estimates,759,29.85,2907289,2542657,87.46
KS,Kansas,2016,11,2016-11,violent-crime,estimates,651,25.72,2907289,2531372,87.07
KS,Kansas,2016,12,2016-12,violent-crime,estimates,940,37.14,2907289,2530711,87.05
KS,Kansas,2017,1,2017-01,violent-crime,estimates,683,26.58,2913123,2569806,88.21
KS,Kansas,2017,2,2017-02,violent-crime,estimates,633,24.75,2913123,2558027,87.81
KS,Kansas,2017,3,2017-03,violent-crime,estimates,961,37.56,2913123,2558349,87.82
KS,Kansas,2017,4,2017-04,violent-crime,estimates,650,25.35,2913123,2563831,88.01
KS,Kansas,2017,5,2017-05,violent-crime,estimates,866,33.68,2913123,2571164,88.26
KS,Kansas,2017,6,2017-06,violent-crime,estimates,1241,48.61,2913123,2552782,87.63
KS,Kansas,2017,7,2017-07,violent-crime,estimates,815,31.9,2913123,2554813,87.7
KS,Kansas,2017,8,2017-08,violent-crime,estimates,839,32.9,2913123,2549782,87.53
KS,Kansas,2017,9,2017-09,violent-crime,estimates,1163,45.61,2913123,2549891,87.53
KS,Kansas,2017,10,2017-10,violent-crime,estimates,823,32.44,2913123,2537063,87.09
KS,Kansas,2017,11,2017-11,violent-crime,estimates,738,29.13,2913123,2533190,86.96
KS,Kansas,2017,12,2017-12,violent-crime,estimates,1024,40.34,2913123,2538624,87.14
KY,Kentucky,1999,1,1999-01,violent-crime,estimates,607,50.62,3961000,1199140,30.27
KY,Kentucky,1999,2,1999-02,violent-crime,estimates,525,43.78,3961000,1199140,30.27
KY,Kentucky,1999,3,1999-03,violent-crime,estimates,550,45.87,3961000,1199140,30.27
KY,Kentucky,1999,4,1999-04,violent-crime,estimates,659,55.87,3961000,1179548,29.78
KY,Kentucky,1999,5,1999-05,violent-crime,estimates,683,59.3,3961000,1151733,29.08
KY,Kentucky,1999,6,1999-06,violent-crime,estimates,708,60.02,3961000,1179548,29.78
KY,Kentucky,1999,7,1999-07,violent-crime,estimates,747,63.77,3961000,1171325,29.57
KY,Kentucky,1999,8,1999-08,violent-crime,estimates,730,60.88,3961000,1199140,30.27
KY,Kentucky,1999,9,1999-09,violent-crime,estimates,658,56.18,3961000,1171325,29.57
KY,Kentucky,1999,10,1999-10,violent-crime,estimates,771,65.82,3961000,1171325,29.57
KY,Kentucky,1999,11,1999-11,violent-crime,estimates,648,55.32,3961000,1171325,29.57
KY,Kentucky,1999,12,1999-12,violent-crime,estimates,652,54.37,3961000,1199140,30.27
KY,Kentucky,2000,1,2000-01,violent-crime,estimates,629,49.11,4041769,1280771,31.69
KY,Kentucky,2000,2,2000-02,violent-crime,estimates,556,43.99,4041769,1264047,31.27
KY,Kentucky,2000,3,2000-03,violent-crime,estimates,603,47.07,4041769,1281095,31.7
KY,Kentucky,2000,4,2000-04,violent-crime,estimates,631,49.92,4041769,1264047,31.27
KY,Kentucky,2000,5,2000-05,violent-crime,estimates,834,65.98,4041769,1264047,31.27
KY,Kentucky,2000,6,2000-06,violent-crime,estimates,662,50.63,4041769,1307641,32.35
KY,Kentucky,2000,7,2000-07,violent-crime,estimates,544,60.23,4041769,903260,22.35
KY,Kentucky,2000,8,2000-08,violent-crime,estimates,462,50.91,4041769,907457,22.45
KY,Kentucky,2000,9,2000-09,violent-crime,estimates,470,52.03,4041769,903260,22.35
KY,Kentucky,2000,10,2000-10,violent-crime,estimates,496,54.91,4041769,903260,22.35
KY,Kentucky,2000,11,2000-11,violent-crime,estimates,393,43.51,4041769,903260,22.35
KY,Kentucky,2000,12,2000-12,violent-crime,estimates,377,41.74,4041769,903260,22.35
KY,Kentucky,2001,1,2001-01,violent-crime,estimates,375,28.43,4065556,1319205,32.45
KY,Kentucky,2001,2,2001-02,violent-crime,estimates,341,25.4,4065556,1342568,33.02
KY,Kentucky,2001,3,2001-03,violent-crime,estimates,461,34.95,4065556,1319205,32.45
KY,Kentucky,2001,4,2001-04,violent-crime,estimates,512,38.58,4065556,1327058,32.64
KY,Kentucky,2001,5,2001-05,violent-crime,estimates,519,39.34,4065556,1319205,32.45
KY,Kentucky,2001,6,2001-06,violent-crime,estimates,538,40.78,4065556,1319205,32.45
KY,Kentucky,2001,7,2001-07,violent-crime,estimates,595,44.57,4065556,1334995,32.84
KY,Kentucky,2001,8,2001-08,violent-crime,estimates,539,40.86,4065556,1319205,32.45
KY,Kentucky,2001,9,2001-09,violent-crime,estimates,500,36.68,4065556,1363055,33.53
KY,Kentucky,2001,10,2001-10,violent-crime,estimates,514,38.5,4065556,1334995,32.84
KY,Kentucky,2001,11,2001-11,violent-crime,estimates,470,35.21,4065556,1334995,32.84
KY,Kentucky,2001,12,2001-12,violent-crime,estimates,460,34.87,4065556,1319205,32.45
KY,Kentucky,2002,1,2002-01,violent-crime,estimates,552,39.53,4092891,1396377,34.12
KY,Kentucky,2002,2,2002-02,violent-crime,estimates,454,33.13,4092891,1370240,33.48
KY,Kentucky,2002,3,2002-03,violent-crime,estimates,541,39.48,4092891,1370240,33.48
KY,Kentucky,2002,4,2002-04,violent-crime,estimates,583,42.3,4092891,1378145,33.67
KY,Kentucky,2002,5,2002-05,violent-crime,estimates,638,46.56,4092891,1370240,33.48
KY,Kentucky,2002,6,2002-06,violent-crime,estimates,569,41.53,4092891,1370240,33.48
KY,Kentucky,2002,7,2002-07,violent-crime,estimates,561,40.94,4092891,1370240,33.48
KY,Kentucky,2002,8,2002-08,violent-crime,estimates,609,44.44,4092891,1370240,33.48
KY,Kentucky,2002,9,2002-09,violent-crime,estimates,580,42.33,4092891,1370240,33.48
KY,Kentucky,2002,10,2002-10,violent-crime,estimates,581,41.61,4092891,1396188,34.11
KY,Kentucky,2002,11,2002-11,violent-crime,estimates,536,39.12,4092891,1370240,33.48
KY,Kentucky,2002,12,2002-12,violent-crime,estimates,552,40.28,4092891,1370240,33.48
KY,Kentucky,2003,1,2003-01,violent-crime,estimates,494,35.81,4117827,1379691,33.51
KY,Kentucky,2003,2,2003-02,violent-crime,estimates,425,56.22,4117827,755920,18.36
KY,Kentucky,2003,3,2003-03,violent-crime,estimates,455,32.78,4117827,1388237,33.71
KY,Kentucky,2003,4,2003-04,violent-crime,estimates,464,60.7,4117827,764466,18.56
KY,Kentucky,2003,5,2003-05,violent-crime,estimates,483,62.83,4117827,768747,18.67
KY,Kentucky,2003,6,2003-06,violent-crime,estimates,495,64.39,4117827,768747,18.67
KY,Kentucky,2003,7,2003-07,violent-crime,estimates,664,87.35,4117827,760201,18.46
KY,Kentucky,2003,8,2003-08,violent-crime,estimates,737,96.95,4117827,760201,18.46
KY,Kentucky,2003,9,2003-09,violent-crime,estimates,841,109.4,4117827,768747,18.67
KY,Kentucky,2003,10,2003-10,violent-crime,estimates,467,33.74,4117827,1383972,33.61
KY,Kentucky,2003,11,2003-11,violent-crime,estimates,472,34.1,4117827,1383972,33.61
KY,Kentucky,2003,12,2003-12,violent-crime,estimates,439,31.53,4117827,1392518,33.82
KY,Kentucky,2004,1,2004-01,violent-crime,estimates,715,19.68,4145922,3632790,87.62
KY,Kentucky,2004,2,2004-02,violent-crime,estimates,607,16.8,4145922,3612184,87.13
KY,Kentucky,2004,3,2004-03,violent-crime,estimates,723,19.68,4145922,3672953,88.59
KY,Kentucky,2004,4,2004-04,violent-crime,estimates,717,19.56,4145922,3665599,88.41
KY,Kentucky,2004,5,2004-05,violent-crime,estimates,828,22.63,4145922,3659306,88.26
KY,Kentucky,2004,6,2004-06,violent-crime,estimates,789,21.48,4145922,3673433,88.6
KY,Kentucky,2004,7,2004-07,violent-crime,estimates,882,24.1,4145922,3660404,88.29
KY,Kentucky,2004,8,2004-08,violent-crime,estimates,821,22.42,4145922,3661606,88.32
KY,Kentucky,2004,9,2004-09,violent-crime,estimates,831,22.8,4145922,3644348,87.9
KY,Kentucky,2004,10,2004-10,violent-crime,estimates,848,23.15,4145922,3662785,88.35
KY,Kentucky,2004,11,2004-11,violent-crime,estimates,744,20.45,4145922,3637724,87.74
KY,Kentucky,2004,12,2004-12,violent-crime,estimates,805,22.14,4145922,3635844,87.7
KY,Kentucky,2005,1,2005-01,violent-crime,estimates,791,21.41,4173405,3694886,88.53
KY,Kentucky,2005,2,2005-02,violent-crime,estimates,713,19.42,4173405,3671266,87.97
KY,Kentucky,2005,3,2005-03,violent-crime,estimates,908,24.85,4173405,3653296,87.54
KY,Kentucky,2005,4,2005-04,violent-crime,estimates,855,23.51,4173405,3637103,87.15
KY,Kentucky,2005,5,2005-05,violent-crime,estimates,881,23.96,4173405,3676291,88.09
KY,Kentucky,2005,6,2005-06,violent-crime,estimates,887,23.73,4173405,3738306,89.57
KY,Kentucky,2005,7,2005-07,violent-crime,estimates,989,26.41,4173405,3745014,89.74
KY,Kentucky,2005,8,2005-08,violent-crime,estimates,954,25.58,4173405,3728821,89.35
KY,Kentucky,2005,9,2005-09,violent-crime,estimates,928,24.78,4173405,3745014,89.74
KY,Kentucky,2005,10,2005-10,violent-crime,estimates,854,22.8,4173405,3746387,89.77
KY,Kentucky,2005,11,2005-11,violent-crime,estimates,727,19.7,4173405,3690340,88.43
KY,Kentucky,2005,12,2005-12,violent-crime,estimates,753,20.43,4173405,3685803,88.32
KY,Kentucky,2006,1,2006-01,violent-crime,estimates,940,24.81,4206074,3788693,90.08
KY,Kentucky,2006,2,2006-02,violent-crime,estimates,679,17.85,4206074,3803024,90.42
KY,Kentucky,2006,3,2006-03,violent-crime,estimates,842,22.09,4206074,3811201,90.61
KY,Kentucky,2006,4,2006-04,violent-crime,estimates,887,23.52,4206074,3771215,89.66
KY,Kentucky,2006,5,2006-05,violent-crime,estimates,947,25.21,4206074,3756884,89.32
KY,Kentucky,2006,6,2006-06,violent-crime,estimates,853,22.5,4206074,3790639,90.12
KY,Kentucky,2006,7,2006-07,violent-crime,estimates,1012,26.15,4206074,3870632,92.02
KY,Kentucky,2006,8,2006-08,violent-crime,estimates,1030,26.63,4206074,3867968,91.96
KY,Kentucky,2006,9,2006-09,violent-crime,estimates,912,23.72,4206074,3845168,91.42
KY,Kentucky,2006,10,2006-10,violent-crime,estimates,880,22.85,4206074,3852001,91.58
KY,Kentucky,2006,11,2006-11,violent-crime,estimates,868,22.53,4206074,3852001,91.58
KY,Kentucky,2006,12,2006-12,violent-crime,estimates,945,24.62,4206074,3837670,91.24
KY,Kentucky,2007,1,2007-01,violent-crime,estimates,912,23.12,4241474,3944917,93.01
KY,Kentucky,2007,2,2007-02,violent-crime,estimates,712,18.35,4241474,3880473,91.49
KY,Kentucky,2007,3,2007-03,violent-crime,estimates,1014,26.13,4241474,3880473,91.49
KY,Kentucky,2007,4,2007-04,violent-crime,estimates,911,23.37,4241474,3898150,91.91
KY,Kentucky,2007,5,2007-05,violent-crime,estimates,1055,27.25,4241474,3870953,91.26
KY,Kentucky,2007,6,2007-06,violent-crime,estimates,993,25.65,4241474,3870953,91.26
KY,Kentucky,2007,7,2007-07,violent-crime,estimates,1101,28,4241474,3932207,92.71
KY,Kentucky,2007,8,2007-08,violent-crime,estimates,1051,26.75,4241474,3929054,92.63
KY,Kentucky,2007,9,2007-09,violent-crime,estimates,989,25.17,4241474,3929054,92.63
KY,Kentucky,2007,10,2007-10,violent-crime,estimates,981,24.85,4241474,3948347,93.09
KY,Kentucky,2007,11,2007-11,violent-crime,estimates,954,23.83,4241474,4004049,94.4
KY,Kentucky,2007,12,2007-12,violent-crime,estimates,888,22.6,4241474,3929054,92.63
KY,Kentucky,2008,1,2008-01,violent-crime,estimates,976,23.69,4269245,4120502,96.52
KY,Kentucky,2008,2,2008-02,violent-crime,estimates,797,19.34,4269245,4120502,96.52
KY,Kentucky,2008,3,2008-03,violent-crime,estimates,1018,25.25,4269245,4032082,94.44
KY,Kentucky,2008,4,2008-04,violent-crime,estimates,983,24.38,4269245,4032082,94.44
KY,Kentucky,2008,5,2008-05,violent-crime,estimates,1152,28.08,4269245,4102933,96.1
KY,Kentucky,2008,6,2008-06,violent-crime,estimates,1068,26.57,4269245,4020210,94.17
KY,Kentucky,2008,7,2008-07,violent-crime,estimates,1061,26,4269245,4080764,95.59
KY,Kentucky,2008,8,2008-08,violent-crime,estimates,1124,27.57,4269245,4077475,95.51
KY,Kentucky,2008,9,2008-09,violent-crime,estimates,1159,29.05,4269245,3989055,93.44
KY,Kentucky,2008,10,2008-10,violent-crime,estimates,1078,27.17,4269245,3967636,92.94
KY,Kentucky,2008,11,2008-11,violent-crime,estimates,979,24.54,4269245,3989055,93.44
KY,Kentucky,2008,12,2008-12,violent-crime,estimates,879,22.04,4269245,3989055,93.44
KY,Kentucky,2009,1,2009-01,violent-crime,estimates,902,21.86,4314113,4125865,95.64
KY,Kentucky,2009,2,2009-02,violent-crime,estimates,721,17.5,4314113,4119532,95.49
KY,Kentucky,2009,3,2009-03,violent-crime,estimates,954,23.14,4314113,4122452,95.56
KY,Kentucky,2009,4,2009-04,violent-crime,estimates,902,21.9,4314113,4118547,95.47
KY,Kentucky,2009,5,2009-05,violent-crime,estimates,993,24.11,4314113,4118547,95.47
KY,Kentucky,2009,6,2009-06,violent-crime,estimates,919,22.29,4314113,4123296,95.58
KY,Kentucky,2009,7,2009-07,violent-crime,estimates,1004,24.35,4314113,4122969,95.57
KY,Kentucky,2009,8,2009-08,violent-crime,estimates,986,23.91,4314113,4124510,95.61
KY,Kentucky,2009,9,2009-09,violent-crime,estimates,910,22.08,4314113,4122200,95.55
KY,Kentucky,2009,10,2009-10,violent-crime,estimates,897,21.75,4314113,4123666,95.59
KY,Kentucky,2009,11,2009-11,violent-crime,estimates,885,21.36,4314113,4144038,96.06
KY,Kentucky,2009,12,2009-12,violent-crime,estimates,797,19.14,4314113,4163100,96.5
KY,Kentucky,2010,1,2010-01,violent-crime,estimates,817,19.5,4339367,4190387,96.57
KY,Kentucky,2010,2,2010-02,violent-crime,estimates,613,14.63,4339367,4190167,96.56
KY,Kentucky,2010,3,2010-03,violent-crime,estimates,849,20.25,4339367,4192323,96.61
KY,Kentucky,2010,4,2010-04,violent-crime,estimates,904,21.58,4339367,4189758,96.55
KY,Kentucky,2010,5,2010-05,violent-crime,estimates,956,22.72,4339367,4207633,96.96
KY,Kentucky,2010,6,2010-06,violent-crime,estimates,905,21.48,4339367,4213096,97.09
KY,Kentucky,2010,7,2010-07,violent-crime,estimates,894,21.37,4339367,4183773,96.41
KY,Kentucky,2010,8,2010-08,violent-crime,estimates,954,22.81,4339367,4182517,96.39
KY,Kentucky,2010,9,2010-09,violent-crime,estimates,871,20.86,4339367,4175403,96.22
KY,Kentucky,2010,10,2010-10,violent-crime,estimates,937,22.38,4339367,4185924,96.46
KY,Kentucky,2010,11,2010-11,violent-crime,estimates,844,20.19,4339367,4180989,96.35
KY,Kentucky,2010,12,2010-12,violent-crime,estimates,777,18.48,4339367,4204128,96.88
KY,Kentucky,2011,1,2011-01,violent-crime,estimates,875,20.44,4369356,4279887,97.95
KY,Kentucky,2011,2,2011-02,violent-crime,estimates,696,16.26,4369356,4279887,97.95
KY,Kentucky,2011,3,2011-03,violent-crime,estimates,831,19.38,4369356,4287910,98.14
KY,Kentucky,2011,4,2011-04,violent-crime,estimates,870,20.29,4369356,4288336,98.15
KY,Kentucky,2011,5,2011-05,violent-crime,estimates,958,22.32,4369356,4291830,98.23
KY,Kentucky,2011,6,2011-06,violent-crime,estimates,868,20.23,4369356,4290641,98.2
KY,Kentucky,2011,7,2011-07,violent-crime,estimates,1018,23.72,4369356,4291830,98.23
KY,Kentucky,2011,8,2011-08,violent-crime,estimates,917,21.38,4369356,4289780,98.18
KY,Kentucky,2011,9,2011-09,violent-crime,estimates,826,19.25,4369356,4291830,98.23
KY,Kentucky,2011,10,2011-10,violent-crime,estimates,858,20,4369356,4290641,98.2
KY,Kentucky,2011,11,2011-11,violent-crime,estimates,781,18.19,4369356,4293066,98.25
KY,Kentucky,2011,12,2011-12,violent-crime,estimates,852,19.85,4369356,4292857,98.25
KY,Kentucky,2012,1,2012-01,violent-crime,estimates,837,19.49,4380415,4295542,98.06
KY,Kentucky,2012,2,2012-02,violent-crime,estimates,694,16.13,4380415,4301275,98.19
KY,Kentucky,2012,3,2012-03,violent-crime,estimates,766,17.83,4380415,4295209,98.05
KY,Kentucky,2012,4,2012-04,violent-crime,estimates,805,18.7,4380415,4304248,98.26
KY,Kentucky,2012,5,2012-05,violent-crime,estimates,824,19.13,4380415,4306678,98.32
KY,Kentucky,2012,6,2012-06,violent-crime,estimates,800,18.59,4380415,4304069,98.26
KY,Kentucky,2012,7,2012-07,violent-crime,estimates,909,21.12,4380415,4304623,98.27
KY,Kentucky,2012,8,2012-08,violent-crime,estimates,863,19.98,4380415,4318464,98.59
KY,Kentucky,2012,9,2012-09,violent-crime,estimates,793,18.37,4380415,4316186,98.53
KY,Kentucky,2012,10,2012-10,violent-crime,estimates,832,19.32,4380415,4306572,98.31
KY,Kentucky,2012,11,2012-11,violent-crime,estimates,752,17.42,4380415,4316387,98.54
KY,Kentucky,2012,12,2012-12,violent-crime,estimates,797,18.47,4380415,4314452,98.49
KY,Kentucky,2013,1,2013-01,violent-crime,estimates,802,18.42,4395295,4353245,99.04
KY,Kentucky,2013,2,2013-02,violent-crime,estimates,564,12.96,4395295,4352056,99.02
KY,Kentucky,2013,3,2013-03,violent-crime,estimates,746,17.14,4395295,4353245,99.04
KY,Kentucky,2013,4,2013-04,violent-crime,estimates,782,17.96,4395295,4353245,99.04
KY,Kentucky,2013,5,2013-05,violent-crime,estimates,792,18.19,4395295,4353245,99.04
KY,Kentucky,2013,6,2013-06,violent-crime,estimates,798,18.33,4395295,4353991,99.06
KY,Kentucky,2013,7,2013-07,violent-crime,estimates,831,19.09,4395295,4353245,99.04
KY,Kentucky,2013,8,2013-08,violent-crime,estimates,857,19.68,4395295,4354332,99.07
KY,Kentucky,2013,9,2013-09,violent-crime,estimates,813,18.68,4395295,4353245,99.04
KY,Kentucky,2013,10,2013-10,violent-crime,estimates,746,17.14,4395295,4353245,99.04
KY,Kentucky,2013,11,2013-11,violent-crime,estimates,741,17.02,4395295,4353245,99.04
KY,Kentucky,2013,12,2013-12,violent-crime,estimates,745,17.11,4395295,4353991,99.06
KY,Kentucky,2014,1,2014-01,violent-crime,estimates,807,18.4,4413457,4386536,99.39
KY,Kentucky,2014,2,2014-02,violent-crime,estimates,620,14.13,4413457,4386536,99.39
KY,Kentucky,2014,3,2014-03,violent-crime,estimates,756,17.23,4413457,4386536,99.39
KY,Kentucky,2014,4,2014-04,violent-crime,estimates,751,17.12,4413457,4385800,99.37
KY,Kentucky,2014,5,2014-05,violent-crime,estimates,782,17.83,4413457,4385800,99.37
KY,Kentucky,2014,6,2014-06,violent-crime,estimates,855,19.54,4413457,4375430,99.14
KY,Kentucky,2014,7,2014-07,violent-crime,estimates,859,19.58,4413457,4386759,99.4
KY,Kentucky,2014,8,2014-08,violent-crime,estimates,902,20.56,4413457,4386759,99.4
KY,Kentucky,2014,9,2014-09,violent-crime,estimates,830,18.92,4413457,4386759,99.4
KY,Kentucky,2014,10,2014-10,violent-crime,estimates,819,18.67,4413457,4385800,99.37
KY,Kentucky,2014,11,2014-11,violent-crime,estimates,715,16.3,4413457,4386759,99.4
KY,Kentucky,2014,12,2014-12,violent-crime,estimates,763,17.39,4413457,4386759,99.4
KY,Kentucky,2015,1,2015-01,violent-crime,estimates,859,19.52,4425092,4401050,99.46
KY,Kentucky,2015,2,2015-02,violent-crime,estimates,634,14.4,4425092,4401993,99.48
KY,Kentucky,2015,3,2015-03,violent-crime,estimates,727,16.52,4425092,4401050,99.46
KY,Kentucky,2015,4,2015-04,violent-crime,estimates,776,17.62,4425092,4402957,99.5
KY,Kentucky,2015,5,2015-05,violent-crime,estimates,882,19.94,4425092,4423398,99.96
KY,Kentucky,2015,6,2015-06,violent-crime,estimates,898,20.3,4425092,4423398,99.96
KY,Kentucky,2015,7,2015-07,violent-crime,estimates,918,20.75,4425092,4423398,99.96
KY,Kentucky,2015,8,2015-08,violent-crime,estimates,856,19.35,4425092,4423398,99.96
KY,Kentucky,2015,9,2015-09,violent-crime,estimates,791,17.88,4425092,4423398,99.96
KY,Kentucky,2015,10,2015-10,violent-crime,estimates,883,19.96,4425092,4423398,99.96
KY,Kentucky,2015,11,2015-11,violent-crime,estimates,825,18.66,4425092,4422390,99.94
KY,Kentucky,2015,12,2015-12,violent-crime,estimates,832,18.81,4425092,4423398,99.96
KY,Kentucky,2016,1,2016-01,violent-crime,estimates,880,19.84,4436974,4436008,99.98
KY,Kentucky,2016,2,2016-02,violent-crime,estimates,701,15.8,4436974,4436008,99.98
KY,Kentucky,2016,3,2016-03,violent-crime,estimates,802,18.08,4436974,4436008,99.98
KY,Kentucky,2016,4,2016-04,violent-crime,estimates,874,19.7,4436974,4436008,99.98
KY,Kentucky,2016,5,2016-05,violent-crime,estimates,993,22.38,4436974,4436008,99.98
KY,Kentucky,2016,6,2016-06,violent-crime,estimates,917,20.67,4436974,4436008,99.98
KY,Kentucky,2016,7,2016-07,violent-crime,estimates,916,20.65,4436974,4436008,99.98
KY,Kentucky,2016,8,2016-08,violent-crime,estimates,906,20.42,4436974,4436974,100
KY,Kentucky,2016,9,2016-09,violent-crime,estimates,876,19.74,4436974,4436974,100
KY,Kentucky,2016,10,2016-10,violent-crime,estimates,902,20.33,4436974,4436081,99.98
KY,Kentucky,2016,11,2016-11,violent-crime,estimates,855,19.27,4436974,4436974,100
KY,Kentucky,2016,12,2016-12,violent-crime,estimates,830,18.71,4436974,4436974,100
KY,Kentucky,2017,1,2017-01,violent-crime,estimates,963,21.62,4454189,4454189,100
KY,Kentucky,2017,2,2017-02,violent-crime,estimates,738,16.57,4454189,4454189,100
KY,Kentucky,2017,3,2017-03,violent-crime,estimates,853,19.15,4454189,4454189,100
KY,Kentucky,2017,4,2017-04,violent-crime,estimates,898,20.16,4454189,4454189,100
KY,Kentucky,2017,5,2017-05,violent-crime,estimates,959,21.53,4454189,4454189,100
KY,Kentucky,2017,6,2017-06,violent-crime,estimates,889,19.96,4454189,4454189,100
KY,Kentucky,2017,7,2017-07,violent-crime,estimates,912,20.48,4454189,4454189,100
KY,Kentucky,2017,8,2017-08,violent-crime,estimates,872,19.58,4454189,4454189,100
KY,Kentucky,2017,9,2017-09,violent-crime,estimates,912,20.48,4454189,4454189,100
KY,Kentucky,2017,10,2017-10,violent-crime,estimates,960,21.55,4454189,4454189,100
KY,Kentucky,2017,11,2017-11,violent-crime,estimates,780,17.74,4454189,4397225,98.72
KY,Kentucky,2017,12,2017-12,violent-crime,estimates,733,16.62,4454189,4409249,98.99
LA,Louisiana,1999,1,1999-01,violent-crime,estimates,2541,60.79,4372000,4180079,95.61
LA,Louisiana,1999,2,1999-02,violent-crime,estimates,2215,53.01,4372000,4178605,95.58
LA,Louisiana,1999,3,1999-03,violent-crime,estimates,2505,59.78,4372000,4190634,95.85
LA,Louisiana,1999,4,1999-04,violent-crime,estimates,2678,64,4372000,4184206,95.7
LA,Louisiana,1999,5,1999-05,violent-crime,estimates,2760,66.12,4372000,4174152,95.47
LA,Louisiana,1999,6,1999-06,violent-crime,estimates,2456,58.63,4372000,4188949,95.81
LA,Louisiana,1999,7,1999-07,violent-crime,estimates,2774,66.49,4372000,4171965,95.42
LA,Louisiana,1999,8,1999-08,violent-crime,estimates,2629,63.59,4372000,4134437,94.57
LA,Louisiana,1999,9,1999-09,violent-crime,estimates,2599,63.07,4372000,4121013,94.26
LA,Louisiana,1999,10,1999-10,violent-crime,estimates,2587,62.61,4372000,4132139,94.51
LA,Louisiana,1999,11,1999-11,violent-crime,estimates,2406,58.22,4372000,4132635,94.53
LA,Louisiana,1999,12,1999-12,violent-crime,estimates,2428,58.77,4372000,4131309,94.49
LA,Louisiana,2000,1,2000-01,violent-crime,estimates,2424,57.51,4468976,4215084,94.32
LA,Louisiana,2000,2,2000-02,violent-crime,estimates,2294,54.59,4468976,4202096,94.03
LA,Louisiana,2000,3,2000-03,violent-crime,estimates,2437,58.09,4468976,4194917,93.87
LA,Louisiana,2000,4,2000-04,violent-crime,estimates,2451,58.37,4468976,4198831,93.96
LA,Louisiana,2000,5,2000-05,violent-crime,estimates,2684,64.39,4468976,4168630,93.28
LA,Louisiana,2000,6,2000-06,violent-crime,estimates,2315,55.2,4468976,4193862,93.84
LA,Louisiana,2000,7,2000-07,violent-crime,estimates,2583,62.3,4468976,4146066,92.77
LA,Louisiana,2000,8,2000-08,violent-crime,estimates,2463,59.9,4468976,4111652,92
LA,Louisiana,2000,9,2000-09,violent-crime,estimates,2195,53.43,4468976,4108514,91.93
LA,Louisiana,2000,10,2000-10,violent-crime,estimates,2299,56.02,4468976,4104086,91.84
LA,Louisiana,2000,11,2000-11,violent-crime,estimates,2150,52.37,4468976,4105218,91.86
LA,Louisiana,2000,12,2000-12,violent-crime,estimates,2247,54.31,4468976,4137145,92.57
LA,Louisiana,2001,1,2001-01,violent-crime,estimates,2230,53.89,4465430,4138305,92.67
LA,Louisiana,2001,2,2001-02,violent-crime,estimates,2153,51.68,4465430,4165798,93.29
LA,Louisiana,2001,3,2001-03,violent-crime,estimates,2333,55.58,4465430,4197733,94.01
LA,Louisiana,2001,4,2001-04,violent-crime,estimates,2582,61.4,4465430,4204991,94.17
LA,Louisiana,2001,5,2001-05,violent-crime,estimates,2557,60.23,4465430,4245112,95.07
LA,Louisiana,2001,6,2001-06,violent-crime,estimates,2305,54.57,4465430,4224091,94.6
LA,Louisiana,2001,7,2001-07,violent-crime,estimates,2836,67.57,4465430,4197279,93.99
LA,Louisiana,2001,8,2001-08,violent-crime,estimates,2502,59.51,4465430,4204169,94.15
LA,Louisiana,2001,9,2001-09,violent-crime,estimates,2535,61.16,4465430,4144814,92.82
LA,Louisiana,2001,10,2001-10,violent-crime,estimates,2536,60.52,4465430,4190387,93.84
LA,Louisiana,2001,11,2001-11,violent-crime,estimates,2225,53.53,4465430,4156521,93.08
LA,Louisiana,2001,12,2001-12,violent-crime,estimates,2337,56.57,4465430,4131142,92.51
LA,Louisiana,2002,1,2002-01,violent-crime,estimates,2152,51.43,4482646,4184566,93.35
LA,Louisiana,2002,2,2002-02,violent-crime,estimates,1844,44.15,4482646,4176518,93.17
LA,Louisiana,2002,3,2002-03,violent-crime,estimates,2271,54.87,4482646,4138918,92.33
LA,Louisiana,2002,4,2002-04,violent-crime,estimates,2368,57.66,4482646,4106663,91.61
LA,Louisiana,2002,5,2002-05,violent-crime,estimates,2432,59.53,4482646,4085544,91.14
LA,Louisiana,2002,6,2002-06,violent-crime,estimates,2364,57.96,4482646,4078787,90.99
LA,Louisiana,2002,7,2002-07,violent-crime,estimates,2471,60.31,4482646,4097043,91.4
LA,Louisiana,2002,8,2002-08,violent-crime,estimates,2730,66.76,4482646,4088976,91.22
LA,Louisiana,2002,9,2002-09,violent-crime,estimates,2535,61.77,4482646,4103839,91.55
LA,Louisiana,2002,10,2002-10,violent-crime,estimates,2193,53.44,4482646,4103677,91.55
LA,Louisiana,2002,11,2002-11,violent-crime,estimates,1941,47.73,4482646,4067023,90.73
LA,Louisiana,2002,12,2002-12,violent-crime,estimates,2100,51.55,4482646,4073871,90.88
LA,Louisiana,2003,1,2003-01,violent-crime,estimates,2016,48.35,4496334,4169623,92.73
LA,Louisiana,2003,2,2003-02,violent-crime,estimates,1734,42.01,4496334,4127115,91.79
LA,Louisiana,2003,3,2003-03,violent-crime,estimates,2262,54.62,4496334,4141555,92.11
LA,Louisiana,2003,4,2003-04,violent-crime,estimates,2278,54.8,4496334,4156571,92.44
LA,Louisiana,2003,5,2003-05,violent-crime,estimates,2335,56.93,4496334,4101833,91.23
LA,Louisiana,2003,6,2003-06,violent-crime,estimates,2452,59.12,4496334,4147258,92.24
LA,Louisiana,2003,7,2003-07,violent-crime,estimates,2313,56.08,4496334,4124291,91.73
LA,Louisiana,2003,8,2003-08,violent-crime,estimates,2213,54.14,4496334,4087718,90.91
LA,Louisiana,2003,9,2003-09,violent-crime,estimates,2290,56.25,4496334,4071086,90.54
LA,Louisiana,2003,10,2003-10,violent-crime,estimates,2237,55.72,4496334,4014435,89.28
LA,Louisiana,2003,11,2003-11,violent-crime,estimates,2206,54.84,4496334,4022890,89.47
LA,Louisiana,2003,12,2003-12,violent-crime,estimates,2161,53.61,4496334,4031188,89.65
LA,Louisiana,2004,1,2004-01,violent-crime,estimates,2163,50.69,4515770,4267066,94.49
LA,Louisiana,2004,2,2004-02,violent-crime,estimates,1892,44.76,4515770,4227067,93.61
LA,Louisiana,2004,3,2004-03,violent-crime,estimates,2368,56.5,4515770,4191071,92.81
LA,Louisiana,2004,4,2004-04,violent-crime,estimates,2226,53.21,4515770,4183498,92.64
LA,Louisiana,2004,5,2004-05,violent-crime,estimates,2532,60.75,4515770,4168235,92.3
LA,Louisiana,2004,6,2004-06,violent-crime,estimates,2236,53.69,4515770,4164908,92.23
LA,Louisiana,2004,7,2004-07,violent-crime,estimates,2478,59.44,4515770,4169190,92.33
LA,Louisiana,2004,8,2004-08,violent-crime,estimates,2488,59.51,4515770,4181126,92.59
LA,Louisiana,2004,9,2004-09,violent-crime,estimates,2361,57.14,4515770,4131845,91.5
LA,Louisiana,2004,10,2004-10,violent-crime,estimates,2400,57.67,4515770,4161913,92.16
LA,Louisiana,2004,11,2004-11,violent-crime,estimates,2174,52.24,4515770,4161539,92.16
LA,Louisiana,2004,12,2004-12,violent-crime,estimates,2147,52.47,4515770,4092220,90.62
LA,Louisiana,2005,1,2005-01,violent-crime,estimates,2190,53.55,4523628,4089938,90.41
LA,Louisiana,2005,2,2005-02,violent-crime,estimates,1912,47.05,4523628,4063570,89.83
LA,Louisiana,2005,3,2005-03,violent-crime,estimates,2251,55.49,4523628,4056873,89.68
LA,Louisiana,2005,4,2005-04,violent-crime,estimates,2235,54.94,4523628,4068101,89.93
LA,Louisiana,2005,5,2005-05,violent-crime,estimates,2418,60.16,4523628,4019287,88.85
LA,Louisiana,2005,6,2005-06,violent-crime,estimates,2385,59.06,4523628,4037984,89.26
LA,Louisiana,2005,7,2005-07,violent-crime,estimates,2059,59.35,4523628,3469210,76.69
LA,Louisiana,2005,8,2005-08,violent-crime,estimates,1940,56.35,4523628,3442801,76.11
LA,Louisiana,2005,9,2005-09,violent-crime,estimates,1659,53.69,4523628,3090069,68.31
LA,Louisiana,2005,10,2005-10,violent-crime,estimates,1635,52.78,4523628,3097943,68.48
LA,Louisiana,2005,11,2005-11,violent-crime,estimates,1514,49.19,4523628,3077702,68.04
LA,Louisiana,2005,12,2005-12,violent-crime,estimates,1491,48.8,4523628,3055618,67.55
LA,Louisiana,2006,1,2006-01,violent-crime,estimates,2226,55.16,4287768,4035722,94.12
LA,Louisiana,2006,2,2006-02,violent-crime,estimates,2022,50.38,4287768,4013174,93.6
LA,Louisiana,2006,3,2006-03,violent-crime,estimates,2224,55.52,4287768,4006057,93.43
LA,Louisiana,2006,4,2006-04,violent-crime,estimates,2653,65.87,4287768,4027752,93.94
LA,Louisiana,2006,5,2006-05,violent-crime,estimates,2681,66.48,4287768,4032783,94.05
LA,Louisiana,2006,6,2006-06,violent-crime,estimates,2487,61.22,4287768,4062104,94.74
LA,Louisiana,2006,7,2006-07,violent-crime,estimates,2599,64.37,4287768,4037723,94.17
LA,Louisiana,2006,8,2006-08,violent-crime,estimates,2414,60.62,4287768,3982248,92.87
LA,Louisiana,2006,9,2006-09,violent-crime,estimates,2458,61.88,4287768,3972403,92.65
LA,Louisiana,2006,10,2006-10,violent-crime,estimates,2368,58.84,4287768,4024516,93.86
LA,Louisiana,2006,11,2006-11,violent-crime,estimates,2183,55.42,4287768,3939058,91.87
LA,Louisiana,2006,12,2006-12,violent-crime,estimates,2283,56.97,4287768,4007438,93.46
LA,Louisiana,2007,1,2007-01,violent-crime,estimates,2180,52.67,4293204,4139083,96.41
LA,Louisiana,2007,2,2007-02,violent-crime,estimates,2231,54,4293204,4131567,96.24
LA,Louisiana,2007,3,2007-03,violent-crime,estimates,2698,65.17,4293204,4139843,96.43
LA,Louisiana,2007,4,2007-04,violent-crime,estimates,2585,62.53,4293204,4134056,96.29
LA,Louisiana,2007,5,2007-05,violent-crime,estimates,2814,67.92,4293204,4143361,96.51
LA,Louisiana,2007,6,2007-06,violent-crime,estimates,2713,65.67,4293204,4131564,96.23
LA,Louisiana,2007,7,2007-07,violent-crime,estimates,2636,63.85,4293204,4128714,96.17
LA,Louisiana,2007,8,2007-08,violent-crime,estimates,2615,63.5,4293204,4118381,95.93
LA,Louisiana,2007,9,2007-09,violent-crime,estimates,2700,65.27,4293204,4136862,96.36
LA,Louisiana,2007,10,2007-10,violent-crime,estimates,2492,60.48,4293204,4120109,95.97
LA,Louisiana,2007,11,2007-11,violent-crime,estimates,2350,56.8,4293204,4137047,96.36
LA,Louisiana,2007,12,2007-12,violent-crime,estimates,2305,55.95,4293204,4119997,95.97
LA,Louisiana,2008,1,2008-01,violent-crime,estimates,2240,52.52,4410796,4264810,96.69
LA,Louisiana,2008,2,2008-02,violent-crime,estimates,2248,52.83,4410796,4255136,96.47
LA,Louisiana,2008,3,2008-03,violent-crime,estimates,2419,56.83,4410796,4256185,96.49
LA,Louisiana,2008,4,2008-04,violent-crime,estimates,2403,56.55,4410796,4249241,96.34
LA,Louisiana,2008,5,2008-05,violent-crime,estimates,2577,60.56,4410796,4255335,96.48
LA,Louisiana,2008,6,2008-06,violent-crime,estimates,2372,57.06,4410796,4157073,94.25
LA,Louisiana,2008,7,2008-07,violent-crime,estimates,2531,60.83,4410796,4160803,94.33
LA,Louisiana,2008,8,2008-08,violent-crime,estimates,2324,55.8,4410796,4164798,94.42
LA,Louisiana,2008,9,2008-09,violent-crime,estimates,2409,56.83,4410796,4239005,96.11
LA,Louisiana,2008,10,2008-10,violent-crime,estimates,2281,54.78,4410796,4164209,94.41
LA,Louisiana,2008,11,2008-11,violent-crime,estimates,2051,49.21,4410796,4168081,94.5
LA,Louisiana,2008,12,2008-12,violent-crime,estimates,2160,52.46,4410796,4117810,93.36
LA,Louisiana,2009,1,2009-01,violent-crime,estimates,2157,49.82,4492076,4329282,96.38
LA,Louisiana,2009,2,2009-02,violent-crime,estimates,2007,46.37,4492076,4328532,96.36
LA,Louisiana,2009,3,2009-03,violent-crime,estimates,2340,54.13,4492076,4323119,96.24
LA,Louisiana,2009,4,2009-04,violent-crime,estimates,2379,54.95,4492076,4329462,96.38
LA,Louisiana,2009,5,2009-05,violent-crime,estimates,2659,61.7,4492076,4309455,95.93
LA,Louisiana,2009,6,2009-06,violent-crime,estimates,2499,58.42,4492076,4278008,95.23
LA,Louisiana,2009,7,2009-07,violent-crime,estimates,2482,57.64,4492076,4306216,95.86
LA,Louisiana,2009,8,2009-08,violent-crime,estimates,2204,52.07,4492076,4232930,94.23
LA,Louisiana,2009,9,2009-09,violent-crime,estimates,2178,51.11,4492076,4261745,94.87
LA,Louisiana,2009,10,2009-10,violent-crime,estimates,1950,45.53,4492076,4283354,95.35
LA,Louisiana,2009,11,2009-11,violent-crime,estimates,1983,46.28,4492076,4285006,95.39
LA,Louisiana,2009,12,2009-12,violent-crime,estimates,1943,45.72,4492076,4250163,94.61
LA,Louisiana,2010,1,2010-01,violent-crime,estimates,2003,45.61,4533372,4391253,96.87
LA,Louisiana,2010,2,2010-02,violent-crime,estimates,1608,36.62,4533372,4391253,96.87
LA,Louisiana,2010,3,2010-03,violent-crime,estimates,2036,46.43,4533372,4385324,96.73
LA,Louisiana,2010,4,2010-04,violent-crime,estimates,2231,50.95,4533372,4378906,96.59
LA,Louisiana,2010,5,2010-05,violent-crime,estimates,2201,50.18,4533372,4386336,96.76
LA,Louisiana,2010,6,2010-06,violent-crime,estimates,2066,47.19,4533372,4378503,96.58
LA,Louisiana,2010,7,2010-07,violent-crime,estimates,2093,47.96,4533372,4364016,96.26
LA,Louisiana,2010,8,2010-08,violent-crime,estimates,2076,47.58,4533372,4363088,96.24
LA,Louisiana,2010,9,2010-09,violent-crime,estimates,2123,48.68,4533372,4360910,96.2
LA,Louisiana,2010,10,2010-10,violent-crime,estimates,2003,46.12,4533372,4343202,95.81
LA,Louisiana,2010,11,2010-11,violent-crime,estimates,1890,43.34,4533372,4360910,96.2
LA,Louisiana,2010,12,2010-12,violent-crime,estimates,1818,41.82,4533372,4347060,95.89
LA,Louisiana,2011,1,2011-01,violent-crime,estimates,1721,41.09,4574836,4188327,91.55
LA,Louisiana,2011,2,2011-02,violent-crime,estimates,1545,35.4,4574836,4363863,95.39
LA,Louisiana,2011,3,2011-03,violent-crime,estimates,1928,43.71,4574836,4410535,96.41
LA,Louisiana,2011,4,2011-04,violent-crime,estimates,2162,49.15,4574836,4398506,96.15
LA,Louisiana,2011,5,2011-05,violent-crime,estimates,2370,54.3,4574836,4364284,95.4
LA,Louisiana,2011,6,2011-06,violent-crime,estimates,2126,48.08,4574836,4422025,96.66
LA,Louisiana,2011,7,2011-07,violent-crime,estimates,2204,49.82,4574836,4423784,96.7
LA,Louisiana,2011,8,2011-08,violent-crime,estimates,2289,51.97,4574836,4404461,96.28
LA,Louisiana,2011,9,2011-09,violent-crime,estimates,1951,45.27,4574836,4310033,94.21
LA,Louisiana,2011,10,2011-10,violent-crime,estimates,1935,44.97,4574836,4302508,94.05
LA,Louisiana,2011,11,2011-11,violent-crime,estimates,1779,41.2,4574836,4317461,94.37
LA,Louisiana,2011,12,2011-12,violent-crime,estimates,1895,44.2,4574836,4287719,93.72
LA,Louisiana,2012,1,2012-01,violent-crime,estimates,1810,40.76,4601893,4440166,96.49
LA,Louisiana,2012,2,2012-02,violent-crime,estimates,1429,32.23,4601893,4433807,96.35
LA,Louisiana,2012,3,2012-03,violent-crime,estimates,1865,42.18,4601893,4421570,96.08
LA,Louisiana,2012,4,2012-04,violent-crime,estimates,1829,41.39,4601893,4419084,96.03
LA,Louisiana,2012,5,2012-05,violent-crime,estimates,1960,44.35,4601893,4419084,96.03
LA,Louisiana,2012,6,2012-06,violent-crime,estimates,1849,41.88,4601893,4414482,95.93
LA,Louisiana,2012,7,2012-07,violent-crime,estimates,2061,46.79,4601893,4405049,95.72
LA,Louisiana,2012,8,2012-08,violent-crime,estimates,1850,42,4601893,4405049,95.72
LA,Louisiana,2012,9,2012-09,violent-crime,estimates,1769,40.87,4601893,4328407,94.06
LA,Louisiana,2012,10,2012-10,violent-crime,estimates,1675,38.22,4601893,4382926,95.24
LA,Louisiana,2012,11,2012-11,violent-crime,estimates,1581,35.99,4601893,4392804,95.46
LA,Louisiana,2012,12,2012-12,violent-crime,estimates,2124,48.46,4601893,4382996,95.24
LA,Louisiana,2013,1,2013-01,violent-crime,estimates,1849,40.93,4625470,4518001,97.68
LA,Louisiana,2013,2,2013-02,violent-crime,estimates,1580,35.16,4625470,4493795,97.15
LA,Louisiana,2013,3,2013-03,violent-crime,estimates,1903,42.46,4625470,4482034,96.9
LA,Louisiana,2013,4,2013-04,violent-crime,estimates,2052,45.73,4625470,4487346,97.01
LA,Louisiana,2013,5,2013-05,violent-crime,estimates,2065,46.05,4625470,4484682,96.96
LA,Louisiana,2013,6,2013-06,violent-crime,estimates,2073,46.21,4625470,4486098,96.99
LA,Louisiana,2013,7,2013-07,violent-crime,estimates,2106,46.81,4625470,4499263,97.27
LA,Louisiana,2013,8,2013-08,violent-crime,estimates,1983,44.2,4625470,4486098,96.99
LA,Louisiana,2013,9,2013-09,violent-crime,estimates,1937,43.17,4625470,4486756,97
LA,Louisiana,2013,10,2013-10,violent-crime,estimates,1882,41.86,4625470,4495476,97.19
LA,Louisiana,2013,11,2013-11,violent-crime,estimates,1721,38.3,4625470,4494045,97.16
LA,Louisiana,2013,12,2013-12,violent-crime,estimates,1748,39.01,4625470,4480880,96.87
LA,Louisiana,2014,1,2014-01,violent-crime,estimates,1865,41.02,4649676,4546861,97.79
LA,Louisiana,2014,2,2014-02,violent-crime,estimates,1576,34.72,4649676,4538556,97.61
LA,Louisiana,2014,3,2014-03,violent-crime,estimates,2063,45.41,4649676,4543518,97.72
LA,Louisiana,2014,4,2014-04,violent-crime,estimates,2178,47.92,4649676,4545315,97.76
LA,Louisiana,2014,5,2014-05,violent-crime,estimates,2016,44.38,4649676,4542596,97.7
LA,Louisiana,2014,6,2014-06,violent-crime,estimates,2230,49.06,4649676,4545315,97.76
LA,Louisiana,2014,7,2014-07,violent-crime,estimates,2081,45.86,4649676,4537444,97.59
LA,Louisiana,2014,8,2014-08,violent-crime,estimates,2046,45.04,4649676,4542674,97.7
LA,Louisiana,2014,9,2014-09,violent-crime,estimates,2002,44.12,4649676,4537444,97.59
LA,Louisiana,2014,10,2014-10,violent-crime,estimates,2037,45.93,4649676,4434866,95.38
LA,Louisiana,2014,11,2014-11,violent-crime,estimates,1875,41.51,4649676,4517446,97.16
LA,Louisiana,2014,12,2014-12,violent-crime,estimates,2068,45.86,4649676,4509555,96.99
LA,Louisiana,2015,1,2015-01,violent-crime,estimates,2004,43.58,4670724,4598830,98.46
LA,Louisiana,2015,2,2015-02,violent-crime,estimates,1632,35.5,4670724,4597125,98.42
LA,Louisiana,2015,3,2015-03,violent-crime,estimates,2036,44.29,4670724,4597125,98.42
LA,Louisiana,2015,4,2015-04,violent-crime,estimates,2064,44.9,4670724,4597125,98.42
LA,Louisiana,2015,5,2015-05,violent-crime,estimates,2188,47.63,4670724,4593399,98.34
LA,Louisiana,2015,6,2015-06,violent-crime,estimates,2051,44.65,4670724,4593399,98.34
LA,Louisiana,2015,7,2015-07,violent-crime,estimates,2191,47.7,4670724,4592945,98.33
LA,Louisiana,2015,8,2015-08,violent-crime,estimates,2273,49.49,4670724,4592945,98.33
LA,Louisiana,2015,9,2015-09,violent-crime,estimates,2107,45.87,4670724,4592945,98.33
LA,Louisiana,2015,10,2015-10,violent-crime,estimates,2156,47.01,4670724,4585870,98.18
LA,Louisiana,2015,11,2015-11,violent-crime,estimates,1997,43.55,4670724,4585870,98.18
LA,Louisiana,2015,12,2015-12,violent-crime,estimates,2135,46.56,4670724,4585870,98.18
LA,Louisiana,2016,1,2016-01,violent-crime,estimates,2168,46.96,4681666,4616927,98.62
LA,Louisiana,2016,2,2016-02,violent-crime,estimates,1868,40.46,4681666,4616927,98.62
LA,Louisiana,2016,3,2016-03,violent-crime,estimates,2186,47.36,4681666,4615288,98.58
LA,Louisiana,2016,4,2016-04,violent-crime,estimates,2188,47.45,4681666,4611030,98.49
LA,Louisiana,2016,5,2016-05,violent-crime,estimates,2346,50.91,4681666,4607860,98.42
LA,Louisiana,2016,6,2016-06,violent-crime,estimates,2188,47.48,4681666,4607860,98.42
LA,Louisiana,2016,7,2016-07,violent-crime,estimates,2262,49.11,4681666,4605915,98.38
LA,Louisiana,2016,8,2016-08,violent-crime,estimates,2236,48.55,4681666,4605161,98.37
LA,Louisiana,2016,9,2016-09,violent-crime,estimates,2140,46.53,4681666,4599518,98.25
LA,Louisiana,2016,10,2016-10,violent-crime,estimates,2120,46.03,4681666,4605359,98.37
LA,Louisiana,2016,11,2016-11,violent-crime,estimates,2194,47.66,4681666,4603811,98.34
LA,Louisiana,2016,12,2016-12,violent-crime,estimates,2245,48.74,4681666,4606448,98.39
LA,Louisiana,2017,1,2017-01,violent-crime,estimates,2253,49.12,4684333,4587149,97.93
LA,Louisiana,2017,2,2017-02,violent-crime,estimates,1957,42.67,4684333,4586272,97.91
LA,Louisiana,2017,3,2017-03,violent-crime,estimates,2068,45.78,4684333,4516958,96.43
LA,Louisiana,2017,4,2017-04,violent-crime,estimates,2227,49.37,4684333,4510587,96.29
LA,Louisiana,2017,5,2017-05,violent-crime,estimates,2291,50.77,4684333,4512864,96.34
LA,Louisiana,2017,6,2017-06,violent-crime,estimates,2195,48.64,4684333,4512864,96.34
LA,Louisiana,2017,7,2017-07,violent-crime,estimates,2221,49.09,4684333,4524446,96.59
LA,Louisiana,2017,8,2017-08,violent-crime,estimates,2192,48.59,4684333,4511078,96.3
LA,Louisiana,2017,9,2017-09,violent-crime,estimates,2103,46.65,4684333,4508006,96.24
LA,Louisiana,2017,10,2017-10,violent-crime,estimates,2027,44.97,4684333,4507054,96.22
LA,Louisiana,2017,11,2017-11,violent-crime,estimates,1934,42.84,4684333,4514270,96.37
LA,Louisiana,2017,12,2017-12,violent-crime,estimates,1893,41.96,4684333,4511523,96.31
ME,Maine,1999,1,1999-01,violent-crime,estimates,86,6.91,1253000,1244970,99.36
ME,Maine,1999,2,1999-02,violent-crime,estimates,92,7.4,1253000,1242480,99.16
ME,Maine,1999,3,1999-03,violent-crime,estimates,97,7.81,1253000,1242480,99.16
ME,Maine,1999,4,1999-04,violent-crime,estimates,107,8.72,1253000,1227586,97.97
ME,Maine,1999,5,1999-05,violent-crime,estimates,113,9.23,1253000,1224078,97.69
ME,Maine,1999,6,1999-06,violent-crime,estimates,119,9.58,1253000,1241676,99.1
ME,Maine,1999,7,1999-07,violent-crime,estimates,144,11.65,1253000,1235844,98.63
ME,Maine,1999,8,1999-08,violent-crime,estimates,97,7.91,1253000,1225746,97.82
ME,Maine,1999,9,1999-09,violent-crime,estimates,83,6.91,1253000,1201371,95.88
ME,Maine,1999,10,1999-10,violent-crime,estimates,98,7.92,1253000,1237284,98.75
ME,Maine,1999,11,1999-11,violent-crime,estimates,105,8.49,1253000,1236598,98.69
ME,Maine,1999,12,1999-12,violent-crime,estimates,102,8.22,1253000,1241283,99.06
ME,Maine,2000,1,2000-01,violent-crime,estimates,106,8.34,1274923,1270404,99.65
ME,Maine,2000,2,2000-02,violent-crime,estimates,113,8.89,1274923,1270404,99.65
ME,Maine,2000,3,2000-03,violent-crime,estimates,156,12.28,1274923,1270404,99.65
ME,Maine,2000,4,2000-04,violent-crime,estimates,108,8.5,1274923,1270404,99.65
ME,Maine,2000,5,2000-05,violent-crime,estimates,116,9.13,1274923,1270404,99.65
ME,Maine,2000,6,2000-06,violent-crime,estimates,109,8.58,1274923,1270404,99.65
ME,Maine,2000,7,2000-07,violent-crime,estimates,120,9.45,1274923,1270404,99.65
ME,Maine,2000,8,2000-08,violent-crime,estimates,141,11.1,1274923,1270404,99.65
ME,Maine,2000,9,2000-09,violent-crime,estimates,106,8.34,1274923,1270404,99.65
ME,Maine,2000,10,2000-10,violent-crime,estimates,117,9.21,1274923,1270404,99.65
ME,Maine,2000,11,2000-11,violent-crime,estimates,97,7.64,1274923,1270404,99.65
ME,Maine,2000,12,2000-12,violent-crime,estimates,102,8.03,1274923,1270404,99.65
ME,Maine,2001,1,2001-01,violent-crime,estimates,141,10.99,1286670,1283354,99.74
ME,Maine,2001,2,2001-02,violent-crime,estimates,105,8.18,1286670,1283354,99.74
ME,Maine,2001,3,2001-03,violent-crime,estimates,124,9.66,1286670,1283354,99.74
ME,Maine,2001,4,2001-04,violent-crime,estimates,109,8.49,1286670,1283354,99.74
ME,Maine,2001,5,2001-05,violent-crime,estimates,120,9.35,1286670,1283354,99.74
ME,Maine,2001,6,2001-06,violent-crime,estimates,117,9.14,1286670,1280026,99.48
ME,Maine,2001,7,2001-07,violent-crime,estimates,128,9.97,1286670,1283354,99.74
ME,Maine,2001,8,2001-08,violent-crime,estimates,134,10.44,1286670,1283354,99.74
ME,Maine,2001,9,2001-09,violent-crime,estimates,115,8.96,1286670,1283354,99.74
ME,Maine,2001,10,2001-10,violent-crime,estimates,126,9.82,1286670,1283354,99.74
ME,Maine,2001,11,2001-11,violent-crime,estimates,111,8.65,1286670,1283354,99.74
ME,Maine,2001,12,2001-12,violent-crime,estimates,102,7.95,1286670,1283354,99.74
ME,Maine,2002,1,2002-01,violent-crime,estimates,95,7.36,1294464,1291128,99.74
ME,Maine,2002,2,2002-02,violent-crime,estimates,83,6.43,1294464,1291128,99.74
ME,Maine,2002,3,2002-03,violent-crime,estimates,117,9.06,1294464,1291128,99.74
ME,Maine,2002,4,2002-04,violent-crime,estimates,112,8.67,1294464,1291128,99.74
ME,Maine,2002,5,2002-05,violent-crime,estimates,121,9.37,1294464,1291128,99.74
ME,Maine,2002,6,2002-06,violent-crime,estimates,127,9.84,1294464,1291128,99.74
ME,Maine,2002,7,2002-07,violent-crime,estimates,143,11.08,1294464,1291128,99.74
ME,Maine,2002,8,2002-08,violent-crime,estimates,150,11.62,1294464,1291128,99.74
ME,Maine,2002,9,2002-09,violent-crime,estimates,103,7.98,1294464,1291128,99.74
ME,Maine,2002,10,2002-10,violent-crime,estimates,117,9.06,1294464,1291128,99.74
ME,Maine,2002,11,2002-11,violent-crime,estimates,121,9.37,1294464,1291128,99.74
ME,Maine,2002,12,2002-12,violent-crime,estimates,103,7.98,1294464,1291128,99.74
ME,Maine,2003,1,2003-01,violent-crime,estimates,105,8.06,1305728,1302802,99.78
ME,Maine,2003,2,2003-02,violent-crime,estimates,108,8.29,1305728,1302802,99.78
ME,Maine,2003,3,2003-03,violent-crime,estimates,130,9.98,1305728,1302802,99.78
ME,Maine,2003,4,2003-04,violent-crime,estimates,86,6.59,1305728,1305728,100
ME,Maine,2003,5,2003-05,violent-crime,estimates,122,9.36,1305728,1303400,99.82
ME,Maine,2003,6,2003-06,violent-crime,estimates,119,9.11,1305728,1305728,100
ME,Maine,2003,7,2003-07,violent-crime,estimates,136,10.43,1305728,1303400,99.82
ME,Maine,2003,8,2003-08,violent-crime,estimates,141,10.82,1305728,1303400,99.82
ME,Maine,2003,9,2003-09,violent-crime,estimates,127,9.74,1305728,1303400,99.82
ME,Maine,2003,10,2003-10,violent-crime,estimates,114,8.75,1305728,1303400,99.82
ME,Maine,2003,11,2003-11,violent-crime,estimates,125,9.59,1305728,1303400,99.82
ME,Maine,2003,12,2003-12,violent-crime,estimates,109,8.36,1305728,1303400,99.82
ME,Maine,2004,1,2004-01,violent-crime,estimates,109,8.27,1317253,1317253,100
ME,Maine,2004,2,2004-02,violent-crime,estimates,97,7.36,1317253,1317253,100
ME,Maine,2004,3,2004-03,violent-crime,estimates,111,8.43,1317253,1317253,100
ME,Maine,2004,4,2004-04,violent-crime,estimates,91,6.91,1317253,1317253,100
ME,Maine,2004,5,2004-05,violent-crime,estimates,136,10.32,1317253,1317253,100
ME,Maine,2004,6,2004-06,violent-crime,estimates,121,9.19,1317253,1317253,100
ME,Maine,2004,7,2004-07,violent-crime,estimates,121,9.19,1317253,1317253,100
ME,Maine,2004,8,2004-08,violent-crime,estimates,118,8.96,1317253,1317253,100
ME,Maine,2004,9,2004-09,violent-crime,estimates,116,8.81,1317253,1317253,100
ME,Maine,2004,10,2004-10,violent-crime,estimates,128,9.72,1317253,1317253,100
ME,Maine,2004,11,2004-11,violent-crime,estimates,108,8.2,1317253,1317253,100
ME,Maine,2004,12,2004-12,violent-crime,estimates,107,8.12,1317253,1317253,100
ME,Maine,2005,1,2005-01,violent-crime,estimates,101,7.71,1321505,1309806,99.11
ME,Maine,2005,2,2005-02,violent-crime,estimates,96,7.33,1321505,1309806,99.11
ME,Maine,2005,3,2005-03,violent-crime,estimates,117,8.95,1321505,1307115,98.91
ME,Maine,2005,4,2005-04,violent-crime,estimates,100,7.65,1321505,1307115,98.91
ME,Maine,2005,5,2005-05,violent-crime,estimates,116,8.87,1321505,1307115,98.91
ME,Maine,2005,6,2005-06,violent-crime,estimates,139,10.63,1321505,1307115,98.91
ME,Maine,2005,7,2005-07,violent-crime,estimates,136,10.4,1321505,1307115,98.91
ME,Maine,2005,8,2005-08,violent-crime,estimates,165,12.62,1321505,1307115,98.91
ME,Maine,2005,9,2005-09,violent-crime,estimates,145,11.09,1321505,1307115,98.91
ME,Maine,2005,10,2005-10,violent-crime,estimates,114,8.72,1321505,1307115,98.91
ME,Maine,2005,11,2005-11,violent-crime,estimates,151,11.55,1321505,1307115,98.91
ME,Maine,2005,12,2005-12,violent-crime,estimates,93,7.11,1321505,1307115,98.91
ME,Maine,2006,1,2006-01,violent-crime,estimates,99,7.5,1321574,1319259,99.82
ME,Maine,2006,2,2006-02,violent-crime,estimates,109,8.26,1321574,1319259,99.82
ME,Maine,2006,3,2006-03,violent-crime,estimates,139,10.54,1321574,1319259,99.82
ME,Maine,2006,4,2006-04,violent-crime,estimates,112,8.49,1321574,1319259,99.82
ME,Maine,2006,5,2006-05,violent-crime,estimates,111,8.41,1321574,1319259,99.82
ME,Maine,2006,6,2006-06,violent-crime,estimates,152,11.52,1321574,1319259,99.82
ME,Maine,2006,7,2006-07,violent-crime,estimates,159,12.03,1321574,1321574,100
ME,Maine,2006,8,2006-08,violent-crime,estimates,106,8.02,1321574,1321574,100
ME,Maine,2006,9,2006-09,violent-crime,estimates,147,11.12,1321574,1321574,100
ME,Maine,2006,10,2006-10,violent-crime,estimates,106,8.02,1321574,1321574,100
ME,Maine,2006,11,2006-11,violent-crime,estimates,146,11.05,1321574,1321574,100
ME,Maine,2006,12,2006-12,violent-crime,estimates,146,11.05,1321574,1321574,100
ME,Maine,2007,1,2007-01,violent-crime,estimates,103,7.82,1317207,1317207,100
ME,Maine,2007,2,2007-02,violent-crime,estimates,115,8.73,1317207,1317207,100
ME,Maine,2007,3,2007-03,violent-crime,estimates,103,7.82,1317207,1317207,100
ME,Maine,2007,4,2007-04,violent-crime,estimates,121,9.19,1317207,1317207,100
ME,Maine,2007,5,2007-05,violent-crime,estimates,133,10.1,1317207,1317207,100
ME,Maine,2007,6,2007-06,violent-crime,estimates,140,10.63,1317207,1317207,100
ME,Maine,2007,7,2007-07,violent-crime,estimates,161,12.22,1317207,1317207,100
ME,Maine,2007,8,2007-08,violent-crime,estimates,143,10.86,1317207,1317207,100
ME,Maine,2007,9,2007-09,violent-crime,estimates,150,11.39,1317207,1317207,100
ME,Maine,2007,10,2007-10,violent-crime,estimates,143,10.86,1317207,1317207,100
ME,Maine,2007,11,2007-11,violent-crime,estimates,124,9.41,1317207,1317207,100
ME,Maine,2007,12,2007-12,violent-crime,estimates,129,9.79,1317207,1317207,100
ME,Maine,2008,1,2008-01,violent-crime,estimates,137,10.41,1316456,1316456,100
ME,Maine,2008,2,2008-02,violent-crime,estimates,103,7.82,1316456,1316456,100
ME,Maine,2008,3,2008-03,violent-crime,estimates,128,9.72,1316456,1316456,100
ME,Maine,2008,4,2008-04,violent-crime,estimates,115,8.74,1316456,1316456,100
ME,Maine,2008,5,2008-05,violent-crime,estimates,131,9.95,1316456,1316456,100
ME,Maine,2008,6,2008-06,violent-crime,estimates,140,10.63,1316456,1316456,100
ME,Maine,2008,7,2008-07,violent-crime,estimates,138,10.48,1316456,1316456,100
ME,Maine,2008,8,2008-08,violent-crime,estimates,153,11.62,1316456,1316456,100
ME,Maine,2008,9,2008-09,violent-crime,estimates,127,9.65,1316456,1316456,100
ME,Maine,2008,10,2008-10,violent-crime,estimates,146,11.09,1316456,1316456,100
ME,Maine,2008,11,2008-11,violent-crime,estimates,138,10.48,1316456,1316456,100
ME,Maine,2008,12,2008-12,violent-crime,estimates,116,8.81,1316456,1316456,100
ME,Maine,2009,1,2009-01,violent-crime,estimates,104,7.89,1318301,1318301,100
ME,Maine,2009,2,2009-02,violent-crime,estimates,103,7.81,1318301,1318301,100
ME,Maine,2009,3,2009-03,violent-crime,estimates,115,8.72,1318301,1318301,100
ME,Maine,2009,4,2009-04,violent-crime,estimates,158,11.99,1318301,1318301,100
ME,Maine,2009,5,2009-05,violent-crime,estimates,153,11.61,1318301,1318301,100
ME,Maine,2009,6,2009-06,violent-crime,estimates,138,10.47,1318301,1318301,100
ME,Maine,2009,7,2009-07,violent-crime,estimates,149,11.3,1318301,1318301,100
ME,Maine,2009,8,2009-08,violent-crime,estimates,161,12.21,1318301,1318301,100
ME,Maine,2009,9,2009-09,violent-crime,estimates,118,8.95,1318301,1318301,100
ME,Maine,2009,10,2009-10,violent-crime,estimates,160,12.14,1318301,1318301,100
ME,Maine,2009,11,2009-11,violent-crime,estimates,136,10.32,1318301,1318301,100
ME,Maine,2009,12,2009-12,violent-crime,estimates,101,7.66,1318301,1318301,100
ME,Maine,2010,1,2010-01,violent-crime,estimates,129,9.71,1328361,1328361,100
ME,Maine,2010,2,2010-02,violent-crime,estimates,97,7.3,1328361,1328361,100
ME,Maine,2010,3,2010-03,violent-crime,estimates,127,9.56,1328361,1328361,100
ME,Maine,2010,4,2010-04,violent-crime,estimates,126,9.49,1328361,1328361,100
ME,Maine,2010,5,2010-05,violent-crime,estimates,150,11.29,1328361,1328361,100
ME,Maine,2010,6,2010-06,violent-crime,estimates,147,11.07,1328361,1328361,100
ME,Maine,2010,7,2010-07,violent-crime,estimates,165,12.42,1328361,1328361,100
ME,Maine,2010,8,2010-08,violent-crime,estimates,138,10.39,1328361,1328361,100
ME,Maine,2010,9,2010-09,violent-crime,estimates,109,8.21,1328361,1328361,100
ME,Maine,2010,10,2010-10,violent-crime,estimates,160,12.04,1328361,1328361,100
ME,Maine,2010,11,2010-11,violent-crime,estimates,148,11.14,1328361,1328361,100
ME,Maine,2010,12,2010-12,violent-crime,estimates,126,9.49,1328361,1328361,100
ME,Maine,2011,1,2011-01,violent-crime,estimates,144,10.84,1328188,1328188,100
ME,Maine,2011,2,2011-02,violent-crime,estimates,115,8.66,1328188,1328188,100
ME,Maine,2011,3,2011-03,violent-crime,estimates,148,11.14,1328188,1328188,100
ME,Maine,2011,4,2011-04,violent-crime,estimates,126,9.49,1328188,1328188,100
ME,Maine,2011,5,2011-05,violent-crime,estimates,130,9.79,1328188,1328188,100
ME,Maine,2011,6,2011-06,violent-crime,estimates,128,9.64,1328188,1328188,100
ME,Maine,2011,7,2011-07,violent-crime,estimates,192,14.46,1328188,1328188,100
ME,Maine,2011,8,2011-08,violent-crime,estimates,132,9.94,1328188,1328188,100
ME,Maine,2011,9,2011-09,violent-crime,estimates,129,9.71,1328188,1328188,100
ME,Maine,2011,10,2011-10,violent-crime,estimates,116,8.73,1328188,1328188,100
ME,Maine,2011,11,2011-11,violent-crime,estimates,147,11.07,1328188,1328188,100
ME,Maine,2011,12,2011-12,violent-crime,estimates,130,9.79,1328188,1328188,100
ME,Maine,2012,1,2012-01,violent-crime,estimates,120,9.03,1329192,1329192,100
ME,Maine,2012,2,2012-02,violent-crime,estimates,114,8.58,1329192,1329192,100
ME,Maine,2012,3,2012-03,violent-crime,estimates,145,10.91,1329192,1329192,100
ME,Maine,2012,4,2012-04,violent-crime,estimates,143,10.76,1329192,1329192,100
ME,Maine,2012,5,2012-05,violent-crime,estimates,140,10.53,1329192,1329192,100
ME,Maine,2012,6,2012-06,violent-crime,estimates,120,9.03,1329192,1329192,100
ME,Maine,2012,7,2012-07,violent-crime,estimates,156,11.74,1329192,1329192,100
ME,Maine,2012,8,2012-08,violent-crime,estimates,139,10.46,1329192,1329192,100
ME,Maine,2012,9,2012-09,violent-crime,estimates,144,10.83,1329192,1329192,100
ME,Maine,2012,10,2012-10,violent-crime,estimates,143,10.76,1329192,1329192,100
ME,Maine,2012,11,2012-11,violent-crime,estimates,133,10.01,1329192,1329192,100
ME,Maine,2012,12,2012-12,violent-crime,estimates,129,9.71,1329192,1329192,100
ME,Maine,2013,1,2013-01,violent-crime,estimates,134,10.09,1328302,1328302,100
ME,Maine,2013,2,2013-02,violent-crime,estimates,100,7.53,1328302,1328302,100
ME,Maine,2013,3,2013-03,violent-crime,estimates,135,10.16,1328302,1328302,100
ME,Maine,2013,4,2013-04,violent-crime,estimates,125,9.41,1328302,1328302,100
ME,Maine,2013,5,2013-05,violent-crime,estimates,153,11.52,1328302,1328302,100
ME,Maine,2013,6,2013-06,violent-crime,estimates,145,10.92,1328302,1328302,100
ME,Maine,2013,7,2013-07,violent-crime,estimates,177,13.33,1328302,1328302,100
ME,Maine,2013,8,2013-08,violent-crime,estimates,157,11.82,1328302,1328302,100
ME,Maine,2013,9,2013-09,violent-crime,estimates,143,10.77,1328302,1328302,100
ME,Maine,2013,10,2013-10,violent-crime,estimates,127,9.56,1328302,1328302,100
ME,Maine,2013,11,2013-11,violent-crime,estimates,152,11.44,1328302,1328302,100
ME,Maine,2013,12,2013-12,violent-crime,estimates,118,8.88,1328302,1328302,100
ME,Maine,2014,1,2014-01,violent-crime,estimates,127,9.55,1330089,1330089,100
ME,Maine,2014,2,2014-02,violent-crime,estimates,120,9.02,1330089,1330089,100
ME,Maine,2014,3,2014-03,violent-crime,estimates,143,10.75,1330089,1330089,100
ME,Maine,2014,4,2014-04,violent-crime,estimates,137,10.3,1330089,1330089,100
ME,Maine,2014,5,2014-05,violent-crime,estimates,139,10.45,1330089,1330089,100
ME,Maine,2014,6,2014-06,violent-crime,estimates,143,10.75,1330089,1330089,100
ME,Maine,2014,7,2014-07,violent-crime,estimates,132,9.92,1330089,1330089,100
ME,Maine,2014,8,2014-08,violent-crime,estimates,170,12.78,1330089,1330089,100
ME,Maine,2014,9,2014-09,violent-crime,estimates,129,9.7,1330089,1330089,100
ME,Maine,2014,10,2014-10,violent-crime,estimates,130,9.77,1330089,1330089,100
ME,Maine,2014,11,2014-11,violent-crime,estimates,113,8.5,1330089,1330089,100
ME,Maine,2014,12,2014-12,violent-crime,estimates,121,9.1,1330089,1330089,100
ME,Maine,2015,1,2015-01,violent-crime,estimates,110,8.27,1329328,1329328,100
ME,Maine,2015,2,2015-02,violent-crime,estimates,123,9.25,1329328,1329328,100
ME,Maine,2015,3,2015-03,violent-crime,estimates,139,10.46,1329328,1329328,100
ME,Maine,2015,4,2015-04,violent-crime,estimates,151,11.36,1329328,1329328,100
ME,Maine,2015,5,2015-05,violent-crime,estimates,114,8.58,1329328,1329328,100
ME,Maine,2015,6,2015-06,violent-crime,estimates,128,9.63,1329328,1329328,100
ME,Maine,2015,7,2015-07,violent-crime,estimates,160,12.04,1329328,1329328,100
ME,Maine,2015,8,2015-08,violent-crime,estimates,171,12.86,1329328,1329328,100
ME,Maine,2015,9,2015-09,violent-crime,estimates,147,11.06,1329328,1329328,100
ME,Maine,2015,10,2015-10,violent-crime,estimates,140,10.53,1329328,1329328,100
ME,Maine,2015,11,2015-11,violent-crime,estimates,141,10.61,1329328,1329328,100
ME,Maine,2015,12,2015-12,violent-crime,estimates,118,8.88,1329328,1329328,100
ME,Maine,2016,1,2016-01,violent-crime,estimates,105,7.89,1331479,1331479,100
ME,Maine,2016,2,2016-02,violent-crime,estimates,117,8.79,1331479,1331479,100
ME,Maine,2016,3,2016-03,violent-crime,estimates,130,9.76,1331479,1331479,100
ME,Maine,2016,4,2016-04,violent-crime,estimates,126,9.46,1331479,1331479,100
ME,Maine,2016,5,2016-05,violent-crime,estimates,152,11.42,1331479,1331479,100
ME,Maine,2016,6,2016-06,violent-crime,estimates,120,9.01,1331479,1331479,100
ME,Maine,2016,7,2016-07,violent-crime,estimates,165,12.39,1331479,1331479,100
ME,Maine,2016,8,2016-08,violent-crime,estimates,176,13.22,1331479,1331479,100
ME,Maine,2016,9,2016-09,violent-crime,estimates,144,10.82,1331479,1331479,100
ME,Maine,2016,10,2016-10,violent-crime,estimates,144,10.82,1331479,1331479,100
ME,Maine,2016,11,2016-11,violent-crime,estimates,133,9.99,1331479,1331479,100
ME,Maine,2016,12,2016-12,violent-crime,estimates,135,10.14,1331479,1331479,100
ME,Maine,2017,1,2017-01,violent-crime,estimates,121,9.06,1335907,1335907,100
ME,Maine,2017,2,2017-02,violent-crime,estimates,109,8.16,1335907,1335907,100
ME,Maine,2017,3,2017-03,violent-crime,estimates,130,9.73,1335907,1335907,100
ME,Maine,2017,4,2017-04,violent-crime,estimates,100,7.49,1335907,1335907,100
ME,Maine,2017,5,2017-05,violent-crime,estimates,151,11.3,1335907,1335907,100
ME,Maine,2017,6,2017-06,violent-crime,estimates,143,10.7,1335907,1335907,100
ME,Maine,2017,7,2017-07,violent-crime,estimates,167,12.5,1335907,1335907,100
ME,Maine,2017,8,2017-08,violent-crime,estimates,139,10.4,1335907,1335907,100
ME,Maine,2017,9,2017-09,violent-crime,estimates,143,10.7,1335907,1335907,100
ME,Maine,2017,10,2017-10,violent-crime,estimates,152,11.38,1335907,1335907,100
ME,Maine,2017,11,2017-11,violent-crime,estimates,129,9.66,1335907,1335907,100
ME,Maine,2017,12,2017-12,violent-crime,estimates,126,9.43,1335907,1335907,100
MD,Maryland,1999,1,1999-01,violent-crime,estimates,1950,37.7,5172000,5172000,100
MD,Maryland,1999,2,1999-02,violent-crime,estimates,1628,31.48,5172000,5172000,100
MD,Maryland,1999,3,1999-03,violent-crime,estimates,1793,34.67,5172000,5172000,100
MD,Maryland,1999,4,1999-04,violent-crime,estimates,1897,36.68,5172000,5172000,100
MD,Maryland,1999,5,1999-05,violent-crime,estimates,2075,40.12,5172000,5172000,100
MD,Maryland,1999,6,1999-06,violent-crime,estimates,1959,37.88,5172000,5172000,100
MD,Maryland,1999,7,1999-07,violent-crime,estimates,2145,41.47,5172000,5172000,100
MD,Maryland,1999,8,1999-08,violent-crime,estimates,2108,40.76,5172000,5172000,100
MD,Maryland,1999,9,1999-09,violent-crime,estimates,2035,39.35,5172000,5172000,100
MD,Maryland,1999,10,1999-10,violent-crime,estimates,2052,39.68,5172000,5172000,100
MD,Maryland,1999,11,1999-11,violent-crime,estimates,1966,38.01,5172000,5172000,100
MD,Maryland,1999,12,1999-12,violent-crime,estimates,1953,37.76,5172000,5172000,100
MD,Maryland,2000,1,2000-01,violent-crime,estimates,3274,61.81,5296486,5296486,100
MD,Maryland,2000,2,2000-02,violent-crime,estimates,3022,57.06,5296486,5296486,100
MD,Maryland,2000,3,2000-03,violent-crime,estimates,3321,62.7,5296486,5296486,100
MD,Maryland,2000,4,2000-04,violent-crime,estimates,3436,64.87,5296486,5296486,100
MD,Maryland,2000,5,2000-05,violent-crime,estimates,3727,70.37,5296486,5296486,100
MD,Maryland,2000,6,2000-06,violent-crime,estimates,3436,64.87,5296486,5296486,100
MD,Maryland,2000,7,2000-07,violent-crime,estimates,3688,69.63,5296486,5296486,100
MD,Maryland,2000,8,2000-08,violent-crime,estimates,3782,71.41,5296486,5296486,100
MD,Maryland,2000,9,2000-09,violent-crime,estimates,3643,68.78,5296486,5296486,100
MD,Maryland,2000,10,2000-10,violent-crime,estimates,3929,74.18,5296486,5296486,100
MD,Maryland,2000,11,2000-11,violent-crime,estimates,3262,61.59,5296486,5296486,100
MD,Maryland,2000,12,2000-12,violent-crime,estimates,3327,62.82,5296486,5296486,100
MD,Maryland,2001,1,2001-01,violent-crime,estimates,3633,67.59,5375156,5375156,100
MD,Maryland,2001,2,2001-02,violent-crime,estimates,2797,52.04,5375156,5375156,100
MD,Maryland,2001,3,2001-03,violent-crime,estimates,3260,60.65,5375156,5375156,100
MD,Maryland,2001,4,2001-04,violent-crime,estimates,3396,63.18,5375156,5375156,100
MD,Maryland,2001,5,2001-05,violent-crime,estimates,3778,70.29,5375156,5375156,100
MD,Maryland,2001,6,2001-06,violent-crime,estimates,3610,67.16,5375156,5375156,100
MD,Maryland,2001,7,2001-07,violent-crime,estimates,3794,70.58,5375156,5375156,100
MD,Maryland,2001,8,2001-08,violent-crime,estimates,3500,65.11,5375156,5375156,100
MD,Maryland,2001,9,2001-09,violent-crime,estimates,3978,74.01,5375156,5375156,100
MD,Maryland,2001,10,2001-10,violent-crime,estimates,4067,75.66,5375156,5375156,100
MD,Maryland,2001,11,2001-11,violent-crime,estimates,3660,68.09,5375156,5375156,100
MD,Maryland,2001,12,2001-12,violent-crime,estimates,3423,63.68,5375156,5375156,100
MD,Maryland,2002,1,2002-01,violent-crime,estimates,3366,61.67,5458137,5458137,100
MD,Maryland,2002,2,2002-02,violent-crime,estimates,2955,54.14,5458137,5458137,100
MD,Maryland,2002,3,2002-03,violent-crime,estimates,3113,57.03,5458137,5458137,100
MD,Maryland,2002,4,2002-04,violent-crime,estimates,3434,62.92,5458137,5458137,100
MD,Maryland,2002,5,2002-05,violent-crime,estimates,3746,68.63,5458137,5458137,100
MD,Maryland,2002,6,2002-06,violent-crime,estimates,3571,65.43,5458137,5458137,100
MD,Maryland,2002,7,2002-07,violent-crime,estimates,4103,75.17,5458137,5458137,100
MD,Maryland,2002,8,2002-08,violent-crime,estimates,3764,68.96,5458137,5458137,100
MD,Maryland,2002,9,2002-09,violent-crime,estimates,3871,70.92,5458137,5458137,100
MD,Maryland,2002,10,2002-10,violent-crime,estimates,4123,75.54,5458137,5458137,100
MD,Maryland,2002,11,2002-11,violent-crime,estimates,3124,57.24,5458137,5458137,100
MD,Maryland,2002,12,2002-12,violent-crime,estimates,3108,56.94,5458137,5458137,100
MD,Maryland,2003,1,2003-01,violent-crime,estimates,3177,57.67,5508909,5508909,100
MD,Maryland,2003,2,2003-02,violent-crime,estimates,2456,44.58,5508909,5508909,100
MD,Maryland,2003,3,2003-03,violent-crime,estimates,3208,58.23,5508909,5508909,100
MD,Maryland,2003,4,2003-04,violent-crime,estimates,3248,58.96,5508909,5508909,100
MD,Maryland,2003,5,2003-05,violent-crime,estimates,3720,67.53,5508909,5508909,100
MD,Maryland,2003,6,2003-06,violent-crime,estimates,3567,64.75,5508909,5508909,100
MD,Maryland,2003,7,2003-07,violent-crime,estimates,3729,67.69,5508909,5508909,100
MD,Maryland,2003,8,2003-08,violent-crime,estimates,3608,65.49,5508909,5508909,100
MD,Maryland,2003,9,2003-09,violent-crime,estimates,3239,58.8,5508909,5508909,100
MD,Maryland,2003,10,2003-10,violent-crime,estimates,3732,67.74,5508909,5508909,100
MD,Maryland,2003,11,2003-11,violent-crime,estimates,3103,56.33,5508909,5508909,100
MD,Maryland,2003,12,2003-12,violent-crime,estimates,1991,36.14,5508909,5508909,100
MD,Maryland,2004,1,2004-01,violent-crime,estimates,3107,55.94,5558058,5554320,99.93
MD,Maryland,2004,2,2004-02,violent-crime,estimates,2641,47.55,5558058,5554320,99.93
MD,Maryland,2004,3,2004-03,violent-crime,estimates,3176,57.18,5558058,5554320,99.93
MD,Maryland,2004,4,2004-04,violent-crime,estimates,3028,54.48,5558058,5558058,100
MD,Maryland,2004,5,2004-05,violent-crime,estimates,3619,65.11,5558058,5558058,100
MD,Maryland,2004,6,2004-06,violent-crime,estimates,3410,61.35,5558058,5558058,100
MD,Maryland,2004,7,2004-07,violent-crime,estimates,3437,61.84,5558058,5558058,100
MD,Maryland,2004,8,2004-08,violent-crime,estimates,3561,64.07,5558058,5558058,100
MD,Maryland,2004,9,2004-09,violent-crime,estimates,3277,58.96,5558058,5558058,100
MD,Maryland,2004,10,2004-10,violent-crime,estimates,3344,60.16,5558058,5558058,100
MD,Maryland,2004,11,2004-11,violent-crime,estimates,3150,56.67,5558058,5558058,100
MD,Maryland,2004,12,2004-12,violent-crime,estimates,3187,57.34,5558058,5558058,100
MD,Maryland,2005,1,2005-01,violent-crime,estimates,2978,53.17,5600388,5600388,100
MD,Maryland,2005,2,2005-02,violent-crime,estimates,2680,47.85,5600388,5600388,100
MD,Maryland,2005,3,2005-03,violent-crime,estimates,3258,58.17,5600388,5600388,100
MD,Maryland,2005,4,2005-04,violent-crime,estimates,3478,62.1,5600388,5600388,100
MD,Maryland,2005,5,2005-05,violent-crime,estimates,3617,64.58,5600388,5600388,100
MD,Maryland,2005,6,2005-06,violent-crime,estimates,3496,62.46,5600388,5597375,99.95
MD,Maryland,2005,7,2005-07,violent-crime,estimates,3626,64.75,5600388,5600388,100
MD,Maryland,2005,8,2005-08,violent-crime,estimates,3436,61.35,5600388,5600388,100
MD,Maryland,2005,9,2005-09,violent-crime,estimates,3465,61.87,5600388,5600388,100
MD,Maryland,2005,10,2005-10,violent-crime,estimates,3307,59.05,5600388,5600388,100
MD,Maryland,2005,11,2005-11,violent-crime,estimates,3071,54.84,5600388,5600388,100
MD,Maryland,2005,12,2005-12,violent-crime,estimates,2957,52.8,5600388,5600388,100
MD,Maryland,2006,1,2006-01,violent-crime,estimates,3289,58.57,5615727,5615239,99.99
MD,Maryland,2006,2,2006-02,violent-crime,estimates,2678,47.69,5615727,5615239,99.99
MD,Maryland,2006,3,2006-03,violent-crime,estimates,3191,56.83,5615727,5615239,99.99
MD,Maryland,2006,4,2006-04,violent-crime,estimates,3043,54.19,5615727,5615239,99.99
MD,Maryland,2006,5,2006-05,violent-crime,estimates,3247,57.82,5615727,5615239,99.99
MD,Maryland,2006,6,2006-06,violent-crime,estimates,3298,58.73,5615727,5615239,99.99
MD,Maryland,2006,7,2006-07,violent-crime,estimates,3406,60.65,5615727,5615727,100
MD,Maryland,2006,8,2006-08,violent-crime,estimates,3370,60.01,5615727,5615727,100
MD,Maryland,2006,9,2006-09,violent-crime,estimates,3125,55.65,5615727,5615727,100
MD,Maryland,2006,10,2006-10,violent-crime,estimates,3344,59.55,5615727,5615727,100
MD,Maryland,2006,11,2006-11,violent-crime,estimates,3017,53.72,5615727,5615727,100
MD,Maryland,2006,12,2006-12,violent-crime,estimates,3102,55.24,5615727,5615727,100
MD,Maryland,2007,1,2007-01,violent-crime,estimates,2889,51.92,5618344,5564672,99.04
MD,Maryland,2007,2,2007-02,violent-crime,estimates,2244,40.33,5618344,5564672,99.04
MD,Maryland,2007,3,2007-03,violent-crime,estimates,2784,50.03,5618344,5564672,99.04
MD,Maryland,2007,4,2007-04,violent-crime,estimates,2999,53.89,5618344,5564672,99.04
MD,Maryland,2007,5,2007-05,violent-crime,estimates,3171,56.98,5618344,5564672,99.04
MD,Maryland,2007,6,2007-06,violent-crime,estimates,3259,58.57,5618344,5564672,99.04
MD,Maryland,2007,7,2007-07,violent-crime,estimates,3283,58.43,5618344,5618344,100
MD,Maryland,2007,8,2007-08,violent-crime,estimates,3160,56.24,5618344,5618344,100
MD,Maryland,2007,9,2007-09,violent-crime,estimates,3220,57.31,5618344,5618344,100
MD,Maryland,2007,10,2007-10,violent-crime,estimates,3235,57.58,5618344,5618344,100
MD,Maryland,2007,11,2007-11,violent-crime,estimates,2944,52.4,5618344,5618344,100
MD,Maryland,2007,12,2007-12,violent-crime,estimates,2875,51.17,5618344,5618344,100
MD,Maryland,2008,1,2008-01,violent-crime,estimates,2919,51.81,5633597,5633597,100
MD,Maryland,2008,2,2008-02,violent-crime,estimates,2411,42.8,5633597,5633597,100
MD,Maryland,2008,3,2008-03,violent-crime,estimates,2888,51.26,5633597,5633597,100
MD,Maryland,2008,4,2008-04,violent-crime,estimates,2866,50.87,5633597,5633597,100
MD,Maryland,2008,5,2008-05,violent-crime,estimates,3143,55.79,5633597,5633597,100
MD,Maryland,2008,6,2008-06,violent-crime,estimates,3081,54.69,5633597,5633597,100
MD,Maryland,2008,7,2008-07,violent-crime,estimates,3123,55.44,5633597,5633597,100
MD,Maryland,2008,8,2008-08,violent-crime,estimates,3110,55.2,5633597,5633597,100
MD,Maryland,2008,9,2008-09,violent-crime,estimates,3078,54.64,5633597,5633597,100
MD,Maryland,2008,10,2008-10,violent-crime,estimates,3113,55.26,5633597,5633597,100
MD,Maryland,2008,11,2008-11,violent-crime,estimates,2934,52.08,5633597,5633597,100
MD,Maryland,2008,12,2008-12,violent-crime,estimates,2727,48.41,5633597,5633597,100
MD,Maryland,2009,1,2009-01,violent-crime,estimates,2548,44.71,5699478,5699478,100
MD,Maryland,2009,2,2009-02,violent-crime,estimates,2287,40.13,5699478,5699478,100
MD,Maryland,2009,3,2009-03,violent-crime,estimates,2823,49.53,5699478,5699478,100
MD,Maryland,2009,4,2009-04,violent-crime,estimates,2721,47.74,5699478,5699478,100
MD,Maryland,2009,5,2009-05,violent-crime,estimates,3033,53.22,5699478,5699478,100
MD,Maryland,2009,6,2009-06,violent-crime,estimates,3180,55.79,5699478,5699478,100
MD,Maryland,2009,7,2009-07,violent-crime,estimates,3019,52.97,5699478,5699478,100
MD,Maryland,2009,8,2009-08,violent-crime,estimates,2843,49.88,5699478,5699478,100
MD,Maryland,2009,9,2009-09,violent-crime,estimates,2798,49.09,5699478,5699478,100
MD,Maryland,2009,10,2009-10,violent-crime,estimates,2957,51.88,5699478,5699478,100
MD,Maryland,2009,11,2009-11,violent-crime,estimates,2790,48.95,5699478,5699478,100
MD,Maryland,2009,12,2009-12,violent-crime,estimates,2626,46.07,5699478,5699478,100
MD,Maryland,2010,1,2010-01,violent-crime,estimates,2492,43.16,5773552,5773552,100
MD,Maryland,2010,2,2010-02,violent-crime,estimates,1844,31.94,5773552,5773552,100
MD,Maryland,2010,3,2010-03,violent-crime,estimates,2628,45.52,5773552,5773552,100
MD,Maryland,2010,4,2010-04,violent-crime,estimates,2820,48.84,5773552,5773552,100
MD,Maryland,2010,5,2010-05,violent-crime,estimates,2913,50.45,5773552,5773552,100
MD,Maryland,2010,6,2010-06,violent-crime,estimates,2724,47.18,5773552,5773552,100
MD,Maryland,2010,7,2010-07,violent-crime,estimates,2919,50.56,5773552,5773552,100
MD,Maryland,2010,8,2010-08,violent-crime,estimates,2949,51.08,5773552,5773552,100
MD,Maryland,2010,9,2010-09,violent-crime,estimates,2857,49.48,5773552,5773552,100
MD,Maryland,2010,10,2010-10,violent-crime,estimates,2733,47.34,5773552,5773552,100
MD,Maryland,2010,11,2010-11,violent-crime,estimates,2400,41.57,5773552,5773552,100
MD,Maryland,2010,12,2010-12,violent-crime,estimates,2328,40.32,5773552,5773552,100
MD,Maryland,2011,1,2011-01,violent-crime,estimates,2367,40.61,5828289,5828289,100
MD,Maryland,2011,2,2011-02,violent-crime,estimates,1961,33.65,5828289,5828289,100
MD,Maryland,2011,3,2011-03,violent-crime,estimates,2320,39.81,5828289,5828289,100
MD,Maryland,2011,4,2011-04,violent-crime,estimates,2330,39.98,5828289,5828289,100
MD,Maryland,2011,5,2011-05,violent-crime,estimates,2668,45.78,5828289,5828289,100
MD,Maryland,2011,6,2011-06,violent-crime,estimates,2326,39.91,5828289,5828289,100
MD,Maryland,2011,7,2011-07,violent-crime,estimates,2654,45.54,5828289,5828289,100
MD,Maryland,2011,8,2011-08,violent-crime,estimates,2538,43.55,5828289,5828289,100
MD,Maryland,2011,9,2011-09,violent-crime,estimates,2450,42.04,5828289,5828289,100
MD,Maryland,2011,10,2011-10,violent-crime,estimates,2488,42.69,5828289,5828289,100
MD,Maryland,2011,11,2011-11,violent-crime,estimates,2297,39.41,5828289,5828289,100
MD,Maryland,2011,12,2011-12,violent-crime,estimates,2401,41.2,5828289,5828289,100
MD,Maryland,2012,1,2012-01,violent-crime,estimates,2246,38.17,5884563,5884563,100
MD,Maryland,2012,2,2012-02,violent-crime,estimates,1992,33.85,5884563,5884563,100
MD,Maryland,2012,3,2012-03,violent-crime,estimates,2376,40.38,5884563,5884563,100
MD,Maryland,2012,4,2012-04,violent-crime,estimates,2147,36.49,5884563,5884563,100
MD,Maryland,2012,5,2012-05,violent-crime,estimates,2360,40.1,5884563,5884563,100
MD,Maryland,2012,6,2012-06,violent-crime,estimates,2368,40.24,5884563,5884563,100
MD,Maryland,2012,7,2012-07,violent-crime,estimates,2553,43.38,5884563,5884563,100
MD,Maryland,2012,8,2012-08,violent-crime,estimates,2603,44.23,5884563,5884563,100
MD,Maryland,2012,9,2012-09,violent-crime,estimates,2513,42.7,5884563,5884563,100
MD,Maryland,2012,10,2012-10,violent-crime,estimates,2377,40.39,5884563,5884563,100
MD,Maryland,2012,11,2012-11,violent-crime,estimates,2177,37,5884563,5884563,100
MD,Maryland,2012,12,2012-12,violent-crime,estimates,2373,40.33,5884563,5884563,100
MD,Maryland,2013,1,2013-01,violent-crime,estimates,2387,40.26,5928814,5928814,100
MD,Maryland,2013,2,2013-02,violent-crime,estimates,1916,32.32,5928814,5928814,100
MD,Maryland,2013,3,2013-03,violent-crime,estimates,2048,34.54,5928814,5928814,100
MD,Maryland,2013,4,2013-04,violent-crime,estimates,2359,39.79,5928814,5928814,100
MD,Maryland,2013,5,2013-05,violent-crime,estimates,2502,42.2,5928814,5928814,100
MD,Maryland,2013,6,2013-06,violent-crime,estimates,2339,39.45,5928814,5928814,100
MD,Maryland,2013,7,2013-07,violent-crime,estimates,2336,39.4,5928814,5928814,100
MD,Maryland,2013,8,2013-08,violent-crime,estimates,2568,43.31,5928814,5928814,100
MD,Maryland,2013,9,2013-09,violent-crime,estimates,2309,38.95,5928814,5928814,100
MD,Maryland,2013,10,2013-10,violent-crime,estimates,2398,40.45,5928814,5928814,100
MD,Maryland,2013,11,2013-11,violent-crime,estimates,2223,37.49,5928814,5928814,100
MD,Maryland,2013,12,2013-12,violent-crime,estimates,1770,38.57,5928814,4589319,77.41
MD,Maryland,2014,1,2014-01,violent-crime,estimates,2033,34.02,5976407,5976407,100
MD,Maryland,2014,2,2014-02,violent-crime,estimates,1791,29.97,5976407,5976407,100
MD,Maryland,2014,3,2014-03,violent-crime,estimates,1903,31.84,5976407,5976407,100
MD,Maryland,2014,4,2014-04,violent-crime,estimates,2131,35.66,5976407,5976407,100
MD,Maryland,2014,5,2014-05,violent-crime,estimates,2497,41.78,5976407,5976407,100
MD,Maryland,2014,6,2014-06,violent-crime,estimates,2348,39.29,5976407,5976407,100
MD,Maryland,2014,7,2014-07,violent-crime,estimates,2207,36.93,5976407,5976407,100
MD,Maryland,2014,8,2014-08,violent-crime,estimates,2329,38.97,5976407,5976407,100
MD,Maryland,2014,9,2014-09,violent-crime,estimates,2263,37.87,5976407,5976407,100
MD,Maryland,2014,10,2014-10,violent-crime,estimates,2395,40.07,5976407,5976407,100
MD,Maryland,2014,11,2014-11,violent-crime,estimates,1922,37.34,5976407,5147536,86.13
MD,Maryland,2014,12,2014-12,violent-crime,estimates,2234,37.38,5976407,5976407,100
MD,Maryland,2015,1,2015-01,violent-crime,estimates,2120,35.3,6006401,6006401,100
MD,Maryland,2015,2,2015-02,violent-crime,estimates,1673,27.85,6006401,6006401,100
MD,Maryland,2015,3,2015-03,violent-crime,estimates,1987,33.08,6006401,6006401,100
MD,Maryland,2015,4,2015-04,violent-crime,estimates,2007,33.42,6006401,6004848,99.97
MD,Maryland,2015,5,2015-05,violent-crime,estimates,2711,45.14,6006401,6006401,100
MD,Maryland,2015,6,2015-06,violent-crime,estimates,2106,40.72,6006401,5172443,86.12
MD,Maryland,2015,7,2015-07,violent-crime,estimates,2330,45.01,6006401,5176771,86.19
MD,Maryland,2015,8,2015-08,violent-crime,estimates,2182,36.33,6006401,6006401,100
MD,Maryland,2015,9,2015-09,violent-crime,estimates,2103,40.62,6006401,5176771,86.19
MD,Maryland,2015,10,2015-10,violent-crime,estimates,2487,41.41,6006401,6006401,100
MD,Maryland,2015,11,2015-11,violent-crime,estimates,2430,40.5,6006401,5999315,99.88
MD,Maryland,2015,12,2015-12,violent-crime,estimates,2393,43.65,6006401,5481621,91.26
MD,Maryland,2016,1,2016-01,violent-crime,estimates,2211,36.75,6016447,6016447,100
MD,Maryland,2016,2,2016-02,violent-crime,estimates,1849,30.74,6016447,6014365,99.97
MD,Maryland,2016,3,2016-03,violent-crime,estimates,2207,36.69,6016447,6014583,99.97
MD,Maryland,2016,4,2016-04,violent-crime,estimates,2512,41.75,6016447,6016447,100
MD,Maryland,2016,5,2016-05,violent-crime,estimates,2662,44.25,6016447,6016447,100
MD,Maryland,2016,6,2016-06,violent-crime,estimates,2432,40.42,6016447,6016447,100
MD,Maryland,2016,7,2016-07,violent-crime,estimates,2490,41.39,6016447,6016447,100
MD,Maryland,2016,8,2016-08,violent-crime,estimates,2558,42.52,6016447,6016447,100
MD,Maryland,2016,9,2016-09,violent-crime,estimates,2616,43.48,6016447,6016447,100
MD,Maryland,2016,10,2016-10,violent-crime,estimates,2587,43,6016447,6016447,100
MD,Maryland,2016,11,2016-11,violent-crime,estimates,2428,40.36,6016447,6016447,100
MD,Maryland,2016,12,2016-12,violent-crime,estimates,2445,40.64,6016447,6016447,100
MD,Maryland,2017,1,2017-01,violent-crime,estimates,2770,45.77,6052177,6052177,100
MD,Maryland,2017,2,2017-02,violent-crime,estimates,2221,36.82,6052177,6032610,99.68
MD,Maryland,2017,3,2017-03,violent-crime,estimates,2248,37.14,6052177,6052177,100
MD,Maryland,2017,4,2017-04,violent-crime,estimates,2637,43.57,6052177,6052177,100
MD,Maryland,2017,5,2017-05,violent-crime,estimates,2622,43.32,6052177,6052177,100
MD,Maryland,2017,6,2017-06,violent-crime,estimates,2600,42.96,6052177,6052177,100
MD,Maryland,2017,7,2017-07,violent-crime,estimates,2669,44.1,6052177,6052177,100
MD,Maryland,2017,8,2017-08,violent-crime,estimates,2580,42.63,6052177,6052177,100
MD,Maryland,2017,9,2017-09,violent-crime,estimates,2460,40.65,6052177,6052177,100
MD,Maryland,2017,10,2017-10,violent-crime,estimates,2634,43.52,6052177,6052177,100
MD,Maryland,2017,11,2017-11,violent-crime,estimates,2278,37.64,6052177,6052177,100
MD,Maryland,2017,12,2017-12,violent-crime,estimates,2420,40.6,6052177,5960590,98.49
MA,Massachusetts,1999,1,1999-01,violent-crime,estimates,2525,41.87,6175000,6029987,97.65
MA,Massachusetts,1999,2,1999-02,violent-crime,estimates,2217,37.09,6175000,5977921,96.81
MA,Massachusetts,1999,3,1999-03,violent-crime,estimates,2577,42.83,6175000,6017220,97.44
MA,Massachusetts,1999,4,1999-04,violent-crime,estimates,2705,44.97,6175000,6015033,97.41
MA,Massachusetts,1999,5,1999-05,violent-crime,estimates,2978,50.4,6175000,5909131,95.69
MA,Massachusetts,1999,6,1999-06,violent-crime,estimates,3020,50.4,6175000,5991650,97.03
MA,Massachusetts,1999,7,1999-07,violent-crime,estimates,3223,53.79,6175000,5991650,97.03
MA,Massachusetts,1999,8,1999-08,violent-crime,estimates,2958,50.2,6175000,5892565,95.43
MA,Massachusetts,1999,9,1999-09,violent-crime,estimates,2649,44.48,6175000,5955080,96.44
MA,Massachusetts,1999,10,1999-10,violent-crime,estimates,2829,47.62,6175000,5940887,96.21
MA,Massachusetts,1999,11,1999-11,violent-crime,estimates,2520,42.56,6175000,5921593,95.9
MA,Massachusetts,1999,12,1999-12,violent-crime,estimates,3055,52.19,6175000,5853750,94.8
MA,Massachusetts,2000,1,2000-01,violent-crime,estimates,2334,37.85,6349097,6166029,97.12
MA,Massachusetts,2000,2,2000-02,violent-crime,estimates,2368,38.31,6349097,6180848,97.35
MA,Massachusetts,2000,3,2000-03,violent-crime,estimates,2476,40.56,6349097,6105005,96.16
MA,Massachusetts,2000,4,2000-04,violent-crime,estimates,2646,42.91,6349097,6167062,97.13
MA,Massachusetts,2000,5,2000-05,violent-crime,estimates,2917,47.33,6349097,6163631,97.08
MA,Massachusetts,2000,6,2000-06,violent-crime,estimates,3034,48.91,6349097,6203493,97.71
MA,Massachusetts,2000,7,2000-07,violent-crime,estimates,3227,52.08,6349097,6195726,97.58
MA,Massachusetts,2000,8,2000-08,violent-crime,estimates,3221,52.33,6349097,6154691,96.94
MA,Massachusetts,2000,9,2000-09,violent-crime,estimates,2839,46.18,6349097,6148136,96.83
MA,Massachusetts,2000,10,2000-10,violent-crime,estimates,2998,48.8,6349097,6143706,96.77
MA,Massachusetts,2000,11,2000-11,violent-crime,estimates,2513,41.33,6349097,6080369,95.77
MA,Massachusetts,2000,12,2000-12,violent-crime,estimates,2590,42.22,6349097,6134470,96.62
MA,Massachusetts,2001,1,2001-01,violent-crime,estimates,2428,39.82,6379304,6096817,95.57
MA,Massachusetts,2001,2,2001-02,violent-crime,estimates,2012,32.68,6379304,6155915,96.5
MA,Massachusetts,2001,3,2001-03,violent-crime,estimates,2531,41.14,6379304,6151716,96.43
MA,Massachusetts,2001,4,2001-04,violent-crime,estimates,2595,42.21,6379304,6147779,96.37
MA,Massachusetts,2001,5,2001-05,violent-crime,estimates,2608,42.43,6379304,6146593,96.35
MA,Massachusetts,2001,6,2001-06,violent-crime,estimates,2821,45.93,6379304,6142132,96.28
MA,Massachusetts,2001,7,2001-07,violent-crime,estimates,2979,48.66,6379304,6122633,95.98
MA,Massachusetts,2001,8,2001-08,violent-crime,estimates,2910,47.74,6379304,6095410,95.55
MA,Massachusetts,2001,9,2001-09,violent-crime,estimates,2818,46.25,6379304,6092605,95.51
MA,Massachusetts,2001,10,2001-10,violent-crime,estimates,2908,47.85,6379304,6077682,95.27
MA,Massachusetts,2001,11,2001-11,violent-crime,estimates,2541,41.58,6379304,6110409,95.78
MA,Massachusetts,2001,12,2001-12,violent-crime,estimates,2574,42.66,6379304,6033648,94.58
MA,Massachusetts,2002,1,2002-01,violent-crime,estimates,2364,38.34,6427801,6165663,95.92
MA,Massachusetts,2002,2,2002-02,violent-crime,estimates,2104,34.18,6427801,6155150,95.76
MA,Massachusetts,2002,3,2002-03,violent-crime,estimates,2552,41.68,6427801,6122395,95.25
MA,Massachusetts,2002,4,2002-04,violent-crime,estimates,2489,40.98,6427801,6073350,94.49
MA,Massachusetts,2002,5,2002-05,violent-crime,estimates,2904,47.86,6427801,6067886,94.4
MA,Massachusetts,2002,6,2002-06,violent-crime,estimates,2931,48.28,6427801,6070914,94.45
MA,Massachusetts,2002,7,2002-07,violent-crime,estimates,3018,49.73,6427801,6068410,94.41
MA,Massachusetts,2002,8,2002-08,violent-crime,estimates,2796,46.25,6427801,6045756,94.06
MA,Massachusetts,2002,9,2002-09,violent-crime,estimates,2731,46.73,6427801,5843974,90.92
MA,Massachusetts,2002,10,2002-10,violent-crime,estimates,2720,45.31,6427801,6003208,93.39
MA,Massachusetts,2002,11,2002-11,violent-crime,estimates,2290,38.16,6427801,6001802,93.37
MA,Massachusetts,2002,12,2002-12,violent-crime,estimates,2291,38.35,6427801,5973616,92.93
MA,Massachusetts,2003,1,2003-01,violent-crime,estimates,2252,36.11,6433422,6236198,96.93
MA,Massachusetts,2003,2,2003-02,violent-crime,estimates,1986,31.96,6433422,6214974,96.6
MA,Massachusetts,2003,3,2003-03,violent-crime,estimates,2679,43.11,6433422,6214974,96.6
MA,Massachusetts,2003,4,2003-04,violent-crime,estimates,2482,39.97,6433422,6209475,96.52
MA,Massachusetts,2003,5,2003-05,violent-crime,estimates,2748,44.29,6433422,6203882,96.43
MA,Massachusetts,2003,6,2003-06,violent-crime,estimates,2896,46.74,6433422,6195524,96.3
MA,Massachusetts,2003,7,2003-07,violent-crime,estimates,2985,47.93,6433422,6227729,96.8
MA,Massachusetts,2003,8,2003-08,violent-crime,estimates,2845,46.02,6433422,6182412,96.1
MA,Massachusetts,2003,9,2003-09,violent-crime,estimates,2714,43.9,6433422,6182427,96.1
MA,Massachusetts,2003,10,2003-10,violent-crime,estimates,2668,43.2,6433422,6176512,96.01
MA,Massachusetts,2003,11,2003-11,violent-crime,estimates,2413,39.12,6433422,6167530,95.87
MA,Massachusetts,2003,12,2003-12,violent-crime,estimates,2227,36.3,6433422,6135286,95.37
MA,Massachusetts,2004,1,2004-01,violent-crime,estimates,2197,35.07,6416505,6265381,97.64
MA,Massachusetts,2004,2,2004-02,violent-crime,estimates,2080,33.2,6416505,6265097,97.64
MA,Massachusetts,2004,3,2004-03,violent-crime,estimates,2555,41.17,6416505,6206038,96.72
MA,Massachusetts,2004,4,2004-04,violent-crime,estimates,2438,39.24,6416505,6212477,96.82
MA,Massachusetts,2004,5,2004-05,violent-crime,estimates,2578,41.55,6416505,6205106,96.71
MA,Massachusetts,2004,6,2004-06,violent-crime,estimates,2695,43.44,6416505,6203671,96.68
MA,Massachusetts,2004,7,2004-07,violent-crime,estimates,2864,46.32,6416505,6183283,96.37
MA,Massachusetts,2004,8,2004-08,violent-crime,estimates,2741,44.35,6416505,6179936,96.31
MA,Massachusetts,2004,9,2004-09,violent-crime,estimates,2554,41.46,6416505,6160405,96.01
MA,Massachusetts,2004,10,2004-10,violent-crime,estimates,2704,43.59,6416505,6202847,96.67
MA,Massachusetts,2004,11,2004-11,violent-crime,estimates,2434,39.61,6416505,6145647,95.78
MA,Massachusetts,2004,12,2004-12,violent-crime,estimates,2341,38.14,6416505,6137341,95.65
MA,Massachusetts,2005,1,2005-01,violent-crime,estimates,2217,35.52,6398743,6242037,97.55
MA,Massachusetts,2005,2,2005-02,violent-crime,estimates,2060,32.73,6398743,6294336,98.37
MA,Massachusetts,2005,3,2005-03,violent-crime,estimates,2384,37.97,6398743,6278856,98.13
MA,Massachusetts,2005,4,2005-04,violent-crime,estimates,2528,40.45,6398743,6249801,97.67
MA,Massachusetts,2005,5,2005-05,violent-crime,estimates,2751,43.89,6398743,6268205,97.96
MA,Massachusetts,2005,6,2005-06,violent-crime,estimates,2873,46.28,6398743,6207873,97.02
MA,Massachusetts,2005,7,2005-07,violent-crime,estimates,3117,49.86,6398743,6251362,97.7
MA,Massachusetts,2005,8,2005-08,violent-crime,estimates,2844,45.43,6398743,6259560,97.82
MA,Massachusetts,2005,9,2005-09,violent-crime,estimates,2938,46.83,6398743,6273960,98.05
MA,Massachusetts,2005,10,2005-10,violent-crime,estimates,2846,45.28,6398743,6285618,98.23
MA,Massachusetts,2005,11,2005-11,violent-crime,estimates,2741,43.7,6398743,6273018,98.04
MA,Massachusetts,2005,12,2005-12,violent-crime,estimates,2464,39.32,6398743,6267081,97.94
MA,Massachusetts,2006,1,2006-01,violent-crime,estimates,2654,42.08,6437193,6307261,97.98
MA,Massachusetts,2006,2,2006-02,violent-crime,estimates,2130,33.81,6437193,6300160,97.87
MA,Massachusetts,2006,3,2006-03,violent-crime,estimates,2506,39.82,6437193,6293504,97.77
MA,Massachusetts,2006,4,2006-04,violent-crime,estimates,2460,39.11,6437193,6290385,97.72
MA,Massachusetts,2006,5,2006-05,violent-crime,estimates,2871,45.69,6437193,6284161,97.62
MA,Massachusetts,2006,6,2006-06,violent-crime,estimates,2810,44.77,6437193,6276252,97.5
MA,Massachusetts,2006,7,2006-07,violent-crime,estimates,3057,48.55,6437193,6296738,97.82
MA,Massachusetts,2006,8,2006-08,violent-crime,estimates,2751,43.82,6437193,6278163,97.53
MA,Massachusetts,2006,9,2006-09,violent-crime,estimates,2698,42.91,6437193,6288095,97.68
MA,Massachusetts,2006,10,2006-10,violent-crime,estimates,2738,43.55,6437193,6286635,97.66
MA,Massachusetts,2006,11,2006-11,violent-crime,estimates,2571,40.78,6437193,6304209,97.93
MA,Massachusetts,2006,12,2006-12,violent-crime,estimates,2567,40.65,6437193,6315478,98.11
MA,Massachusetts,2007,1,2007-01,violent-crime,estimates,2455,38.67,6449755,6348738,98.43
MA,Massachusetts,2007,2,2007-02,violent-crime,estimates,1866,29.39,6449755,6348738,98.43
MA,Massachusetts,2007,3,2007-03,violent-crime,estimates,2445,38.51,6449755,6348738,98.43
MA,Massachusetts,2007,4,2007-04,violent-crime,estimates,2588,40.73,6449755,6353608,98.51
MA,Massachusetts,2007,5,2007-05,violent-crime,estimates,2735,43.25,6449755,6324236,98.05
MA,Massachusetts,2007,6,2007-06,violent-crime,estimates,2707,42.7,6449755,6339808,98.3
MA,Massachusetts,2007,7,2007-07,violent-crime,estimates,2745,43.37,6449755,6329745,98.14
MA,Massachusetts,2007,8,2007-08,violent-crime,estimates,2688,42.4,6449755,6339976,98.3
MA,Massachusetts,2007,9,2007-09,violent-crime,estimates,2557,40.67,6449755,6287957,97.49
MA,Massachusetts,2007,10,2007-10,violent-crime,estimates,2436,38.61,6449755,6309331,97.82
MA,Massachusetts,2007,11,2007-11,violent-crime,estimates,2248,35.66,6449755,6304030,97.74
MA,Massachusetts,2007,12,2007-12,violent-crime,estimates,2040,32.36,6449755,6304030,97.74
MA,Massachusetts,2008,1,2008-01,violent-crime,estimates,2278,35.44,6497967,6428078,98.92
MA,Massachusetts,2008,2,2008-02,violent-crime,estimates,1974,30.7,6497967,6428930,98.94
MA,Massachusetts,2008,3,2008-03,violent-crime,estimates,2288,35.6,6497967,6427536,98.92
MA,Massachusetts,2008,4,2008-04,violent-crime,estimates,2514,39.1,6497967,6428930,98.94
MA,Massachusetts,2008,5,2008-05,violent-crime,estimates,2583,40.18,6497967,6428930,98.94
MA,Massachusetts,2008,6,2008-06,violent-crime,estimates,2598,40.41,6497967,6428930,98.94
MA,Massachusetts,2008,7,2008-07,violent-crime,estimates,2863,44.53,6497967,6428930,98.94
MA,Massachusetts,2008,8,2008-08,violent-crime,estimates,2827,43.92,6497967,6436622,99.06
MA,Massachusetts,2008,9,2008-09,violent-crime,estimates,2664,41.37,6497967,6439577,99.1
MA,Massachusetts,2008,10,2008-10,violent-crime,estimates,2668,41.46,6497967,6435837,99.04
MA,Massachusetts,2008,11,2008-11,violent-crime,estimates,2309,35.88,6497967,6435837,99.04
MA,Massachusetts,2008,12,2008-12,violent-crime,estimates,2333,36.41,6497967,6408272,98.62
MA,Massachusetts,2009,1,2009-01,violent-crime,estimates,2209,33.77,6593587,6541918,99.22
MA,Massachusetts,2009,2,2009-02,violent-crime,estimates,2000,30.58,6593587,6540761,99.2
MA,Massachusetts,2009,3,2009-03,violent-crime,estimates,2560,39.12,6593587,6543892,99.25
MA,Massachusetts,2009,4,2009-04,violent-crime,estimates,2506,38.35,6593587,6533863,99.09
MA,Massachusetts,2009,5,2009-05,violent-crime,estimates,2685,41.09,6593587,6533863,99.09
MA,Massachusetts,2009,6,2009-06,violent-crime,estimates,2657,40.63,6593587,6538836,99.17
MA,Massachusetts,2009,7,2009-07,violent-crime,estimates,2852,43.62,6593587,6538836,99.17
MA,Massachusetts,2009,8,2009-08,violent-crime,estimates,2789,42.65,6593587,6538836,99.17
MA,Massachusetts,2009,9,2009-09,violent-crime,estimates,2665,40.79,6593587,6533503,99.09
MA,Massachusetts,2009,10,2009-10,violent-crime,estimates,2708,41.41,6593587,6538836,99.17
MA,Massachusetts,2009,11,2009-11,violent-crime,estimates,2461,37.65,6593587,6537064,99.14
MA,Massachusetts,2009,12,2009-12,violent-crime,estimates,2242,34.31,6593587,6534868,99.11
MA,Massachusetts,2010,1,2010-01,violent-crime,estimates,2333,35.88,6547629,6501395,99.29
MA,Massachusetts,2010,2,2010-02,violent-crime,estimates,2051,31.54,6547629,6502189,99.31
MA,Massachusetts,2010,3,2010-03,violent-crime,estimates,2480,38.12,6547629,6506475,99.37
MA,Massachusetts,2010,4,2010-04,violent-crime,estimates,2595,39.88,6547629,6507352,99.38
MA,Massachusetts,2010,5,2010-05,violent-crime,estimates,2727,41.9,6547629,6507947,99.39
MA,Massachusetts,2010,6,2010-06,violent-crime,estimates,2728,41.91,6547629,6508618,99.4
MA,Massachusetts,2010,7,2010-07,violent-crime,estimates,3095,47.57,6547629,6506716,99.38
MA,Massachusetts,2010,8,2010-08,violent-crime,estimates,2827,43.84,6547629,6448081,98.48
MA,Massachusetts,2010,9,2010-09,violent-crime,estimates,2764,42.88,6547629,6445593,98.44
MA,Massachusetts,2010,10,2010-10,violent-crime,estimates,2495,38.74,6547629,6440054,98.36
MA,Massachusetts,2010,11,2010-11,violent-crime,estimates,2363,36.73,6547629,6432966,98.25
MA,Massachusetts,2010,12,2010-12,violent-crime,estimates,2137,33.19,6547629,6438283,98.33
MA,Massachusetts,2011,1,2011-01,violent-crime,estimates,2100,32.64,6587536,6434505,97.68
MA,Massachusetts,2011,2,2011-02,violent-crime,estimates,1862,28.95,6587536,6432307,97.64
MA,Massachusetts,2011,3,2011-03,violent-crime,estimates,2272,35.33,6587536,6431252,97.63
MA,Massachusetts,2011,4,2011-04,violent-crime,estimates,2215,34.41,6587536,6436419,97.71
MA,Massachusetts,2011,5,2011-05,violent-crime,estimates,2636,40.98,6587536,6432446,97.65
MA,Massachusetts,2011,6,2011-06,violent-crime,estimates,2447,38.02,6587536,6436419,97.71
MA,Massachusetts,2011,7,2011-07,violent-crime,estimates,2618,40.68,6587536,6435153,97.69
MA,Massachusetts,2011,8,2011-08,violent-crime,estimates,2507,39.01,6587536,6426247,97.55
MA,Massachusetts,2011,9,2011-09,violent-crime,estimates,2365,36.88,6587536,6412529,97.34
MA,Massachusetts,2011,10,2011-10,violent-crime,estimates,2268,35.32,6587536,6421227,97.48
MA,Massachusetts,2011,11,2011-11,violent-crime,estimates,2274,35.51,6587536,6403060,97.2
MA,Massachusetts,2011,12,2011-12,violent-crime,estimates,2161,33.69,6587536,6414683,97.38
MA,Massachusetts,2012,1,2012-01,violent-crime,estimates,2214,34.13,6646144,6487685,97.62
MA,Massachusetts,2012,2,2012-02,violent-crime,estimates,1769,27.2,6646144,6504383,97.87
MA,Massachusetts,2012,3,2012-03,violent-crime,estimates,2098,32.33,6646144,6489303,97.64
MA,Massachusetts,2012,4,2012-04,violent-crime,estimates,2214,34.02,6646144,6507323,97.91
MA,Massachusetts,2012,5,2012-05,violent-crime,estimates,2302,35.38,6646144,6507323,97.91
MA,Massachusetts,2012,6,2012-06,violent-crime,estimates,2261,34.81,6646144,6496138,97.74
MA,Massachusetts,2012,7,2012-07,violent-crime,estimates,2583,39.8,6646144,6490189,97.65
MA,Massachusetts,2012,8,2012-08,violent-crime,estimates,2497,38.59,6646144,6471013,97.36
MA,Massachusetts,2012,9,2012-09,violent-crime,estimates,2361,36.5,6646144,6467888,97.32
MA,Massachusetts,2012,10,2012-10,violent-crime,estimates,2207,34,6646144,6491264,97.67
MA,Massachusetts,2012,11,2012-11,violent-crime,estimates,1999,30.85,6646144,6479508,97.49
MA,Massachusetts,2012,12,2012-12,violent-crime,estimates,2081,32.09,6646144,6484706,97.57
MA,Massachusetts,2013,1,2013-01,violent-crime,estimates,2150,32.71,6692824,6572525,98.2
MA,Massachusetts,2013,2,2013-02,violent-crime,estimates,1683,25.63,6692824,6566174,98.11
MA,Massachusetts,2013,3,2013-03,violent-crime,estimates,2029,30.84,6692824,6580130,98.32
MA,Massachusetts,2013,4,2013-04,violent-crime,estimates,2178,33,6692824,6600844,98.63
MA,Massachusetts,2013,5,2013-05,violent-crime,estimates,2361,35.77,6692824,6599681,98.61
MA,Massachusetts,2013,6,2013-06,violent-crime,estimates,2462,37.34,6692824,6593678,98.52
MA,Massachusetts,2013,7,2013-07,violent-crime,estimates,2500,37.99,6692824,6580448,98.32
MA,Massachusetts,2013,8,2013-08,violent-crime,estimates,2506,38.06,6692824,6583902,98.37
MA,Massachusetts,2013,9,2013-09,violent-crime,estimates,2313,35.08,6692824,6593678,98.52
MA,Massachusetts,2013,10,2013-10,violent-crime,estimates,2206,33.57,6692824,6572062,98.2
MA,Massachusetts,2013,11,2013-11,violent-crime,estimates,2031,30.93,6692824,6565454,98.1
MA,Massachusetts,2013,12,2013-12,violent-crime,estimates,2346,35.68,6692824,6575784,98.25
MA,Massachusetts,2014,1,2014-01,violent-crime,estimates,1930,29.25,6745408,6597924,97.81
MA,Massachusetts,2014,2,2014-02,violent-crime,estimates,1644,25,6745408,6575076,97.47
MA,Massachusetts,2014,3,2014-03,violent-crime,estimates,1807,27.42,6745408,6590332,97.7
MA,Massachusetts,2014,4,2014-04,violent-crime,estimates,1978,30.07,6745408,6578010,97.52
MA,Massachusetts,2014,5,2014-05,violent-crime,estimates,2287,34.81,6745408,6569615,97.39
MA,Massachusetts,2014,6,2014-06,violent-crime,estimates,2331,35.55,6745408,6556533,97.2
MA,Massachusetts,2014,7,2014-07,violent-crime,estimates,2364,36.03,6745408,6561047,97.27
MA,Massachusetts,2014,8,2014-08,violent-crime,estimates,2395,36.41,6745408,6578543,97.53
MA,Massachusetts,2014,9,2014-09,violent-crime,estimates,2404,36.48,6745408,6589344,97.69
MA,Massachusetts,2014,10,2014-10,violent-crime,estimates,2383,36.17,6745408,6587750,97.66
MA,Massachusetts,2014,11,2014-11,violent-crime,estimates,2116,32.18,6745408,6574874,97.47
MA,Massachusetts,2014,12,2014-12,violent-crime,estimates,2346,35.76,6745408,6560753,97.26
MA,Massachusetts,2015,1,2015-01,violent-crime,estimates,1873,28.32,6794422,6613655,97.34
MA,Massachusetts,2015,2,2015-02,violent-crime,estimates,1552,23.41,6794422,6630631,97.59
MA,Massachusetts,2015,3,2015-03,violent-crime,estimates,2016,30.34,6794422,6645526,97.81
MA,Massachusetts,2015,4,2015-04,violent-crime,estimates,2020,30.49,6794422,6624860,97.5
MA,Massachusetts,2015,5,2015-05,violent-crime,estimates,2417,36.35,6794422,6648523,97.85
MA,Massachusetts,2015,6,2015-06,violent-crime,estimates,2334,35.21,6794422,6629646,97.57
MA,Massachusetts,2015,7,2015-07,violent-crime,estimates,2628,39.47,6794422,6657401,97.98
MA,Massachusetts,2015,8,2015-08,violent-crime,estimates,2431,36.71,6794422,6621711,97.46
MA,Massachusetts,2015,9,2015-09,violent-crime,estimates,2326,35.05,6794422,6636606,97.68
MA,Massachusetts,2015,10,2015-10,violent-crime,estimates,2176,32.77,6794422,6640905,97.74
MA,Massachusetts,2015,11,2015-11,violent-crime,estimates,2103,31.61,6794422,6653692,97.93
MA,Massachusetts,2015,12,2015-12,violent-crime,estimates,1960,29.46,6794422,6653692,97.93
MA,Massachusetts,2016,1,2016-01,violent-crime,estimates,2008,30,6811779,6693539,98.26
MA,Massachusetts,2016,2,2016-02,violent-crime,estimates,1716,25.64,6811779,6693539,98.26
MA,Massachusetts,2016,3,2016-03,violent-crime,estimates,2094,31.29,6811779,6693208,98.26
MA,Massachusetts,2016,4,2016-04,violent-crime,estimates,2030,30.31,6811779,6696511,98.31
MA,Massachusetts,2016,5,2016-05,violent-crime,estimates,2304,34.42,6811779,6693208,98.26
MA,Massachusetts,2016,6,2016-06,violent-crime,estimates,2283,34.11,6811779,6693539,98.26
MA,Massachusetts,2016,7,2016-07,violent-crime,estimates,2505,37.37,6811779,6703195,98.41
MA,Massachusetts,2016,8,2016-08,violent-crime,estimates,2240,33.47,6811779,6693208,98.26
MA,Massachusetts,2016,9,2016-09,violent-crime,estimates,2108,31.43,6811779,6706007,98.45
MA,Massachusetts,2016,10,2016-10,violent-crime,estimates,2199,32.85,6811779,6693208,98.26
MA,Massachusetts,2016,11,2016-11,violent-crime,estimates,1978,29.55,6811779,6694793,98.28
MA,Massachusetts,2016,12,2016-12,violent-crime,estimates,1964,29.34,6811779,6693847,98.27
MA,Massachusetts,2017,1,2017-01,violent-crime,estimates,2007,29.72,6859819,6752977,98.44
MA,Massachusetts,2017,2,2017-02,violent-crime,estimates,1690,24.98,6859819,6764375,98.61
MA,Massachusetts,2017,3,2017-03,violent-crime,estimates,1716,25.39,6859819,6759631,98.54
MA,Massachusetts,2017,4,2017-04,violent-crime,estimates,1893,27.97,6859819,6766799,98.64
MA,Massachusetts,2017,5,2017-05,violent-crime,estimates,2083,30.78,6859819,6766799,98.64
MA,Massachusetts,2017,6,2017-06,violent-crime,estimates,2147,31.73,6859819,6766799,98.64
MA,Massachusetts,2017,7,2017-07,violent-crime,estimates,2236,33.04,6859819,6766799,98.64
MA,Massachusetts,2017,8,2017-08,violent-crime,estimates,2225,32.89,6859819,6765466,98.62
MA,Massachusetts,2017,9,2017-09,violent-crime,estimates,2178,32.17,6859819,6769279,98.68
MA,Massachusetts,2017,10,2017-10,violent-crime,estimates,2213,32.7,6859819,6766799,98.64
MA,Massachusetts,2017,11,2017-11,violent-crime,estimates,1945,28.73,6859819,6769279,98.68
MA,Massachusetts,2017,12,2017-12,violent-crime,estimates,1899,28.08,6859819,6763966,98.6
MI,Michigan,1999,1,1999-01,violent-crime,estimates,4290,45.11,9864000,9510359,96.41
MI,Michigan,1999,2,1999-02,violent-crime,estimates,3812,40.26,9864000,9468722,95.99
MI,Michigan,1999,3,1999-03,violent-crime,estimates,4250,44.9,9864000,9466349,95.97
MI,Michigan,1999,4,1999-04,violent-crime,estimates,4405,46.62,9864000,9449334,95.8
MI,Michigan,1999,5,1999-05,violent-crime,estimates,4995,52.92,9864000,9439626,95.7
MI,Michigan,1999,6,1999-06,violent-crime,estimates,4872,51.55,9864000,9450414,95.81
MI,Michigan,1999,7,1999-07,violent-crime,estimates,5601,59.28,9864000,9448818,95.79
MI,Michigan,1999,8,1999-08,violent-crime,estimates,5115,54.13,9864000,9448846,95.79
MI,Michigan,1999,9,1999-09,violent-crime,estimates,4569,48.43,9864000,9434953,95.65
MI,Michigan,1999,10,1999-10,violent-crime,estimates,4621,49.12,9864000,9408127,95.38
MI,Michigan,1999,11,1999-11,violent-crime,estimates,4444,47.21,9864000,9412488,95.42
MI,Michigan,1999,12,1999-12,violent-crime,estimates,3911,42.31,9864000,9244765,93.72
MI,Michigan,2000,1,2000-01,violent-crime,estimates,4243,43.62,9938444,9726415,97.87
MI,Michigan,2000,2,2000-02,violent-crime,estimates,3687,37.81,9938444,9750750,98.11
MI,Michigan,2000,3,2000-03,violent-crime,estimates,4445,45.6,9938444,9747773,98.08
MI,Michigan,2000,4,2000-04,violent-crime,estimates,4366,44.83,9938444,9739479,98
MI,Michigan,2000,5,2000-05,violent-crime,estimates,4820,49.52,9938444,9734064,97.94
MI,Michigan,2000,6,2000-06,violent-crime,estimates,4706,48.39,9938444,9724978,97.85
MI,Michigan,2000,7,2000-07,violent-crime,estimates,5425,55.71,9938444,9738284,97.99
MI,Michigan,2000,8,2000-08,violent-crime,estimates,4872,50.15,9938444,9714150,97.74
MI,Michigan,2000,9,2000-09,violent-crime,estimates,4577,47.08,9938444,9721523,97.82
MI,Michigan,2000,10,2000-10,violent-crime,estimates,4753,48.98,9938444,9703381,97.63
MI,Michigan,2000,11,2000-11,violent-crime,estimates,4275,44.08,9938444,9697771,97.58
MI,Michigan,2000,12,2000-12,violent-crime,estimates,3846,39.66,9938444,9696210,97.56
MI,Michigan,2001,1,2001-01,violent-crime,estimates,4007,40.65,9990817,9858067,98.67
MI,Michigan,2001,2,2001-02,violent-crime,estimates,3538,35.86,9990817,9864811,98.74
MI,Michigan,2001,3,2001-03,violent-crime,estimates,4403,44.68,9990817,9855211,98.64
MI,Michigan,2001,4,2001-04,violent-crime,estimates,4621,46.97,9990817,9837369,98.46
MI,Michigan,2001,5,2001-05,violent-crime,estimates,4738,48.53,9990817,9762748,97.72
MI,Michigan,2001,6,2001-06,violent-crime,estimates,5006,51.27,9990817,9763301,97.72
MI,Michigan,2001,7,2001-07,violent-crime,estimates,5329,54.27,9990817,9818923,98.28
MI,Michigan,2001,8,2001-08,violent-crime,estimates,5253,53.47,9990817,9824584,98.34
MI,Michigan,2001,9,2001-09,violent-crime,estimates,4667,47.51,9990817,9823864,98.33
MI,Michigan,2001,10,2001-10,violent-crime,estimates,4832,49.18,9990817,9824316,98.33
MI,Michigan,2001,11,2001-11,violent-crime,estimates,4620,47.01,9990817,9827407,98.36
MI,Michigan,2001,12,2001-12,violent-crime,estimates,3789,38.47,9990817,9849837,98.59
MI,Michigan,2002,1,2002-01,violent-crime,estimates,4296,43.39,10050446,9901401,98.52
MI,Michigan,2002,2,2002-02,violent-crime,estimates,2987,30.16,10050446,9902959,98.53
MI,Michigan,2002,3,2002-03,violent-crime,estimates,4126,41.65,10050446,9906548,98.57
MI,Michigan,2002,4,2002-04,violent-crime,estimates,4284,43.62,10050446,9820502,97.71
MI,Michigan,2002,5,2002-05,violent-crime,estimates,4587,46.73,10050446,9816301,97.67
MI,Michigan,2002,6,2002-06,violent-crime,estimates,4944,50.13,10050446,9862867,98.13
MI,Michigan,2002,7,2002-07,violent-crime,estimates,5169,52.34,10050446,9875194,98.26
MI,Michigan,2002,8,2002-08,violent-crime,estimates,5325,53.91,10050446,9876711,98.27
MI,Michigan,2002,9,2002-09,violent-crime,estimates,5515,55.85,10050446,9875241,98.26
MI,Michigan,2002,10,2002-10,violent-crime,estimates,4775,48.37,10050446,9872162,98.23
MI,Michigan,2002,11,2002-11,violent-crime,estimates,3968,40.67,10050446,9756901,97.08
MI,Michigan,2002,12,2002-12,violent-crime,estimates,4017,40.76,10050446,9856153,98.07
MI,Michigan,2003,1,2003-01,violent-crime,estimates,3826,38.47,10079985,9946507,98.68
MI,Michigan,2003,2,2003-02,violent-crime,estimates,3348,33.65,10079985,9949683,98.71
MI,Michigan,2003,3,2003-03,violent-crime,estimates,3617,36.38,10079985,9941396,98.63
MI,Michigan,2003,4,2003-04,violent-crime,estimates,4138,41.69,10079985,9926542,98.48
MI,Michigan,2003,5,2003-05,violent-crime,estimates,4441,44.68,10079985,9938983,98.6
MI,Michigan,2003,6,2003-06,violent-crime,estimates,5119,51.47,10079985,9945583,98.67
MI,Michigan,2003,7,2003-07,violent-crime,estimates,5107,51.5,10079985,9915683,98.37
MI,Michigan,2003,8,2003-08,violent-crime,estimates,4933,49.76,10079985,9914157,98.35
MI,Michigan,2003,9,2003-09,violent-crime,estimates,4625,46.86,10079985,9869141,97.91
MI,Michigan,2003,10,2003-10,violent-crime,estimates,4251,43.02,10079985,9880657,98.02
MI,Michigan,2003,11,2003-11,violent-crime,estimates,4056,41.31,10079985,9818220,97.4
MI,Michigan,2003,12,2003-12,violent-crime,estimates,3537,36.07,10079985,9807217,97.29
MI,Michigan,2004,1,2004-01,violent-crime,estimates,3642,36.51,10112620,9974620,98.64
MI,Michigan,2004,2,2004-02,violent-crime,estimates,3436,34.44,10112620,9975521,98.64
MI,Michigan,2004,3,2004-03,violent-crime,estimates,3860,38.74,10112620,9964456,98.53
MI,Michigan,2004,4,2004-04,violent-crime,estimates,4114,41.28,10112620,9965329,98.54
MI,Michigan,2004,5,2004-05,violent-crime,estimates,4246,42.62,10112620,9963449,98.52
MI,Michigan,2004,6,2004-06,violent-crime,estimates,4539,45.56,10112620,9963628,98.53
MI,Michigan,2004,7,2004-07,violent-crime,estimates,4925,49.45,10112620,9959817,98.49
MI,Michigan,2004,8,2004-08,violent-crime,estimates,4608,46.3,10112620,9952678,98.42
MI,Michigan,2004,9,2004-09,violent-crime,estimates,4350,43.81,10112620,9929045,98.18
MI,Michigan,2004,10,2004-10,violent-crime,estimates,4138,41.57,10112620,9953397,98.43
MI,Michigan,2004,11,2004-11,violent-crime,estimates,3719,37.67,10112620,9873311,97.63
MI,Michigan,2004,12,2004-12,violent-crime,estimates,3695,37.54,10112620,9841835,97.32
MI,Michigan,2005,1,2005-01,violent-crime,estimates,4050,40.65,10120860,9963345,98.44
MI,Michigan,2005,2,2005-02,violent-crime,estimates,3400,34.02,10120860,9993047,98.74
MI,Michigan,2005,3,2005-03,violent-crime,estimates,4338,43.47,10120860,9979848,98.61
MI,Michigan,2005,4,2005-04,violent-crime,estimates,4813,48.28,10120860,9968140,98.49
MI,Michigan,2005,5,2005-05,violent-crime,estimates,5021,50.33,10120860,9975605,98.56
MI,Michigan,2005,6,2005-06,violent-crime,estimates,5277,52.87,10120860,9980447,98.61
MI,Michigan,2005,7,2005-07,violent-crime,estimates,5124,51.29,10120860,9990913,98.72
MI,Michigan,2005,8,2005-08,violent-crime,estimates,5488,55.02,10120860,9974939,98.56
MI,Michigan,2005,9,2005-09,violent-crime,estimates,4905,49.13,10120860,9983010,98.64
MI,Michigan,2005,10,2005-10,violent-crime,estimates,4929,49.42,10120860,9974179,98.55
MI,Michigan,2005,11,2005-11,violent-crime,estimates,4240,42.53,10120860,9968771,98.5
MI,Michigan,2005,12,2005-12,violent-crime,estimates,4031,40.48,10120860,9958122,98.39
MI,Michigan,2006,1,2006-01,violent-crime,estimates,4525,45.41,10095643,9965173,98.71
MI,Michigan,2006,2,2006-02,violent-crime,estimates,3689,37.06,10095643,9953973,98.6
MI,Michigan,2006,3,2006-03,violent-crime,estimates,4633,46.51,10095643,9960650,98.66
MI,Michigan,2006,4,2006-04,violent-crime,estimates,4665,46.78,10095643,9971301,98.77
MI,Michigan,2006,5,2006-05,violent-crime,estimates,5274,52.97,10095643,9956005,98.62
MI,Michigan,2006,6,2006-06,violent-crime,estimates,5166,51.82,10095643,9969070,98.75
MI,Michigan,2006,7,2006-07,violent-crime,estimates,5536,55.55,10095643,9965299,98.71
MI,Michigan,2006,8,2006-08,violent-crime,estimates,5346,53.65,10095643,9964854,98.7
MI,Michigan,2006,9,2006-09,violent-crime,estimates,4825,48.41,10095643,9966767,98.72
MI,Michigan,2006,10,2006-10,violent-crime,estimates,4821,48.34,10095643,9974012,98.8
MI,Michigan,2006,11,2006-11,violent-crime,estimates,4142,41.57,10095643,9964947,98.71
MI,Michigan,2006,12,2006-12,violent-crime,estimates,4084,40.98,10095643,9965105,98.71
MI,Michigan,2007,1,2007-01,violent-crime,estimates,4030,40.54,10071822,9941824,98.71
MI,Michigan,2007,2,2007-02,violent-crime,estimates,3090,31.11,10071822,9931842,98.61
MI,Michigan,2007,3,2007-03,violent-crime,estimates,4391,44.23,10071822,9928523,98.58
MI,Michigan,2007,4,2007-04,violent-crime,estimates,4350,43.77,10071822,9937579,98.67
MI,Michigan,2007,5,2007-05,violent-crime,estimates,5181,52.15,10071822,9934424,98.64
MI,Michigan,2007,6,2007-06,violent-crime,estimates,5046,50.77,10071822,9938077,98.67
MI,Michigan,2007,7,2007-07,violent-crime,estimates,5221,52.61,10071822,9923419,98.53
MI,Michigan,2007,8,2007-08,violent-crime,estimates,4964,49.93,10071822,9942553,98.72
MI,Michigan,2007,9,2007-09,violent-crime,estimates,4765,48.1,10071822,9905505,98.35
MI,Michigan,2007,10,2007-10,violent-crime,estimates,4637,46.97,10071822,9872737,98.02
MI,Michigan,2007,11,2007-11,violent-crime,estimates,3944,39.89,10071822,9888374,98.18
MI,Michigan,2007,12,2007-12,violent-crime,estimates,3682,37.3,10071822,9870626,98
MI,Michigan,2008,1,2008-01,violent-crime,estimates,3879,39.2,10003422,9896033,98.93
MI,Michigan,2008,2,2008-02,violent-crime,estimates,3019,30.63,10003422,9856376,98.53
MI,Michigan,2008,3,2008-03,violent-crime,estimates,4060,41.23,10003422,9846794,98.43
MI,Michigan,2008,4,2008-04,violent-crime,estimates,4463,45.34,10003422,9842596,98.39
MI,Michigan,2008,5,2008-05,violent-crime,estimates,4561,46.34,10003422,9842147,98.39
MI,Michigan,2008,6,2008-06,violent-crime,estimates,4665,47.37,10003422,9847186,98.44
MI,Michigan,2008,7,2008-07,violent-crime,estimates,5324,54.11,10003422,9838813,98.35
MI,Michigan,2008,8,2008-08,violent-crime,estimates,5019,51.01,10003422,9839233,98.36
MI,Michigan,2008,9,2008-09,violent-crime,estimates,4619,46.96,10003422,9836202,98.33
MI,Michigan,2008,10,2008-10,violent-crime,estimates,4433,45.16,10003422,9817126,98.14
MI,Michigan,2008,11,2008-11,violent-crime,estimates,3833,39.04,10003422,9818821,98.15
MI,Michigan,2008,12,2008-12,violent-crime,estimates,3173,32.37,10003422,9803233,98
MI,Michigan,2009,1,2009-01,violent-crime,estimates,3443,35.05,9969727,9823517,98.53
MI,Michigan,2009,2,2009-02,violent-crime,estimates,3068,31.27,9969727,9812717,98.43
MI,Michigan,2009,3,2009-03,violent-crime,estimates,3800,38.71,9969727,9816061,98.46
MI,Michigan,2009,4,2009-04,violent-crime,estimates,4145,42.29,9969727,9800830,98.31
MI,Michigan,2009,5,2009-05,violent-crime,estimates,4643,47.33,9969727,9810358,98.4
MI,Michigan,2009,6,2009-06,violent-crime,estimates,4685,47.79,9969727,9803484,98.33
MI,Michigan,2009,7,2009-07,violent-crime,estimates,4745,48.43,9969727,9797066,98.27
MI,Michigan,2009,8,2009-08,violent-crime,estimates,4917,50.16,9969727,9802802,98.33
MI,Michigan,2009,9,2009-09,violent-crime,estimates,4442,45.34,9969727,9796720,98.26
MI,Michigan,2009,10,2009-10,violent-crime,estimates,4179,42.65,9969727,9799053,98.29
MI,Michigan,2009,11,2009-11,violent-crime,estimates,3955,40.29,9969727,9815157,98.45
MI,Michigan,2009,12,2009-12,violent-crime,estimates,3365,34.22,9969727,9834735,98.65
MI,Michigan,2010,1,2010-01,violent-crime,estimates,3746,38.39,9883640,9757388,98.72
MI,Michigan,2010,2,2010-02,violent-crime,estimates,2924,30.08,9883640,9720015,98.34
MI,Michigan,2010,3,2010-03,violent-crime,estimates,3881,39.91,9883640,9724456,98.39
MI,Michigan,2010,4,2010-04,violent-crime,estimates,4110,42.26,9883640,9726391,98.41
MI,Michigan,2010,5,2010-05,violent-crime,estimates,4567,46.91,9883640,9734854,98.49
MI,Michigan,2010,6,2010-06,violent-crime,estimates,4460,45.85,9883640,9728043,98.43
MI,Michigan,2010,7,2010-07,violent-crime,estimates,4812,49.46,9883640,9728909,98.43
MI,Michigan,2010,8,2010-08,violent-crime,estimates,4830,49.56,9883640,9745605,98.6
MI,Michigan,2010,9,2010-09,violent-crime,estimates,4048,41.76,9883640,9693417,98.08
MI,Michigan,2010,10,2010-10,violent-crime,estimates,4159,43.04,9883640,9663740,97.78
MI,Michigan,2010,11,2010-11,violent-crime,estimates,3577,37.02,9883640,9661460,97.75
MI,Michigan,2010,12,2010-12,violent-crime,estimates,3041,31.48,9883640,9661551,97.75
MI,Michigan,2011,1,2011-01,violent-crime,estimates,3150,32.27,9876187,9760883,98.83
MI,Michigan,2011,2,2011-02,violent-crime,estimates,2429,24.92,9876187,9747592,98.7
MI,Michigan,2011,3,2011-03,violent-crime,estimates,3425,35.11,9876187,9754918,98.77
MI,Michigan,2011,4,2011-04,violent-crime,estimates,3499,35.9,9876187,9746181,98.68
MI,Michigan,2011,5,2011-05,violent-crime,estimates,3954,40.53,9876187,9754629,98.77
MI,Michigan,2011,6,2011-06,violent-crime,estimates,4156,42.58,9876187,9759439,98.82
MI,Michigan,2011,7,2011-07,violent-crime,estimates,4469,45.82,9876187,9753027,98.75
MI,Michigan,2011,8,2011-08,violent-crime,estimates,4344,44.58,9876187,9744091,98.66
MI,Michigan,2011,9,2011-09,violent-crime,estimates,3646,37.42,9876187,9742464,98.65
MI,Michigan,2011,10,2011-10,violent-crime,estimates,3744,38.44,9876187,9740979,98.63
MI,Michigan,2011,11,2011-11,violent-crime,estimates,3449,35.53,9876187,9706462,98.28
MI,Michigan,2011,12,2011-12,violent-crime,estimates,3291,33.93,9876187,9700250,98.22
MI,Michigan,2012,1,2012-01,violent-crime,estimates,3264,33.37,9883360,9780910,98.96
MI,Michigan,2012,2,2012-02,violent-crime,estimates,2874,29.41,9883360,9770903,98.86
MI,Michigan,2012,3,2012-03,violent-crime,estimates,3661,37.6,9883360,9736906,98.52
MI,Michigan,2012,4,2012-04,violent-crime,estimates,3567,36.64,9883360,9734924,98.5
MI,Michigan,2012,5,2012-05,violent-crime,estimates,4186,43.01,9883360,9732148,98.47
MI,Michigan,2012,6,2012-06,violent-crime,estimates,4076,42.07,9883360,9689343,98.04
MI,Michigan,2012,7,2012-07,violent-crime,estimates,4689,48.25,9883360,9718915,98.34
MI,Michigan,2012,8,2012-08,violent-crime,estimates,4225,43.5,9883360,9712652,98.27
MI,Michigan,2012,9,2012-09,violent-crime,estimates,3945,40.6,9883360,9715630,98.3
MI,Michigan,2012,10,2012-10,violent-crime,estimates,3468,35.7,9883360,9712956,98.28
MI,Michigan,2012,11,2012-11,violent-crime,estimates,3369,34.73,9883360,9700728,98.15
MI,Michigan,2012,12,2012-12,violent-crime,estimates,3167,32.61,9883360,9711322,98.26
MI,Michigan,2013,1,2013-01,violent-crime,estimates,3613,37.22,9895622,9706465,98.09
MI,Michigan,2013,2,2013-02,violent-crime,estimates,2887,29.74,9895622,9708483,98.11
MI,Michigan,2013,3,2013-03,violent-crime,estimates,3388,34.93,9895622,9699252,98.02
MI,Michigan,2013,4,2013-04,violent-crime,estimates,3340,34.41,9895622,9706333,98.09
MI,Michigan,2013,5,2013-05,violent-crime,estimates,4300,44.2,9895622,9729521,98.32
MI,Michigan,2013,6,2013-06,violent-crime,estimates,4236,43.78,9895622,9676086,97.78
MI,Michigan,2013,7,2013-07,violent-crime,estimates,4418,45.51,9895622,9707360,98.1
MI,Michigan,2013,8,2013-08,violent-crime,estimates,4491,46.36,9895622,9687151,97.89
MI,Michigan,2013,9,2013-09,violent-crime,estimates,3818,39.58,9895622,9647356,97.49
MI,Michigan,2013,10,2013-10,violent-crime,estimates,3475,35.97,9895622,9661577,97.63
MI,Michigan,2013,11,2013-11,violent-crime,estimates,3178,33.13,9895622,9593923,96.95
MI,Michigan,2013,12,2013-12,violent-crime,estimates,2893,30.17,9895622,9589937,96.91
MI,Michigan,2014,1,2014-01,violent-crime,estimates,2876,29.39,9909877,9786900,98.76
MI,Michigan,2014,2,2014-02,violent-crime,estimates,2615,26.72,9909877,9787345,98.76
MI,Michigan,2014,3,2014-03,violent-crime,estimates,3120,31.85,9909877,9797310,98.86
MI,Michigan,2014,4,2014-04,violent-crime,estimates,3499,35.66,9909877,9811530,99.01
MI,Michigan,2014,5,2014-05,violent-crime,estimates,3909,39.88,9909877,9802316,98.91
MI,Michigan,2014,6,2014-06,violent-crime,estimates,3918,40.03,9909877,9786832,98.76
MI,Michigan,2014,7,2014-07,violent-crime,estimates,4261,43.49,9909877,9796571,98.86
MI,Michigan,2014,8,2014-08,violent-crime,estimates,4288,43.81,9909877,9787059,98.76
MI,Michigan,2014,9,2014-09,violent-crime,estimates,3808,39,9909877,9763823,98.53
MI,Michigan,2014,10,2014-10,violent-crime,estimates,3679,37.57,9909877,9791295,98.8
MI,Michigan,2014,11,2014-11,violent-crime,estimates,3099,31.67,9909877,9786572,98.76
MI,Michigan,2014,12,2014-12,violent-crime,estimates,3124,31.93,9909877,9783036,98.72
MI,Michigan,2015,1,2015-01,violent-crime,estimates,3224,32.75,9922576,9844569,99.21
MI,Michigan,2015,2,2015-02,violent-crime,estimates,2496,25.36,9922576,9840916,99.18
MI,Michigan,2015,3,2015-03,violent-crime,estimates,3122,31.73,9922576,9840427,99.17
MI,Michigan,2015,4,2015-04,violent-crime,estimates,3351,34.01,9922576,9853815,99.31
MI,Michigan,2015,5,2015-05,violent-crime,estimates,3797,38.58,9922576,9841274,99.18
MI,Michigan,2015,6,2015-06,violent-crime,estimates,3760,38.15,9922576,9856871,99.34
MI,Michigan,2015,7,2015-07,violent-crime,estimates,4000,40.64,9922576,9842459,99.19
MI,Michigan,2015,8,2015-08,violent-crime,estimates,4126,41.92,9922576,9842313,99.19
MI,Michigan,2015,9,2015-09,violent-crime,estimates,3757,38.14,9922576,9849515,99.26
MI,Michigan,2015,10,2015-10,violent-crime,estimates,3504,35.63,9922576,9834620,99.11
MI,Michigan,2015,11,2015-11,violent-crime,estimates,3131,31.89,9922576,9817331,98.94
MI,Michigan,2015,12,2015-12,violent-crime,estimates,3185,32.35,9922576,9846456,99.23
MI,Michigan,2016,1,2016-01,violent-crime,estimates,3464,35.08,9928300,9874505,99.46
MI,Michigan,2016,2,2016-02,violent-crime,estimates,3068,31.16,9928300,9846423,99.18
MI,Michigan,2016,3,2016-03,violent-crime,estimates,3591,36.43,9928300,9856694,99.28
MI,Michigan,2016,4,2016-04,violent-crime,estimates,3625,36.79,9928300,9852997,99.24
MI,Michigan,2016,5,2016-05,violent-crime,estimates,4309,43.77,9928300,9845515,99.17
MI,Michigan,2016,6,2016-06,violent-crime,estimates,4091,41.55,9928300,9845515,99.17
MI,Michigan,2016,7,2016-07,violent-crime,estimates,4542,46.11,9928300,9849653,99.21
MI,Michigan,2016,8,2016-08,violent-crime,estimates,4440,45,9928300,9866723,99.38
MI,Michigan,2016,9,2016-09,violent-crime,estimates,3921,39.82,9928300,9847305,99.18
MI,Michigan,2016,10,2016-10,violent-crime,estimates,3888,39.4,9928300,9866875,99.38
MI,Michigan,2016,11,2016-11,violent-crime,estimates,3462,35.16,9928300,9845093,99.16
MI,Michigan,2016,12,2016-12,violent-crime,estimates,3111,31.59,9928300,9849467,99.21
MI,Michigan,2017,1,2017-01,violent-crime,estimates,3449,34.73,9962311,9929473,99.67
MI,Michigan,2017,2,2017-02,violent-crime,estimates,2945,29.71,9962311,9912826,99.5
MI,Michigan,2017,3,2017-03,violent-crime,estimates,3435,34.59,9962311,9929473,99.67
MI,Michigan,2017,4,2017-04,violent-crime,estimates,3817,38.42,9962311,9935293,99.73
MI,Michigan,2017,5,2017-05,violent-crime,estimates,4149,41.78,9962311,9931377,99.69
MI,Michigan,2017,6,2017-06,violent-crime,estimates,4138,41.65,9962311,9935293,99.73
MI,Michigan,2017,7,2017-07,violent-crime,estimates,4542,45.75,9962311,9928296,99.66
MI,Michigan,2017,8,2017-08,violent-crime,estimates,4146,41.75,9962311,9930405,99.68
MI,Michigan,2017,9,2017-09,violent-crime,estimates,3906,39.34,9962311,9929473,99.67
MI,Michigan,2017,10,2017-10,violent-crime,estimates,3742,37.69,9962311,9929473,99.67
MI,Michigan,2017,11,2017-11,violent-crime,estimates,3433,34.57,9962311,9929473,99.67
MI,Michigan,2017,12,2017-12,violent-crime,estimates,3277,33,9962311,9929473,99.67
MN,Minnesota,1999,1,1999-01,violent-crime,estimates,500,10.49,4776000,4767276,99.82
MN,Minnesota,1999,2,1999-02,violent-crime,estimates,448,9.39,4776000,4770193,99.88
MN,Minnesota,1999,3,1999-03,violent-crime,estimates,494,10.35,4776000,4771198,99.9
MN,Minnesota,1999,4,1999-04,violent-crime,estimates,511,10.71,4776000,4771198,99.9
MN,Minnesota,1999,5,1999-05,violent-crime,estimates,526,11.02,4776000,4771198,99.9
MN,Minnesota,1999,6,1999-06,violent-crime,estimates,554,11.6,4776000,4774169,99.96
MN,Minnesota,1999,7,1999-07,violent-crime,estimates,536,11.23,4776000,4774169,99.96
MN,Minnesota,1999,8,1999-08,violent-crime,estimates,499,10.45,4776000,4774169,99.96
MN,Minnesota,1999,9,1999-09,violent-crime,estimates,493,10.33,4776000,4774169,99.96
MN,Minnesota,1999,10,1999-10,violent-crime,estimates,475,9.95,4776000,4774169,99.96
MN,Minnesota,1999,11,1999-11,violent-crime,estimates,398,8.34,4776000,4774169,99.96
MN,Minnesota,1999,12,1999-12,violent-crime,estimates,7627,159.76,4776000,4774169,99.96
MN,Minnesota,2000,1,2000-01,violent-crime,estimates,447,9.09,4919479,4919479,100
MN,Minnesota,2000,2,2000-02,violent-crime,estimates,490,9.96,4919479,4919479,100
MN,Minnesota,2000,3,2000-03,violent-crime,estimates,496,10.08,4919479,4919479,100
MN,Minnesota,2000,4,2000-04,violent-crime,estimates,508,10.33,4919479,4919479,100
MN,Minnesota,2000,5,2000-05,violent-crime,estimates,644,13.09,4919479,4919479,100
MN,Minnesota,2000,6,2000-06,violent-crime,estimates,3955,80.5,4919479,4913284,99.87
MN,Minnesota,2000,7,2000-07,violent-crime,estimates,676,13.76,4919479,4913284,99.87
MN,Minnesota,2000,8,2000-08,violent-crime,estimates,714,14.53,4919479,4913284,99.87
MN,Minnesota,2000,9,2000-09,violent-crime,estimates,696,14.17,4919479,4913284,99.87
MN,Minnesota,2000,10,2000-10,violent-crime,estimates,597,12.15,4919479,4913284,99.87
MN,Minnesota,2000,11,2000-11,violent-crime,estimates,487,9.91,4919479,4913284,99.87
MN,Minnesota,2000,12,2000-12,violent-crime,estimates,3968,80.76,4919479,4913284,99.87
MN,Minnesota,2001,1,2001-01,violent-crime,estimates,563,11.33,4972294,4969644,99.95
MN,Minnesota,2001,2,2001-02,violent-crime,estimates,405,8.15,4972294,4969644,99.95
MN,Minnesota,2001,3,2001-03,violent-crime,estimates,516,10.38,4972294,4969644,99.95
MN,Minnesota,2001,4,2001-04,violent-crime,estimates,548,11.03,4972294,4969644,99.95
MN,Minnesota,2001,5,2001-05,violent-crime,estimates,602,12.11,4972294,4969644,99.95
MN,Minnesota,2001,6,2001-06,violent-crime,estimates,3420,68.82,4972294,4969644,99.95
MN,Minnesota,2001,7,2001-07,violent-crime,estimates,586,11.79,4972294,4969644,99.95
MN,Minnesota,2001,8,2001-08,violent-crime,estimates,594,11.95,4972294,4969644,99.95
MN,Minnesota,2001,9,2001-09,violent-crime,estimates,560,11.27,4972294,4969644,99.95
MN,Minnesota,2001,10,2001-10,violent-crime,estimates,570,11.47,4972294,4969644,99.95
MN,Minnesota,2001,11,2001-11,violent-crime,estimates,552,11.11,4972294,4969644,99.95
MN,Minnesota,2001,12,2001-12,violent-crime,estimates,3901,78.5,4972294,4969644,99.95
MN,Minnesota,2002,1,2002-01,violent-crime,estimates,485,9.66,5019720,5019720,100
MN,Minnesota,2002,2,2002-02,violent-crime,estimates,418,8.33,5019720,5019720,100
MN,Minnesota,2002,3,2002-03,violent-crime,estimates,495,9.86,5019720,5019720,100
MN,Minnesota,2002,4,2002-04,violent-crime,estimates,531,10.58,5019720,5019720,100
MN,Minnesota,2002,5,2002-05,violent-crime,estimates,606,12.07,5019720,5019720,100
MN,Minnesota,2002,6,2002-06,violent-crime,estimates,3605,71.82,5019720,5019720,100
MN,Minnesota,2002,7,2002-07,violent-crime,estimates,628,12.51,5019720,5019720,100
MN,Minnesota,2002,8,2002-08,violent-crime,estimates,645,12.85,5019720,5019720,100
MN,Minnesota,2002,9,2002-09,violent-crime,estimates,670,13.35,5019720,5019720,100
MN,Minnesota,2002,10,2002-10,violent-crime,estimates,571,11.38,5019720,5019720,100
MN,Minnesota,2002,11,2002-11,violent-crime,estimates,477,9.5,5019720,5019720,100
MN,Minnesota,2002,12,2002-12,violent-crime,estimates,3983,79.35,5019720,5019720,100
MN,Minnesota,2003,1,2003-01,violent-crime,estimates,420,8.33,5059375,5039682,99.61
MN,Minnesota,2003,2,2003-02,violent-crime,estimates,407,8.07,5059375,5041178,99.64
MN,Minnesota,2003,3,2003-03,violent-crime,estimates,534,10.58,5059375,5045889,99.73
MN,Minnesota,2003,4,2003-04,violent-crime,estimates,546,10.79,5059375,5059375,100
MN,Minnesota,2003,5,2003-05,violent-crime,estimates,584,11.54,5059375,5059375,100
MN,Minnesota,2003,6,2003-06,violent-crime,estimates,3719,73.51,5059375,5059375,100
MN,Minnesota,2003,7,2003-07,violent-crime,estimates,570,11.27,5059375,5059375,100
MN,Minnesota,2003,8,2003-08,violent-crime,estimates,621,12.27,5059375,5059375,100
MN,Minnesota,2003,9,2003-09,violent-crime,estimates,509,10.06,5059375,5059375,100
MN,Minnesota,2003,10,2003-10,violent-crime,estimates,505,9.98,5059375,5059375,100
MN,Minnesota,2003,11,2003-11,violent-crime,estimates,445,8.8,5059375,5059375,100
MN,Minnesota,2003,12,2003-12,violent-crime,estimates,3939,77.86,5059375,5059375,100
MN,Minnesota,2004,1,2004-01,violent-crime,estimates,773,15.17,5100958,5096796,99.92
MN,Minnesota,2004,2,2004-02,violent-crime,estimates,763,14.97,5100958,5096796,99.92
MN,Minnesota,2004,3,2004-03,violent-crime,estimates,861,16.88,5100958,5099731,99.98
MN,Minnesota,2004,4,2004-04,violent-crime,estimates,868,17.02,5100958,5099731,99.98
MN,Minnesota,2004,5,2004-05,violent-crime,estimates,927,18.17,5100958,5100958,100
MN,Minnesota,2004,6,2004-06,violent-crime,estimates,2066,40.5,5100958,5100958,100
MN,Minnesota,2004,7,2004-07,violent-crime,estimates,1047,20.53,5100958,5100958,100
MN,Minnesota,2004,8,2004-08,violent-crime,estimates,1007,19.74,5100958,5100958,100
MN,Minnesota,2004,9,2004-09,violent-crime,estimates,1027,20.13,5100958,5100958,100
MN,Minnesota,2004,10,2004-10,violent-crime,estimates,1049,20.56,5100958,5100958,100
MN,Minnesota,2004,11,2004-11,violent-crime,estimates,897,17.58,5100958,5100958,100
MN,Minnesota,2004,12,2004-12,violent-crime,estimates,2386,46.78,5100958,5100958,100
MN,Minnesota,2005,1,2005-01,violent-crime,estimates,849,16.54,5132799,5132045,99.99
MN,Minnesota,2005,2,2005-02,violent-crime,estimates,799,15.57,5132799,5132045,99.99
MN,Minnesota,2005,3,2005-03,violent-crime,estimates,906,17.65,5132799,5132045,99.99
MN,Minnesota,2005,4,2005-04,violent-crime,estimates,995,19.39,5132799,5132045,99.99
MN,Minnesota,2005,5,2005-05,violent-crime,estimates,1055,20.55,5132799,5132799,100
MN,Minnesota,2005,6,2005-06,violent-crime,estimates,2359,45.96,5132799,5132799,100
MN,Minnesota,2005,7,2005-07,violent-crime,estimates,1125,21.92,5132799,5132799,100
MN,Minnesota,2005,8,2005-08,violent-crime,estimates,1221,23.79,5132799,5132799,100
MN,Minnesota,2005,9,2005-09,violent-crime,estimates,1225,23.87,5132799,5132799,100
MN,Minnesota,2005,10,2005-10,violent-crime,estimates,1223,23.83,5132799,5132799,100
MN,Minnesota,2005,11,2005-11,violent-crime,estimates,1097,21.37,5132799,5132799,100
MN,Minnesota,2005,12,2005-12,violent-crime,estimates,2247,43.78,5132799,5132799,100
MN,Minnesota,2006,1,2006-01,violent-crime,estimates,468,9.12,5167101,5132773,99.34
MN,Minnesota,2006,2,2006-02,violent-crime,estimates,403,7.88,5167101,5112034,98.93
MN,Minnesota,2006,3,2006-03,violent-crime,estimates,483,9.39,5167101,5146390,99.6
MN,Minnesota,2006,4,2006-04,violent-crime,estimates,513,9.98,5167101,5137997,99.44
MN,Minnesota,2006,5,2006-05,violent-crime,estimates,662,12.87,5167101,5142588,99.53
MN,Minnesota,2006,6,2006-06,violent-crime,estimates,4894,95.28,5167101,5136501,99.41
MN,Minnesota,2006,7,2006-07,violent-crime,estimates,554,10.98,5167101,5043979,97.62
MN,Minnesota,2006,8,2006-08,violent-crime,estimates,547,10.91,5167101,5014218,97.04
MN,Minnesota,2006,9,2006-09,violent-crime,estimates,527,10.48,5167101,5030455,97.36
MN,Minnesota,2006,10,2006-10,violent-crime,estimates,482,9.71,5167101,4963178,96.05
MN,Minnesota,2006,11,2006-11,violent-crime,estimates,446,9.02,5167101,4945770,95.72
MN,Minnesota,2006,12,2006-12,violent-crime,estimates,4999,101.08,5167101,4945724,95.72
MN,Minnesota,2007,1,2007-01,violent-crime,estimates,406,7.81,5197621,5197621,100
MN,Minnesota,2007,2,2007-02,violent-crime,estimates,346,6.66,5197621,5197621,100
MN,Minnesota,2007,3,2007-03,violent-crime,estimates,435,8.37,5197621,5197621,100
MN,Minnesota,2007,4,2007-04,violent-crime,estimates,472,9.08,5197621,5197621,100
MN,Minnesota,2007,5,2007-05,violent-crime,estimates,590,11.35,5197621,5197621,100
MN,Minnesota,2007,6,2007-06,violent-crime,estimates,4283,82.4,5197621,5197621,100
MN,Minnesota,2007,7,2007-07,violent-crime,estimates,529,10.18,5197621,5197621,100
MN,Minnesota,2007,8,2007-08,violent-crime,estimates,497,9.56,5197621,5197621,100
MN,Minnesota,2007,9,2007-09,violent-crime,estimates,485,9.33,5197621,5197621,100
MN,Minnesota,2007,10,2007-10,violent-crime,estimates,473,9.1,5197621,5197621,100
MN,Minnesota,2007,11,2007-11,violent-crime,estimates,445,8.56,5197621,5197621,100
MN,Minnesota,2007,12,2007-12,violent-crime,estimates,4594,88.39,5197621,5197621,100
MN,Minnesota,2008,1,2008-01,violent-crime,estimates,440,8.43,5220393,5220393,100
MN,Minnesota,2008,2,2008-02,violent-crime,estimates,337,6.46,5220393,5220393,100
MN,Minnesota,2008,3,2008-03,violent-crime,estimates,444,8.51,5220393,5220393,100
MN,Minnesota,2008,4,2008-04,violent-crime,estimates,408,7.82,5220393,5220393,100
MN,Minnesota,2008,5,2008-05,violent-crime,estimates,487,9.33,5220393,5220393,100
MN,Minnesota,2008,6,2008-06,violent-crime,estimates,3777,72.35,5220393,5220393,100
MN,Minnesota,2008,7,2008-07,violent-crime,estimates,520,9.96,5220393,5220393,100
MN,Minnesota,2008,8,2008-08,violent-crime,estimates,563,10.78,5220393,5220393,100
MN,Minnesota,2008,9,2008-09,violent-crime,estimates,488,9.35,5220393,5220393,100
MN,Minnesota,2008,10,2008-10,violent-crime,estimates,485,9.29,5220393,5220393,100
MN,Minnesota,2008,11,2008-11,violent-crime,estimates,470,9,5220393,5220393,100
MN,Minnesota,2008,12,2008-12,violent-crime,estimates,3993,76.49,5220393,5220393,100
MN,Minnesota,2009,1,2009-01,violent-crime,estimates,568,10.81,5266214,5254720,99.78
MN,Minnesota,2009,2,2009-02,violent-crime,estimates,455,8.64,5266214,5266214,100
MN,Minnesota,2009,3,2009-03,violent-crime,estimates,551,10.46,5266214,5266214,100
MN,Minnesota,2009,4,2009-04,violent-crime,estimates,579,10.99,5266214,5266214,100
MN,Minnesota,2009,5,2009-05,violent-crime,estimates,617,11.72,5266214,5266214,100
MN,Minnesota,2009,6,2009-06,violent-crime,estimates,3473,65.95,5266214,5266214,100
MN,Minnesota,2009,7,2009-07,violent-crime,estimates,653,12.4,5266214,5266214,100
MN,Minnesota,2009,8,2009-08,violent-crime,estimates,666,12.65,5266214,5266214,100
MN,Minnesota,2009,9,2009-09,violent-crime,estimates,579,11.01,5266214,5257478,99.83
MN,Minnesota,2009,10,2009-10,violent-crime,estimates,542,10.29,5266214,5266214,100
MN,Minnesota,2009,11,2009-11,violent-crime,estimates,588,11.17,5266214,5266214,100
MN,Minnesota,2009,12,2009-12,violent-crime,estimates,3974,75.46,5266214,5266214,100
MN,Minnesota,2010,1,2010-01,violent-crime,estimates,577,10.88,5303925,5303925,100
MN,Minnesota,2010,2,2010-02,violent-crime,estimates,432,8.14,5303925,5303925,100
MN,Minnesota,2010,3,2010-03,violent-crime,estimates,585,11.03,5303925,5303925,100
MN,Minnesota,2010,4,2010-04,violent-crime,estimates,582,10.97,5303925,5303925,100
MN,Minnesota,2010,5,2010-05,violent-crime,estimates,641,12.09,5303925,5303925,100
MN,Minnesota,2010,6,2010-06,violent-crime,estimates,3633,68.5,5303925,5303925,100
MN,Minnesota,2010,7,2010-07,violent-crime,estimates,614,11.58,5303925,5303925,100
MN,Minnesota,2010,8,2010-08,violent-crime,estimates,585,11.03,5303925,5303925,100
MN,Minnesota,2010,9,2010-09,violent-crime,estimates,561,10.58,5303925,5303925,100
MN,Minnesota,2010,10,2010-10,violent-crime,estimates,557,10.5,5303925,5303925,100
MN,Minnesota,2010,11,2010-11,violent-crime,estimates,464,8.75,5303925,5303925,100
MN,Minnesota,2010,12,2010-12,violent-crime,estimates,3588,67.65,5303925,5303925,100
MN,Minnesota,2011,1,2011-01,violent-crime,estimates,554,10.37,5344861,5344861,100
MN,Minnesota,2011,2,2011-02,violent-crime,estimates,447,8.36,5344861,5344861,100
MN,Minnesota,2011,3,2011-03,violent-crime,estimates,549,10.27,5344861,5344861,100
MN,Minnesota,2011,4,2011-04,violent-crime,estimates,504,9.43,5344861,5344861,100
MN,Minnesota,2011,5,2011-05,violent-crime,estimates,577,10.8,5344861,5344861,100
MN,Minnesota,2011,6,2011-06,violent-crime,estimates,3098,57.96,5344861,5344861,100
MN,Minnesota,2011,7,2011-07,violent-crime,estimates,635,11.88,5344861,5344861,100
MN,Minnesota,2011,8,2011-08,violent-crime,estimates,624,11.67,5344861,5344861,100
MN,Minnesota,2011,9,2011-09,violent-crime,estimates,593,11.09,5344861,5344861,100
MN,Minnesota,2011,10,2011-10,violent-crime,estimates,610,11.41,5344861,5344861,100
MN,Minnesota,2011,11,2011-11,violent-crime,estimates,505,9.45,5344861,5344861,100
MN,Minnesota,2011,12,2011-12,violent-crime,estimates,3565,66.7,5344861,5344861,100
MN,Minnesota,2012,1,2012-01,violent-crime,estimates,534,9.93,5379139,5379139,100
MN,Minnesota,2012,2,2012-02,violent-crime,estimates,495,9.2,5379139,5379139,100
MN,Minnesota,2012,3,2012-03,violent-crime,estimates,579,10.76,5379139,5379139,100
MN,Minnesota,2012,4,2012-04,violent-crime,estimates,613,11.4,5379139,5379139,100
MN,Minnesota,2012,5,2012-05,violent-crime,estimates,596,11.08,5379139,5379139,100
MN,Minnesota,2012,6,2012-06,violent-crime,estimates,627,11.66,5379139,5379139,100
MN,Minnesota,2012,7,2012-07,violent-crime,estimates,642,11.93,5379139,5379139,100
MN,Minnesota,2012,8,2012-08,violent-crime,estimates,623,11.58,5379139,5379139,100
MN,Minnesota,2012,9,2012-09,violent-crime,estimates,520,9.67,5379139,5379139,100
MN,Minnesota,2012,10,2012-10,violent-crime,estimates,515,9.57,5379139,5379139,100
MN,Minnesota,2012,11,2012-11,violent-crime,estimates,518,9.63,5379139,5379139,100
MN,Minnesota,2012,12,2012-12,violent-crime,estimates,6482,120.5,5379139,5379139,100
MN,Minnesota,2013,1,2013-01,violent-crime,estimates,969,17.88,5420380,5419634,99.99
MN,Minnesota,2013,2,2013-02,violent-crime,estimates,779,14.37,5420380,5419634,99.99
MN,Minnesota,2013,3,2013-03,violent-crime,estimates,859,15.85,5420380,5419634,99.99
MN,Minnesota,2013,4,2013-04,violent-crime,estimates,986,18.19,5420380,5419634,99.99
MN,Minnesota,2013,5,2013-05,violent-crime,estimates,1142,21.07,5420380,5419634,99.99
MN,Minnesota,2013,6,2013-06,violent-crime,estimates,1190,21.96,5420380,5419634,99.99
MN,Minnesota,2013,7,2013-07,violent-crime,estimates,1268,23.4,5420380,5419634,99.99
MN,Minnesota,2013,8,2013-08,violent-crime,estimates,1219,22.49,5420380,5419634,99.99
MN,Minnesota,2013,9,2013-09,violent-crime,estimates,1193,22.01,5420380,5419634,99.99
MN,Minnesota,2013,10,2013-10,violent-crime,estimates,1176,21.7,5420380,5419634,99.99
MN,Minnesota,2013,11,2013-11,violent-crime,estimates,1004,18.53,5420380,5419634,99.99
MN,Minnesota,2013,12,2013-12,violent-crime,estimates,910,16.79,5420380,5419634,99.99
MN,Minnesota,2014,1,2014-01,violent-crime,estimates,909,16.66,5457173,5456434,99.99
MN,Minnesota,2014,2,2014-02,violent-crime,estimates,729,13.36,5457173,5456434,99.99
MN,Minnesota,2014,3,2014-03,violent-crime,estimates,947,17.36,5457173,5456434,99.99
MN,Minnesota,2014,4,2014-04,violent-crime,estimates,987,18.09,5457173,5456434,99.99
MN,Minnesota,2014,5,2014-05,violent-crime,estimates,1112,20.38,5457173,5456434,99.99
MN,Minnesota,2014,6,2014-06,violent-crime,estimates,1120,20.53,5457173,5456434,99.99
MN,Minnesota,2014,7,2014-07,violent-crime,estimates,1270,23.28,5457173,5456434,99.99
MN,Minnesota,2014,8,2014-08,violent-crime,estimates,1225,22.45,5457173,5456434,99.99
MN,Minnesota,2014,9,2014-09,violent-crime,estimates,1081,19.81,5457173,5456434,99.99
MN,Minnesota,2014,10,2014-10,violent-crime,estimates,1187,21.75,5457173,5456434,99.99
MN,Minnesota,2014,11,2014-11,violent-crime,estimates,906,16.6,5457173,5456434,99.99
MN,Minnesota,2014,12,2014-12,violent-crime,estimates,1012,18.55,5457173,5456434,99.99
MN,Minnesota,2015,1,2015-01,violent-crime,estimates,1012,18.43,5489594,5489594,100
MN,Minnesota,2015,2,2015-02,violent-crime,estimates,817,14.88,5489594,5489594,100
MN,Minnesota,2015,3,2015-03,violent-crime,estimates,1050,19.13,5489594,5489594,100
MN,Minnesota,2015,4,2015-04,violent-crime,estimates,1034,18.84,5489594,5489594,100
MN,Minnesota,2015,5,2015-05,violent-crime,estimates,1222,22.26,5489594,5489594,100
MN,Minnesota,2015,6,2015-06,violent-crime,estimates,1175,21.42,5489594,5486285,99.94
MN,Minnesota,2015,7,2015-07,violent-crime,estimates,1363,24.84,5489594,5486285,99.94
MN,Minnesota,2015,8,2015-08,violent-crime,estimates,1303,23.75,5489594,5486285,99.94
MN,Minnesota,2015,9,2015-09,violent-crime,estimates,1302,23.73,5489594,5486285,99.94
MN,Minnesota,2015,10,2015-10,violent-crime,estimates,1081,19.7,5489594,5486285,99.94
MN,Minnesota,2015,11,2015-11,violent-crime,estimates,1085,19.78,5489594,5486285,99.94
MN,Minnesota,2015,12,2015-12,violent-crime,estimates,939,17.12,5489594,5486285,99.94
MN,Minnesota,2016,1,2016-01,violent-crime,estimates,1086,19.67,5519952,5519952,100
MN,Minnesota,2016,2,2016-02,violent-crime,estimates,853,15.45,5519952,5519952,100
MN,Minnesota,2016,3,2016-03,violent-crime,estimates,1082,19.6,5519952,5519952,100
MN,Minnesota,2016,4,2016-04,violent-crime,estimates,1167,21.14,5519952,5519952,100
MN,Minnesota,2016,5,2016-05,violent-crime,estimates,1135,20.56,5519952,5519952,100
MN,Minnesota,2016,6,2016-06,violent-crime,estimates,1163,21.07,5519952,5519952,100
MN,Minnesota,2016,7,2016-07,violent-crime,estimates,1255,22.74,5519952,5519952,100
MN,Minnesota,2016,8,2016-08,violent-crime,estimates,1318,23.88,5519952,5519952,100
MN,Minnesota,2016,9,2016-09,violent-crime,estimates,1077,19.51,5519952,5519952,100
MN,Minnesota,2016,10,2016-10,violent-crime,estimates,1115,20.2,5519952,5519952,100
MN,Minnesota,2016,11,2016-11,violent-crime,estimates,1036,18.77,5519952,5519952,100
MN,Minnesota,2016,12,2016-12,violent-crime,estimates,981,17.77,5519952,5519952,100
MN,Minnesota,2017,1,2017-01,violent-crime,estimates,1121,20.12,5576606,5570542,99.89
MN,Minnesota,2017,2,2017-02,violent-crime,estimates,907,16.29,5576606,5567240,99.83
MN,Minnesota,2017,3,2017-03,violent-crime,estimates,1009,18.12,5576606,5569787,99.88
MN,Minnesota,2017,4,2017-04,violent-crime,estimates,1095,19.66,5576606,5570306,99.89
MN,Minnesota,2017,5,2017-05,violent-crime,estimates,1260,22.63,5576606,5568799,99.86
MN,Minnesota,2017,6,2017-06,violent-crime,estimates,1219,21.89,5576606,5568799,99.86
MN,Minnesota,2017,7,2017-07,violent-crime,estimates,1204,21.62,5576606,5568799,99.86
MN,Minnesota,2017,8,2017-08,violent-crime,estimates,1174,21.08,5576606,5569318,99.87
MN,Minnesota,2017,9,2017-09,violent-crime,estimates,1197,21.5,5576606,5568543,99.86
MN,Minnesota,2017,10,2017-10,violent-crime,estimates,1158,20.79,5576606,5570892,99.9
MN,Minnesota,2017,11,2017-11,violent-crime,estimates,1068,19.17,5576606,5571706,99.91
MN,Minnesota,2017,12,2017-12,violent-crime,estimates,909,16.31,5576606,5572715,99.93
MS,Mississippi,1999,1,1999-01,violent-crime,estimates,839,48.79,2769000,1719657,62.1
MS,Mississippi,1999,2,1999-02,violent-crime,estimates,513,29.98,2769000,1710889,61.79
MS,Mississippi,1999,3,1999-03,violent-crime,estimates,610,35.54,2769000,1716174,61.98
MS,Mississippi,1999,4,1999-04,violent-crime,estimates,621,36.28,2769000,1711802,61.82
MS,Mississippi,1999,5,1999-05,violent-crime,estimates,825,48.69,2769000,1694263,61.19
MS,Mississippi,1999,6,1999-06,violent-crime,estimates,688,40.73,2769000,1689319,61.01
MS,Mississippi,1999,7,1999-07,violent-crime,estimates,671,39.4,2769000,1703003,61.5
MS,Mississippi,1999,8,1999-08,violent-crime,estimates,670,40.67,2769000,1647382,59.49
MS,Mississippi,1999,9,1999-09,violent-crime,estimates,752,44.98,2769000,1671902,60.38
MS,Mississippi,1999,10,1999-10,violent-crime,estimates,613,37.99,2769000,1613511,58.27
MS,Mississippi,1999,11,1999-11,violent-crime,estimates,563,34.46,2769000,1633683,59
MS,Mississippi,1999,12,1999-12,violent-crime,estimates,698,43.24,2769000,1614316,58.3
MS,Mississippi,2000,1,2000-01,violent-crime,estimates,640,35.02,2844658,1827430,64.24
MS,Mississippi,2000,2,2000-02,violent-crime,estimates,534,29.69,2844658,1798659,63.23
MS,Mississippi,2000,3,2000-03,violent-crime,estimates,614,34.47,2844658,1781284,62.62
MS,Mississippi,2000,4,2000-04,violent-crime,estimates,614,35.11,2844658,1748934,61.48
MS,Mississippi,2000,5,2000-05,violent-crime,estimates,657,37.12,2844658,1769737,62.21
MS,Mississippi,2000,6,2000-06,violent-crime,estimates,660,38.01,2844658,1736541,61.05
MS,Mississippi,2000,7,2000-07,violent-crime,estimates,645,37.03,2844658,1741601,61.22
MS,Mississippi,2000,8,2000-08,violent-crime,estimates,591,34.32,2844658,1722088,60.54
MS,Mississippi,2000,9,2000-09,violent-crime,estimates,579,33.11,2844658,1748654,61.47
MS,Mississippi,2000,10,2000-10,violent-crime,estimates,642,37.55,2844658,1709941,60.11
MS,Mississippi,2000,11,2000-11,violent-crime,estimates,594,34.16,2844658,1738629,61.12
MS,Mississippi,2000,12,2000-12,violent-crime,estimates,627,36.03,2844658,1740078,61.17
MS,Mississippi,2001,1,2001-01,violent-crime,estimates,699,38.04,2858029,1837351,64.29
MS,Mississippi,2001,2,2001-02,violent-crime,estimates,574,30.41,2858029,1887321,66.04
MS,Mississippi,2001,3,2001-03,violent-crime,estimates,603,33.13,2858029,1819946,63.68
MS,Mississippi,2001,4,2001-04,violent-crime,estimates,690,39.23,2858029,1758766,61.54
MS,Mississippi,2001,5,2001-05,violent-crime,estimates,672,38.09,2858029,1764270,61.73
MS,Mississippi,2001,6,2001-06,violent-crime,estimates,659,37.46,2858029,1759380,61.56
MS,Mississippi,2001,7,2001-07,violent-crime,estimates,663,36.36,2858029,1823449,63.8
MS,Mississippi,2001,8,2001-08,violent-crime,estimates,664,36.5,2858029,1819087,63.65
MS,Mississippi,2001,9,2001-09,violent-crime,estimates,616,34.68,2858029,1776317,62.15
MS,Mississippi,2001,10,2001-10,violent-crime,estimates,617,34.64,2858029,1781220,62.32
MS,Mississippi,2001,11,2001-11,violent-crime,estimates,569,32.09,2858029,1773243,62.04
MS,Mississippi,2001,12,2001-12,violent-crime,estimates,624,35.07,2858029,1779445,62.26
MS,Mississippi,2002,1,2002-01,violent-crime,estimates,628,32.73,2871782,1918497,66.81
MS,Mississippi,2002,2,2002-02,violent-crime,estimates,475,24.79,2871782,1916026,66.72
MS,Mississippi,2002,3,2002-03,violent-crime,estimates,550,30.12,2871782,1826269,63.59
MS,Mississippi,2002,4,2002-04,violent-crime,estimates,618,33.91,2871782,1822350,63.46
MS,Mississippi,2002,5,2002-05,violent-crime,estimates,603,32.46,2871782,1857927,64.7
MS,Mississippi,2002,6,2002-06,violent-crime,estimates,629,34.44,2871782,1826121,63.59
MS,Mississippi,2002,7,2002-07,violent-crime,estimates,636,35.23,2871782,1805280,62.86
MS,Mississippi,2002,8,2002-08,violent-crime,estimates,752,41.62,2871782,1806618,62.91
MS,Mississippi,2002,9,2002-09,violent-crime,estimates,597,33.12,2871782,1802485,62.77
MS,Mississippi,2002,10,2002-10,violent-crime,estimates,581,32.8,2871782,1771133,61.67
MS,Mississippi,2002,11,2002-11,violent-crime,estimates,492,28.67,2871782,1715897,59.75
MS,Mississippi,2002,12,2002-12,violent-crime,estimates,619,36.37,2871782,1701924,59.26
MS,Mississippi,2003,1,2003-01,violent-crime,estimates,502,26.28,2881281,1910219,66.3
MS,Mississippi,2003,2,2003-02,violent-crime,estimates,447,23.83,2881281,1875918,65.11
MS,Mississippi,2003,3,2003-03,violent-crime,estimates,544,28.45,2881281,1911825,66.35
MS,Mississippi,2003,4,2003-04,violent-crime,estimates,570,29.82,2881281,1911153,66.33
MS,Mississippi,2003,5,2003-05,violent-crime,estimates,613,32.07,2881281,1911153,66.33
MS,Mississippi,2003,6,2003-06,violent-crime,estimates,608,32.11,2881281,1893734,65.73
MS,Mississippi,2003,7,2003-07,violent-crime,estimates,676,35.65,2881281,1896195,65.81
MS,Mississippi,2003,8,2003-08,violent-crime,estimates,678,36.85,2881281,1840112,63.86
MS,Mississippi,2003,9,2003-09,violent-crime,estimates,541,28.64,2881281,1889003,65.56
MS,Mississippi,2003,10,2003-10,violent-crime,estimates,591,31.99,2881281,1847558,64.12
MS,Mississippi,2003,11,2003-11,violent-crime,estimates,531,30.54,2881281,1738554,60.34
MS,Mississippi,2003,12,2003-12,violent-crime,estimates,512,29.32,2881281,1746219,60.61
MS,Mississippi,2004,1,2004-01,violent-crime,estimates,579,28.02,2902966,2066247,71.18
MS,Mississippi,2004,2,2004-02,violent-crime,estimates,457,22.21,2902966,2057490,70.88
MS,Mississippi,2004,3,2004-03,violent-crime,estimates,563,27.41,2902966,2054225,70.76
MS,Mississippi,2004,4,2004-04,violent-crime,estimates,583,28.34,2902966,2056807,70.85
MS,Mississippi,2004,5,2004-05,violent-crime,estimates,624,30.56,2902966,2041598,70.33
MS,Mississippi,2004,6,2004-06,violent-crime,estimates,547,26.59,2902966,2056993,70.86
MS,Mississippi,2004,7,2004-07,violent-crime,estimates,586,30.01,2902966,1952721,67.27
MS,Mississippi,2004,8,2004-08,violent-crime,estimates,587,30.43,2902966,1929301,66.46
MS,Mississippi,2004,9,2004-09,violent-crime,estimates,477,24.77,2902966,1925435,66.33
MS,Mississippi,2004,10,2004-10,violent-crime,estimates,574,29.85,2902966,1922647,66.23
MS,Mississippi,2004,11,2004-11,violent-crime,estimates,516,26.32,2902966,1960447,67.53
MS,Mississippi,2004,12,2004-12,violent-crime,estimates,486,24.99,2902966,1944984,67
MS,Mississippi,2005,1,2005-01,violent-crime,estimates,543,26.02,2921088,2086643,71.43
MS,Mississippi,2005,2,2005-02,violent-crime,estimates,452,21.65,2921088,2088033,71.48
MS,Mississippi,2005,3,2005-03,violent-crime,estimates,497,23.89,2921088,2080075,71.21
MS,Mississippi,2005,4,2005-04,violent-crime,estimates,522,25.06,2921088,2082857,71.3
MS,Mississippi,2005,5,2005-05,violent-crime,estimates,553,26.97,2921088,2050779,70.21
MS,Mississippi,2005,6,2005-06,violent-crime,estimates,604,29.31,2921088,2060397,70.54
MS,Mississippi,2005,7,2005-07,violent-crime,estimates,618,29.91,2921088,2066073,70.73
MS,Mississippi,2005,8,2005-08,violent-crime,estimates,523,26.16,2921088,1999344,68.45
MS,Mississippi,2005,9,2005-09,violent-crime,estimates,518,26.2,2921088,1976992,67.68
MS,Mississippi,2005,10,2005-10,violent-crime,estimates,488,24.74,2921088,1972758,67.54
MS,Mississippi,2005,11,2005-11,violent-crime,estimates,540,27.83,2921088,1940592,66.43
MS,Mississippi,2005,12,2005-12,violent-crime,estimates,644,32.62,2921088,1974086,67.58
MS,Mississippi,2006,1,2006-01,violent-crime,estimates,534,24.77,2910540,2155566,74.06
MS,Mississippi,2006,2,2006-02,violent-crime,estimates,463,21.43,2910540,2160059,74.22
MS,Mississippi,2006,3,2006-03,violent-crime,estimates,517,23.97,2910540,2156882,74.11
MS,Mississippi,2006,4,2006-04,violent-crime,estimates,594,27.5,2910540,2160059,74.22
MS,Mississippi,2006,5,2006-05,violent-crime,estimates,687,31.69,2910540,2168071,74.49
MS,Mississippi,2006,6,2006-06,violent-crime,estimates,691,31.91,2910540,2165380,74.4
MS,Mississippi,2006,7,2006-07,violent-crime,estimates,701,32.89,2910540,2131206,73.22
MS,Mississippi,2006,8,2006-08,violent-crime,estimates,724,33.06,2910540,2190151,75.25
MS,Mississippi,2006,9,2006-09,violent-crime,estimates,585,27.05,2910540,2162679,74.31
MS,Mississippi,2006,10,2006-10,violent-crime,estimates,669,30.84,2910540,2169166,74.53
MS,Mississippi,2006,11,2006-11,violent-crime,estimates,518,23.88,2910540,2169166,74.53
MS,Mississippi,2006,12,2006-12,violent-crime,estimates,653,29.81,2910540,2190307,75.25
MS,Mississippi,2007,1,2007-01,violent-crime,estimates,513,23.54,2918785,2179679,74.68
MS,Mississippi,2007,2,2007-02,violent-crime,estimates,466,21.85,2918785,2132746,73.07
MS,Mississippi,2007,3,2007-03,violent-crime,estimates,592,27.75,2918785,2133153,73.08
MS,Mississippi,2007,4,2007-04,violent-crime,estimates,512,24.01,2918785,2132746,73.07
MS,Mississippi,2007,5,2007-05,violent-crime,estimates,627,29.4,2918785,2132884,73.07
MS,Mississippi,2007,6,2007-06,violent-crime,estimates,585,27.43,2918785,2132746,73.07
MS,Mississippi,2007,7,2007-07,violent-crime,estimates,642,30.19,2918785,2126241,72.85
MS,Mississippi,2007,8,2007-08,violent-crime,estimates,591,27.69,2918785,2134034,73.11
MS,Mississippi,2007,9,2007-09,violent-crime,estimates,544,25.5,2918785,2133510,73.1
MS,Mississippi,2007,10,2007-10,violent-crime,estimates,547,25.45,2918785,2148969,73.63
MS,Mississippi,2007,11,2007-11,violent-crime,estimates,526,24.43,2918785,2153331,73.77
MS,Mississippi,2007,12,2007-12,violent-crime,estimates,596,27.85,2918785,2140023,73.32
MS,Mississippi,2008,1,2008-01,violent-crime,estimates,536,23.73,2938618,2258596,76.86
MS,Mississippi,2008,2,2008-02,violent-crime,estimates,503,22.41,2938618,2244280,76.37
MS,Mississippi,2008,3,2008-03,violent-crime,estimates,540,24.17,2938618,2234360,76.03
MS,Mississippi,2008,4,2008-04,violent-crime,estimates,575,25.75,2938618,2233097,75.99
MS,Mississippi,2008,5,2008-05,violent-crime,estimates,575,25.72,2938618,2235239,76.06
MS,Mississippi,2008,6,2008-06,violent-crime,estimates,640,28.49,2938618,2246422,76.44
MS,Mississippi,2008,7,2008-07,violent-crime,estimates,648,28.85,2938618,2246422,76.44
MS,Mississippi,2008,8,2008-08,violent-crime,estimates,720,32.05,2938618,2246422,76.44
MS,Mississippi,2008,9,2008-09,violent-crime,estimates,637,28.36,2938618,2246422,76.44
MS,Mississippi,2008,10,2008-10,violent-crime,estimates,612,27.38,2938618,2235239,76.06
MS,Mississippi,2008,11,2008-11,violent-crime,estimates,593,26.7,2938618,2221231,75.59
MS,Mississippi,2008,12,2008-12,violent-crime,estimates,584,26.28,2938618,2221839,75.61
MS,Mississippi,2009,1,2009-01,violent-crime,estimates,504,21.65,2951996,2328118,78.87
MS,Mississippi,2009,2,2009-02,violent-crime,estimates,452,19.54,2951996,2313165,78.36
MS,Mississippi,2009,3,2009-03,violent-crime,estimates,579,25.25,2951996,2293233,77.68
MS,Mississippi,2009,4,2009-04,violent-crime,estimates,692,30.18,2951996,2293233,77.68
MS,Mississippi,2009,5,2009-05,violent-crime,estimates,644,28.1,2951996,2292158,77.65
MS,Mississippi,2009,6,2009-06,violent-crime,estimates,651,28.37,2951996,2294623,77.73
MS,Mississippi,2009,7,2009-07,violent-crime,estimates,605,26.68,2951996,2267763,76.82
MS,Mississippi,2009,8,2009-08,violent-crime,estimates,599,26.66,2951996,2246922,76.12
MS,Mississippi,2009,9,2009-09,violent-crime,estimates,577,25.36,2951996,2274939,77.06
MS,Mississippi,2009,10,2009-10,violent-crime,estimates,574,25.36,2951996,2263555,76.68
MS,Mississippi,2009,11,2009-11,violent-crime,estimates,558,24.78,2951996,2252142,76.29
MS,Mississippi,2009,12,2009-12,violent-crime,estimates,548,24.38,2951996,2247373,76.13
MS,Mississippi,2010,1,2010-01,violent-crime,estimates,502,21.44,2967297,2341492,78.91
MS,Mississippi,2010,2,2010-02,violent-crime,estimates,413,17.74,2967297,2328713,78.48
MS,Mississippi,2010,3,2010-03,violent-crime,estimates,549,23.65,2967297,2321515,78.24
MS,Mississippi,2010,4,2010-04,violent-crime,estimates,552,23.77,2967297,2322707,78.28
MS,Mississippi,2010,5,2010-05,violent-crime,estimates,594,25.56,2967297,2323775,78.31
MS,Mississippi,2010,6,2010-06,violent-crime,estimates,661,28.51,2967297,2318312,78.13
MS,Mississippi,2010,7,2010-07,violent-crime,estimates,665,28.92,2967297,2299636,77.5
MS,Mississippi,2010,8,2010-08,violent-crime,estimates,577,24.94,2967297,2313520,77.97
MS,Mississippi,2010,9,2010-09,violent-crime,estimates,566,24.57,2967297,2303239,77.62
MS,Mississippi,2010,10,2010-10,violent-crime,estimates,542,23.89,2967297,2269123,76.47
MS,Mississippi,2010,11,2010-11,violent-crime,estimates,531,23.48,2967297,2261827,76.23
MS,Mississippi,2010,12,2010-12,violent-crime,estimates,497,22.49,2967297,2209392,74.46
MS,Mississippi,2011,1,2011-01,violent-crime,estimates,449,20.32,2978512,2209502,74.18
MS,Mississippi,2011,2,2011-02,violent-crime,estimates,357,16.5,2978512,2163055,72.62
MS,Mississippi,2011,3,2011-03,violent-crime,estimates,503,23.07,2978512,2179970,73.19
MS,Mississippi,2011,4,2011-04,violent-crime,estimates,536,24.76,2978512,2164442,72.67
MS,Mississippi,2011,5,2011-05,violent-crime,estimates,576,26.81,2978512,2148419,72.13
MS,Mississippi,2011,6,2011-06,violent-crime,estimates,542,25.16,2978512,2153888,72.31
MS,Mississippi,2011,7,2011-07,violent-crime,estimates,655,31.92,2978512,2051948,68.89
MS,Mississippi,2011,8,2011-08,violent-crime,estimates,557,27.11,2978512,2054558,68.98
MS,Mississippi,2011,9,2011-09,violent-crime,estimates,566,28.08,2978512,2015783,67.68
MS,Mississippi,2011,10,2011-10,violent-crime,estimates,538,26.15,2978512,2057139,69.07
MS,Mississippi,2011,11,2011-11,violent-crime,estimates,501,24.77,2978512,2022444,67.9
MS,Mississippi,2011,12,2011-12,violent-crime,estimates,523,26.69,2978512,1959651,65.79
MS,Mississippi,2012,1,2012-01,violent-crime,estimates,535,25.03,2984926,2137836,71.62
MS,Mississippi,2012,2,2012-02,violent-crime,estimates,454,21.14,2984926,2147644,71.95
MS,Mississippi,2012,3,2012-03,violent-crime,estimates,540,25.28,2984926,2136172,71.57
MS,Mississippi,2012,4,2012-04,violent-crime,estimates,463,21.52,2984926,2151284,72.07
MS,Mississippi,2012,5,2012-05,violent-crime,estimates,475,22.45,2984926,2116156,70.89
MS,Mississippi,2012,6,2012-06,violent-crime,estimates,566,26.4,2984926,2143600,71.81
MS,Mississippi,2012,7,2012-07,violent-crime,estimates,586,27.31,2984926,2145485,71.88
MS,Mississippi,2012,8,2012-08,violent-crime,estimates,575,27.44,2984926,2095352,70.2
MS,Mississippi,2012,9,2012-09,violent-crime,estimates,556,27.53,2984926,2019980,67.67
MS,Mississippi,2012,10,2012-10,violent-crime,estimates,448,22.58,2984926,1984423,66.48
MS,Mississippi,2012,11,2012-11,violent-crime,estimates,421,20.41,2984926,2062473,69.1
MS,Mississippi,2012,12,2012-12,violent-crime,estimates,454,23.52,2984926,1930266,64.67
MS,Mississippi,2013,1,2013-01,violent-crime,estimates,468,22.58,2991207,2072657,69.29
MS,Mississippi,2013,2,2013-02,violent-crime,estimates,405,20.35,2991207,1990459,66.54
MS,Mississippi,2013,3,2013-03,violent-crime,estimates,534,26.41,2991207,2021937,67.6
MS,Mississippi,2013,4,2013-04,violent-crime,estimates,503,25.44,2991207,1977348,66.11
MS,Mississippi,2013,5,2013-05,violent-crime,estimates,511,25.71,2991207,1987251,66.44
MS,Mississippi,2013,6,2013-06,violent-crime,estimates,479,25.41,2991207,1885229,63.03
MS,Mississippi,2013,7,2013-07,violent-crime,estimates,544,31.39,2991207,1733234,57.94
MS,Mississippi,2013,8,2013-08,violent-crime,estimates,458,25.88,2991207,1769947,59.17
MS,Mississippi,2013,9,2013-09,violent-crime,estimates,486,27.89,2991207,1742847,58.27
MS,Mississippi,2013,10,2013-10,violent-crime,estimates,434,25.73,2991207,1686522,56.38
MS,Mississippi,2013,11,2013-11,violent-crime,estimates,378,21.7,2991207,1741658,58.23
MS,Mississippi,2013,12,2013-12,violent-crime,estimates,364,21.82,2991207,1667889,55.76
MS,Mississippi,2014,1,2014-01,violent-crime,estimates,415,23.04,2994079,1800945,60.15
MS,Mississippi,2014,2,2014-02,violent-crime,estimates,354,19.47,2994079,1817934,60.72
MS,Mississippi,2014,3,2014-03,violent-crime,estimates,402,22.21,2994079,1810140,60.46
MS,Mississippi,2014,4,2014-04,violent-crime,estimates,448,24.8,2994079,1806564,60.34
MS,Mississippi,2014,5,2014-05,violent-crime,estimates,463,26.4,2994079,1753479,58.56
MS,Mississippi,2014,6,2014-06,violent-crime,estimates,461,26.63,2994079,1731235,57.82
MS,Mississippi,2014,7,2014-07,violent-crime,estimates,517,30.24,2994079,1709634,57.1
MS,Mississippi,2014,8,2014-08,violent-crime,estimates,446,25.5,2994079,1748686,58.4
MS,Mississippi,2014,9,2014-09,violent-crime,estimates,430,24.91,2994079,1726241,57.66
MS,Mississippi,2014,10,2014-10,violent-crime,estimates,460,27.68,2994079,1661967,55.51
MS,Mississippi,2014,11,2014-11,violent-crime,estimates,449,25.82,2994079,1738749,58.07
MS,Mississippi,2014,12,2014-12,violent-crime,estimates,418,24.15,2994079,1730929,57.81
MS,Mississippi,2015,1,2015-01,violent-crime,estimates,406,22.48,2992333,1806092,60.36
MS,Mississippi,2015,2,2015-02,violent-crime,estimates,329,18.25,2992333,1802266,60.23
MS,Mississippi,2015,3,2015-03,violent-crime,estimates,383,21.24,2992333,1803561,60.27
MS,Mississippi,2015,4,2015-04,violent-crime,estimates,417,23.67,2992333,1761476,58.87
MS,Mississippi,2015,5,2015-05,violent-crime,estimates,433,25.5,2992333,1698042,56.75
MS,Mississippi,2015,6,2015-06,violent-crime,estimates,413,24.9,2992333,1658729,55.43
MS,Mississippi,2015,7,2015-07,violent-crime,estimates,461,26.8,2992333,1720144,57.49
MS,Mississippi,2015,8,2015-08,violent-crime,estimates,438,25.87,2992333,1692766,56.57
MS,Mississippi,2015,9,2015-09,violent-crime,estimates,383,22.45,2992333,1705849,57.01
MS,Mississippi,2015,10,2015-10,violent-crime,estimates,462,26.7,2992333,1730263,57.82
MS,Mississippi,2015,11,2015-11,violent-crime,estimates,389,23.67,2992333,1643266,54.92
MS,Mississippi,2015,12,2015-12,violent-crime,estimates,410,24.45,2992333,1677080,56.05
MS,Mississippi,2016,1,2016-01,violent-crime,estimates,464,25.76,2988726,1801455,60.28
MS,Mississippi,2016,2,2016-02,violent-crime,estimates,316,17.77,2988726,1777923,59.49
MS,Mississippi,2016,3,2016-03,violent-crime,estimates,395,22.03,2988726,1792721,59.98
MS,Mississippi,2016,4,2016-04,violent-crime,estimates,424,24.41,2988726,1737065,58.12
MS,Mississippi,2016,5,2016-05,violent-crime,estimates,433,24.92,2988726,1737321,58.13
MS,Mississippi,2016,6,2016-06,violent-crime,estimates,415,24.25,2988726,1711660,57.27
MS,Mississippi,2016,7,2016-07,violent-crime,estimates,448,26.39,2988726,1697878,56.81
MS,Mississippi,2016,8,2016-08,violent-crime,estimates,468,27.17,2988726,1722208,57.62
MS,Mississippi,2016,9,2016-09,violent-crime,estimates,391,23.54,2988726,1660928,55.57
MS,Mississippi,2016,10,2016-10,violent-crime,estimates,413,25.26,2988726,1635267,54.71
MS,Mississippi,2016,11,2016-11,violent-crime,estimates,454,26.29,2988726,1726564,57.77
MS,Mississippi,2016,12,2016-12,violent-crime,estimates,415,25.03,2988726,1657892,55.47
MS,Mississippi,2017,1,2017-01,violent-crime,estimates,457,26.62,2984100,1716884,57.53
MS,Mississippi,2017,2,2017-02,violent-crime,estimates,389,22.79,2984100,1706560,57.19
MS,Mississippi,2017,3,2017-03,violent-crime,estimates,406,24.17,2984100,1679448,56.28
MS,Mississippi,2017,4,2017-04,violent-crime,estimates,374,21.81,2984100,1714519,57.46
MS,Mississippi,2017,5,2017-05,violent-crime,estimates,437,26.25,2984100,1664448,55.78
MS,Mississippi,2017,6,2017-06,violent-crime,estimates,419,24.71,2984100,1695514,56.82
MS,Mississippi,2017,7,2017-07,violent-crime,estimates,426,25.49,2984100,1671288,56.01
MS,Mississippi,2017,8,2017-08,violent-crime,estimates,409,25.23,2984100,1621278,54.33
MS,Mississippi,2017,9,2017-09,violent-crime,estimates,375,24.23,2984100,1547853,51.87
MS,Mississippi,2017,10,2017-10,violent-crime,estimates,369,22.8,2984100,1618296,54.23
MS,Mississippi,2017,11,2017-11,violent-crime,estimates,371,23.62,2984100,1570829,52.64
MS,Mississippi,2017,12,2017-12,violent-crime,estimates,364,22.84,2984100,1593959,53.42
MO,Missouri,1999,1,1999-01,violent-crime,estimates,1847,39.06,5468000,4728236,86.47
MO,Missouri,1999,2,1999-02,violent-crime,estimates,1727,36.75,5468000,4699164,85.94
MO,Missouri,1999,3,1999-03,violent-crime,estimates,2020,42.84,5468000,4714757,86.22
MO,Missouri,1999,4,1999-04,violent-crime,estimates,2215,47.1,5468000,4703162,86.01
MO,Missouri,1999,5,1999-05,violent-crime,estimates,2219,47.08,5468000,4712797,86.19
MO,Missouri,1999,6,1999-06,violent-crime,estimates,2317,49.92,5468000,4641183,84.88
MO,Missouri,1999,7,1999-07,violent-crime,estimates,2431,53.29,5468000,4562045,83.43
MO,Missouri,1999,8,1999-08,violent-crime,estimates,2339,50.89,5468000,4596038,84.05
MO,Missouri,1999,9,1999-09,violent-crime,estimates,2333,50.75,5468000,4597492,84.08
MO,Missouri,1999,10,1999-10,violent-crime,estimates,2200,47.45,5468000,4636811,84.8
MO,Missouri,1999,11,1999-11,violent-crime,estimates,1902,40.86,5468000,4655048,85.13
MO,Missouri,1999,12,1999-12,violent-crime,estimates,1945,41.95,5468000,4636343,84.79
MO,Missouri,2000,1,2000-01,violent-crime,estimates,1985,42.02,5595211,4724471,84.44
MO,Missouri,2000,2,2000-02,violent-crime,estimates,1668,35.35,5595211,4718620,84.33
MO,Missouri,2000,3,2000-03,violent-crime,estimates,1948,41.58,5595211,4685072,83.73
MO,Missouri,2000,4,2000-04,violent-crime,estimates,1920,40.89,5595211,4695213,83.91
MO,Missouri,2000,5,2000-05,violent-crime,estimates,2185,46.56,5595211,4693342,83.88
MO,Missouri,2000,6,2000-06,violent-crime,estimates,2354,50.2,5595211,4689186,83.81
MO,Missouri,2000,7,2000-07,violent-crime,estimates,2232,47.51,5595211,4698383,83.97
MO,Missouri,2000,8,2000-08,violent-crime,estimates,2539,54.39,5595211,4668126,83.43
MO,Missouri,2000,9,2000-09,violent-crime,estimates,2548,55.28,5595211,4609452,82.38
MO,Missouri,2000,10,2000-10,violent-crime,estimates,2315,50.41,5595211,4592049,82.07
MO,Missouri,2000,11,2000-11,violent-crime,estimates,2012,43.91,5595211,4581656,81.89
MO,Missouri,2000,12,2000-12,violent-crime,estimates,1732,38.41,5595211,4508727,80.58
MO,Missouri,2001,1,2001-01,violent-crime,estimates,2118,38.48,5629707,5504795,97.78
MO,Missouri,2001,2,2001-02,violent-crime,estimates,1861,34.18,5629707,5445084,96.72
MO,Missouri,2001,3,2001-03,violent-crime,estimates,2269,41.66,5629707,5447104,96.76
MO,Missouri,2001,4,2001-04,violent-crime,estimates,2574,47.54,5629707,5414616,96.18
MO,Missouri,2001,5,2001-05,violent-crime,estimates,2517,46.48,5629707,5414931,96.18
MO,Missouri,2001,6,2001-06,violent-crime,estimates,2528,46.73,5629707,5409853,96.09
MO,Missouri,2001,7,2001-07,violent-crime,estimates,2702,50.1,5629707,5393171,95.8
MO,Missouri,2001,8,2001-08,violent-crime,estimates,2589,47.85,5629707,5410834,96.11
MO,Missouri,2001,9,2001-09,violent-crime,estimates,2547,47.01,5629707,5418458,96.25
MO,Missouri,2001,10,2001-10,violent-crime,estimates,2610,48.35,5629707,5398401,95.89
MO,Missouri,2001,11,2001-11,violent-crime,estimates,2359,43.48,5629707,5425228,96.37
MO,Missouri,2001,12,2001-12,violent-crime,estimates,2098,41.02,5629707,5114777,90.85
MO,Missouri,2002,1,2002-01,violent-crime,estimates,2426,42.92,5672579,5652823,99.65
MO,Missouri,2002,2,2002-02,violent-crime,estimates,2048,36.32,5672579,5639321,99.41
MO,Missouri,2002,3,2002-03,violent-crime,estimates,2382,42.34,5672579,5625618,99.17
MO,Missouri,2002,4,2002-04,violent-crime,estimates,2321,41.15,5672579,5639910,99.42
MO,Missouri,2002,5,2002-05,violent-crime,estimates,2508,44.63,5672579,5619273,99.06
MO,Missouri,2002,6,2002-06,violent-crime,estimates,2802,49.78,5672579,5628534,99.22
MO,Missouri,2002,7,2002-07,violent-crime,estimates,2869,51.19,5672579,5604664,98.8
MO,Missouri,2002,8,2002-08,violent-crime,estimates,2650,47.31,5672579,5601700,98.75
MO,Missouri,2002,9,2002-09,violent-crime,estimates,3176,56.57,5672579,5613879,98.97
MO,Missouri,2002,10,2002-10,violent-crime,estimates,2756,49.14,5672579,5607917,98.86
MO,Missouri,2002,11,2002-11,violent-crime,estimates,2146,38.35,5672579,5596400,98.66
MO,Missouri,2002,12,2002-12,violent-crime,estimates,2201,39.27,5672579,5604248,98.8
MO,Missouri,2003,1,2003-01,violent-crime,estimates,2263,39.67,5704484,5704484,100
MO,Missouri,2003,2,2003-02,violent-crime,estimates,1872,32.82,5704484,5704484,100
MO,Missouri,2003,3,2003-03,violent-crime,estimates,2258,39.58,5704484,5704484,100
MO,Missouri,2003,4,2003-04,violent-crime,estimates,2269,39.78,5704484,5704484,100
MO,Missouri,2003,5,2003-05,violent-crime,estimates,2419,42.41,5704484,5704484,100
MO,Missouri,2003,6,2003-06,violent-crime,estimates,2418,42.39,5704484,5704484,100
MO,Missouri,2003,7,2003-07,violent-crime,estimates,2431,42.62,5704484,5704484,100
MO,Missouri,2003,8,2003-08,violent-crime,estimates,2483,43.53,5704484,5704484,100
MO,Missouri,2003,9,2003-09,violent-crime,estimates,2474,43.37,5704484,5704484,100
MO,Missouri,2003,10,2003-10,violent-crime,estimates,2491,43.67,5704484,5704484,100
MO,Missouri,2003,11,2003-11,violent-crime,estimates,2050,35.94,5704484,5704484,100
MO,Missouri,2003,12,2003-12,violent-crime,estimates,2623,46.17,5704484,5680908,99.59
MO,Missouri,2004,1,2004-01,violent-crime,estimates,1721,29.92,5754618,5751967,99.95
MO,Missouri,2004,2,2004-02,violent-crime,estimates,1918,33.34,5754618,5753125,99.97
MO,Missouri,2004,3,2004-03,violent-crime,estimates,2207,38.37,5754618,5752397,99.96
MO,Missouri,2004,4,2004-04,violent-crime,estimates,2454,42.7,5754618,5747530,99.88
MO,Missouri,2004,5,2004-05,violent-crime,estimates,2492,43.35,5754618,5748351,99.89
MO,Missouri,2004,6,2004-06,violent-crime,estimates,2446,42.58,5754618,5744242,99.82
MO,Missouri,2004,7,2004-07,violent-crime,estimates,2718,47.45,5754618,5728687,99.55
MO,Missouri,2004,8,2004-08,violent-crime,estimates,2307,40.34,5754618,5718277,99.37
MO,Missouri,2004,9,2004-09,violent-crime,estimates,2467,43.28,5754618,5700465,99.06
MO,Missouri,2004,10,2004-10,violent-crime,estimates,2289,40.15,5754618,5701463,99.08
MO,Missouri,2004,11,2004-11,violent-crime,estimates,2572,45.42,5754618,5662499,98.4
MO,Missouri,2004,12,2004-12,violent-crime,estimates,2481,43.43,5754618,5712221,99.26
MO,Missouri,2005,1,2005-01,violent-crime,estimates,2232,38.56,5800310,5788976,99.8
MO,Missouri,2005,2,2005-02,violent-crime,estimates,2038,35.21,5800310,5788859,99.8
MO,Missouri,2005,3,2005-03,violent-crime,estimates,2386,41.26,5800310,5782818,99.7
MO,Missouri,2005,4,2005-04,violent-crime,estimates,2439,42.13,5800310,5789884,99.82
MO,Missouri,2005,5,2005-05,violent-crime,estimates,2631,45.46,5800310,5787823,99.78
MO,Missouri,2005,6,2005-06,violent-crime,estimates,2649,45.77,5800310,5787141,99.77
MO,Missouri,2005,7,2005-07,violent-crime,estimates,2960,51.18,5800310,5783910,99.72
MO,Missouri,2005,8,2005-08,violent-crime,estimates,2813,48.6,5800310,5788138,99.79
MO,Missouri,2005,9,2005-09,violent-crime,estimates,2752,47.54,5800310,5788269,99.79
MO,Missouri,2005,10,2005-10,violent-crime,estimates,2671,46.17,5800310,5784885,99.73
MO,Missouri,2005,11,2005-11,violent-crime,estimates,2353,40.68,5800310,5783494,99.71
MO,Missouri,2005,12,2005-12,violent-crime,estimates,2414,41.88,5800310,5763591,99.37
MO,Missouri,2006,1,2006-01,violent-crime,estimates,2639,45.21,5842713,5837106,99.9
MO,Missouri,2006,2,2006-02,violent-crime,estimates,1998,34.22,5842713,5838812,99.93
MO,Missouri,2006,3,2006-03,violent-crime,estimates,2462,42.16,5842713,5839231,99.94
MO,Missouri,2006,4,2006-04,violent-crime,estimates,2615,44.78,5842713,5839800,99.95
MO,Missouri,2006,5,2006-05,violent-crime,estimates,2855,48.92,5842713,5835554,99.88
MO,Missouri,2006,6,2006-06,violent-crime,estimates,2742,46.98,5842713,5836291,99.89
MO,Missouri,2006,7,2006-07,violent-crime,estimates,3137,53.76,5842713,5835180,99.87
MO,Missouri,2006,8,2006-08,violent-crime,estimates,2968,50.85,5842713,5836289,99.89
MO,Missouri,2006,9,2006-09,violent-crime,estimates,2797,47.94,5842713,5834428,99.86
MO,Missouri,2006,10,2006-10,violent-crime,estimates,2845,48.76,5842713,5834862,99.87
MO,Missouri,2006,11,2006-11,violent-crime,estimates,2390,40.96,5842713,5835233,99.87
MO,Missouri,2006,12,2006-12,violent-crime,estimates,2429,41.63,5842713,5834345,99.86
MO,Missouri,2007,1,2007-01,violent-crime,estimates,2319,39.51,5878415,5869789,99.85
MO,Missouri,2007,2,2007-02,violent-crime,estimates,1979,33.7,5878415,5872305,99.9
MO,Missouri,2007,3,2007-03,violent-crime,estimates,2739,46.65,5878415,5871462,99.88
MO,Missouri,2007,4,2007-04,violent-crime,estimates,2864,48.79,5878415,5870262,99.86
MO,Missouri,2007,5,2007-05,violent-crime,estimates,3174,54.08,5878415,5869491,99.85
MO,Missouri,2007,6,2007-06,violent-crime,estimates,2898,49.43,5878415,5862392,99.73
MO,Missouri,2007,7,2007-07,violent-crime,estimates,3093,52.74,5878415,5865133,99.77
MO,Missouri,2007,8,2007-08,violent-crime,estimates,2974,50.71,5878415,5865264,99.78
MO,Missouri,2007,9,2007-09,violent-crime,estimates,2914,49.69,5878415,5864085,99.76
MO,Missouri,2007,10,2007-10,violent-crime,estimates,2938,50.11,5878415,5863212,99.74
MO,Missouri,2007,11,2007-11,violent-crime,estimates,2500,42.64,5878415,5863559,99.75
MO,Missouri,2007,12,2007-12,violent-crime,estimates,2526,43.1,5878415,5860608,99.7
MO,Missouri,2008,1,2008-01,violent-crime,estimates,2284,38.7,5911605,5902054,99.84
MO,Missouri,2008,2,2008-02,violent-crime,estimates,1882,31.88,5911605,5904087,99.87
MO,Missouri,2008,3,2008-03,violent-crime,estimates,2350,39.83,5911605,5899907,99.8
MO,Missouri,2008,4,2008-04,violent-crime,estimates,2405,40.76,5911605,5900281,99.81
MO,Missouri,2008,5,2008-05,violent-crime,estimates,2577,43.71,5911605,5895692,99.73
MO,Missouri,2008,6,2008-06,violent-crime,estimates,2607,44.2,5911605,5897920,99.77
MO,Missouri,2008,7,2008-07,violent-crime,estimates,2810,47.69,5911605,5891785,99.66
MO,Missouri,2008,8,2008-08,violent-crime,estimates,2928,49.79,5911605,5881249,99.49
MO,Missouri,2008,9,2008-09,violent-crime,estimates,2740,46.52,5911605,5889966,99.63
MO,Missouri,2008,10,2008-10,violent-crime,estimates,2609,44.38,5911605,5879243,99.45
MO,Missouri,2008,11,2008-11,violent-crime,estimates,2365,40.23,5911605,5879243,99.45
MO,Missouri,2008,12,2008-12,violent-crime,estimates,2099,35.7,5911605,5879740,99.46
MO,Missouri,2009,1,2009-01,violent-crime,estimates,2141,35.78,5987580,5984287,99.95
MO,Missouri,2009,2,2009-02,violent-crime,estimates,1969,32.91,5987580,5983012,99.92
MO,Missouri,2009,3,2009-03,violent-crime,estimates,2524,42.18,5987580,5983854,99.94
MO,Missouri,2009,4,2009-04,violent-crime,estimates,2602,43.48,5987580,5984595,99.95
MO,Missouri,2009,5,2009-05,violent-crime,estimates,2726,45.6,5987580,5977872,99.84
MO,Missouri,2009,6,2009-06,violent-crime,estimates,2656,44.43,5987580,5978514,99.85
MO,Missouri,2009,7,2009-07,violent-crime,estimates,2739,45.82,5987580,5977468,99.83
MO,Missouri,2009,8,2009-08,violent-crime,estimates,2675,44.92,5987580,5955654,99.47
MO,Missouri,2009,9,2009-09,violent-crime,estimates,2546,42.59,5987580,5977746,99.84
MO,Missouri,2009,10,2009-10,violent-crime,estimates,2390,40.07,5987580,5964904,99.62
MO,Missouri,2009,11,2009-11,violent-crime,estimates,2356,39.68,5987580,5937308,99.16
MO,Missouri,2009,12,2009-12,violent-crime,estimates,2127,35.79,5987580,5943714,99.27
MO,Missouri,2010,1,2010-01,violent-crime,estimates,1999,33.48,5988927,5971180,99.7
MO,Missouri,2010,2,2010-02,violent-crime,estimates,1591,26.65,5988927,5970716,99.7
MO,Missouri,2010,3,2010-03,violent-crime,estimates,2162,36.23,5988927,5967517,99.64
MO,Missouri,2010,4,2010-04,violent-crime,estimates,2384,39.97,5988927,5964085,99.59
MO,Missouri,2010,5,2010-05,violent-crime,estimates,2440,40.92,5988927,5963400,99.57
MO,Missouri,2010,6,2010-06,violent-crime,estimates,2602,43.6,5988927,5967602,99.64
MO,Missouri,2010,7,2010-07,violent-crime,estimates,2593,43.5,5988927,5961163,99.54
MO,Missouri,2010,8,2010-08,violent-crime,estimates,2507,42.07,5988927,5959208,99.5
MO,Missouri,2010,9,2010-09,violent-crime,estimates,2456,41.26,5988927,5952655,99.39
MO,Missouri,2010,10,2010-10,violent-crime,estimates,2410,40.4,5988927,5966082,99.62
MO,Missouri,2010,11,2010-11,violent-crime,estimates,2104,35.34,5988927,5954429,99.42
MO,Missouri,2010,12,2010-12,violent-crime,estimates,2030,34.48,5988927,5888064,98.32
MO,Missouri,2011,1,2011-01,violent-crime,estimates,1864,31.02,6010688,6008771,99.97
MO,Missouri,2011,2,2011-02,violent-crime,estimates,1568,26.1,6010688,6008771,99.97
MO,Missouri,2011,3,2011-03,violent-crime,estimates,2059,34.28,6010688,6006830,99.94
MO,Missouri,2011,4,2011-04,violent-crime,estimates,2314,38.51,6010688,6008581,99.96
MO,Missouri,2011,5,2011-05,violent-crime,estimates,2521,41.96,6010688,6008424,99.96
MO,Missouri,2011,6,2011-06,violent-crime,estimates,2522,41.98,6010688,6007684,99.95
MO,Missouri,2011,7,2011-07,violent-crime,estimates,2638,43.91,6010688,6008031,99.96
MO,Missouri,2011,8,2011-08,violent-crime,estimates,2459,40.99,6010688,5999571,99.82
MO,Missouri,2011,9,2011-09,violent-crime,estimates,2332,38.81,6010688,6008415,99.96
MO,Missouri,2011,10,2011-10,violent-crime,estimates,2425,40.36,6010688,6008754,99.97
MO,Missouri,2011,11,2011-11,violent-crime,estimates,2188,36.43,6010688,6006612,99.93
MO,Missouri,2011,12,2011-12,violent-crime,estimates,1981,32.96,6010688,6009494,99.98
MO,Missouri,2012,1,2012-01,violent-crime,estimates,2039,33.87,6021988,6019192,99.95
MO,Missouri,2012,2,2012-02,violent-crime,estimates,1734,28.81,6021988,6019312,99.96
MO,Missouri,2012,3,2012-03,violent-crime,estimates,2338,38.85,6021988,6018756,99.95
MO,Missouri,2012,4,2012-04,violent-crime,estimates,2304,38.28,6021988,6018568,99.94
MO,Missouri,2012,5,2012-05,violent-crime,estimates,2496,41.5,6021988,6013816,99.86
MO,Missouri,2012,6,2012-06,violent-crime,estimates,2500,41.59,6021988,6011723,99.83
MO,Missouri,2012,7,2012-07,violent-crime,estimates,2620,43.7,6021988,5995219,99.56
MO,Missouri,2012,8,2012-08,violent-crime,estimates,2561,42.68,6021988,6001095,99.65
MO,Missouri,2012,9,2012-09,violent-crime,estimates,2375,39.57,6021988,6001698,99.66
MO,Missouri,2012,10,2012-10,violent-crime,estimates,2140,35.67,6021988,5998946,99.62
MO,Missouri,2012,11,2012-11,violent-crime,estimates,2007,33.53,6021988,5986571,99.41
MO,Missouri,2012,12,2012-12,violent-crime,estimates,2026,33.83,6021988,5988494,99.44
MO,Missouri,2013,1,2013-01,violent-crime,estimates,2126,35.2,6044171,6039399,99.92
MO,Missouri,2013,2,2013-02,violent-crime,estimates,1683,27.87,6044171,6039326,99.92
MO,Missouri,2013,3,2013-03,violent-crime,estimates,1842,30.5,6044171,6039341,99.92
MO,Missouri,2013,4,2013-04,violent-crime,estimates,2097,34.72,6044171,6039717,99.93
MO,Missouri,2013,5,2013-05,violent-crime,estimates,2384,39.49,6044171,6037240,99.89
MO,Missouri,2013,6,2013-06,violent-crime,estimates,2506,41.49,6044171,6039745,99.93
MO,Missouri,2013,7,2013-07,violent-crime,estimates,2476,41.02,6044171,6036161,99.87
MO,Missouri,2013,8,2013-08,violent-crime,estimates,2419,40.06,6044171,6037764,99.89
MO,Missouri,2013,9,2013-09,violent-crime,estimates,2297,38.05,6044171,6036485,99.87
MO,Missouri,2013,10,2013-10,violent-crime,estimates,2224,36.83,6044171,6038129,99.9
MO,Missouri,2013,11,2013-11,violent-crime,estimates,2092,34.65,6044171,6037753,99.89
MO,Missouri,2013,12,2013-12,violent-crime,estimates,2054,34.13,6044171,6018333,99.57
MO,Missouri,2014,1,2014-01,violent-crime,estimates,1898,31.33,6063589,6058560,99.92
MO,Missouri,2014,2,2014-02,violent-crime,estimates,1482,24.46,6063589,6058277,99.91
MO,Missouri,2014,3,2014-03,violent-crime,estimates,2010,33.18,6063589,6058690,99.92
MO,Missouri,2014,4,2014-04,violent-crime,estimates,2248,37.11,6063589,6057192,99.89
MO,Missouri,2014,5,2014-05,violent-crime,estimates,2376,39.22,6063589,6057699,99.9
MO,Missouri,2014,6,2014-06,violent-crime,estimates,2344,38.7,6063589,6056638,99.89
MO,Missouri,2014,7,2014-07,violent-crime,estimates,2432,40.15,6063589,6057043,99.89
MO,Missouri,2014,8,2014-08,violent-crime,estimates,2476,40.98,6063589,6042102,99.65
MO,Missouri,2014,9,2014-09,violent-crime,estimates,2371,39.18,6063589,6051493,99.8
MO,Missouri,2014,10,2014-10,violent-crime,estimates,2543,42.06,6063589,6046070,99.71
MO,Missouri,2014,11,2014-11,violent-crime,estimates,2228,36.87,6063589,6043524,99.67
MO,Missouri,2014,12,2014-12,violent-crime,estimates,2442,40.47,6063589,6033744,99.51
MO,Missouri,2015,1,2015-01,violent-crime,estimates,2378,39.12,6083672,6078438,99.91
MO,Missouri,2015,2,2015-02,violent-crime,estimates,1760,28.96,6083672,6078018,99.91
MO,Missouri,2015,3,2015-03,violent-crime,estimates,2282,37.55,6083672,6077328,99.9
MO,Missouri,2015,4,2015-04,violent-crime,estimates,2263,37.24,6083672,6076798,99.89
MO,Missouri,2015,5,2015-05,violent-crime,estimates,2652,43.66,6083672,6073696,99.84
MO,Missouri,2015,6,2015-06,violent-crime,estimates,2675,44.15,6083672,6059117,99.6
MO,Missouri,2015,7,2015-07,violent-crime,estimates,2885,47.57,6083672,6064605,99.69
MO,Missouri,2015,8,2015-08,violent-crime,estimates,2803,46.16,6083672,6071987,99.81
MO,Missouri,2015,9,2015-09,violent-crime,estimates,2762,45.56,6083672,6062598,99.65
MO,Missouri,2015,10,2015-10,violent-crime,estimates,2660,43.83,6083672,6068655,99.75
MO,Missouri,2015,11,2015-11,violent-crime,estimates,2598,42.8,6083672,6070070,99.78
MO,Missouri,2015,12,2015-12,violent-crime,estimates,2506,41.44,6083672,6047002,99.4
MO,Missouri,2016,1,2016-01,violent-crime,estimates,2500,41.09,6093000,6084855,99.87
MO,Missouri,2016,2,2016-02,violent-crime,estimates,2058,33.81,6093000,6086870,99.9
MO,Missouri,2016,3,2016-03,violent-crime,estimates,2450,40.26,6093000,6084796,99.87
MO,Missouri,2016,4,2016-04,violent-crime,estimates,2570,42.28,6093000,6079242,99.77
MO,Missouri,2016,5,2016-05,violent-crime,estimates,2801,46.04,6093000,6083899,99.85
MO,Missouri,2016,6,2016-06,violent-crime,estimates,2935,48.27,6093000,6079876,99.78
MO,Missouri,2016,7,2016-07,violent-crime,estimates,2925,48.17,6093000,6072439,99.66
MO,Missouri,2016,8,2016-08,violent-crime,estimates,3029,49.86,6093000,6075272,99.71
MO,Missouri,2016,9,2016-09,violent-crime,estimates,2691,44.39,6093000,6061625,99.49
MO,Missouri,2016,10,2016-10,violent-crime,estimates,2707,44.57,6093000,6074054,99.69
MO,Missouri,2016,11,2016-11,violent-crime,estimates,2612,43.06,6093000,6065733,99.55
MO,Missouri,2016,12,2016-12,violent-crime,estimates,2390,39.37,6093000,6070321,99.63
MO,Missouri,2017,1,2017-01,violent-crime,estimates,2561,41.96,6113532,6104053,99.84
MO,Missouri,2017,2,2017-02,violent-crime,estimates,2282,37.42,6113532,6098024,99.75
MO,Missouri,2017,3,2017-03,violent-crime,estimates,2538,41.71,6113532,6085513,99.54
MO,Missouri,2017,4,2017-04,violent-crime,estimates,2577,42.35,6113532,6085249,99.54
MO,Missouri,2017,5,2017-05,violent-crime,estimates,2999,49.17,6113532,6099275,99.77
MO,Missouri,2017,6,2017-06,violent-crime,estimates,2808,46.1,6113532,6091549,99.64
MO,Missouri,2017,7,2017-07,violent-crime,estimates,2860,46.9,6113532,6098261,99.75
MO,Missouri,2017,8,2017-08,violent-crime,estimates,2984,49.06,6113532,6082710,99.5
MO,Missouri,2017,9,2017-09,violent-crime,estimates,2857,46.88,6113532,6094513,99.69
MO,Missouri,2017,10,2017-10,violent-crime,estimates,3006,49.4,6113532,6085107,99.54
MO,Missouri,2017,11,2017-11,violent-crime,estimates,2596,42.57,6113532,6098209,99.75
MO,Missouri,2017,12,2017-12,violent-crime,estimates,2433,40,6113532,6082822,99.5
MT,Montana,1999,1,1999-01,violent-crime,estimates,76,16.48,883000,461267,52.24
MT,Montana,1999,2,1999-02,violent-crime,estimates,63,13.35,883000,472084,53.46
MT,Montana,1999,3,1999-03,violent-crime,estimates,88,18.68,883000,470987,53.34
MT,Montana,1999,4,1999-04,violent-crime,estimates,76,16.1,883000,472084,53.46
MT,Montana,1999,5,1999-05,violent-crime,estimates,98,20.76,883000,472084,53.46
MT,Montana,1999,6,1999-06,violent-crime,estimates,99,19.61,883000,504773,57.17
MT,Montana,1999,7,1999-07,violent-crime,estimates,80,17.64,883000,453410,51.35
MT,Montana,1999,8,1999-08,violent-crime,estimates,102,22.5,883000,453410,51.35
MT,Montana,1999,9,1999-09,violent-crime,estimates,88,19.2,883000,458429,51.92
MT,Montana,1999,10,1999-10,violent-crime,estimates,73,16.1,883000,453410,51.35
MT,Montana,1999,11,1999-11,violent-crime,estimates,66,13.51,883000,488455,55.32
MT,Montana,1999,12,1999-12,violent-crime,estimates,65,14.66,883000,443263,50.2
MT,Montana,2000,1,2000-01,violent-crime,estimates,178,27.69,902195,642874,71.26
MT,Montana,2000,2,2000-02,violent-crime,estimates,188,29.43,902195,638704,70.79
MT,Montana,2000,3,2000-03,violent-crime,estimates,240,38.34,902195,626033,69.39
MT,Montana,2000,4,2000-04,violent-crime,estimates,190,31.67,902195,599910,66.49
MT,Montana,2000,5,2000-05,violent-crime,estimates,225,37.74,902195,596158,66.08
MT,Montana,2000,6,2000-06,violent-crime,estimates,206,31.57,902195,652442,72.32
MT,Montana,2000,7,2000-07,violent-crime,estimates,276,44.26,902195,623535,69.11
MT,Montana,2000,8,2000-08,violent-crime,estimates,253,38.68,902195,654041,72.49
MT,Montana,2000,9,2000-09,violent-crime,estimates,196,32.67,902195,599910,66.49
MT,Montana,2000,10,2000-10,violent-crime,estimates,208,32.5,902195,640090,70.95
MT,Montana,2000,11,2000-11,violent-crime,estimates,175,27.97,902195,625607,69.34
MT,Montana,2000,12,2000-12,violent-crime,estimates,160,25.5,902195,627419,69.54
MT,Montana,2001,1,2001-01,violent-crime,estimates,158,30.07,904433,525486,58.1
MT,Montana,2001,2,2001-02,violent-crime,estimates,121,23.27,904433,519890,57.48
MT,Montana,2001,3,2001-03,violent-crime,estimates,155,29.5,904433,525486,58.1
MT,Montana,2001,4,2001-04,violent-crime,estimates,141,26.83,904433,525486,58.1
MT,Montana,2001,5,2001-05,violent-crime,estimates,138,26.45,904433,521806,57.69
MT,Montana,2001,6,2001-06,violent-crime,estimates,138,26.26,904433,525486,58.1
MT,Montana,2001,7,2001-07,violent-crime,estimates,167,31.78,904433,525486,58.1
MT,Montana,2001,8,2001-08,violent-crime,estimates,172,32.73,904433,525486,58.1
MT,Montana,2001,9,2001-09,violent-crime,estimates,160,30.45,904433,525486,58.1
MT,Montana,2001,10,2001-10,violent-crime,estimates,171,32.54,904433,525486,58.1
MT,Montana,2001,11,2001-11,violent-crime,estimates,124,23.6,904433,525486,58.1
MT,Montana,2001,12,2001-12,violent-crime,estimates,116,22.07,904433,525486,58.1
MT,Montana,2002,1,2002-01,violent-crime,estimates,142,23.43,909453,605984,66.63
MT,Montana,2002,2,2002-02,violent-crime,estimates,115,18.86,909453,609719,67.04
MT,Montana,2002,3,2002-03,violent-crime,estimates,182,30.35,909453,599703,65.94
MT,Montana,2002,4,2002-04,violent-crime,estimates,163,26.9,909453,605927,66.63
MT,Montana,2002,5,2002-05,violent-crime,estimates,191,31.52,909453,605927,66.63
MT,Montana,2002,6,2002-06,violent-crime,estimates,178,29.44,909453,604719,66.49
MT,Montana,2002,7,2002-07,violent-crime,estimates,206,34.07,909453,604589,66.48
MT,Montana,2002,8,2002-08,violent-crime,estimates,181,29.82,909453,606891,66.73
MT,Montana,2002,9,2002-09,violent-crime,estimates,163,26.66,909453,611486,67.24
MT,Montana,2002,10,2002-10,violent-crime,estimates,205,33.32,909453,615221,67.65
MT,Montana,2002,11,2002-11,violent-crime,estimates,179,29.1,909453,615221,67.65
MT,Montana,2002,12,2002-12,violent-crime,estimates,176,28.66,909453,614070,67.52
MT,Montana,2003,1,2003-01,violent-crime,estimates,180,24.94,917621,721757,78.66
MT,Montana,2003,2,2003-02,violent-crime,estimates,166,25.93,917621,640250,69.77
MT,Montana,2003,3,2003-03,violent-crime,estimates,201,31.74,917621,633225,69.01
MT,Montana,2003,4,2003-04,violent-crime,estimates,216,33.71,917621,640729,69.83
MT,Montana,2003,5,2003-05,violent-crime,estimates,218,34.17,917621,637965,69.52
MT,Montana,2003,6,2003-06,violent-crime,estimates,194,30.44,917621,637359,69.46
MT,Montana,2003,7,2003-07,violent-crime,estimates,196,31.04,917621,631434,68.81
MT,Montana,2003,8,2003-08,violent-crime,estimates,176,27.79,917621,633225,69.01
MT,Montana,2003,9,2003-09,violent-crime,estimates,197,32.89,917621,598937,65.27
MT,Montana,2003,10,2003-10,violent-crime,estimates,195,33.04,917621,590166,64.31
MT,Montana,2003,11,2003-11,violent-crime,estimates,132,22.02,917621,599522,65.33
MT,Montana,2003,12,2003-12,violent-crime,estimates,114,19.11,917621,596681,65.02
MT,Montana,2004,1,2004-01,violent-crime,estimates,198,22.39,926865,884352,95.41
MT,Montana,2004,2,2004-02,violent-crime,estimates,211,26.4,926865,799195,86.23
MT,Montana,2004,3,2004-03,violent-crime,estimates,152,19.21,926865,791425,85.39
MT,Montana,2004,4,2004-04,violent-crime,estimates,171,21.42,926865,798428,86.14
MT,Montana,2004,5,2004-05,violent-crime,estimates,230,28.81,926865,798428,86.14
MT,Montana,2004,6,2004-06,violent-crime,estimates,150,18.79,926865,798428,86.14
MT,Montana,2004,7,2004-07,violent-crime,estimates,185,22.11,926865,836703,90.27
MT,Montana,2004,8,2004-08,violent-crime,estimates,161,18.08,926865,890588,96.09
MT,Montana,2004,9,2004-09,violent-crime,estimates,131,15.66,926865,836703,90.27
MT,Montana,2004,10,2004-10,violent-crime,estimates,196,22.01,926865,890588,96.09
MT,Montana,2004,11,2004-11,violent-crime,estimates,169,19,926865,889472,95.97
MT,Montana,2004,12,2004-12,violent-crime,estimates,137,16.07,926865,852313,91.96
MT,Montana,2005,1,2005-01,violent-crime,estimates,182,20.56,935670,885143,94.6
MT,Montana,2005,2,2005-02,violent-crime,estimates,166,18.79,935670,883373,94.41
MT,Montana,2005,3,2005-03,violent-crime,estimates,174,19.55,935670,890160,95.14
MT,Montana,2005,4,2005-04,violent-crime,estimates,217,24.34,935670,891620,95.29
MT,Montana,2005,5,2005-05,violent-crime,estimates,210,23.59,935670,890126,95.13
MT,Montana,2005,6,2005-06,violent-crime,estimates,221,24.77,935670,892103,95.34
MT,Montana,2005,7,2005-07,violent-crime,estimates,209,23.55,935670,887292,94.83
MT,Montana,2005,8,2005-08,violent-crime,estimates,229,25.89,935670,884664,94.55
MT,Montana,2005,9,2005-09,violent-crime,estimates,213,24.1,935670,883776,94.45
MT,Montana,2005,10,2005-10,violent-crime,estimates,190,21.27,935670,893132,95.45
MT,Montana,2005,11,2005-11,violent-crime,estimates,174,19.72,935670,882464,94.31
MT,Montana,2005,12,2005-12,violent-crime,estimates,176,19.76,935670,890753,95.2
MT,Montana,2006,1,2006-01,violent-crime,estimates,233,25.6,944632,910218,96.36
MT,Montana,2006,2,2006-02,violent-crime,estimates,204,22.41,944632,910218,96.36
MT,Montana,2006,3,2006-03,violent-crime,estimates,281,30.94,944632,908161,96.14
MT,Montana,2006,4,2006-04,violent-crime,estimates,264,29.01,944632,909952,96.33
MT,Montana,2006,5,2006-05,violent-crime,estimates,281,30.88,944632,909952,96.33
MT,Montana,2006,6,2006-06,violent-crime,estimates,322,35.31,944632,911974,96.54
MT,Montana,2006,7,2006-07,violent-crime,estimates,368,40.35,944632,911974,96.54
MT,Montana,2006,8,2006-08,violent-crime,estimates,346,37.94,944632,911974,96.54
MT,Montana,2006,9,2006-09,violent-crime,estimates,324,35.61,944632,909952,96.33
MT,Montana,2006,10,2006-10,violent-crime,estimates,247,27.08,944632,912009,96.55
MT,Montana,2006,11,2006-11,violent-crime,estimates,271,29.78,944632,909952,96.33
MT,Montana,2006,12,2006-12,violent-crime,estimates,251,27.58,944632,909952,96.33
MT,Montana,2007,1,2007-01,violent-crime,estimates,261,28.14,957861,927421,96.82
MT,Montana,2007,2,2007-02,violent-crime,estimates,257,27.57,957861,932182,97.32
MT,Montana,2007,3,2007-03,violent-crime,estimates,320,34.48,957861,927995,96.88
MT,Montana,2007,4,2007-04,violent-crime,estimates,261,28.14,957861,927421,96.82
MT,Montana,2007,5,2007-05,violent-crime,estimates,303,32.67,957861,927421,96.82
MT,Montana,2007,6,2007-06,violent-crime,estimates,336,36.23,957861,927421,96.82
MT,Montana,2007,7,2007-07,violent-crime,estimates,358,38.58,957861,927995,96.88
MT,Montana,2007,8,2007-08,violent-crime,estimates,326,35.13,957861,927995,96.88
MT,Montana,2007,9,2007-09,violent-crime,estimates,311,33.51,957861,927995,96.88
MT,Montana,2007,10,2007-10,violent-crime,estimates,301,32.27,957861,932756,97.38
MT,Montana,2007,11,2007-11,violent-crime,estimates,247,26.6,957861,928744,96.96
MT,Montana,2007,12,2007-12,violent-crime,estimates,237,25.4,957861,932931,97.4
MT,Montana,2008,1,2008-01,violent-crime,estimates,257,27.06,967440,949652,98.16
MT,Montana,2008,2,2008-02,violent-crime,estimates,220,23.25,967440,946077,97.79
MT,Montana,2008,3,2008-03,violent-crime,estimates,274,28.76,967440,952749,98.48
MT,Montana,2008,4,2008-04,violent-crime,estimates,283,29.93,967440,945395,97.72
MT,Montana,2008,5,2008-05,violent-crime,estimates,257,27.23,967440,943937,97.57
MT,Montana,2008,6,2008-06,violent-crime,estimates,265,27.91,967440,949519,98.15
MT,Montana,2008,7,2008-07,violent-crime,estimates,249,26.13,967440,953059,98.51
MT,Montana,2008,8,2008-08,violent-crime,estimates,246,25.83,967440,952201,98.42
MT,Montana,2008,9,2008-09,violent-crime,estimates,261,27.58,967440,946455,97.83
MT,Montana,2008,10,2008-10,violent-crime,estimates,244,25.75,967440,947485,97.94
MT,Montana,2008,11,2008-11,violent-crime,estimates,222,23.43,967440,947485,97.94
MT,Montana,2008,12,2008-12,violent-crime,estimates,191,19.97,967440,956634,98.88
MT,Montana,2009,1,2009-01,violent-crime,estimates,273,28.28,974989,965182,98.99
MT,Montana,2009,2,2009-02,violent-crime,estimates,176,18.23,974989,965182,98.99
MT,Montana,2009,3,2009-03,violent-crime,estimates,213,22.04,974989,966269,99.11
MT,Montana,2009,4,2009-04,violent-crime,estimates,210,21.76,974989,965182,98.99
MT,Montana,2009,5,2009-05,violent-crime,estimates,238,24.61,974989,967166,99.2
MT,Montana,2009,6,2009-06,violent-crime,estimates,231,23.88,974989,967166,99.2
MT,Montana,2009,7,2009-07,violent-crime,estimates,271,28.08,974989,965182,98.99
MT,Montana,2009,8,2009-08,violent-crime,estimates,252,26.11,974989,965182,98.99
MT,Montana,2009,9,2009-09,violent-crime,estimates,300,31.08,974989,965182,98.99
MT,Montana,2009,10,2009-10,violent-crime,estimates,216,22.38,974989,965182,98.99
MT,Montana,2009,11,2009-11,violent-crime,estimates,213,22.07,974989,965182,98.99
MT,Montana,2009,12,2009-12,violent-crime,estimates,188,19.48,974989,965182,98.99
MT,Montana,2010,1,2010-01,violent-crime,estimates,174,17.72,989415,981746,99.22
MT,Montana,2010,2,2010-02,violent-crime,estimates,176,17.93,989415,981746,99.22
MT,Montana,2010,3,2010-03,violent-crime,estimates,220,22.58,989415,974151,98.46
MT,Montana,2010,4,2010-04,violent-crime,estimates,209,21.31,989415,980936,99.14
MT,Montana,2010,5,2010-05,violent-crime,estimates,268,27.55,989415,972867,98.33
MT,Montana,2010,6,2010-06,violent-crime,estimates,284,29.13,989415,975035,98.55
MT,Montana,2010,7,2010-07,violent-crime,estimates,257,26.57,989415,967124,97.75
MT,Montana,2010,8,2010-08,violent-crime,estimates,224,23.14,989415,968008,97.84
MT,Montana,2010,9,2010-09,violent-crime,estimates,259,26.76,989415,968008,97.84
MT,Montana,2010,10,2010-10,violent-crime,estimates,226,23.4,989415,965840,97.62
MT,Montana,2010,11,2010-11,violent-crime,estimates,179,18.55,989415,964956,97.53
MT,Montana,2010,12,2010-12,violent-crime,estimates,206,21.33,989415,965840,97.62
MT,Montana,2011,1,2011-01,violent-crime,estimates,207,20.92,998199,989646,99.14
MT,Montana,2011,2,2011-02,violent-crime,estimates,175,17.72,998199,987760,98.95
MT,Montana,2011,3,2011-03,violent-crime,estimates,237,23.99,998199,987760,98.95
MT,Montana,2011,4,2011-04,violent-crime,estimates,183,18.54,998199,986868,98.86
MT,Montana,2011,5,2011-05,violent-crime,estimates,256,25.92,998199,987760,98.95
MT,Montana,2011,6,2011-06,violent-crime,estimates,246,24.9,998199,987760,98.95
MT,Montana,2011,7,2011-07,violent-crime,estimates,288,29.16,998199,987760,98.95
MT,Montana,2011,8,2011-08,violent-crime,estimates,263,26.63,998199,987760,98.95
MT,Montana,2011,9,2011-09,violent-crime,estimates,235,23.79,998199,987760,98.95
MT,Montana,2011,10,2011-10,violent-crime,estimates,254,25.71,998199,987760,98.95
MT,Montana,2011,11,2011-11,violent-crime,estimates,177,17.9,998199,988577,99.04
MT,Montana,2011,12,2011-12,violent-crime,estimates,196,19.84,998199,987685,98.95
MT,Montana,2012,1,2012-01,violent-crime,estimates,228,22.91,1005141,995410,99.03
MT,Montana,2012,2,2012-02,violent-crime,estimates,230,23.11,1005141,995410,99.03
MT,Montana,2012,3,2012-03,violent-crime,estimates,253,25.44,1005141,994585,98.95
MT,Montana,2012,4,2012-04,violent-crime,estimates,227,22.82,1005141,994585,98.95
MT,Montana,2012,5,2012-05,violent-crime,estimates,208,20.91,1005141,994585,98.95
MT,Montana,2012,6,2012-06,violent-crime,estimates,258,25.94,1005141,994585,98.95
MT,Montana,2012,7,2012-07,violent-crime,estimates,258,25.94,1005141,994585,98.95
MT,Montana,2012,8,2012-08,violent-crime,estimates,270,27.15,1005141,994585,98.95
MT,Montana,2012,9,2012-09,violent-crime,estimates,205,20.61,1005141,994585,98.95
MT,Montana,2012,10,2012-10,violent-crime,estimates,226,22.72,1005141,994585,98.95
MT,Montana,2012,11,2012-11,violent-crime,estimates,213,21.42,1005141,994585,98.95
MT,Montana,2012,12,2012-12,violent-crime,estimates,197,19.81,1005141,994585,98.95
MT,Montana,2013,1,2013-01,violent-crime,estimates,203,20.49,1015165,990527,97.57
MT,Montana,2013,2,2013-02,violent-crime,estimates,194,19.65,1015165,987390,97.26
MT,Montana,2013,3,2013-03,violent-crime,estimates,221,22.47,1015165,983704,96.9
MT,Montana,2013,4,2013-04,violent-crime,estimates,179,18.14,1015165,986841,97.21
MT,Montana,2013,5,2013-05,violent-crime,estimates,243,24.62,1015165,986841,97.21
MT,Montana,2013,6,2013-06,violent-crime,estimates,261,26.45,1015165,986841,97.21
MT,Montana,2013,7,2013-07,violent-crime,estimates,286,28.98,1015165,986841,97.21
MT,Montana,2013,8,2013-08,violent-crime,estimates,300,30.47,1015165,984471,96.98
MT,Montana,2013,9,2013-09,violent-crime,estimates,248,25.19,1015165,984471,96.98
MT,Montana,2013,10,2013-10,violent-crime,estimates,261,26.51,1015165,984471,96.98
MT,Montana,2013,11,2013-11,violent-crime,estimates,224,22.72,1015165,986012,97.13
MT,Montana,2013,12,2013-12,violent-crime,estimates,222,22.5,1015165,986841,97.21
MT,Montana,2014,1,2014-01,violent-crime,estimates,242,24.3,1023579,996032,97.31
MT,Montana,2014,2,2014-02,violent-crime,estimates,221,22.28,1023579,991831,96.9
MT,Montana,2014,3,2014-03,violent-crime,estimates,272,27.31,1023579,996032,97.31
MT,Montana,2014,4,2014-04,violent-crime,estimates,270,27.12,1023579,995521,97.26
MT,Montana,2014,5,2014-05,violent-crime,estimates,283,28.41,1023579,996032,97.31
MT,Montana,2014,6,2014-06,violent-crime,estimates,271,27.22,1023579,995521,97.26
MT,Montana,2014,7,2014-07,violent-crime,estimates,301,30.22,1023579,996032,97.31
MT,Montana,2014,8,2014-08,violent-crime,estimates,350,34.68,1023579,1009133,98.59
MT,Montana,2014,9,2014-09,violent-crime,estimates,298,29.89,1023579,996903,97.39
MT,Montana,2014,10,2014-10,violent-crime,estimates,283,28.39,1023579,996903,97.39
MT,Montana,2014,11,2014-11,violent-crime,estimates,195,19.64,1023579,992702,96.98
MT,Montana,2014,12,2014-12,violent-crime,estimates,254,25.6,1023579,992091,96.92
MT,Montana,2015,1,2015-01,violent-crime,estimates,282,27.57,1032949,1023016,99.04
MT,Montana,2015,2,2015-02,violent-crime,estimates,210,20.54,1032949,1022570,99
MT,Montana,2015,3,2015-03,violent-crime,estimates,305,29.83,1032949,1022570,99
MT,Montana,2015,4,2015-04,violent-crime,estimates,289,28.6,1032949,1010422,97.82
MT,Montana,2015,5,2015-05,violent-crime,estimates,294,29.16,1032949,1008132,97.6
MT,Montana,2015,6,2015-06,violent-crime,estimates,326,31.86,1032949,1023324,99.07
MT,Montana,2015,7,2015-07,violent-crime,estimates,331,32.77,1032949,1009939,97.77
MT,Montana,2015,8,2015-08,violent-crime,estimates,326,31.91,1032949,1021517,98.89
MT,Montana,2015,9,2015-09,violent-crime,estimates,324,32.01,1032949,1012301,98
MT,Montana,2015,10,2015-10,violent-crime,estimates,318,31.08,1032949,1023324,99.07
MT,Montana,2015,11,2015-11,violent-crime,estimates,287,28.01,1032949,1024805,99.21
MT,Montana,2015,12,2015-12,violent-crime,estimates,290,28.36,1032949,1022443,98.98
MT,Montana,2016,1,2016-01,violent-crime,estimates,327,31.51,1042520,1037745,99.54
MT,Montana,2016,2,2016-02,violent-crime,estimates,272,26.22,1042520,1037300,99.5
MT,Montana,2016,3,2016-03,violent-crime,estimates,316,30.46,1042520,1037300,99.5
MT,Montana,2016,4,2016-04,violent-crime,estimates,306,29.53,1042520,1036405,99.41
MT,Montana,2016,5,2016-05,violent-crime,estimates,364,35.12,1042520,1036405,99.41
MT,Montana,2016,6,2016-06,violent-crime,estimates,349,33.67,1042520,1036405,99.41
MT,Montana,2016,7,2016-07,violent-crime,estimates,383,36.95,1042520,1036405,99.41
MT,Montana,2016,8,2016-08,violent-crime,estimates,359,34.64,1042520,1036405,99.41
MT,Montana,2016,9,2016-09,violent-crime,estimates,316,30.49,1042520,1036405,99.41
MT,Montana,2016,10,2016-10,violent-crime,estimates,305,29.43,1042520,1036405,99.41
MT,Montana,2016,11,2016-11,violent-crime,estimates,314,30.22,1042520,1038944,99.66
MT,Montana,2016,12,2016-12,violent-crime,estimates,262,25.18,1042520,1040708,99.83
MT,Montana,2017,1,2017-01,violent-crime,estimates,274,26.12,1050493,1048970,99.86
MT,Montana,2017,2,2017-02,violent-crime,estimates,312,29.74,1050493,1048970,99.86
MT,Montana,2017,3,2017-03,violent-crime,estimates,319,30.41,1050493,1048970,99.86
MT,Montana,2017,4,2017-04,violent-crime,estimates,304,29,1050493,1048283,99.79
MT,Montana,2017,5,2017-05,violent-crime,estimates,360,34.32,1050493,1048970,99.86
MT,Montana,2017,6,2017-06,violent-crime,estimates,380,36.23,1050493,1048970,99.86
MT,Montana,2017,7,2017-07,violent-crime,estimates,431,41.09,1050493,1048970,99.86
MT,Montana,2017,8,2017-08,violent-crime,estimates,348,33.14,1050493,1050005,99.95
MT,Montana,2017,9,2017-09,violent-crime,estimates,343,32.7,1050493,1048970,99.86
MT,Montana,2017,10,2017-10,violent-crime,estimates,313,29.84,1050493,1048970,99.86
MT,Montana,2017,11,2017-11,violent-crime,estimates,311,29.65,1050493,1048970,99.86
MT,Montana,2017,12,2017-12,violent-crime,estimates,303,28.89,1050493,1048970,99.86
NE,Nebraska,1999,1,1999-01,violent-crime,estimates,583,35.29,1666000,1652175,99.17
NE,Nebraska,1999,2,1999-02,violent-crime,estimates,466,28.18,1666000,1653730,99.26
NE,Nebraska,1999,3,1999-03,violent-crime,estimates,569,34.38,1666000,1655137,99.35
NE,Nebraska,1999,4,1999-04,violent-crime,estimates,570,35,1666000,1628701,97.76
NE,Nebraska,1999,5,1999-05,violent-crime,estimates,467,28.7,1666000,1627341,97.68
NE,Nebraska,1999,6,1999-06,violent-crime,estimates,567,34.84,1666000,1627341,97.68
NE,Nebraska,1999,7,1999-07,violent-crime,estimates,686,42.36,1666000,1619534,97.21
NE,Nebraska,1999,8,1999-08,violent-crime,estimates,693,42.97,1666000,1612904,96.81
NE,Nebraska,1999,9,1999-09,violent-crime,estimates,647,40.09,1666000,1613833,96.87
NE,Nebraska,1999,10,1999-10,violent-crime,estimates,595,37.13,1666000,1602444,96.19
NE,Nebraska,1999,11,1999-11,violent-crime,estimates,566,35.91,1666000,1576000,94.6
NE,Nebraska,1999,12,1999-12,violent-crime,estimates,621,39.23,1666000,1583020,95.02
NE,Nebraska,2000,1,2000-01,violent-crime,estimates,423,25.21,1711263,1678065,98.06
NE,Nebraska,2000,2,2000-02,violent-crime,estimates,404,24.42,1711263,1654134,96.66
NE,Nebraska,2000,3,2000-03,violent-crime,estimates,474,28.84,1711263,1643435,96.04
NE,Nebraska,2000,4,2000-04,violent-crime,estimates,521,31.63,1711263,1647095,96.25
NE,Nebraska,2000,5,2000-05,violent-crime,estimates,501,30.73,1711263,1630114,95.26
NE,Nebraska,2000,6,2000-06,violent-crime,estimates,499,30.63,1711263,1629345,95.21
NE,Nebraska,2000,7,2000-07,violent-crime,estimates,520,31.81,1711263,1634749,95.53
NE,Nebraska,2000,8,2000-08,violent-crime,estimates,500,30.67,1711263,1630118,95.26
NE,Nebraska,2000,9,2000-09,violent-crime,estimates,501,30.86,1711263,1623324,94.86
NE,Nebraska,2000,10,2000-10,violent-crime,estimates,447,27.69,1711263,1614146,94.32
NE,Nebraska,2000,11,2000-11,violent-crime,estimates,394,24.59,1711263,1602382,93.64
NE,Nebraska,2000,12,2000-12,violent-crime,estimates,348,21.89,1711263,1589785,92.9
NE,Nebraska,2001,1,2001-01,violent-crime,estimates,398,24.51,1713235,1623998,94.79
NE,Nebraska,2001,2,2001-02,violent-crime,estimates,312,19.23,1713235,1622094,94.68
NE,Nebraska,2001,3,2001-03,violent-crime,estimates,454,28.25,1713235,1607088,93.8
NE,Nebraska,2001,4,2001-04,violent-crime,estimates,424,26.57,1713235,1595828,93.15
NE,Nebraska,2001,5,2001-05,violent-crime,estimates,428,26.85,1713235,1593829,93.03
NE,Nebraska,2001,6,2001-06,violent-crime,estimates,460,28.94,1713235,1589506,92.78
NE,Nebraska,2001,7,2001-07,violent-crime,estimates,490,31.11,1713235,1574963,91.93
NE,Nebraska,2001,8,2001-08,violent-crime,estimates,405,25.48,1713235,1589491,92.78
NE,Nebraska,2001,9,2001-09,violent-crime,estimates,418,26.63,1713235,1569696,91.62
NE,Nebraska,2001,10,2001-10,violent-crime,estimates,442,28.26,1713235,1563967,91.29
NE,Nebraska,2001,11,2001-11,violent-crime,estimates,402,25.47,1713235,1578484,92.13
NE,Nebraska,2001,12,2001-12,violent-crime,estimates,375,23.91,1713235,1568360,91.54
NE,Nebraska,2002,1,2002-01,violent-crime,estimates,409,25.1,1729180,1629277,94.22
NE,Nebraska,2002,2,2002-02,violent-crime,estimates,336,20.54,1729180,1635895,94.61
NE,Nebraska,2002,3,2002-03,violent-crime,estimates,409,25.09,1729180,1630197,94.28
NE,Nebraska,2002,4,2002-04,violent-crime,estimates,454,27.89,1729180,1627783,94.14
NE,Nebraska,2002,5,2002-05,violent-crime,estimates,505,31.07,1729180,1625158,93.98
NE,Nebraska,2002,6,2002-06,violent-crime,estimates,449,27.6,1729180,1626867,94.08
NE,Nebraska,2002,7,2002-07,violent-crime,estimates,511,31.74,1729180,1610183,93.12
NE,Nebraska,2002,8,2002-08,violent-crime,estimates,504,31.11,1729180,1620280,93.7
NE,Nebraska,2002,9,2002-09,violent-crime,estimates,477,29.48,1729180,1618225,93.58
NE,Nebraska,2002,10,2002-10,violent-crime,estimates,455,28.14,1729180,1616759,93.5
NE,Nebraska,2002,11,2002-11,violent-crime,estimates,392,24.28,1729180,1614233,93.35
NE,Nebraska,2002,12,2002-12,violent-crime,estimates,392,24.26,1729180,1615601,93.43
NE,Nebraska,2003,1,2003-01,violent-crime,estimates,404,24.39,1739291,1656565,95.24
NE,Nebraska,2003,2,2003-02,violent-crime,estimates,332,20.03,1739291,1657794,95.31
NE,Nebraska,2003,3,2003-03,violent-crime,estimates,448,26.96,1739291,1661783,95.54
NE,Nebraska,2003,4,2003-04,violent-crime,estimates,411,24.89,1739291,1651487,94.95
NE,Nebraska,2003,5,2003-05,violent-crime,estimates,448,27.26,1739291,1643153,94.47
NE,Nebraska,2003,6,2003-06,violent-crime,estimates,432,26.34,1739291,1640370,94.31
NE,Nebraska,2003,7,2003-07,violent-crime,estimates,468,28.6,1739291,1636614,94.1
NE,Nebraska,2003,8,2003-08,violent-crime,estimates,511,30.99,1739291,1649018,94.81
NE,Nebraska,2003,9,2003-09,violent-crime,estimates,389,23.55,1739291,1651875,94.97
NE,Nebraska,2003,10,2003-10,violent-crime,estimates,434,26.34,1739291,1647788,94.74
NE,Nebraska,2003,11,2003-11,violent-crime,estimates,378,22.88,1739291,1652053,94.98
NE,Nebraska,2003,12,2003-12,violent-crime,estimates,356,21.45,1739291,1659804,95.43
NE,Nebraska,2004,1,2004-01,violent-crime,estimates,388,23.08,1747214,1680757,96.2
NE,Nebraska,2004,2,2004-02,violent-crime,estimates,348,20.7,1747214,1680757,96.2
NE,Nebraska,2004,3,2004-03,violent-crime,estimates,474,28.4,1747214,1668811,95.51
NE,Nebraska,2004,4,2004-04,violent-crime,estimates,403,24.11,1747214,1671222,95.65
NE,Nebraska,2004,5,2004-05,violent-crime,estimates,469,27.76,1747214,1689516,96.7
NE,Nebraska,2004,6,2004-06,violent-crime,estimates,453,27.06,1747214,1674034,95.81
NE,Nebraska,2004,7,2004-07,violent-crime,estimates,477,28.65,1747214,1664881,95.29
NE,Nebraska,2004,8,2004-08,violent-crime,estimates,534,32.15,1747214,1660851,95.06
NE,Nebraska,2004,9,2004-09,violent-crime,estimates,447,26.98,1747214,1656746,94.82
NE,Nebraska,2004,10,2004-10,violent-crime,estimates,478,28.97,1747214,1649828,94.43
NE,Nebraska,2004,11,2004-11,violent-crime,estimates,414,25.08,1747214,1650908,94.49
NE,Nebraska,2004,12,2004-12,violent-crime,estimates,407,24.74,1747214,1645407,94.17
NE,Nebraska,2005,1,2005-01,violent-crime,estimates,364,21.82,1758787,1668119,94.84
NE,Nebraska,2005,2,2005-02,violent-crime,estimates,330,19.83,1758787,1663975,94.61
NE,Nebraska,2005,3,2005-03,violent-crime,estimates,393,23.49,1758787,1672730,95.11
NE,Nebraska,2005,4,2005-04,violent-crime,estimates,442,26.66,1758787,1657818,94.26
NE,Nebraska,2005,5,2005-05,violent-crime,estimates,455,27.16,1758787,1675364,95.26
NE,Nebraska,2005,6,2005-06,violent-crime,estimates,378,22.93,1758787,1648626,93.74
NE,Nebraska,2005,7,2005-07,violent-crime,estimates,412,25.06,1758787,1644150,93.48
NE,Nebraska,2005,8,2005-08,violent-crime,estimates,449,27.39,1758787,1639001,93.19
NE,Nebraska,2005,9,2005-09,violent-crime,estimates,457,28.19,1758787,1621398,92.19
NE,Nebraska,2005,10,2005-10,violent-crime,estimates,471,29.05,1758787,1621398,92.19
NE,Nebraska,2005,11,2005-11,violent-crime,estimates,422,25.83,1758787,1633555,92.88
NE,Nebraska,2005,12,2005-12,violent-crime,estimates,360,22.31,1758787,1613388,91.73
NE,Nebraska,2006,1,2006-01,violent-crime,estimates,388,23.19,1768331,1673253,94.62
NE,Nebraska,2006,2,2006-02,violent-crime,estimates,367,21.95,1768331,1671851,94.54
NE,Nebraska,2006,3,2006-03,violent-crime,estimates,409,24.71,1768331,1655473,93.62
NE,Nebraska,2006,4,2006-04,violent-crime,estimates,454,27.24,1768331,1666617,94.25
NE,Nebraska,2006,5,2006-05,violent-crime,estimates,436,26.1,1768331,1670739,94.48
NE,Nebraska,2006,6,2006-06,violent-crime,estimates,422,25.34,1768331,1665525,94.19
NE,Nebraska,2006,7,2006-07,violent-crime,estimates,499,30.57,1768331,1632233,92.3
NE,Nebraska,2006,8,2006-08,violent-crime,estimates,409,24.98,1768331,1637338,92.59
NE,Nebraska,2006,9,2006-09,violent-crime,estimates,414,25.35,1768331,1633347,92.37
NE,Nebraska,2006,10,2006-10,violent-crime,estimates,447,27.46,1768331,1627901,92.06
NE,Nebraska,2006,11,2006-11,violent-crime,estimates,378,23.26,1768331,1625291,91.91
NE,Nebraska,2006,12,2006-12,violent-crime,estimates,409,24.95,1768331,1639548,92.72
NE,Nebraska,2007,1,2007-01,violent-crime,estimates,389,22.77,1774571,1708735,96.29
NE,Nebraska,2007,2,2007-02,violent-crime,estimates,327,19.13,1774571,1709368,96.33
NE,Nebraska,2007,3,2007-03,violent-crime,estimates,458,26.79,1774571,1709368,96.33
NE,Nebraska,2007,4,2007-04,violent-crime,estimates,470,27.5,1774571,1709368,96.33
NE,Nebraska,2007,5,2007-05,violent-crime,estimates,498,29.13,1774571,1709368,96.33
NE,Nebraska,2007,6,2007-06,violent-crime,estimates,497,29.11,1774571,1707417,96.22
NE,Nebraska,2007,7,2007-07,violent-crime,estimates,512,30.71,1774571,1667239,93.95
NE,Nebraska,2007,8,2007-08,violent-crime,estimates,463,27.56,1774571,1680236,94.68
NE,Nebraska,2007,9,2007-09,violent-crime,estimates,490,29.24,1774571,1675749,94.43
NE,Nebraska,2007,10,2007-10,violent-crime,estimates,463,27.63,1774571,1675749,94.43
NE,Nebraska,2007,11,2007-11,violent-crime,estimates,426,25.5,1774571,1670824,94.15
NE,Nebraska,2007,12,2007-12,violent-crime,estimates,348,20.85,1774571,1668730,94.04
NE,Nebraska,2008,1,2008-01,violent-crime,estimates,355,20.85,1783432,1702927,95.49
NE,Nebraska,2008,2,2008-02,violent-crime,estimates,359,21.23,1783432,1690933,94.81
NE,Nebraska,2008,3,2008-03,violent-crime,estimates,414,24.48,1783432,1690933,94.81
NE,Nebraska,2008,4,2008-04,violent-crime,estimates,444,26.43,1783432,1679821,94.19
NE,Nebraska,2008,5,2008-05,violent-crime,estimates,442,26.31,1783432,1679821,94.19
NE,Nebraska,2008,6,2008-06,violent-crime,estimates,515,30.66,1783432,1679821,94.19
NE,Nebraska,2008,7,2008-07,violent-crime,estimates,517,30.8,1783432,1678469,94.11
NE,Nebraska,2008,8,2008-08,violent-crime,estimates,522,31.1,1783432,1678469,94.11
NE,Nebraska,2008,9,2008-09,violent-crime,estimates,520,31.01,1783432,1676702,94.02
NE,Nebraska,2008,10,2008-10,violent-crime,estimates,418,24.9,1783432,1678469,94.11
NE,Nebraska,2008,11,2008-11,violent-crime,estimates,478,28.61,1783432,1670682,93.68
NE,Nebraska,2008,12,2008-12,violent-crime,estimates,434,25.94,1783432,1672966,93.81
NE,Nebraska,2009,1,2009-01,violent-crime,estimates,390,23.29,1796619,1674647,93.21
NE,Nebraska,2009,2,2009-02,violent-crime,estimates,341,20.13,1796619,1693694,94.27
NE,Nebraska,2009,3,2009-03,violent-crime,estimates,389,23.07,1796619,1685924,93.84
NE,Nebraska,2009,4,2009-04,violent-crime,estimates,415,24.68,1796619,1681334,93.58
NE,Nebraska,2009,5,2009-05,violent-crime,estimates,480,28.56,1796619,1680930,93.56
NE,Nebraska,2009,6,2009-06,violent-crime,estimates,476,28.38,1796619,1677228,93.35
NE,Nebraska,2009,7,2009-07,violent-crime,estimates,484,28.8,1796619,1680837,93.56
NE,Nebraska,2009,8,2009-08,violent-crime,estimates,459,27.26,1796619,1683806,93.72
NE,Nebraska,2009,9,2009-09,violent-crime,estimates,492,29.22,1796619,1683806,93.72
NE,Nebraska,2009,10,2009-10,violent-crime,estimates,421,24.91,1796619,1689889,94.06
NE,Nebraska,2009,11,2009-11,violent-crime,estimates,360,21.3,1796619,1689889,94.06
NE,Nebraska,2009,12,2009-12,violent-crime,estimates,334,20.04,1796619,1666482,92.76
NE,Nebraska,2010,1,2010-01,violent-crime,estimates,376,21.85,1826341,1721051,94.23
NE,Nebraska,2010,2,2010-02,violent-crime,estimates,317,18.62,1826341,1702920,93.24
NE,Nebraska,2010,3,2010-03,violent-crime,estimates,438,25.61,1826341,1710538,93.66
NE,Nebraska,2010,4,2010-04,violent-crime,estimates,437,25.79,1826341,1694498,92.78
NE,Nebraska,2010,5,2010-05,violent-crime,estimates,419,24.73,1826341,1694498,92.78
NE,Nebraska,2010,6,2010-06,violent-crime,estimates,420,24.79,1826341,1694498,92.78
NE,Nebraska,2010,7,2010-07,violent-crime,estimates,511,30.04,1826341,1700859,93.13
NE,Nebraska,2010,8,2010-08,violent-crime,estimates,521,30.67,1826341,1698569,93
NE,Nebraska,2010,9,2010-09,violent-crime,estimates,445,26.25,1826341,1695164,92.82
NE,Nebraska,2010,10,2010-10,violent-crime,estimates,405,23.88,1826341,1695780,92.85
NE,Nebraska,2010,11,2010-11,violent-crime,estimates,351,20.66,1826341,1698932,93.02
NE,Nebraska,2010,12,2010-12,violent-crime,estimates,329,19.37,1826341,1698932,93.02
NE,Nebraska,2011,1,2011-01,violent-crime,estimates,357,20.47,1842641,1743791,94.64
NE,Nebraska,2011,2,2011-02,violent-crime,estimates,286,16.45,1842641,1738836,94.37
NE,Nebraska,2011,3,2011-03,violent-crime,estimates,357,20.55,1842641,1737022,94.27
NE,Nebraska,2011,4,2011-04,violent-crime,estimates,359,20.69,1842641,1735150,94.17
NE,Nebraska,2011,5,2011-05,violent-crime,estimates,400,23.11,1842641,1730873,93.93
NE,Nebraska,2011,6,2011-06,violent-crime,estimates,374,21.61,1842641,1730873,93.93
NE,Nebraska,2011,7,2011-07,violent-crime,estimates,452,26.15,1842641,1728605,93.81
NE,Nebraska,2011,8,2011-08,violent-crime,estimates,447,25.83,1842641,1730604,93.92
NE,Nebraska,2011,9,2011-09,violent-crime,estimates,338,19.55,1842641,1728592,93.81
NE,Nebraska,2011,10,2011-10,violent-crime,estimates,466,26.98,1842641,1727255,93.74
NE,Nebraska,2011,11,2011-11,violent-crime,estimates,375,21.75,1842641,1724258,93.58
NE,Nebraska,2011,12,2011-12,violent-crime,estimates,353,20.45,1842641,1726035,93.67
NE,Nebraska,2012,1,2012-01,violent-crime,estimates,329,19.06,1855525,1726477,93.05
NE,Nebraska,2012,2,2012-02,violent-crime,estimates,264,15.25,1855525,1730742,93.28
NE,Nebraska,2012,3,2012-03,violent-crime,estimates,387,22.4,1855525,1727339,93.09
NE,Nebraska,2012,4,2012-04,violent-crime,estimates,370,21.51,1855525,1720300,92.71
NE,Nebraska,2012,5,2012-05,violent-crime,estimates,423,24.59,1855525,1720300,92.71
NE,Nebraska,2012,6,2012-06,violent-crime,estimates,449,26.1,1855525,1720300,92.71
NE,Nebraska,2012,7,2012-07,violent-crime,estimates,482,27.95,1855525,1724554,92.94
NE,Nebraska,2012,8,2012-08,violent-crime,estimates,413,23.96,1855525,1723348,92.88
NE,Nebraska,2012,9,2012-09,violent-crime,estimates,440,25.53,1855525,1723348,92.88
NE,Nebraska,2012,10,2012-10,violent-crime,estimates,398,23.09,1855525,1723348,92.88
NE,Nebraska,2012,11,2012-11,violent-crime,estimates,396,22.98,1855525,1723348,92.88
NE,Nebraska,2012,12,2012-12,violent-crime,estimates,341,19.79,1855525,1723348,92.88
NE,Nebraska,2013,1,2013-01,violent-crime,estimates,373,21.26,1868516,1754290,93.89
NE,Nebraska,2013,2,2013-02,violent-crime,estimates,300,17.1,1868516,1754290,93.89
NE,Nebraska,2013,3,2013-03,violent-crime,estimates,320,18.24,1868516,1754290,93.89
NE,Nebraska,2013,4,2013-04,violent-crime,estimates,401,22.97,1868516,1745431,93.41
NE,Nebraska,2013,5,2013-05,violent-crime,estimates,442,25.22,1868516,1752262,93.78
NE,Nebraska,2013,6,2013-06,violent-crime,estimates,402,22.94,1868516,1752262,93.78
NE,Nebraska,2013,7,2013-07,violent-crime,estimates,462,26.57,1868516,1738625,93.05
NE,Nebraska,2013,8,2013-08,violent-crime,estimates,425,24.48,1868516,1735786,92.9
NE,Nebraska,2013,9,2013-09,violent-crime,estimates,403,23.27,1868516,1732066,92.7
NE,Nebraska,2013,10,2013-10,violent-crime,estimates,410,23.68,1868516,1731266,92.65
NE,Nebraska,2013,11,2013-11,violent-crime,estimates,386,22.32,1868516,1729238,92.55
NE,Nebraska,2013,12,2013-12,violent-crime,estimates,357,20.5,1868516,1741552,93.21
NE,Nebraska,2014,1,2014-01,violent-crime,estimates,377,21.33,1881503,1767428,93.94
NE,Nebraska,2014,2,2014-02,violent-crime,estimates,328,18.89,1881503,1735953,92.26
NE,Nebraska,2014,3,2014-03,violent-crime,estimates,367,20.79,1881503,1765641,93.84
NE,Nebraska,2014,4,2014-04,violent-crime,estimates,388,21.96,1881503,1766493,93.89
NE,Nebraska,2014,5,2014-05,violent-crime,estimates,436,24.63,1881503,1769969,94.07
NE,Nebraska,2014,6,2014-06,violent-crime,estimates,465,26.31,1881503,1767541,93.94
NE,Nebraska,2014,7,2014-07,violent-crime,estimates,473,26.6,1881503,1778149,94.51
NE,Nebraska,2014,8,2014-08,violent-crime,estimates,431,24.24,1881503,1778149,94.51
NE,Nebraska,2014,9,2014-09,violent-crime,estimates,466,26.33,1881503,1769890,94.07
NE,Nebraska,2014,10,2014-10,violent-crime,estimates,410,23.09,1881503,1775580,94.37
NE,Nebraska,2014,11,2014-11,violent-crime,estimates,396,22.26,1881503,1779347,94.57
NE,Nebraska,2014,12,2014-12,violent-crime,estimates,381,21.43,1881503,1778274,94.51
NE,Nebraska,2015,1,2015-01,violent-crime,estimates,326,17.89,1896190,1822492,96.11
NE,Nebraska,2015,2,2015-02,violent-crime,estimates,325,17.77,1896190,1829358,96.48
NE,Nebraska,2015,3,2015-03,violent-crime,estimates,403,22.03,1896190,1829358,96.48
NE,Nebraska,2015,4,2015-04,violent-crime,estimates,429,23.65,1896190,1813709,95.65
NE,Nebraska,2015,5,2015-05,violent-crime,estimates,432,23.67,1896190,1824734,96.23
NE,Nebraska,2015,6,2015-06,violent-crime,estimates,479,26.31,1896190,1820574,96.01
NE,Nebraska,2015,7,2015-07,violent-crime,estimates,458,25.16,1896190,1820574,96.01
NE,Nebraska,2015,8,2015-08,violent-crime,estimates,413,22.69,1896190,1820085,95.99
NE,Nebraska,2015,9,2015-09,violent-crime,estimates,461,25.3,1896190,1822080,96.09
NE,Nebraska,2015,10,2015-10,violent-crime,estimates,409,22.47,1896190,1820085,95.99
NE,Nebraska,2015,11,2015-11,violent-crime,estimates,380,20.9,1896190,1818377,95.9
NE,Nebraska,2015,12,2015-12,violent-crime,estimates,410,22.46,1896190,1825653,96.28
NE,Nebraska,2016,1,2016-01,violent-crime,estimates,350,19.06,1907116,1836506,96.3
NE,Nebraska,2016,2,2016-02,violent-crime,estimates,337,18.3,1907116,1841664,96.57
NE,Nebraska,2016,3,2016-03,violent-crime,estimates,422,22.91,1907116,1841664,96.57
NE,Nebraska,2016,4,2016-04,violent-crime,estimates,396,21.48,1907116,1843740,96.68
NE,Nebraska,2016,5,2016-05,violent-crime,estimates,522,28.25,1907116,1847985,96.9
NE,Nebraska,2016,6,2016-06,violent-crime,estimates,504,27.34,1907116,1843740,96.68
NE,Nebraska,2016,7,2016-07,violent-crime,estimates,516,28.04,1907116,1840237,96.49
NE,Nebraska,2016,8,2016-08,violent-crime,estimates,501,27.17,1907116,1843740,96.68
NE,Nebraska,2016,9,2016-09,violent-crime,estimates,528,28.81,1907116,1832913,96.11
NE,Nebraska,2016,10,2016-10,violent-crime,estimates,488,26.49,1907116,1842278,96.6
NE,Nebraska,2016,11,2016-11,violent-crime,estimates,400,21.76,1907116,1838584,96.41
NE,Nebraska,2016,12,2016-12,violent-crime,estimates,409,22.25,1907116,1838584,96.41
NE,Nebraska,2017,1,2017-01,violent-crime,estimates,465,25.11,1920076,1851851,96.45
NE,Nebraska,2017,2,2017-02,violent-crime,estimates,391,21.1,1920076,1852795,96.5
NE,Nebraska,2017,3,2017-03,violent-crime,estimates,410,22.17,1920076,1849100,96.3
NE,Nebraska,2017,4,2017-04,violent-crime,estimates,500,28.47,1920076,1756171,91.46
NE,Nebraska,2017,5,2017-05,violent-crime,estimates,496,26.82,1920076,1849574,96.33
NE,Nebraska,2017,6,2017-06,violent-crime,estimates,492,26.54,1920076,1853950,96.56
NE,Nebraska,2017,7,2017-07,violent-crime,estimates,498,28.35,1920076,1756641,91.49
NE,Nebraska,2017,8,2017-08,violent-crime,estimates,561,30.26,1920076,1854092,96.56
NE,Nebraska,2017,9,2017-09,violent-crime,estimates,456,29.04,1920076,1570409,81.79
NE,Nebraska,2017,10,2017-10,violent-crime,estimates,523,28.55,1920076,1831713,95.4
NE,Nebraska,2017,11,2017-11,violent-crime,estimates,384,24.61,1920076,1560144,81.25
NE,Nebraska,2017,12,2017-12,violent-crime,estimates,428,23.13,1920076,1850425,96.37
NV,Nevada,1999,1,1999-01,violent-crime,estimates,849,46.93,1809000,1809000,100
NV,Nevada,1999,2,1999-02,violent-crime,estimates,861,47.6,1809000,1809000,100
NV,Nevada,1999,3,1999-03,violent-crime,estimates,926,51.19,1809000,1809000,100
NV,Nevada,1999,4,1999-04,violent-crime,estimates,807,44.61,1809000,1809000,100
NV,Nevada,1999,5,1999-05,violent-crime,estimates,824,45.55,1809000,1809000,100
NV,Nevada,1999,6,1999-06,violent-crime,estimates,829,45.83,1809000,1809000,100
NV,Nevada,1999,7,1999-07,violent-crime,estimates,953,52.68,1809000,1809000,100
NV,Nevada,1999,8,1999-08,violent-crime,estimates,914,50.53,1809000,1809000,100
NV,Nevada,1999,9,1999-09,violent-crime,estimates,932,51.52,1809000,1809000,100
NV,Nevada,1999,10,1999-10,violent-crime,estimates,832,45.99,1809000,1809000,100
NV,Nevada,1999,11,1999-11,violent-crime,estimates,829,45.83,1809000,1809000,100
NV,Nevada,1999,12,1999-12,violent-crime,estimates,755,41.74,1809000,1809000,100
NV,Nevada,2000,1,2000-01,violent-crime,estimates,813,40.69,1998257,1998257,100
NV,Nevada,2000,2,2000-02,violent-crime,estimates,752,37.63,1998257,1998257,100
NV,Nevada,2000,3,2000-03,violent-crime,estimates,808,40.44,1998257,1998257,100
NV,Nevada,2000,4,2000-04,violent-crime,estimates,848,42.44,1998257,1998257,100
NV,Nevada,2000,5,2000-05,violent-crime,estimates,844,42.24,1998257,1998257,100
NV,Nevada,2000,6,2000-06,violent-crime,estimates,879,43.99,1998257,1998257,100
NV,Nevada,2000,7,2000-07,violent-crime,estimates,891,44.59,1998257,1998257,100
NV,Nevada,2000,8,2000-08,violent-crime,estimates,935,46.79,1998257,1998257,100
NV,Nevada,2000,9,2000-09,violent-crime,estimates,942,47.14,1998257,1998257,100
NV,Nevada,2000,10,2000-10,violent-crime,estimates,1020,51.04,1998257,1998257,100
NV,Nevada,2000,11,2000-11,violent-crime,estimates,851,42.59,1998257,1998257,100
NV,Nevada,2000,12,2000-12,violent-crime,estimates,891,44.59,1998257,1998257,100
NV,Nevada,2001,1,2001-01,violent-crime,estimates,891,42.31,2106074,2106074,100
NV,Nevada,2001,2,2001-02,violent-crime,estimates,794,37.7,2106074,2106074,100
NV,Nevada,2001,3,2001-03,violent-crime,estimates,980,46.53,2106074,2106074,100
NV,Nevada,2001,4,2001-04,violent-crime,estimates,920,43.68,2106074,2106074,100
NV,Nevada,2001,5,2001-05,violent-crime,estimates,1007,47.81,2106074,2106074,100
NV,Nevada,2001,6,2001-06,violent-crime,estimates,913,43.35,2106074,2106074,100
NV,Nevada,2001,7,2001-07,violent-crime,estimates,1201,57.03,2106074,2106074,100
NV,Nevada,2001,8,2001-08,violent-crime,estimates,1018,48.34,2106074,2106074,100
NV,Nevada,2001,9,2001-09,violent-crime,estimates,1122,53.27,2106074,2106074,100
NV,Nevada,2001,10,2001-10,violent-crime,estimates,1194,56.69,2106074,2106074,100
NV,Nevada,2001,11,2001-11,violent-crime,estimates,1099,52.18,2106074,2106074,100
NV,Nevada,2001,12,2001-12,violent-crime,estimates,1193,56.65,2106074,2106074,100
NV,Nevada,2002,1,2002-01,violent-crime,estimates,1056,48.59,2173491,2173491,100
NV,Nevada,2002,2,2002-02,violent-crime,estimates,916,42.14,2173491,2173491,100
NV,Nevada,2002,3,2002-03,violent-crime,estimates,1012,46.56,2173491,2173491,100
NV,Nevada,2002,4,2002-04,violent-crime,estimates,1236,56.87,2173491,2173491,100
NV,Nevada,2002,5,2002-05,violent-crime,estimates,1177,54.15,2173491,2173491,100
NV,Nevada,2002,6,2002-06,violent-crime,estimates,1131,52.04,2173491,2173491,100
NV,Nevada,2002,7,2002-07,violent-crime,estimates,1269,58.39,2173491,2173491,100
NV,Nevada,2002,8,2002-08,violent-crime,estimates,1272,58.52,2173491,2173491,100
NV,Nevada,2002,9,2002-09,violent-crime,estimates,1253,57.65,2173491,2173491,100
NV,Nevada,2002,10,2002-10,violent-crime,estimates,1142,52.54,2173491,2173491,100
NV,Nevada,2002,11,2002-11,violent-crime,estimates,1225,56.36,2173491,2173491,100
NV,Nevada,2002,12,2002-12,violent-crime,estimates,1171,53.88,2173491,2173491,100
NV,Nevada,2003,1,2003-01,violent-crime,estimates,1278,57.02,2241154,2241154,100
NV,Nevada,2003,2,2003-02,violent-crime,estimates,893,39.85,2241154,2241154,100
NV,Nevada,2003,3,2003-03,violent-crime,estimates,1244,55.51,2241154,2241154,100
NV,Nevada,2003,4,2003-04,violent-crime,estimates,1143,51,2241154,2241154,100
NV,Nevada,2003,5,2003-05,violent-crime,estimates,1249,55.73,2241154,2241154,100
NV,Nevada,2003,6,2003-06,violent-crime,estimates,1138,50.78,2241154,2241154,100
NV,Nevada,2003,7,2003-07,violent-crime,estimates,1200,53.54,2241154,2241154,100
NV,Nevada,2003,8,2003-08,violent-crime,estimates,1127,50.29,2241154,2241154,100
NV,Nevada,2003,9,2003-09,violent-crime,estimates,1217,54.3,2241154,2241154,100
NV,Nevada,2003,10,2003-10,violent-crime,estimates,1174,52.38,2241154,2241154,100
NV,Nevada,2003,11,2003-11,violent-crime,estimates,1064,47.48,2241154,2241154,100
NV,Nevada,2003,12,2003-12,violent-crime,estimates,1086,48.46,2241154,2241154,100
NV,Nevada,2004,1,2004-01,violent-crime,estimates,1145,49.04,2334771,2334771,100
NV,Nevada,2004,2,2004-02,violent-crime,estimates,948,40.6,2334771,2334771,100
NV,Nevada,2004,3,2004-03,violent-crime,estimates,1253,53.67,2334771,2334771,100
NV,Nevada,2004,4,2004-04,violent-crime,estimates,1091,46.73,2334771,2334771,100
NV,Nevada,2004,5,2004-05,violent-crime,estimates,1191,51.01,2334771,2334771,100
NV,Nevada,2004,6,2004-06,violent-crime,estimates,1289,55.21,2334771,2334771,100
NV,Nevada,2004,7,2004-07,violent-crime,estimates,1254,53.71,2334771,2334771,100
NV,Nevada,2004,8,2004-08,violent-crime,estimates,1282,54.91,2334771,2334771,100
NV,Nevada,2004,9,2004-09,violent-crime,estimates,1305,55.89,2334771,2334771,100
NV,Nevada,2004,10,2004-10,violent-crime,estimates,1288,55.17,2334771,2334771,100
NV,Nevada,2004,11,2004-11,violent-crime,estimates,1126,48.23,2334771,2334771,100
NV,Nevada,2004,12,2004-12,violent-crime,estimates,1207,51.7,2334771,2334771,100
NV,Nevada,2005,1,2005-01,violent-crime,estimates,1102,45.64,2414807,2414807,100
NV,Nevada,2005,2,2005-02,violent-crime,estimates,888,36.77,2414807,2414807,100
NV,Nevada,2005,3,2005-03,violent-crime,estimates,1033,42.78,2414807,2414807,100
NV,Nevada,2005,4,2005-04,violent-crime,estimates,1092,45.22,2414807,2414807,100
NV,Nevada,2005,5,2005-05,violent-crime,estimates,1276,52.84,2414807,2414807,100
NV,Nevada,2005,6,2005-06,violent-crime,estimates,1386,57.4,2414807,2414807,100
NV,Nevada,2005,7,2005-07,violent-crime,estimates,1299,53.79,2414807,2414807,100
NV,Nevada,2005,8,2005-08,violent-crime,estimates,1275,52.8,2414807,2414807,100
NV,Nevada,2005,9,2005-09,violent-crime,estimates,1415,58.6,2414807,2414807,100
NV,Nevada,2005,10,2005-10,violent-crime,estimates,1303,53.96,2414807,2414807,100
NV,Nevada,2005,11,2005-11,violent-crime,estimates,1263,52.3,2414807,2414807,100
NV,Nevada,2005,12,2005-12,violent-crime,estimates,1323,54.79,2414807,2414807,100
NV,Nevada,2006,1,2006-01,violent-crime,estimates,1524,61.07,2495529,2495529,100
NV,Nevada,2006,2,2006-02,violent-crime,estimates,1199,48.05,2495529,2495529,100
NV,Nevada,2006,3,2006-03,violent-crime,estimates,1438,57.62,2495529,2495529,100
NV,Nevada,2006,4,2006-04,violent-crime,estimates,1494,59.87,2495529,2495529,100
NV,Nevada,2006,5,2006-05,violent-crime,estimates,1780,71.33,2495529,2495529,100
NV,Nevada,2006,6,2006-06,violent-crime,estimates,1627,65.2,2495529,2495529,100
NV,Nevada,2006,7,2006-07,violent-crime,estimates,1703,68.24,2495529,2495529,100
NV,Nevada,2006,8,2006-08,violent-crime,estimates,1648,66.04,2495529,2495529,100
NV,Nevada,2006,9,2006-09,violent-crime,estimates,1657,66.4,2495529,2495529,100
NV,Nevada,2006,10,2006-10,violent-crime,estimates,1643,65.84,2495529,2495529,100
NV,Nevada,2006,11,2006-11,violent-crime,estimates,1526,61.15,2495529,2495529,100
NV,Nevada,2006,12,2006-12,violent-crime,estimates,1446,57.94,2495529,2495529,100
NV,Nevada,2007,1,2007-01,violent-crime,estimates,1420,55.35,2565382,2565382,100
NV,Nevada,2007,2,2007-02,violent-crime,estimates,1383,53.91,2565382,2565382,100
NV,Nevada,2007,3,2007-03,violent-crime,estimates,1647,64.2,2565382,2565382,100
NV,Nevada,2007,4,2007-04,violent-crime,estimates,1668,65.02,2565382,2565382,100
NV,Nevada,2007,5,2007-05,violent-crime,estimates,1781,69.42,2565382,2565382,100
NV,Nevada,2007,6,2007-06,violent-crime,estimates,1722,67.12,2565382,2565382,100
NV,Nevada,2007,7,2007-07,violent-crime,estimates,1741,67.87,2565382,2565382,100
NV,Nevada,2007,8,2007-08,violent-crime,estimates,1782,69.46,2565382,2565382,100
NV,Nevada,2007,9,2007-09,violent-crime,estimates,1648,64.24,2565382,2565382,100
NV,Nevada,2007,10,2007-10,violent-crime,estimates,1561,60.85,2565382,2565382,100
NV,Nevada,2007,11,2007-11,violent-crime,estimates,1519,59.21,2565382,2565382,100
NV,Nevada,2007,12,2007-12,violent-crime,estimates,1483,57.81,2565382,2565382,100
NV,Nevada,2008,1,2008-01,violent-crime,estimates,1544,59.38,2600167,2600167,100
NV,Nevada,2008,2,2008-02,violent-crime,estimates,1351,51.96,2600167,2600167,100
NV,Nevada,2008,3,2008-03,violent-crime,estimates,1706,65.61,2600167,2600167,100
NV,Nevada,2008,4,2008-04,violent-crime,estimates,1595,61.34,2600167,2600167,100
NV,Nevada,2008,5,2008-05,violent-crime,estimates,1590,61.15,2600167,2600167,100
NV,Nevada,2008,6,2008-06,violent-crime,estimates,1502,57.77,2600167,2600167,100
NV,Nevada,2008,7,2008-07,violent-crime,estimates,1717,66.03,2600167,2600167,100
NV,Nevada,2008,8,2008-08,violent-crime,estimates,1668,64.15,2600167,2600167,100
NV,Nevada,2008,9,2008-09,violent-crime,estimates,1593,61.27,2600167,2600167,100
NV,Nevada,2008,10,2008-10,violent-crime,estimates,1643,63.19,2600167,2600167,100
NV,Nevada,2008,11,2008-11,violent-crime,estimates,1531,58.88,2600167,2600167,100
NV,Nevada,2008,12,2008-12,violent-crime,estimates,1503,57.8,2600167,2600167,100
NV,Nevada,2009,1,2009-01,violent-crime,estimates,1570,59.4,2643085,2643085,100
NV,Nevada,2009,2,2009-02,violent-crime,estimates,1285,48.62,2643085,2643085,100
NV,Nevada,2009,3,2009-03,violent-crime,estimates,1586,60.01,2643085,2643085,100
NV,Nevada,2009,4,2009-04,violent-crime,estimates,1456,55.09,2643085,2643085,100
NV,Nevada,2009,5,2009-05,violent-crime,estimates,1782,67.42,2643085,2643085,100
NV,Nevada,2009,6,2009-06,violent-crime,estimates,1627,61.56,2643085,2643085,100
NV,Nevada,2009,7,2009-07,violent-crime,estimates,1752,66.29,2643085,2643085,100
NV,Nevada,2009,8,2009-08,violent-crime,estimates,1678,63.49,2643085,2643085,100
NV,Nevada,2009,9,2009-09,violent-crime,estimates,1598,60.46,2643085,2643085,100
NV,Nevada,2009,10,2009-10,violent-crime,estimates,1514,57.28,2643085,2643085,100
NV,Nevada,2009,11,2009-11,violent-crime,estimates,1367,51.72,2643085,2643085,100
NV,Nevada,2009,12,2009-12,violent-crime,estimates,1421,53.76,2643085,2643085,100
NV,Nevada,2010,1,2010-01,violent-crime,estimates,1460,54.06,2700551,2700551,100
NV,Nevada,2010,2,2010-02,violent-crime,estimates,1281,47.43,2700551,2700551,100
NV,Nevada,2010,3,2010-03,violent-crime,estimates,1447,53.58,2700551,2700551,100
NV,Nevada,2010,4,2010-04,violent-crime,estimates,1505,55.73,2700551,2700551,100
NV,Nevada,2010,5,2010-05,violent-crime,estimates,1590,58.88,2700551,2700551,100
NV,Nevada,2010,6,2010-06,violent-crime,estimates,1609,59.58,2700551,2700551,100
NV,Nevada,2010,7,2010-07,violent-crime,estimates,1625,60.17,2700551,2700551,100
NV,Nevada,2010,8,2010-08,violent-crime,estimates,1597,59.14,2700551,2700551,100
NV,Nevada,2010,9,2010-09,violent-crime,estimates,1713,63.43,2700551,2700551,100
NV,Nevada,2010,10,2010-10,violent-crime,estimates,1731,64.1,2700551,2700551,100
NV,Nevada,2010,11,2010-11,violent-crime,estimates,1439,53.32,2700551,2698657,99.93
NV,Nevada,2010,12,2010-12,violent-crime,estimates,1129,41.84,2700551,2698657,99.93
NV,Nevada,2011,1,2011-01,violent-crime,estimates,1244,45.68,2723322,2723322,100
NV,Nevada,2011,2,2011-02,violent-crime,estimates,1017,37.96,2723322,2679005,98.37
NV,Nevada,2011,3,2011-03,violent-crime,estimates,1308,48.91,2723322,2674193,98.2
NV,Nevada,2011,4,2011-04,violent-crime,estimates,1301,47.86,2723322,2718510,99.82
NV,Nevada,2011,5,2011-05,violent-crime,estimates,1325,49.66,2723322,2668369,97.98
NV,Nevada,2011,6,2011-06,violent-crime,estimates,1395,51.41,2723322,2713610,99.64
NV,Nevada,2011,7,2011-07,violent-crime,estimates,1304,52.28,2723322,2494030,91.58
NV,Nevada,2011,8,2011-08,violent-crime,estimates,1318,52.85,2723322,2494030,91.58
NV,Nevada,2011,9,2011-09,violent-crime,estimates,1267,50.92,2723322,2488206,91.37
NV,Nevada,2011,10,2011-10,violent-crime,estimates,1228,50.25,2723322,2443889,89.74
NV,Nevada,2011,11,2011-11,violent-crime,estimates,1134,45.58,2723322,2488206,91.37
NV,Nevada,2011,12,2011-12,violent-crime,estimates,1028,41.37,2723322,2485132,91.25
NV,Nevada,2012,1,2012-01,violent-crime,estimates,1370,49.66,2758931,2758931,100
NV,Nevada,2012,2,2012-02,violent-crime,estimates,1165,42.23,2758931,2758931,100
NV,Nevada,2012,3,2012-03,violent-crime,estimates,1296,46.97,2758931,2758931,100
NV,Nevada,2012,4,2012-04,violent-crime,estimates,1453,52.67,2758931,2758931,100
NV,Nevada,2012,5,2012-05,violent-crime,estimates,1463,53.03,2758931,2758931,100
NV,Nevada,2012,6,2012-06,violent-crime,estimates,1406,50.96,2758931,2758931,100
NV,Nevada,2012,7,2012-07,violent-crime,estimates,1539,55.78,2758931,2758931,100
NV,Nevada,2012,8,2012-08,violent-crime,estimates,1551,56.22,2758931,2758931,100
NV,Nevada,2012,9,2012-09,violent-crime,estimates,1522,55.17,2758931,2758931,100
NV,Nevada,2012,10,2012-10,violent-crime,estimates,1440,52.19,2758931,2758931,100
NV,Nevada,2012,11,2012-11,violent-crime,estimates,1270,46.03,2758931,2758931,100
NV,Nevada,2012,12,2012-12,violent-crime,estimates,1287,46.65,2758931,2758931,100
NV,Nevada,2013,1,2013-01,violent-crime,estimates,1207,43.26,2790136,2790136,100
NV,Nevada,2013,2,2013-02,violent-crime,estimates,1100,39.49,2790136,2785500,99.83
NV,Nevada,2013,3,2013-03,violent-crime,estimates,1423,51.09,2790136,2785500,99.83
NV,Nevada,2013,4,2013-04,violent-crime,estimates,1365,49,2790136,2785500,99.83
NV,Nevada,2013,5,2013-05,violent-crime,estimates,1536,55.14,2790136,2785500,99.83
NV,Nevada,2013,6,2013-06,violent-crime,estimates,1483,53.24,2790136,2785500,99.83
NV,Nevada,2013,7,2013-07,violent-crime,estimates,1458,52.34,2790136,2785500,99.83
NV,Nevada,2013,8,2013-08,violent-crime,estimates,1515,54.39,2790136,2785500,99.83
NV,Nevada,2013,9,2013-09,violent-crime,estimates,1460,52.41,2790136,2785500,99.83
NV,Nevada,2013,10,2013-10,violent-crime,estimates,1287,46.2,2790136,2785500,99.83
NV,Nevada,2013,11,2013-11,violent-crime,estimates,1238,44.44,2790136,2785500,99.83
NV,Nevada,2013,12,2013-12,violent-crime,estimates,1274,45.74,2790136,2785500,99.83
NV,Nevada,2014,1,2014-01,violent-crime,estimates,1326,46.78,2839099,2834483,99.84
NV,Nevada,2014,2,2014-02,violent-crime,estimates,1297,45.76,2839099,2834483,99.84
NV,Nevada,2014,3,2014-03,violent-crime,estimates,1556,54.9,2839099,2834483,99.84
NV,Nevada,2014,4,2014-04,violent-crime,estimates,1486,52.43,2839099,2834483,99.84
NV,Nevada,2014,5,2014-05,violent-crime,estimates,1530,53.98,2839099,2834483,99.84
NV,Nevada,2014,6,2014-06,violent-crime,estimates,1527,53.87,2839099,2834483,99.84
NV,Nevada,2014,7,2014-07,violent-crime,estimates,1679,59.23,2839099,2834483,99.84
NV,Nevada,2014,8,2014-08,violent-crime,estimates,1501,52.95,2839099,2834483,99.84
NV,Nevada,2014,9,2014-09,violent-crime,estimates,1490,52.57,2839099,2834483,99.84
NV,Nevada,2014,10,2014-10,violent-crime,estimates,1626,57.36,2839099,2834483,99.84
NV,Nevada,2014,11,2014-11,violent-crime,estimates,1501,52.95,2839099,2834483,99.84
NV,Nevada,2014,12,2014-12,violent-crime,estimates,1512,53.34,2839099,2834483,99.84
NV,Nevada,2015,1,2015-01,violent-crime,estimates,1406,48.64,2890845,2890845,100
NV,Nevada,2015,2,2015-02,violent-crime,estimates,1330,46.01,2890845,2890845,100
NV,Nevada,2015,3,2015-03,violent-crime,estimates,1520,52.58,2890845,2890845,100
NV,Nevada,2015,4,2015-04,violent-crime,estimates,1677,58.01,2890845,2890845,100
NV,Nevada,2015,5,2015-05,violent-crime,estimates,1753,60.64,2890845,2890845,100
NV,Nevada,2015,6,2015-06,violent-crime,estimates,1808,62.54,2890845,2890845,100
NV,Nevada,2015,7,2015-07,violent-crime,estimates,1988,68.77,2890845,2890845,100
NV,Nevada,2015,8,2015-08,violent-crime,estimates,1908,66,2890845,2890845,100
NV,Nevada,2015,9,2015-09,violent-crime,estimates,1759,60.85,2890845,2890845,100
NV,Nevada,2015,10,2015-10,violent-crime,estimates,1812,62.68,2890845,2890845,100
NV,Nevada,2015,11,2015-11,violent-crime,estimates,1494,51.68,2890845,2890845,100
NV,Nevada,2015,12,2015-12,violent-crime,estimates,1689,58.43,2890845,2890845,100
NV,Nevada,2016,1,2016-01,violent-crime,estimates,1652,56.19,2940058,2940058,100
NV,Nevada,2016,2,2016-02,violent-crime,estimates,1441,49.01,2940058,2940058,100
NV,Nevada,2016,3,2016-03,violent-crime,estimates,1667,56.7,2940058,2940058,100
NV,Nevada,2016,4,2016-04,violent-crime,estimates,1827,62.14,2940058,2940058,100
NV,Nevada,2016,5,2016-05,violent-crime,estimates,1928,65.58,2940058,2940058,100
NV,Nevada,2016,6,2016-06,violent-crime,estimates,1730,58.84,2940058,2940058,100
NV,Nevada,2016,7,2016-07,violent-crime,estimates,1811,61.6,2940058,2940058,100
NV,Nevada,2016,8,2016-08,violent-crime,estimates,1899,64.59,2940058,2940058,100
NV,Nevada,2016,9,2016-09,violent-crime,estimates,1801,61.26,2940058,2940058,100
NV,Nevada,2016,10,2016-10,violent-crime,estimates,1493,50.78,2940058,2940058,100
NV,Nevada,2016,11,2016-11,violent-crime,estimates,1366,46.46,2940058,2940058,100
NV,Nevada,2016,12,2016-12,violent-crime,estimates,1260,42.86,2940058,2940058,100
NV,Nevada,2017,1,2017-01,violent-crime,estimates,1380,46.03,2998039,2998039,100
NV,Nevada,2017,2,2017-02,violent-crime,estimates,1201,40.06,2998039,2998039,100
NV,Nevada,2017,3,2017-03,violent-crime,estimates,1282,42.76,2998039,2998039,100
NV,Nevada,2017,4,2017-04,violent-crime,estimates,1436,47.9,2998039,2998039,100
NV,Nevada,2017,5,2017-05,violent-crime,estimates,1463,48.8,2998039,2998039,100
NV,Nevada,2017,6,2017-06,violent-crime,estimates,1350,45.03,2998039,2998039,100
NV,Nevada,2017,7,2017-07,violent-crime,estimates,1411,47.06,2998039,2998039,100
NV,Nevada,2017,8,2017-08,violent-crime,estimates,1499,50,2998039,2998039,100
NV,Nevada,2017,9,2017-09,violent-crime,estimates,1479,49.33,2998039,2998039,100
NV,Nevada,2017,10,2017-10,violent-crime,estimates,1514,50.5,2998039,2998039,100
NV,Nevada,2017,11,2017-11,violent-crime,estimates,1270,42.36,2998039,2998039,100
NV,Nevada,2017,12,2017-12,violent-crime,estimates,1370,45.7,2998039,2998039,100
NH,New Hampshire,1999,1,1999-01,violent-crime,estimates,49,10.04,1201000,488058,40.64
NH,New Hampshire,1999,2,1999-02,violent-crime,estimates,59,12.31,1201000,479377,39.91
NH,New Hampshire,1999,3,1999-03,violent-crime,estimates,44,8.8,1201000,499922,41.63
NH,New Hampshire,1999,4,1999-04,violent-crime,estimates,65,13.36,1201000,486429,40.5
NH,New Hampshire,1999,5,1999-05,violent-crime,estimates,73,14.52,1201000,502896,41.87
NH,New Hampshire,1999,6,1999-06,violent-crime,estimates,53,10.83,1201000,489531,40.76
NH,New Hampshire,1999,7,1999-07,violent-crime,estimates,64,13.16,1201000,486297,40.49
NH,New Hampshire,1999,8,1999-08,violent-crime,estimates,51,10.29,1201000,495794,41.28
NH,New Hampshire,1999,9,1999-09,violent-crime,estimates,66,13.72,1201000,481057,40.05
NH,New Hampshire,1999,10,1999-10,violent-crime,estimates,61,12.92,1201000,472241,39.32
NH,New Hampshire,1999,11,1999-11,violent-crime,estimates,64,13.58,1201000,471211,39.23
NH,New Hampshire,1999,12,1999-12,violent-crime,estimates,45,8.9,1201000,505625,42.1
NH,New Hampshire,2000,1,2000-01,violent-crime,estimates,84,10.87,1235786,772945,62.55
NH,New Hampshire,2000,2,2000-02,violent-crime,estimates,79,10.59,1235786,746061,60.37
NH,New Hampshire,2000,3,2000-03,violent-crime,estimates,98,13.13,1235786,746318,60.39
NH,New Hampshire,2000,4,2000-04,violent-crime,estimates,87,11.66,1235786,746061,60.37
NH,New Hampshire,2000,5,2000-05,violent-crime,estimates,99,13.16,1235786,752470,60.89
NH,New Hampshire,2000,6,2000-06,violent-crime,estimates,96,12.64,1235786,759485,61.46
NH,New Hampshire,2000,7,2000-07,violent-crime,estimates,96,12.87,1235786,746061,60.37
NH,New Hampshire,2000,8,2000-08,violent-crime,estimates,116,15.5,1235786,748228,60.55
NH,New Hampshire,2000,9,2000-09,violent-crime,estimates,89,11.68,1235786,761763,61.64
NH,New Hampshire,2000,10,2000-10,violent-crime,estimates,111,14.61,1235786,759813,61.48
NH,New Hampshire,2000,11,2000-11,violent-crime,estimates,88,11.58,1235786,759813,61.48
NH,New Hampshire,2000,12,2000-12,violent-crime,estimates,86,11.32,1235786,759813,61.48
NH,New Hampshire,2001,1,2001-01,violent-crime,estimates,100,13.03,1259181,767670,60.97
NH,New Hampshire,2001,2,2001-02,violent-crime,estimates,73,9.86,1259181,740277,58.79
NH,New Hampshire,2001,3,2001-03,violent-crime,estimates,111,14.99,1259181,740277,58.79
NH,New Hampshire,2001,4,2001-04,violent-crime,estimates,78,10.52,1259181,741306,58.87
NH,New Hampshire,2001,5,2001-05,violent-crime,estimates,84,11.35,1259181,740277,58.79
NH,New Hampshire,2001,6,2001-06,violent-crime,estimates,91,12.29,1259181,740277,58.79
NH,New Hampshire,2001,7,2001-07,violent-crime,estimates,106,14.3,1259181,741306,58.87
NH,New Hampshire,2001,8,2001-08,violent-crime,estimates,113,15.26,1259181,740277,58.79
NH,New Hampshire,2001,9,2001-09,violent-crime,estimates,87,11.75,1259181,740277,58.79
NH,New Hampshire,2001,10,2001-10,violent-crime,estimates,95,12.8,1259181,742455,58.96
NH,New Hampshire,2001,11,2001-11,violent-crime,estimates,80,10.86,1259181,736444,58.49
NH,New Hampshire,2001,12,2001-12,violent-crime,estimates,90,12.24,1259181,735426,58.41
NH,New Hampshire,2002,1,2002-01,violent-crime,estimates,81,8.57,1275056,944809,74.1
NH,New Hampshire,2002,2,2002-02,violent-crime,estimates,92,9.74,1275056,944809,74.1
NH,New Hampshire,2002,3,2002-03,violent-crime,estimates,115,11.69,1275056,983839,77.16
NH,New Hampshire,2002,4,2002-04,violent-crime,estimates,111,11.47,1275056,967362,75.87
NH,New Hampshire,2002,5,2002-05,violent-crime,estimates,89,9.31,1275056,956070,74.98
NH,New Hampshire,2002,6,2002-06,violent-crime,estimates,126,13.29,1275056,948047,74.35
NH,New Hampshire,2002,7,2002-07,violent-crime,estimates,102,10.78,1275056,946041,74.2
NH,New Hampshire,2002,8,2002-08,violent-crime,estimates,143,15.08,1275056,948047,74.35
NH,New Hampshire,2002,9,2002-09,violent-crime,estimates,145,15.29,1275056,948047,74.35
NH,New Hampshire,2002,10,2002-10,violent-crime,estimates,96,10.18,1275056,943193,73.97
NH,New Hampshire,2002,11,2002-11,violent-crime,estimates,116,12.3,1275056,943193,73.97
NH,New Hampshire,2002,12,2002-12,violent-crime,estimates,101,10.71,1275056,943193,73.97
NH,New Hampshire,2003,1,2003-01,violent-crime,estimates,78,8.32,1287687,938048,72.85
NH,New Hampshire,2003,2,2003-02,violent-crime,estimates,96,10.23,1287687,938048,72.85
NH,New Hampshire,2003,3,2003-03,violent-crime,estimates,112,11.43,1287687,979862,76.09
NH,New Hampshire,2003,4,2003-04,violent-crime,estimates,87,9.26,1287687,939088,72.93
NH,New Hampshire,2003,5,2003-05,violent-crime,estimates,111,11.32,1287687,980902,76.18
NH,New Hampshire,2003,6,2003-06,violent-crime,estimates,81,8.5,1287687,952715,73.99
NH,New Hampshire,2003,7,2003-07,violent-crime,estimates,116,12.32,1287687,941510,73.12
NH,New Hampshire,2003,8,2003-08,violent-crime,estimates,95,9.95,1287687,955137,74.17
NH,New Hampshire,2003,9,2003-09,violent-crime,estimates,131,13.61,1287687,962611,74.76
NH,New Hampshire,2003,10,2003-10,violent-crime,estimates,118,11.91,1287687,990798,76.94
NH,New Hampshire,2003,11,2003-11,violent-crime,estimates,126,13.03,1287687,967121,75.11
NH,New Hampshire,2003,12,2003-12,violent-crime,estimates,88,9.23,1287687,953494,74.05
NH,New Hampshire,2004,1,2004-01,violent-crime,estimates,133,12.7,1299500,1047037,80.57
NH,New Hampshire,2004,2,2004-02,violent-crime,estimates,105,10.13,1299500,1036407,79.75
NH,New Hampshire,2004,3,2004-03,violent-crime,estimates,112,10.8,1299500,1037341,79.83
NH,New Hampshire,2004,4,2004-04,violent-crime,estimates,135,13.04,1299500,1035181,79.66
NH,New Hampshire,2004,5,2004-05,violent-crime,estimates,147,14.15,1299500,1038965,79.95
NH,New Hampshire,2004,6,2004-06,violent-crime,estimates,137,13.01,1299500,1053057,81.04
NH,New Hampshire,2004,7,2004-07,violent-crime,estimates,147,14.04,1299500,1046832,80.56
NH,New Hampshire,2004,8,2004-08,violent-crime,estimates,136,13.3,1299500,1022758,78.7
NH,New Hampshire,2004,9,2004-09,violent-crime,estimates,113,11.09,1299500,1018543,78.38
NH,New Hampshire,2004,10,2004-10,violent-crime,estimates,124,12.1,1299500,1025105,78.88
NH,New Hampshire,2004,11,2004-11,violent-crime,estimates,121,11.83,1299500,1022945,78.72
NH,New Hampshire,2004,12,2004-12,violent-crime,estimates,142,13.91,1299500,1020588,78.54
NH,New Hampshire,2005,1,2005-01,violent-crime,estimates,121,10.48,1309940,1154597,88.14
NH,New Hampshire,2005,2,2005-02,violent-crime,estimates,99,8.97,1309940,1104133,84.29
NH,New Hampshire,2005,3,2005-03,violent-crime,estimates,124,11.22,1309940,1105151,84.37
NH,New Hampshire,2005,4,2005-04,violent-crime,estimates,124,11.23,1309940,1103710,84.26
NH,New Hampshire,2005,5,2005-05,violent-crime,estimates,120,10.86,1309940,1105151,84.37
NH,New Hampshire,2005,6,2005-06,violent-crime,estimates,159,14.29,1309940,1112531,84.93
NH,New Hampshire,2005,7,2005-07,violent-crime,estimates,142,12.87,1309940,1103057,84.21
NH,New Hampshire,2005,8,2005-08,violent-crime,estimates,139,12.59,1309940,1104223,84.3
NH,New Hampshire,2005,9,2005-09,violent-crime,estimates,128,11.5,1309940,1113344,84.99
NH,New Hampshire,2005,10,2005-10,violent-crime,estimates,139,12.58,1309940,1105151,84.37
NH,New Hampshire,2005,11,2005-11,violent-crime,estimates,151,13.64,1309940,1106880,84.5
NH,New Hampshire,2005,12,2005-12,violent-crime,estimates,122,11.07,1309940,1102269,84.15
NH,New Hampshire,2006,1,2006-01,violent-crime,estimates,121,10.48,1314895,1154933,87.83
NH,New Hampshire,2006,2,2006-02,violent-crime,estimates,116,10.06,1314895,1153465,87.72
NH,New Hampshire,2006,3,2006-03,violent-crime,estimates,141,12.21,1314895,1154933,87.83
NH,New Hampshire,2006,4,2006-04,violent-crime,estimates,142,12.23,1314895,1161482,88.33
NH,New Hampshire,2006,5,2006-05,violent-crime,estimates,130,11.25,1314895,1155975,87.91
NH,New Hampshire,2006,6,2006-06,violent-crime,estimates,150,13.02,1314895,1152351,87.64
NH,New Hampshire,2006,7,2006-07,violent-crime,estimates,181,15.64,1314895,1156983,87.99
NH,New Hampshire,2006,8,2006-08,violent-crime,estimates,157,13.57,1314895,1156983,87.99
NH,New Hampshire,2006,9,2006-09,violent-crime,estimates,147,12.71,1314895,1156983,87.99
NH,New Hampshire,2006,10,2006-10,violent-crime,estimates,144,12.45,1314895,1156983,87.99
NH,New Hampshire,2006,11,2006-11,violent-crime,estimates,136,11.76,1314895,1156715,87.97
NH,New Hampshire,2006,12,2006-12,violent-crime,estimates,126,11.02,1314895,1143169,86.94
NH,New Hampshire,2007,1,2007-01,violent-crime,estimates,125,10.61,1315828,1178299,89.55
NH,New Hampshire,2007,2,2007-02,violent-crime,estimates,102,8.66,1315828,1178299,89.55
NH,New Hampshire,2007,3,2007-03,violent-crime,estimates,123,10.56,1315828,1164884,88.53
NH,New Hampshire,2007,4,2007-04,violent-crime,estimates,150,12.85,1315828,1166979,88.69
NH,New Hampshire,2007,5,2007-05,violent-crime,estimates,178,15.28,1315828,1164884,88.53
NH,New Hampshire,2007,6,2007-06,violent-crime,estimates,158,13.56,1315828,1164884,88.53
NH,New Hampshire,2007,7,2007-07,violent-crime,estimates,149,12.73,1315828,1170014,88.92
NH,New Hampshire,2007,8,2007-08,violent-crime,estimates,143,12.22,1315828,1170014,88.92
NH,New Hampshire,2007,9,2007-09,violent-crime,estimates,154,13.01,1315828,1183429,89.94
NH,New Hampshire,2007,10,2007-10,violent-crime,estimates,159,13.33,1315828,1192515,90.63
NH,New Hampshire,2007,11,2007-11,violent-crime,estimates,167,14.27,1315828,1170257,88.94
NH,New Hampshire,2007,12,2007-12,violent-crime,estimates,133,11.15,1315828,1192515,90.63
NH,New Hampshire,2008,1,2008-01,violent-crime,estimates,157,13.1,1315809,1198856,91.11
NH,New Hampshire,2008,2,2008-02,violent-crime,estimates,144,12.06,1315809,1194350,90.77
NH,New Hampshire,2008,3,2008-03,violent-crime,estimates,157,13.15,1315809,1194350,90.77
NH,New Hampshire,2008,4,2008-04,violent-crime,estimates,144,12.12,1315809,1187648,90.26
NH,New Hampshire,2008,5,2008-05,violent-crime,estimates,166,14,1315809,1185573,90.1
NH,New Hampshire,2008,6,2008-06,violent-crime,estimates,200,16.8,1315809,1190122,90.45
NH,New Hampshire,2008,7,2008-07,violent-crime,estimates,187,15.67,1315809,1193233,90.68
NH,New Hampshire,2008,8,2008-08,violent-crime,estimates,156,13.06,1315809,1194350,90.77
NH,New Hampshire,2008,9,2008-09,violent-crime,estimates,171,14.42,1315809,1185573,90.1
NH,New Hampshire,2008,10,2008-10,violent-crime,estimates,164,13.73,1315809,1194350,90.77
NH,New Hampshire,2008,11,2008-11,violent-crime,estimates,155,13.03,1315809,1189826,90.43
NH,New Hampshire,2008,12,2008-12,violent-crime,estimates,116,9.79,1315809,1185358,90.09
NH,New Hampshire,2009,1,2009-01,violent-crime,estimates,133,11.29,1324575,1177902,88.93
NH,New Hampshire,2009,2,2009-02,violent-crime,estimates,119,10.21,1324575,1165991,88.03
NH,New Hampshire,2009,3,2009-03,violent-crime,estimates,178,15.09,1324575,1179725,89.06
NH,New Hampshire,2009,4,2009-04,violent-crime,estimates,178,15.15,1324575,1174739,88.69
NH,New Hampshire,2009,5,2009-05,violent-crime,estimates,189,16.09,1324575,1174739,88.69
NH,New Hampshire,2009,6,2009-06,violent-crime,estimates,186,15.79,1324575,1177644,88.91
NH,New Hampshire,2009,7,2009-07,violent-crime,estimates,178,15.15,1324575,1174739,88.69
NH,New Hampshire,2009,8,2009-08,violent-crime,estimates,185,15.72,1324575,1176820,88.85
NH,New Hampshire,2009,9,2009-09,violent-crime,estimates,177,15.07,1324575,1174739,88.69
NH,New Hampshire,2009,10,2009-10,violent-crime,estimates,164,13.96,1324575,1174739,88.69
NH,New Hampshire,2009,11,2009-11,violent-crime,estimates,159,13.53,1324575,1174739,88.69
NH,New Hampshire,2009,12,2009-12,violent-crime,estimates,121,10.3,1324575,1174739,88.69
NH,New Hampshire,2010,1,2010-01,violent-crime,estimates,162,13.53,1316470,1197443,90.96
NH,New Hampshire,2010,2,2010-02,violent-crime,estimates,164,13.67,1316470,1199551,91.12
NH,New Hampshire,2010,3,2010-03,violent-crime,estimates,185,15.45,1316470,1197443,90.96
NH,New Hampshire,2010,4,2010-04,violent-crime,estimates,167,13.91,1316470,1200409,91.18
NH,New Hampshire,2010,5,2010-05,violent-crime,estimates,201,16.79,1316470,1197443,90.96
NH,New Hampshire,2010,6,2010-06,violent-crime,estimates,212,17.68,1316470,1199214,91.09
NH,New Hampshire,2010,7,2010-07,violent-crime,estimates,177,14.8,1316470,1195727,90.83
NH,New Hampshire,2010,8,2010-08,violent-crime,estimates,175,14.61,1316470,1197443,90.96
NH,New Hampshire,2010,9,2010-09,violent-crime,estimates,158,13.19,1316470,1198259,91.02
NH,New Hampshire,2010,10,2010-10,violent-crime,estimates,160,13.38,1316470,1195727,90.83
NH,New Hampshire,2010,11,2010-11,violent-crime,estimates,162,13.55,1316470,1195727,90.83
NH,New Hampshire,2010,12,2010-12,violent-crime,estimates,156,13,1316470,1199551,91.12
NH,New Hampshire,2011,1,2011-01,violent-crime,estimates,166,13.73,1318194,1209074,91.72
NH,New Hampshire,2011,2,2011-02,violent-crime,estimates,192,15.88,1318194,1209074,91.72
NH,New Hampshire,2011,3,2011-03,violent-crime,estimates,178,14.61,1318194,1217985,92.4
NH,New Hampshire,2011,4,2011-04,violent-crime,estimates,178,14.71,1318194,1210050,91.8
NH,New Hampshire,2011,5,2011-05,violent-crime,estimates,196,16.3,1318194,1202809,91.25
NH,New Hampshire,2011,6,2011-06,violent-crime,estimates,171,14.16,1318194,1207583,91.61
NH,New Hampshire,2011,7,2011-07,violent-crime,estimates,227,18.75,1318194,1210831,91.86
NH,New Hampshire,2011,8,2011-08,violent-crime,estimates,220,18.34,1318194,1199814,91.02
NH,New Hampshire,2011,9,2011-09,violent-crime,estimates,205,17.12,1318194,1197703,90.86
NH,New Hampshire,2011,10,2011-10,violent-crime,estimates,189,15.81,1318194,1195637,90.7
NH,New Hampshire,2011,11,2011-11,violent-crime,estimates,200,16.7,1318194,1197703,90.86
NH,New Hampshire,2011,12,2011-12,violent-crime,estimates,230,19.27,1318194,1193543,90.54
NH,New Hampshire,2012,1,2012-01,violent-crime,estimates,213,17.63,1320718,1207839,91.45
NH,New Hampshire,2012,2,2012-02,violent-crime,estimates,153,12.66,1320718,1208812,91.53
NH,New Hampshire,2012,3,2012-03,violent-crime,estimates,189,15.64,1320718,1208812,91.53
NH,New Hampshire,2012,4,2012-04,violent-crime,estimates,202,16.5,1320718,1223884,92.67
NH,New Hampshire,2012,5,2012-05,violent-crime,estimates,194,15.97,1320718,1214736,91.98
NH,New Hampshire,2012,6,2012-06,violent-crime,estimates,211,17.37,1320718,1214736,91.98
NH,New Hampshire,2012,7,2012-07,violent-crime,estimates,212,17.42,1320718,1216843,92.13
NH,New Hampshire,2012,8,2012-08,violent-crime,estimates,197,16.09,1320718,1224494,92.71
NH,New Hampshire,2012,9,2012-09,violent-crime,estimates,218,17.78,1320718,1225991,92.83
NH,New Hampshire,2012,10,2012-10,violent-crime,estimates,173,14.15,1320718,1222675,92.58
NH,New Hampshire,2012,11,2012-11,violent-crime,estimates,170,13.89,1320718,1223884,92.67
NH,New Hampshire,2012,12,2012-12,violent-crime,estimates,172,14,1320718,1228452,93.01
NH,New Hampshire,2013,1,2013-01,violent-crime,estimates,223,18.28,1323459,1219713,92.16
NH,New Hampshire,2013,2,2013-02,violent-crime,estimates,156,12.7,1323459,1228626,92.83
NH,New Hampshire,2013,3,2013-03,violent-crime,estimates,227,18.65,1323459,1217327,91.98
NH,New Hampshire,2013,4,2013-04,violent-crime,estimates,201,16.18,1323459,1242198,93.86
NH,New Hampshire,2013,5,2013-05,violent-crime,estimates,233,19.04,1323459,1223935,92.48
NH,New Hampshire,2013,6,2013-06,violent-crime,estimates,204,16.71,1323459,1220683,92.23
NH,New Hampshire,2013,7,2013-07,violent-crime,estimates,236,19.51,1323459,1209577,91.4
NH,New Hampshire,2013,8,2013-08,violent-crime,estimates,217,17.7,1323459,1226168,92.65
NH,New Hampshire,2013,9,2013-09,violent-crime,estimates,238,19.56,1323459,1216785,91.94
NH,New Hampshire,2013,10,2013-10,violent-crime,estimates,235,19.49,1323459,1205486,91.09
NH,New Hampshire,2013,11,2013-11,violent-crime,estimates,217,17.84,1323459,1216648,91.93
NH,New Hampshire,2013,12,2013-12,violent-crime,estimates,239,19.53,1323459,1223675,92.46
NH,New Hampshire,2014,1,2014-01,violent-crime,estimates,190,14.89,1326813,1276012,96.17
NH,New Hampshire,2014,2,2014-02,violent-crime,estimates,173,13.66,1326813,1266237,95.43
NH,New Hampshire,2014,3,2014-03,violent-crime,estimates,191,15.08,1326813,1266237,95.43
NH,New Hampshire,2014,4,2014-04,violent-crime,estimates,200,15.79,1326813,1266237,95.43
NH,New Hampshire,2014,5,2014-05,violent-crime,estimates,248,19.56,1326813,1267722,95.55
NH,New Hampshire,2014,6,2014-06,violent-crime,estimates,227,17.88,1326813,1269817,95.7
NH,New Hampshire,2014,7,2014-07,violent-crime,estimates,218,17.17,1326813,1269817,95.7
NH,New Hampshire,2014,8,2014-08,violent-crime,estimates,246,19.42,1326813,1266476,95.45
NH,New Hampshire,2014,9,2014-09,violent-crime,estimates,231,18.12,1326813,1274500,96.06
NH,New Hampshire,2014,10,2014-10,violent-crime,estimates,209,16.34,1326813,1278770,96.38
NH,New Hampshire,2014,11,2014-11,violent-crime,estimates,184,14.53,1326813,1266476,95.45
NH,New Hampshire,2014,12,2014-12,violent-crime,estimates,179,14.12,1326813,1267722,95.55
NH,New Hampshire,2015,1,2015-01,violent-crime,estimates,197,15.27,1330608,1289691,96.92
NH,New Hampshire,2015,2,2015-02,violent-crime,estimates,159,12.33,1330608,1289691,96.92
NH,New Hampshire,2015,3,2015-03,violent-crime,estimates,203,15.74,1330608,1289691,96.92
NH,New Hampshire,2015,4,2015-04,violent-crime,estimates,223,17.31,1330608,1288058,96.8
NH,New Hampshire,2015,5,2015-05,violent-crime,estimates,197,15.29,1330608,1288058,96.8
NH,New Hampshire,2015,6,2015-06,violent-crime,estimates,247,19.18,1330608,1288058,96.8
NH,New Hampshire,2015,7,2015-07,violent-crime,estimates,228,17.7,1330608,1288058,96.8
NH,New Hampshire,2015,8,2015-08,violent-crime,estimates,232,18.01,1330608,1288058,96.8
NH,New Hampshire,2015,9,2015-09,violent-crime,estimates,212,16.46,1330608,1288058,96.8
NH,New Hampshire,2015,10,2015-10,violent-crime,estimates,224,17.37,1330608,1289691,96.92
NH,New Hampshire,2015,11,2015-11,violent-crime,estimates,239,18.56,1330608,1288058,96.8
NH,New Hampshire,2015,12,2015-12,violent-crime,estimates,221,17.16,1330608,1288058,96.8
NH,New Hampshire,2016,1,2016-01,violent-crime,estimates,211,16.25,1334795,1298694,97.3
NH,New Hampshire,2016,2,2016-02,violent-crime,estimates,150,11.55,1334795,1298694,97.3
NH,New Hampshire,2016,3,2016-03,violent-crime,estimates,190,14.63,1334795,1298694,97.3
NH,New Hampshire,2016,4,2016-04,violent-crime,estimates,214,16.48,1334795,1298694,97.3
NH,New Hampshire,2016,5,2016-05,violent-crime,estimates,263,20.25,1334795,1298694,97.3
NH,New Hampshire,2016,6,2016-06,violent-crime,estimates,209,16.09,1334795,1298694,97.3
NH,New Hampshire,2016,7,2016-07,violent-crime,estimates,242,18.67,1334795,1296279,97.11
NH,New Hampshire,2016,8,2016-08,violent-crime,estimates,240,18.48,1334795,1298694,97.3
NH,New Hampshire,2016,9,2016-09,violent-crime,estimates,236,18.17,1334795,1298694,97.3
NH,New Hampshire,2016,10,2016-10,violent-crime,estimates,216,16.63,1334795,1298694,97.3
NH,New Hampshire,2016,11,2016-11,violent-crime,estimates,201,15.48,1334795,1298694,97.3
NH,New Hampshire,2016,12,2016-12,violent-crime,estimates,190,14.63,1334795,1298694,97.3
NH,New Hampshire,2017,1,2017-01,violent-crime,estimates,193,14.73,1342795,1310022,97.56
NH,New Hampshire,2017,2,2017-02,violent-crime,estimates,148,11.29,1342795,1311005,97.63
NH,New Hampshire,2017,3,2017-03,violent-crime,estimates,208,15.87,1342795,1311005,97.63
NH,New Hampshire,2017,4,2017-04,violent-crime,estimates,228,17.39,1342795,1311005,97.63
NH,New Hampshire,2017,5,2017-05,violent-crime,estimates,232,17.7,1342795,1311005,97.63
NH,New Hampshire,2017,6,2017-06,violent-crime,estimates,220,16.78,1342795,1311005,97.63
NH,New Hampshire,2017,7,2017-07,violent-crime,estimates,242,18.46,1342795,1311005,97.63
NH,New Hampshire,2017,8,2017-08,violent-crime,estimates,256,19.53,1342795,1311005,97.63
NH,New Hampshire,2017,9,2017-09,violent-crime,estimates,233,17.77,1342795,1311005,97.63
NH,New Hampshire,2017,10,2017-10,violent-crime,estimates,230,17.54,1342795,1311005,97.63
NH,New Hampshire,2017,11,2017-11,violent-crime,estimates,215,16.4,1342795,1311005,97.63
NH,New Hampshire,2017,12,2017-12,violent-crime,estimates,208,15.87,1342795,1311005,97.63
NJ,New Jersey,1999,1,1999-01,violent-crime,estimates,2598,31.9,8143000,8143000,100
NJ,New Jersey,1999,2,1999-02,violent-crime,estimates,2355,28.92,8143000,8143000,100
NJ,New Jersey,1999,3,1999-03,violent-crime,estimates,2513,30.86,8143000,8143000,100
NJ,New Jersey,1999,4,1999-04,violent-crime,estimates,2662,32.69,8143000,8143000,100
NJ,New Jersey,1999,5,1999-05,violent-crime,estimates,2722,33.43,8143000,8143000,100
NJ,New Jersey,1999,6,1999-06,violent-crime,estimates,2964,36.4,8143000,8143000,100
NJ,New Jersey,1999,7,1999-07,violent-crime,estimates,3260,40.03,8143000,8143000,100
NJ,New Jersey,1999,8,1999-08,violent-crime,estimates,3281,40.29,8143000,8143000,100
NJ,New Jersey,1999,9,1999-09,violent-crime,estimates,2820,34.63,8143000,8143000,100
NJ,New Jersey,1999,10,1999-10,violent-crime,estimates,2874,35.29,8143000,8143000,100
NJ,New Jersey,1999,11,1999-11,violent-crime,estimates,2851,35.01,8143000,8143000,100
NJ,New Jersey,1999,12,1999-12,violent-crime,estimates,2639,32.41,8143000,8143000,100
NJ,New Jersey,2000,1,2000-01,violent-crime,estimates,2504,29.76,8414350,8414350,100
NJ,New Jersey,2000,2,2000-02,violent-crime,estimates,2345,27.87,8414350,8414350,100
NJ,New Jersey,2000,3,2000-03,violent-crime,estimates,2554,30.35,8414350,8414350,100
NJ,New Jersey,2000,4,2000-04,violent-crime,estimates,2407,28.61,8414350,8414350,100
NJ,New Jersey,2000,5,2000-05,violent-crime,estimates,2833,33.67,8414350,8414350,100
NJ,New Jersey,2000,6,2000-06,violent-crime,estimates,2802,33.3,8414350,8414350,100
NJ,New Jersey,2000,7,2000-07,violent-crime,estimates,2886,34.3,8414350,8414350,100
NJ,New Jersey,2000,8,2000-08,violent-crime,estimates,3095,36.78,8414350,8414350,100
NJ,New Jersey,2000,9,2000-09,violent-crime,estimates,2736,32.52,8414350,8414350,100
NJ,New Jersey,2000,10,2000-10,violent-crime,estimates,2977,35.38,8414350,8414350,100
NJ,New Jersey,2000,11,2000-11,violent-crime,estimates,2660,31.61,8414350,8414350,100
NJ,New Jersey,2000,12,2000-12,violent-crime,estimates,2498,29.69,8414350,8414350,100
NJ,New Jersey,2001,1,2001-01,violent-crime,estimates,2627,30.97,8484431,8483226,99.99
NJ,New Jersey,2001,2,2001-02,violent-crime,estimates,2229,26.28,8484431,8483226,99.99
NJ,New Jersey,2001,3,2001-03,violent-crime,estimates,2533,29.86,8484431,8483226,99.99
NJ,New Jersey,2001,4,2001-04,violent-crime,estimates,2561,30.19,8484431,8483226,99.99
NJ,New Jersey,2001,5,2001-05,violent-crime,estimates,2913,34.34,8484431,8483226,99.99
NJ,New Jersey,2001,6,2001-06,violent-crime,estimates,2877,33.91,8484431,8483226,99.99
NJ,New Jersey,2001,7,2001-07,violent-crime,estimates,3060,36.07,8484431,8483226,99.99
NJ,New Jersey,2001,8,2001-08,violent-crime,estimates,2930,34.54,8484431,8483226,99.99
NJ,New Jersey,2001,9,2001-09,violent-crime,estimates,2829,33.35,8484431,8483226,99.99
NJ,New Jersey,2001,10,2001-10,violent-crime,estimates,3084,36.4,8484431,8473401,99.87
NJ,New Jersey,2001,11,2001-11,violent-crime,estimates,2733,32.22,8484431,8483226,99.99
NJ,New Jersey,2001,12,2001-12,violent-crime,estimates,2698,31.95,8484431,8444286,99.53
NJ,New Jersey,2002,1,2002-01,violent-crime,estimates,2555,29.75,8590300,8589080,99.99
NJ,New Jersey,2002,2,2002-02,violent-crime,estimates,2160,25.15,8590300,8589080,99.99
NJ,New Jersey,2002,3,2002-03,violent-crime,estimates,2352,27.38,8590300,8589080,99.99
NJ,New Jersey,2002,4,2002-04,violent-crime,estimates,2527,29.42,8590300,8589080,99.99
NJ,New Jersey,2002,5,2002-05,violent-crime,estimates,2686,31.27,8590300,8589080,99.99
NJ,New Jersey,2002,6,2002-06,violent-crime,estimates,2775,32.31,8590300,8589080,99.99
NJ,New Jersey,2002,7,2002-07,violent-crime,estimates,3070,35.74,8590300,8589080,99.99
NJ,New Jersey,2002,8,2002-08,violent-crime,estimates,3004,34.97,8590300,8589080,99.99
NJ,New Jersey,2002,9,2002-09,violent-crime,estimates,3009,35.03,8590300,8589080,99.99
NJ,New Jersey,2002,10,2002-10,violent-crime,estimates,2734,31.83,8590300,8589080,99.99
NJ,New Jersey,2002,11,2002-11,violent-crime,estimates,2576,29.99,8590300,8589080,99.99
NJ,New Jersey,2002,12,2002-12,violent-crime,estimates,2652,30.88,8590300,8587507,99.97
NJ,New Jersey,2003,1,2003-01,violent-crime,estimates,2384,27.6,8638396,8638396,100
NJ,New Jersey,2003,2,2003-02,violent-crime,estimates,1901,22.01,8638396,8638396,100
NJ,New Jersey,2003,3,2003-03,violent-crime,estimates,2616,30.28,8638396,8638396,100
NJ,New Jersey,2003,4,2003-04,violent-crime,estimates,2547,29.48,8638396,8638396,100
NJ,New Jersey,2003,5,2003-05,violent-crime,estimates,2775,32.12,8638396,8638396,100
NJ,New Jersey,2003,6,2003-06,violent-crime,estimates,2702,31.28,8638396,8638396,100
NJ,New Jersey,2003,7,2003-07,violent-crime,estimates,3041,35.2,8638396,8638396,100
NJ,New Jersey,2003,8,2003-08,violent-crime,estimates,2969,34.37,8638396,8638396,100
NJ,New Jersey,2003,9,2003-09,violent-crime,estimates,2732,31.74,8638396,8608565,99.65
NJ,New Jersey,2003,10,2003-10,violent-crime,estimates,2710,31.48,8638396,8608565,99.65
NJ,New Jersey,2003,11,2003-11,violent-crime,estimates,2580,29.96,8638396,8610109,99.67
NJ,New Jersey,2003,12,2003-12,violent-crime,estimates,2479,28.79,8638396,8610109,99.67
NJ,New Jersey,2004,1,2004-01,violent-crime,estimates,2280,26.21,8698879,8698879,100
NJ,New Jersey,2004,2,2004-02,violent-crime,estimates,2095,24.08,8698879,8698879,100
NJ,New Jersey,2004,3,2004-03,violent-crime,estimates,2376,27.31,8698879,8698879,100
NJ,New Jersey,2004,4,2004-04,violent-crime,estimates,2488,28.61,8698879,8697516,99.98
NJ,New Jersey,2004,5,2004-05,violent-crime,estimates,2772,31.87,8698879,8698879,100
NJ,New Jersey,2004,6,2004-06,violent-crime,estimates,2823,32.46,8698879,8697516,99.98
NJ,New Jersey,2004,7,2004-07,violent-crime,estimates,2918,33.54,8698879,8698879,100
NJ,New Jersey,2004,8,2004-08,violent-crime,estimates,2895,33.28,8698879,8698879,100
NJ,New Jersey,2004,9,2004-09,violent-crime,estimates,2793,32.11,8698879,8697516,99.98
NJ,New Jersey,2004,10,2004-10,violent-crime,estimates,2669,30.69,8698879,8697516,99.98
NJ,New Jersey,2004,11,2004-11,violent-crime,estimates,2389,27.46,8698879,8698879,100
NJ,New Jersey,2004,12,2004-12,violent-crime,estimates,2416,27.78,8698879,8697516,99.98
NJ,New Jersey,2005,1,2005-01,violent-crime,estimates,2277,26.12,8717925,8717925,100
NJ,New Jersey,2005,2,2005-02,violent-crime,estimates,1940,22.25,8717925,8717925,100
NJ,New Jersey,2005,3,2005-03,violent-crime,estimates,2362,27.09,8717925,8717925,100
NJ,New Jersey,2005,4,2005-04,violent-crime,estimates,2471,28.34,8717925,8717925,100
NJ,New Jersey,2005,5,2005-05,violent-crime,estimates,2761,31.67,8717925,8717925,100
NJ,New Jersey,2005,6,2005-06,violent-crime,estimates,2717,31.17,8717925,8717925,100
NJ,New Jersey,2005,7,2005-07,violent-crime,estimates,2996,34.37,8717925,8717925,100
NJ,New Jersey,2005,8,2005-08,violent-crime,estimates,2753,31.58,8717925,8717925,100
NJ,New Jersey,2005,9,2005-09,violent-crime,estimates,2787,31.97,8717925,8717925,100
NJ,New Jersey,2005,10,2005-10,violent-crime,estimates,2765,31.72,8717925,8717925,100
NJ,New Jersey,2005,11,2005-11,violent-crime,estimates,2486,28.52,8717925,8717925,100
NJ,New Jersey,2005,12,2005-12,violent-crime,estimates,2596,29.78,8717925,8717925,100
NJ,New Jersey,2006,1,2006-01,violent-crime,estimates,2727,31.26,8724560,8724560,100
NJ,New Jersey,2006,2,2006-02,violent-crime,estimates,2091,23.97,8724560,8724560,100
NJ,New Jersey,2006,3,2006-03,violent-crime,estimates,2232,25.58,8724560,8724560,100
NJ,New Jersey,2006,4,2006-04,violent-crime,estimates,2346,26.89,8724560,8724560,100
NJ,New Jersey,2006,5,2006-05,violent-crime,estimates,2742,31.43,8724560,8724560,100
NJ,New Jersey,2006,6,2006-06,violent-crime,estimates,2730,31.29,8724560,8724560,100
NJ,New Jersey,2006,7,2006-07,violent-crime,estimates,2942,33.72,8724560,8724560,100
NJ,New Jersey,2006,8,2006-08,violent-crime,estimates,2640,30.26,8724560,8724560,100
NJ,New Jersey,2006,9,2006-09,violent-crime,estimates,2495,28.6,8724560,8724560,100
NJ,New Jersey,2006,10,2006-10,violent-crime,estimates,2565,29.4,8724560,8724560,100
NJ,New Jersey,2006,11,2006-11,violent-crime,estimates,2506,28.72,8724560,8724560,100
NJ,New Jersey,2006,12,2006-12,violent-crime,estimates,2529,28.99,8724560,8724560,100
NJ,New Jersey,2007,1,2007-01,violent-crime,estimates,2329,26.82,8685920,8684873,99.99
NJ,New Jersey,2007,2,2007-02,violent-crime,estimates,1744,20.08,8685920,8684873,99.99
NJ,New Jersey,2007,3,2007-03,violent-crime,estimates,2270,26.14,8685920,8684873,99.99
NJ,New Jersey,2007,4,2007-04,violent-crime,estimates,2196,25.29,8685920,8684873,99.99
NJ,New Jersey,2007,5,2007-05,violent-crime,estimates,2657,30.59,8685920,8684873,99.99
NJ,New Jersey,2007,6,2007-06,violent-crime,estimates,2651,30.52,8685920,8685920,100
NJ,New Jersey,2007,7,2007-07,violent-crime,estimates,2655,30.57,8685920,8685920,100
NJ,New Jersey,2007,8,2007-08,violent-crime,estimates,2474,28.48,8685920,8685920,100
NJ,New Jersey,2007,9,2007-09,violent-crime,estimates,2534,29.17,8685920,8685920,100
NJ,New Jersey,2007,10,2007-10,violent-crime,estimates,2548,29.33,8685920,8685920,100
NJ,New Jersey,2007,11,2007-11,violent-crime,estimates,2158,24.84,8685920,8685920,100
NJ,New Jersey,2007,12,2007-12,violent-crime,estimates,2322,26.73,8685920,8685920,100
NJ,New Jersey,2008,1,2008-01,violent-crime,estimates,2180,25.12,8682661,8678868,99.96
NJ,New Jersey,2008,2,2008-02,violent-crime,estimates,1873,21.58,8682661,8678868,99.96
NJ,New Jersey,2008,3,2008-03,violent-crime,estimates,2115,24.37,8682661,8678868,99.96
NJ,New Jersey,2008,4,2008-04,violent-crime,estimates,2236,25.77,8682661,8677913,99.95
NJ,New Jersey,2008,5,2008-05,violent-crime,estimates,2407,27.73,8682661,8678868,99.96
NJ,New Jersey,2008,6,2008-06,violent-crime,estimates,2593,29.88,8682661,8677913,99.95
NJ,New Jersey,2008,7,2008-07,violent-crime,estimates,2654,30.58,8682661,8678868,99.96
NJ,New Jersey,2008,8,2008-08,violent-crime,estimates,2616,30.14,8682661,8678868,99.96
NJ,New Jersey,2008,9,2008-09,violent-crime,estimates,2514,28.97,8682661,8677913,99.95
NJ,New Jersey,2008,10,2008-10,violent-crime,estimates,2493,28.72,8682661,8678868,99.96
NJ,New Jersey,2008,11,2008-11,violent-crime,estimates,2263,26.08,8682661,8677913,99.95
NJ,New Jersey,2008,12,2008-12,violent-crime,estimates,2393,27.57,8682661,8678868,99.96
NJ,New Jersey,2009,1,2009-01,violent-crime,estimates,2047,23.52,8707739,8703943,99.96
NJ,New Jersey,2009,2,2009-02,violent-crime,estimates,1774,20.38,8707739,8703943,99.96
NJ,New Jersey,2009,3,2009-03,violent-crime,estimates,2044,23.48,8707739,8703943,99.96
NJ,New Jersey,2009,4,2009-04,violent-crime,estimates,2188,25.14,8707739,8703943,99.96
NJ,New Jersey,2009,5,2009-05,violent-crime,estimates,2509,28.83,8707739,8703943,99.96
NJ,New Jersey,2009,6,2009-06,violent-crime,estimates,2418,27.78,8707739,8703943,99.96
NJ,New Jersey,2009,7,2009-07,violent-crime,estimates,2734,31.41,8707739,8703943,99.96
NJ,New Jersey,2009,8,2009-08,violent-crime,estimates,2550,29.3,8707739,8703943,99.96
NJ,New Jersey,2009,9,2009-09,violent-crime,estimates,2334,26.82,8707739,8703943,99.96
NJ,New Jersey,2009,10,2009-10,violent-crime,estimates,2306,26.49,8707739,8703943,99.96
NJ,New Jersey,2009,11,2009-11,violent-crime,estimates,2228,25.6,8707739,8703943,99.96
NJ,New Jersey,2009,12,2009-12,violent-crime,estimates,1972,22.66,8707739,8703943,99.96
NJ,New Jersey,2010,1,2010-01,violent-crime,estimates,2053,23.35,8791894,8791894,100
NJ,New Jersey,2010,2,2010-02,violent-crime,estimates,1624,18.47,8791894,8791894,100
NJ,New Jersey,2010,3,2010-03,violent-crime,estimates,2086,23.73,8791894,8791894,100
NJ,New Jersey,2010,4,2010-04,violent-crime,estimates,2132,24.25,8791894,8791894,100
NJ,New Jersey,2010,5,2010-05,violent-crime,estimates,2468,28.07,8791894,8791894,100
NJ,New Jersey,2010,6,2010-06,violent-crime,estimates,2492,28.34,8791894,8791894,100
NJ,New Jersey,2010,7,2010-07,violent-crime,estimates,2603,29.61,8791894,8791894,100
NJ,New Jersey,2010,8,2010-08,violent-crime,estimates,2565,29.17,8791894,8791894,100
NJ,New Jersey,2010,9,2010-09,violent-crime,estimates,2498,28.41,8791894,8791894,100
NJ,New Jersey,2010,10,2010-10,violent-crime,estimates,2353,26.76,8791894,8791894,100
NJ,New Jersey,2010,11,2010-11,violent-crime,estimates,2086,23.96,8791894,8707758,99.04
NJ,New Jersey,2010,12,2010-12,violent-crime,estimates,2052,23.57,8791894,8707758,99.04
NJ,New Jersey,2011,1,2011-01,violent-crime,estimates,1955,22.16,8821155,8821155,100
NJ,New Jersey,2011,2,2011-02,violent-crime,estimates,1639,18.58,8821155,8821155,100
NJ,New Jersey,2011,3,2011-03,violent-crime,estimates,1902,21.56,8821155,8821155,100
NJ,New Jersey,2011,4,2011-04,violent-crime,estimates,2168,24.58,8821155,8821155,100
NJ,New Jersey,2011,5,2011-05,violent-crime,estimates,2533,28.72,8821155,8820051,99.99
NJ,New Jersey,2011,6,2011-06,violent-crime,estimates,2482,28.14,8821155,8820051,99.99
NJ,New Jersey,2011,7,2011-07,violent-crime,estimates,2566,29.09,8821155,8821155,100
NJ,New Jersey,2011,8,2011-08,violent-crime,estimates,2372,26.89,8821155,8821155,100
NJ,New Jersey,2011,9,2011-09,violent-crime,estimates,2373,27.09,8821155,8760229,99.31
NJ,New Jersey,2011,10,2011-10,violent-crime,estimates,2347,26.79,8821155,8760229,99.31
NJ,New Jersey,2011,11,2011-11,violent-crime,estimates,2388,27.26,8821155,8760229,99.31
NJ,New Jersey,2011,12,2011-12,violent-crime,estimates,2393,27.32,8821155,8760229,99.31
NJ,New Jersey,2012,1,2012-01,violent-crime,estimates,2147,24.22,8864590,8864045,99.99
NJ,New Jersey,2012,2,2012-02,violent-crime,estimates,1707,19.26,8864590,8864045,99.99
NJ,New Jersey,2012,3,2012-03,violent-crime,estimates,2019,22.8,8864590,8854556,99.89
NJ,New Jersey,2012,4,2012-04,violent-crime,estimates,1980,22.36,8864590,8854556,99.89
NJ,New Jersey,2012,5,2012-05,violent-crime,estimates,2241,25.31,8864590,8853445,99.87
NJ,New Jersey,2012,6,2012-06,violent-crime,estimates,2182,24.64,8864590,8854556,99.89
NJ,New Jersey,2012,7,2012-07,violent-crime,estimates,2485,28.06,8864590,8854556,99.89
NJ,New Jersey,2012,8,2012-08,violent-crime,estimates,2350,26.54,8864590,8853445,99.87
NJ,New Jersey,2012,9,2012-09,violent-crime,estimates,2303,26.05,8864590,8842365,99.75
NJ,New Jersey,2012,10,2012-10,violent-crime,estimates,2240,25.35,8864590,8837873,99.7
NJ,New Jersey,2012,11,2012-11,violent-crime,estimates,1890,21.39,8864590,8836027,99.68
NJ,New Jersey,2012,12,2012-12,violent-crime,estimates,2142,24.41,8864590,8774519,98.98
NJ,New Jersey,2013,1,2013-01,violent-crime,estimates,2140,24.2,8899339,8843866,99.38
NJ,New Jersey,2013,2,2013-02,violent-crime,estimates,1640,18.54,8899339,8843866,99.38
NJ,New Jersey,2013,3,2013-03,violent-crime,estimates,1841,20.76,8899339,8866533,99.63
NJ,New Jersey,2013,4,2013-04,violent-crime,estimates,2015,22.72,8899339,8868495,99.65
NJ,New Jersey,2013,5,2013-05,violent-crime,estimates,2075,23.39,8899339,8870112,99.67
NJ,New Jersey,2013,6,2013-06,violent-crime,estimates,2351,26.51,8899339,8868495,99.65
NJ,New Jersey,2013,7,2013-07,violent-crime,estimates,2267,25.56,8899339,8870112,99.67
NJ,New Jersey,2013,8,2013-08,violent-crime,estimates,2295,25.88,8899339,8868495,99.65
NJ,New Jersey,2013,9,2013-09,violent-crime,estimates,2193,24.75,8899339,8861651,99.58
NJ,New Jersey,2013,10,2013-10,violent-crime,estimates,2187,24.68,8899339,8861651,99.58
NJ,New Jersey,2013,11,2013-11,violent-crime,estimates,2178,24.61,8899339,8851344,99.46
NJ,New Jersey,2013,12,2013-12,violent-crime,estimates,2130,24.17,8899339,8811406,99.01
NJ,New Jersey,2014,1,2014-01,violent-crime,estimates,1715,19.19,8938175,8936572,99.98
NJ,New Jersey,2014,2,2014-02,violent-crime,estimates,1427,15.97,8938175,8938175,100
NJ,New Jersey,2014,3,2014-03,violent-crime,estimates,1731,19.37,8938175,8938175,100
NJ,New Jersey,2014,4,2014-04,violent-crime,estimates,1754,19.62,8938175,8938175,100
NJ,New Jersey,2014,5,2014-05,violent-crime,estimates,2057,23.01,8938175,8938175,100
NJ,New Jersey,2014,6,2014-06,violent-crime,estimates,2205,24.67,8938175,8938175,100
NJ,New Jersey,2014,7,2014-07,violent-crime,estimates,2081,23.28,8938175,8938175,100
NJ,New Jersey,2014,8,2014-08,violent-crime,estimates,2114,23.65,8938175,8938175,100
NJ,New Jersey,2014,9,2014-09,violent-crime,estimates,1996,22.33,8938175,8938175,100
NJ,New Jersey,2014,10,2014-10,violent-crime,estimates,2074,23.2,8938175,8938175,100
NJ,New Jersey,2014,11,2014-11,violent-crime,estimates,1903,21.29,8938175,8936572,99.98
NJ,New Jersey,2014,12,2014-12,violent-crime,estimates,1913,21.41,8938175,8936572,99.98
NJ,New Jersey,2015,1,2015-01,violent-crime,estimates,1632,18.22,8958013,8957509,99.99
NJ,New Jersey,2015,2,2015-02,violent-crime,estimates,1293,14.43,8958013,8958013,100
NJ,New Jersey,2015,3,2015-03,violent-crime,estimates,1598,17.84,8958013,8956810,99.99
NJ,New Jersey,2015,4,2015-04,violent-crime,estimates,1797,20.06,8958013,8957509,99.99
NJ,New Jersey,2015,5,2015-05,violent-crime,estimates,2113,23.59,8958013,8958013,100
NJ,New Jersey,2015,6,2015-06,violent-crime,estimates,2065,23.05,8958013,8957509,99.99
NJ,New Jersey,2015,7,2015-07,violent-crime,estimates,2129,23.78,8958013,8954067,99.96
NJ,New Jersey,2015,8,2015-08,violent-crime,estimates,2180,24.35,8958013,8954067,99.96
NJ,New Jersey,2015,9,2015-09,violent-crime,estimates,2060,23.01,8958013,8954067,99.96
NJ,New Jersey,2015,10,2015-10,violent-crime,estimates,1940,21.67,8958013,8954067,99.96
NJ,New Jersey,2015,11,2015-11,violent-crime,estimates,2011,22.46,8958013,8954067,99.96
NJ,New Jersey,2015,12,2015-12,violent-crime,estimates,1774,20.48,8958013,8663162,96.71
NJ,New Jersey,2016,1,2016-01,violent-crime,estimates,1735,19.4,8944469,8944469,100
NJ,New Jersey,2016,2,2016-02,violent-crime,estimates,1478,16.52,8944469,8944469,100
NJ,New Jersey,2016,3,2016-03,violent-crime,estimates,1739,19.44,8944469,8944469,100
NJ,New Jersey,2016,4,2016-04,violent-crime,estimates,1717,19.2,8944469,8944469,100
NJ,New Jersey,2016,5,2016-05,violent-crime,estimates,1900,21.24,8944469,8944469,100
NJ,New Jersey,2016,6,2016-06,violent-crime,estimates,1857,20.76,8944469,8944469,100
NJ,New Jersey,2016,7,2016-07,violent-crime,estimates,1928,21.56,8944469,8944469,100
NJ,New Jersey,2016,8,2016-08,violent-crime,estimates,2021,22.59,8944469,8944469,100
NJ,New Jersey,2016,9,2016-09,violent-crime,estimates,2014,22.52,8944469,8944469,100
NJ,New Jersey,2016,10,2016-10,violent-crime,estimates,1984,22.18,8944469,8944469,100
NJ,New Jersey,2016,11,2016-11,violent-crime,estimates,1848,20.66,8944469,8944469,100
NJ,New Jersey,2016,12,2016-12,violent-crime,estimates,1634,18.27,8944469,8944469,100
NJ,New Jersey,2017,1,2017-01,violent-crime,estimates,1652,18.34,9005644,9005644,100
NJ,New Jersey,2017,2,2017-02,violent-crime,estimates,1414,15.7,9005644,9005644,100
NJ,New Jersey,2017,3,2017-03,violent-crime,estimates,1481,16.45,9005644,9005644,100
NJ,New Jersey,2017,4,2017-04,violent-crime,estimates,1655,18.38,9005644,9005644,100
NJ,New Jersey,2017,5,2017-05,violent-crime,estimates,1817,20.18,9005644,9005644,100
NJ,New Jersey,2017,6,2017-06,violent-crime,estimates,1789,19.87,9005644,9005644,100
NJ,New Jersey,2017,7,2017-07,violent-crime,estimates,1958,21.74,9005644,9005644,100
NJ,New Jersey,2017,8,2017-08,violent-crime,estimates,1923,21.35,9005644,9005644,100
NJ,New Jersey,2017,9,2017-09,violent-crime,estimates,1910,21.21,9005644,9005644,100
NJ,New Jersey,2017,10,2017-10,violent-crime,estimates,1833,20.35,9005644,9005644,100
NJ,New Jersey,2017,11,2017-11,violent-crime,estimates,1611,17.89,9005644,9005644,100
NJ,New Jersey,2017,12,2017-12,violent-crime,estimates,1561,17.33,9005644,9005644,100
NM,New Mexico,1999,1,1999-01,violent-crime,estimates,977,66.2,1740000,1475774,84.81
NM,New Mexico,1999,2,1999-02,violent-crime,estimates,878,60.78,1740000,1444575,83.02
NM,New Mexico,1999,3,1999-03,violent-crime,estimates,1081,71.7,1740000,1507635,86.65
NM,New Mexico,1999,4,1999-04,violent-crime,estimates,1089,72.53,1740000,1501452,86.29
NM,New Mexico,1999,5,1999-05,violent-crime,estimates,1185,79.5,1740000,1490630,85.67
NM,New Mexico,1999,6,1999-06,violent-crime,estimates,1024,68.73,1740000,1489838,85.62
NM,New Mexico,1999,7,1999-07,violent-crime,estimates,1157,77.39,1740000,1495098,85.93
NM,New Mexico,1999,8,1999-08,violent-crime,estimates,1149,80.03,1740000,1435709,82.51
NM,New Mexico,1999,9,1999-09,violent-crime,estimates,1113,73.8,1740000,1508097,86.67
NM,New Mexico,1999,10,1999-10,violent-crime,estimates,1092,76.62,1740000,1425222,81.91
NM,New Mexico,1999,11,1999-11,violent-crime,estimates,956,67.63,1740000,1413661,81.24
NM,New Mexico,1999,12,1999-12,violent-crime,estimates,1031,74.23,1740000,1388916,79.82
NM,New Mexico,2000,1,2000-01,violent-crime,estimates,998,61.38,1819046,1625924,89.38
NM,New Mexico,2000,2,2000-02,violent-crime,estimates,883,56.21,1819046,1570893,86.36
NM,New Mexico,2000,3,2000-03,violent-crime,estimates,1042,64.13,1819046,1624881,89.33
NM,New Mexico,2000,4,2000-04,violent-crime,estimates,1022,62.94,1819046,1623682,89.26
NM,New Mexico,2000,5,2000-05,violent-crime,estimates,1104,69.9,1819046,1579325,86.82
NM,New Mexico,2000,6,2000-06,violent-crime,estimates,1143,72.41,1819046,1578519,86.78
NM,New Mexico,2000,7,2000-07,violent-crime,estimates,1236,78.65,1819046,1571545,86.39
NM,New Mexico,2000,8,2000-08,violent-crime,estimates,1187,75.49,1819046,1572404,86.44
NM,New Mexico,2000,9,2000-09,violent-crime,estimates,945,62.5,1819046,1512069,83.12
NM,New Mexico,2000,10,2000-10,violent-crime,estimates,1001,63.4,1819046,1578839,86.79
NM,New Mexico,2000,11,2000-11,violent-crime,estimates,934,59.86,1819046,1560183,85.77
NM,New Mexico,2000,12,2000-12,violent-crime,estimates,950,62.33,1819046,1524135,83.79
NM,New Mexico,2001,1,2001-01,violent-crime,estimates,989,60.91,1829146,1623756,88.77
NM,New Mexico,2001,2,2001-02,violent-crime,estimates,901,56.54,1829146,1593449,87.11
NM,New Mexico,2001,3,2001-03,violent-crime,estimates,1136,70.19,1829146,1618459,88.48
NM,New Mexico,2001,4,2001-04,violent-crime,estimates,1039,68.67,1829146,1512973,82.71
NM,New Mexico,2001,5,2001-05,violent-crime,estimates,1093,69.37,1829146,1575647,86.14
NM,New Mexico,2001,6,2001-06,violent-crime,estimates,1033,66.87,1829146,1544743,84.45
NM,New Mexico,2001,7,2001-07,violent-crime,estimates,1218,77.79,1829146,1565655,85.59
NM,New Mexico,2001,8,2001-08,violent-crime,estimates,1035,66.76,1829146,1550386,84.76
NM,New Mexico,2001,9,2001-09,violent-crime,estimates,1104,70.87,1829146,1557708,85.16
NM,New Mexico,2001,10,2001-10,violent-crime,estimates,1091,70.42,1829146,1549355,84.7
NM,New Mexico,2001,11,2001-11,violent-crime,estimates,960,62.2,1829146,1543319,84.37
NM,New Mexico,2001,12,2001-12,violent-crime,estimates,921,60.42,1829146,1524323,83.34
NM,New Mexico,2002,1,2002-01,violent-crime,estimates,956,59.15,1855059,1616255,87.13
NM,New Mexico,2002,2,2002-02,violent-crime,estimates,845,52.35,1855059,1614046,87.01
NM,New Mexico,2002,3,2002-03,violent-crime,estimates,989,61.32,1855059,1612787,86.94
NM,New Mexico,2002,4,2002-04,violent-crime,estimates,1064,65.97,1855059,1612787,86.94
NM,New Mexico,2002,5,2002-05,violent-crime,estimates,1121,69.63,1855059,1609866,86.78
NM,New Mexico,2002,6,2002-06,violent-crime,estimates,1097,68.14,1855059,1609866,86.78
NM,New Mexico,2002,7,2002-07,violent-crime,estimates,1115,69.31,1855059,1608787,86.72
NM,New Mexico,2002,8,2002-08,violent-crime,estimates,1237,76.8,1855059,1610749,86.83
NM,New Mexico,2002,9,2002-09,violent-crime,estimates,1102,68.42,1855059,1610749,86.83
NM,New Mexico,2002,10,2002-10,violent-crime,estimates,871,58.57,1855059,1487143,80.17
NM,New Mexico,2002,11,2002-11,violent-crime,estimates,917,61.68,1855059,1486761,80.15
NM,New Mexico,2002,12,2002-12,violent-crime,estimates,858,57.69,1855059,1487143,80.17
NM,New Mexico,2003,1,2003-01,violent-crime,estimates,937,58.15,1874614,1611227,85.95
NM,New Mexico,2003,2,2003-02,violent-crime,estimates,732,45.24,1874614,1617902,86.31
NM,New Mexico,2003,3,2003-03,violent-crime,estimates,916,56.48,1874614,1621792,86.51
NM,New Mexico,2003,4,2003-04,violent-crime,estimates,1030,63.22,1874614,1629131,86.9
NM,New Mexico,2003,5,2003-05,violent-crime,estimates,1075,65.68,1874614,1636727,87.31
NM,New Mexico,2003,6,2003-06,violent-crime,estimates,1009,61.44,1874614,1642170,87.6
NM,New Mexico,2003,7,2003-07,violent-crime,estimates,1048,63.74,1874614,1644091,87.7
NM,New Mexico,2003,8,2003-08,violent-crime,estimates,966,59.71,1874614,1617745,86.3
NM,New Mexico,2003,9,2003-09,violent-crime,estimates,909,56.05,1874614,1621740,86.51
NM,New Mexico,2003,10,2003-10,violent-crime,estimates,992,61.14,1874614,1622584,86.56
NM,New Mexico,2003,11,2003-11,violent-crime,estimates,805,51.97,1874614,1548930,82.63
NM,New Mexico,2003,12,2003-12,violent-crime,estimates,825,52.8,1874614,1562418,83.35
NM,New Mexico,2004,1,2004-01,violent-crime,estimates,1005,58.8,1903289,1709131,89.8
NM,New Mexico,2004,2,2004-02,violent-crime,estimates,846,49.28,1903289,1716863,90.21
NM,New Mexico,2004,3,2004-03,violent-crime,estimates,945,55.65,1903289,1698027,89.22
NM,New Mexico,2004,4,2004-04,violent-crime,estimates,911,53.67,1903289,1697399,89.18
NM,New Mexico,2004,5,2004-05,violent-crime,estimates,1061,62.77,1903289,1690295,88.81
NM,New Mexico,2004,6,2004-06,violent-crime,estimates,1067,62.85,1903289,1697635,89.19
NM,New Mexico,2004,7,2004-07,violent-crime,estimates,1089,64.19,1903289,1696627,89.14
NM,New Mexico,2004,8,2004-08,violent-crime,estimates,1091,65.21,1903289,1673108,87.91
NM,New Mexico,2004,9,2004-09,violent-crime,estimates,986,58.12,1903289,1696627,89.14
NM,New Mexico,2004,10,2004-10,violent-crime,estimates,974,57.31,1903289,1699612,89.3
NM,New Mexico,2004,11,2004-11,violent-crime,estimates,954,56.51,1903289,1688145,88.7
NM,New Mexico,2004,12,2004-12,violent-crime,estimates,988,58.35,1903289,1693152,88.96
NM,New Mexico,2005,1,2005-01,violent-crime,estimates,911,50.48,1928384,1804544,93.58
NM,New Mexico,2005,2,2005-02,violent-crime,estimates,840,46.96,1928384,1788618,92.75
NM,New Mexico,2005,3,2005-03,violent-crime,estimates,886,49.12,1928384,1803797,93.54
NM,New Mexico,2005,4,2005-04,violent-crime,estimates,983,55.62,1928384,1767199,91.64
NM,New Mexico,2005,5,2005-05,violent-crime,estimates,1053,59.38,1928384,1773447,91.97
NM,New Mexico,2005,6,2005-06,violent-crime,estimates,1035,57.88,1928384,1788285,92.73
NM,New Mexico,2005,7,2005-07,violent-crime,estimates,1139,64.7,1928384,1760432,91.29
NM,New Mexico,2005,8,2005-08,violent-crime,estimates,1060,59.84,1928384,1771411,91.86
NM,New Mexico,2005,9,2005-09,violent-crime,estimates,1090,60.83,1928384,1792022,92.93
NM,New Mexico,2005,10,2005-10,violent-crime,estimates,1041,58.33,1928384,1784791,92.55
NM,New Mexico,2005,11,2005-11,violent-crime,estimates,816,46.78,1928384,1744513,90.47
NM,New Mexico,2005,12,2005-12,violent-crime,estimates,885,50.18,1928384,1763639,91.46
NM,New Mexico,2006,1,2006-01,violent-crime,estimates,1044,54.23,1954599,1925159,98.49
NM,New Mexico,2006,2,2006-02,violent-crime,estimates,860,44.71,1954599,1923639,98.42
NM,New Mexico,2006,3,2006-03,violent-crime,estimates,969,50.39,1954599,1922937,98.38
NM,New Mexico,2006,4,2006-04,violent-crime,estimates,1015,53.08,1954599,1912220,97.83
NM,New Mexico,2006,5,2006-05,violent-crime,estimates,1159,60.27,1954599,1922937,98.38
NM,New Mexico,2006,6,2006-06,violent-crime,estimates,1133,58.92,1954599,1922937,98.38
NM,New Mexico,2006,7,2006-07,violent-crime,estimates,1264,66.18,1954599,1909905,97.71
NM,New Mexico,2006,8,2006-08,violent-crime,estimates,1145,59.97,1954599,1909303,97.68
NM,New Mexico,2006,9,2006-09,violent-crime,estimates,1039,54.34,1954599,1911875,97.81
NM,New Mexico,2006,10,2006-10,violent-crime,estimates,1094,58,1954599,1886231,96.5
NM,New Mexico,2006,11,2006-11,violent-crime,estimates,887,47.2,1954599,1879199,96.14
NM,New Mexico,2006,12,2006-12,violent-crime,estimates,958,50.09,1954599,1912499,97.85
NM,New Mexico,2007,1,2007-01,violent-crime,estimates,933,48.63,1969915,1918707,97.4
NM,New Mexico,2007,2,2007-02,violent-crime,estimates,926,48.02,1969915,1928231,97.88
NM,New Mexico,2007,3,2007-03,violent-crime,estimates,1119,58.08,1969915,1926674,97.8
NM,New Mexico,2007,4,2007-04,violent-crime,estimates,1061,55.33,1969915,1917748,97.35
NM,New Mexico,2007,5,2007-05,violent-crime,estimates,1208,63.04,1969915,1916100,97.27
NM,New Mexico,2007,6,2007-06,violent-crime,estimates,1148,59.86,1969915,1917748,97.35
NM,New Mexico,2007,7,2007-07,violent-crime,estimates,1096,57.18,1969915,1916817,97.3
NM,New Mexico,2007,8,2007-08,violent-crime,estimates,1266,65.99,1969915,1918465,97.39
NM,New Mexico,2007,9,2007-09,violent-crime,estimates,1095,56.99,1969915,1921268,97.53
NM,New Mexico,2007,10,2007-10,violent-crime,estimates,1173,61.07,1969915,1920789,97.51
NM,New Mexico,2007,11,2007-11,violent-crime,estimates,948,49.17,1969915,1927989,97.87
NM,New Mexico,2007,12,2007-12,violent-crime,estimates,1008,52.74,1969915,1911265,97.02
NM,New Mexico,2008,1,2008-01,violent-crime,estimates,1029,52.46,1984356,1961555,98.85
NM,New Mexico,2008,2,2008-02,violent-crime,estimates,834,42.54,1984356,1960702,98.81
NM,New Mexico,2008,3,2008-03,violent-crime,estimates,990,50.49,1984356,1960702,98.81
NM,New Mexico,2008,4,2008-04,violent-crime,estimates,1068,54.6,1984356,1956185,98.58
NM,New Mexico,2008,5,2008-05,violent-crime,estimates,1167,59.66,1984356,1956185,98.58
NM,New Mexico,2008,6,2008-06,violent-crime,estimates,1111,57.47,1984356,1933047,97.41
NM,New Mexico,2008,7,2008-07,violent-crime,estimates,1189,61.57,1984356,1931234,97.32
NM,New Mexico,2008,8,2008-08,violent-crime,estimates,1216,62.91,1984356,1933047,97.41
NM,New Mexico,2008,9,2008-09,violent-crime,estimates,1123,58.15,1984356,1931234,97.32
NM,New Mexico,2008,10,2008-10,violent-crime,estimates,1057,54.61,1984356,1935706,97.55
NM,New Mexico,2008,11,2008-11,violent-crime,estimates,1046,54.04,1984356,1935706,97.55
NM,New Mexico,2008,12,2008-12,violent-crime,estimates,972,50.21,1984356,1935706,97.55
NM,New Mexico,2009,1,2009-01,violent-crime,estimates,1091,56.9,2009671,1917521,95.41
NM,New Mexico,2009,2,2009-02,violent-crime,estimates,1010,52.63,2009671,1918926,95.48
NM,New Mexico,2009,3,2009-03,violent-crime,estimates,1000,52.41,2009671,1907911,94.94
NM,New Mexico,2009,4,2009-04,violent-crime,estimates,1049,54.98,2009671,1907911,94.94
NM,New Mexico,2009,5,2009-05,violent-crime,estimates,1102,57.43,2009671,1918926,95.48
NM,New Mexico,2009,6,2009-06,violent-crime,estimates,1107,57.94,2009671,1910668,95.07
NM,New Mexico,2009,7,2009-07,violent-crime,estimates,1233,66.04,2009671,1867091,92.91
NM,New Mexico,2009,8,2009-08,violent-crime,estimates,1052,56.73,2009671,1854430,92.28
NM,New Mexico,2009,9,2009-09,violent-crime,estimates,885,47.72,2009671,1854430,92.28
NM,New Mexico,2009,10,2009-10,violent-crime,estimates,928,49.75,2009671,1865445,92.82
NM,New Mexico,2009,11,2009-11,violent-crime,estimates,886,47.47,2009671,1866426,92.87
NM,New Mexico,2009,12,2009-12,violent-crime,estimates,874,46.82,2009671,1866842,92.89
NM,New Mexico,2010,1,2010-01,violent-crime,estimates,1098,54.08,2059179,2030409,98.6
NM,New Mexico,2010,2,2010-02,violent-crime,estimates,885,43.65,2059179,2027429,98.46
NM,New Mexico,2010,3,2010-03,violent-crime,estimates,954,47.05,2059179,2027429,98.46
NM,New Mexico,2010,4,2010-04,violent-crime,estimates,1027,50.71,2059179,2025332,98.36
NM,New Mexico,2010,5,2010-05,violent-crime,estimates,1164,57.33,2059179,2030409,98.6
NM,New Mexico,2010,6,2010-06,violent-crime,estimates,987,48.66,2059179,2028312,98.5
NM,New Mexico,2010,7,2010-07,violent-crime,estimates,1081,53.32,2059179,2027429,98.46
NM,New Mexico,2010,8,2010-08,violent-crime,estimates,1157,57.07,2059179,2027429,98.46
NM,New Mexico,2010,9,2010-09,violent-crime,estimates,971,47.94,2059179,2025332,98.36
NM,New Mexico,2010,10,2010-10,violent-crime,estimates,955,47.3,2059179,2019100,98.05
NM,New Mexico,2010,11,2010-11,violent-crime,estimates,869,43.08,2059179,2017011,97.95
NM,New Mexico,2010,12,2010-12,violent-crime,estimates,844,41.74,2059179,2022227,98.21
NM,New Mexico,2011,1,2011-01,violent-crime,estimates,849,41.24,2082224,2058444,98.86
NM,New Mexico,2011,2,2011-02,violent-crime,estimates,828,40.56,2082224,2041388,98.04
NM,New Mexico,2011,3,2011-03,violent-crime,estimates,994,48.73,2082224,2039722,97.96
NM,New Mexico,2011,4,2011-04,violent-crime,estimates,917,44.96,2082224,2039722,97.96
NM,New Mexico,2011,5,2011-05,violent-crime,estimates,1064,52.25,2082224,2036452,97.8
NM,New Mexico,2011,6,2011-06,violent-crime,estimates,1032,50.68,2082224,2036452,97.8
NM,New Mexico,2011,7,2011-07,violent-crime,estimates,1151,56.52,2082224,2036452,97.8
NM,New Mexico,2011,8,2011-08,violent-crime,estimates,1158,56.91,2082224,2034786,97.72
NM,New Mexico,2011,9,2011-09,violent-crime,estimates,985,48.41,2082224,2034786,97.72
NM,New Mexico,2011,10,2011-10,violent-crime,estimates,937,46.03,2082224,2035616,97.76
NM,New Mexico,2011,11,2011-11,violent-crime,estimates,939,46.08,2082224,2037916,97.87
NM,New Mexico,2011,12,2011-12,violent-crime,estimates,886,43.48,2082224,2037916,97.87
NM,New Mexico,2012,1,2012-01,violent-crime,estimates,949,46.97,2085538,2020459,96.88
NM,New Mexico,2012,2,2012-02,violent-crime,estimates,849,41.9,2085538,2026305,97.16
NM,New Mexico,2012,3,2012-03,violent-crime,estimates,957,47.37,2085538,2020318,96.87
NM,New Mexico,2012,4,2012-04,violent-crime,estimates,949,46.8,2085538,2027643,97.22
NM,New Mexico,2012,5,2012-05,violent-crime,estimates,1056,52.08,2085538,2027643,97.22
NM,New Mexico,2012,6,2012-06,violent-crime,estimates,1048,51.71,2085538,2026836,97.19
NM,New Mexico,2012,7,2012-07,violent-crime,estimates,1070,52.84,2085538,2025130,97.1
NM,New Mexico,2012,8,2012-08,violent-crime,estimates,881,43.67,2085538,2017363,96.73
NM,New Mexico,2012,9,2012-09,violent-crime,estimates,947,47.67,2085538,1986564,95.25
NM,New Mexico,2012,10,2012-10,violent-crime,estimates,1001,50.45,2085538,1984145,95.14
NM,New Mexico,2012,11,2012-11,violent-crime,estimates,829,42.36,2085538,1957031,93.84
NM,New Mexico,2012,12,2012-12,violent-crime,estimates,856,45.07,2085538,1899411,91.08
NM,New Mexico,2013,1,2013-01,violent-crime,estimates,919,45.37,2085287,2025383,97.13
NM,New Mexico,2013,2,2013-02,violent-crime,estimates,794,39.1,2085287,2030431,97.37
NM,New Mexico,2013,3,2013-03,violent-crime,estimates,993,48.91,2085287,2030431,97.37
NM,New Mexico,2013,4,2013-04,violent-crime,estimates,1028,52.98,2085287,1940489,93.06
NM,New Mexico,2013,5,2013-05,violent-crime,estimates,1030,53.45,2085287,1926869,92.4
NM,New Mexico,2013,6,2013-06,violent-crime,estimates,1025,54.08,2085287,1895297,90.89
NM,New Mexico,2013,7,2013-07,violent-crime,estimates,993,51.79,2085287,1917335,91.95
NM,New Mexico,2013,8,2013-08,violent-crime,estimates,980,51.52,2085287,1902088,91.21
NM,New Mexico,2013,9,2013-09,violent-crime,estimates,941,49.09,2085287,1916737,91.92
NM,New Mexico,2013,10,2013-10,violent-crime,estimates,851,44.62,2085287,1907030,91.45
NM,New Mexico,2013,11,2013-11,violent-crime,estimates,849,44.15,2085287,1923184,92.23
NM,New Mexico,2013,12,2013-12,violent-crime,estimates,871,46.11,2085287,1889159,90.59
NM,New Mexico,2014,1,2014-01,violent-crime,estimates,915,44.4,2085572,2061006,98.82
NM,New Mexico,2014,2,2014-02,violent-crime,estimates,895,43.56,2085572,2054770,98.52
NM,New Mexico,2014,3,2014-03,violent-crime,estimates,1001,48.54,2085572,2062141,98.88
NM,New Mexico,2014,4,2014-04,violent-crime,estimates,930,45.26,2085572,2054770,98.52
NM,New Mexico,2014,5,2014-05,violent-crime,estimates,1007,49.01,2085572,2054770,98.52
NM,New Mexico,2014,6,2014-06,violent-crime,estimates,1111,54.07,2085572,2054770,98.52
NM,New Mexico,2014,7,2014-07,violent-crime,estimates,1178,57.62,2085572,2044497,98.03
NM,New Mexico,2014,8,2014-08,violent-crime,estimates,1077,52.68,2085572,2044497,98.03
NM,New Mexico,2014,9,2014-09,violent-crime,estimates,1042,50.97,2085572,2044497,98.03
NM,New Mexico,2014,10,2014-10,violent-crime,estimates,956,46.76,2085572,2044497,98.03
NM,New Mexico,2014,11,2014-11,violent-crime,estimates,904,44.22,2085572,2044497,98.03
NM,New Mexico,2014,12,2014-12,violent-crime,estimates,890,43.53,2085572,2044497,98.03
NM,New Mexico,2015,1,2015-01,violent-crime,estimates,1042,52.61,2085109,1980570,94.99
NM,New Mexico,2015,2,2015-02,violent-crime,estimates,889,44.89,2085109,1980570,94.99
NM,New Mexico,2015,3,2015-03,violent-crime,estimates,1056,53.32,2085109,1980570,94.99
NM,New Mexico,2015,4,2015-04,violent-crime,estimates,1029,52.4,2085109,1963614,94.17
NM,New Mexico,2015,5,2015-05,violent-crime,estimates,1166,58.96,2085109,1977752,94.85
NM,New Mexico,2015,6,2015-06,violent-crime,estimates,1024,52.02,2085109,1968485,94.41
NM,New Mexico,2015,7,2015-07,violent-crime,estimates,1123,57.05,2085109,1968485,94.41
NM,New Mexico,2015,8,2015-08,violent-crime,estimates,1155,58.76,2085109,1965585,94.27
NM,New Mexico,2015,9,2015-09,violent-crime,estimates,1040,53.04,2085109,1960610,94.03
NM,New Mexico,2015,10,2015-10,violent-crime,estimates,1103,56.81,2085109,1941657,93.12
NM,New Mexico,2015,11,2015-11,violent-crime,estimates,1003,51.06,2085109,1964183,94.2
NM,New Mexico,2015,12,2015-12,violent-crime,estimates,1002,51.54,2085109,1943947,93.23
NM,New Mexico,2016,1,2016-01,violent-crime,estimates,1088,53.33,2081015,2040025,98.03
NM,New Mexico,2016,2,2016-02,violent-crime,estimates,1020,50.03,2081015,2038611,97.96
NM,New Mexico,2016,3,2016-03,violent-crime,estimates,1044,50.98,2081015,2047857,98.41
NM,New Mexico,2016,4,2016-04,violent-crime,estimates,1075,52.49,2081015,2047857,98.41
NM,New Mexico,2016,5,2016-05,violent-crime,estimates,1180,57.95,2081015,2036359,97.85
NM,New Mexico,2016,6,2016-06,violent-crime,estimates,1267,62.37,2081015,2031401,97.62
NM,New Mexico,2016,7,2016-07,violent-crime,estimates,1245,61.34,2081015,2029773,97.54
NM,New Mexico,2016,8,2016-08,violent-crime,estimates,1287,63.38,2081015,2030531,97.57
NM,New Mexico,2016,9,2016-09,violent-crime,estimates,1259,62.01,2081015,2030462,97.57
NM,New Mexico,2016,10,2016-10,violent-crime,estimates,1231,60.62,2081015,2030531,97.57
NM,New Mexico,2016,11,2016-11,violent-crime,estimates,1040,51.92,2081015,2003124,96.26
NM,New Mexico,2016,12,2016-12,violent-crime,estimates,1066,55.01,2081015,1937905,93.12
NM,New Mexico,2017,1,2017-01,violent-crime,estimates,1310,63.56,2088070,2060975,98.7
NM,New Mexico,2017,2,2017-02,violent-crime,estimates,1139,55.27,2088070,2060975,98.7
NM,New Mexico,2017,3,2017-03,violent-crime,estimates,1210,58.71,2088070,2060975,98.7
NM,New Mexico,2017,4,2017-04,violent-crime,estimates,1318,63.95,2088070,2060975,98.7
NM,New Mexico,2017,5,2017-05,violent-crime,estimates,1402,68.03,2088070,2060975,98.7
NM,New Mexico,2017,6,2017-06,violent-crime,estimates,1363,66.22,2088070,2058227,98.57
NM,New Mexico,2017,7,2017-07,violent-crime,estimates,1565,75.82,2088070,2064210,98.86
NM,New Mexico,2017,8,2017-08,violent-crime,estimates,1468,71.12,2088070,2064210,98.86
NM,New Mexico,2017,9,2017-09,violent-crime,estimates,1415,68.55,2088070,2064210,98.86
NM,New Mexico,2017,10,2017-10,violent-crime,estimates,1393,67.48,2088070,2064210,98.86
NM,New Mexico,2017,11,2017-11,violent-crime,estimates,1344,65.65,2088070,2047262,98.05
NM,New Mexico,2017,12,2017-12,violent-crime,estimates,1198,61,2088070,1964010,94.06
NY,New York,1999,1,1999-01,violent-crime,estimates,7941,50.36,18197000,15767999,86.65
NY,New York,1999,2,1999-02,violent-crime,estimates,7450,47.32,18197000,15745250,86.53
NY,New York,1999,3,1999-03,violent-crime,estimates,8344,53.08,18197000,15718207,86.38
NY,New York,1999,4,1999-04,violent-crime,estimates,7819,49.75,18197000,15717095,86.37
NY,New York,1999,5,1999-05,violent-crime,estimates,8882,56.59,18197000,15696736,86.26
NY,New York,1999,6,1999-06,violent-crime,estimates,9107,58.33,18197000,15613365,85.8
NY,New York,1999,7,1999-07,violent-crime,estimates,9672,63.1,18197000,15328559,84.24
NY,New York,1999,8,1999-08,violent-crime,estimates,9388,60.69,18197000,15469283,85.01
NY,New York,1999,9,1999-09,violent-crime,estimates,8639,56.3,18197000,15344054,84.32
NY,New York,1999,10,1999-10,violent-crime,estimates,8497,56.11,18197000,15143688,83.22
NY,New York,1999,11,1999-11,violent-crime,estimates,8292,55.83,18197000,14852082,81.62
NY,New York,1999,12,1999-12,violent-crime,estimates,7750,54.46,18197000,14231398,78.21
NY,New York,2000,1,2000-01,violent-crime,estimates,7658,47.18,18976457,16230173,85.53
NY,New York,2000,2,2000-02,violent-crime,estimates,7297,45.13,18976457,16168965,85.21
NY,New York,2000,3,2000-03,violent-crime,estimates,8138,50.22,18976457,16204573,85.39
NY,New York,2000,4,2000-04,violent-crime,estimates,7716,48.16,18976457,16023258,84.44
NY,New York,2000,5,2000-05,violent-crime,estimates,8624,53.71,18976457,16055642,84.61
NY,New York,2000,6,2000-06,violent-crime,estimates,8993,55.8,18976457,16117514,84.93
NY,New York,2000,7,2000-07,violent-crime,estimates,9637,60.02,18976457,16057587,84.62
NY,New York,2000,8,2000-08,violent-crime,estimates,9585,59.91,18976457,15999135,84.31
NY,New York,2000,9,2000-09,violent-crime,estimates,8464,53.24,18976457,15896952,83.77
NY,New York,2000,10,2000-10,violent-crime,estimates,8918,56.26,18976457,15852765,83.54
NY,New York,2000,11,2000-11,violent-crime,estimates,7629,47.91,18976457,15924471,83.92
NY,New York,2000,12,2000-12,violent-crime,estimates,7286,46.19,18976457,15775684,83.13
NY,New York,2001,1,2001-01,violent-crime,estimates,7733,47.08,19011378,16424818,86.39
NY,New York,2001,2,2001-02,violent-crime,estimates,6137,37.33,19011378,16441213,86.48
NY,New York,2001,3,2001-03,violent-crime,estimates,7318,44.54,19011378,16428851,86.42
NY,New York,2001,4,2001-04,violent-crime,estimates,7617,46.79,19011378,16278979,85.63
NY,New York,2001,5,2001-05,violent-crime,estimates,8169,50.44,19011378,16194912,85.19
NY,New York,2001,6,2001-06,violent-crime,estimates,8438,52.32,19011378,16128314,84.84
NY,New York,2001,7,2001-07,violent-crime,estimates,8844,54.76,19011378,16149542,84.95
NY,New York,2001,8,2001-08,violent-crime,estimates,8385,52.48,19011378,15977671,84.04
NY,New York,2001,9,2001-09,violent-crime,estimates,7836,48.95,19011378,16008935,84.21
NY,New York,2001,10,2001-10,violent-crime,estimates,8033,50.84,19011378,15801661,83.12
NY,New York,2001,11,2001-11,violent-crime,estimates,7774,49.18,19011378,15805933,83.14
NY,New York,2001,12,2001-12,violent-crime,estimates,6721,43.57,19011378,15426982,81.15
NY,New York,2002,1,2002-01,violent-crime,estimates,7127,37.43,19157532,19043030,99.4
NY,New York,2002,2,2002-02,violent-crime,estimates,6105,32.19,19157532,18967198,99.01
NY,New York,2002,3,2002-03,violent-crime,estimates,6564,34.68,19157532,18926176,98.79
NY,New York,2002,4,2002-04,violent-crime,estimates,7172,37.86,19157532,18943016,98.88
NY,New York,2002,5,2002-05,violent-crime,estimates,7666,40.51,19157532,18925706,98.79
NY,New York,2002,6,2002-06,violent-crime,estimates,7696,40.75,19157532,18887600,98.59
NY,New York,2002,7,2002-07,violent-crime,estimates,2587,13.69,19157532,18903358,98.67
NY,New York,2002,8,2002-08,violent-crime,estimates,2718,14.36,19157532,18929099,98.81
NY,New York,2002,9,2002-09,violent-crime,estimates,20319,107.27,19157532,18942612,98.88
NY,New York,2002,10,2002-10,violent-crime,estimates,2616,13.81,19157532,18936766,98.85
NY,New York,2002,11,2002-11,violent-crime,estimates,2190,11.58,19157532,18904779,98.68
NY,New York,2002,12,2002-12,violent-crime,estimates,21600,114.26,19157532,18904713,98.68
NY,New York,2003,1,2003-01,violent-crime,estimates,2024,10.74,19190115,18837290,98.16
NY,New York,2003,2,2003-02,violent-crime,estimates,1729,9.13,19190115,18937317,98.68
NY,New York,2003,3,2003-03,violent-crime,estimates,15931,84.35,19190115,18885766,98.41
NY,New York,2003,4,2003-04,violent-crime,estimates,2202,11.64,19190115,18914258,98.56
NY,New York,2003,5,2003-05,violent-crime,estimates,2515,13.36,19190115,18821432,98.08
NY,New York,2003,6,2003-06,violent-crime,estimates,16410,87.91,19190115,18666474,97.27
NY,New York,2003,7,2003-07,violent-crime,estimates,2641,14.15,19190115,18659587,97.24
NY,New York,2003,8,2003-08,violent-crime,estimates,2546,13.69,19190115,18593258,96.89
NY,New York,2003,9,2003-09,violent-crime,estimates,18132,97.25,19190115,18645183,97.16
NY,New York,2003,10,2003-10,violent-crime,estimates,2318,12.54,19190115,18482888,96.31
NY,New York,2003,11,2003-11,violent-crime,estimates,2199,11.88,19190115,18513978,96.48
NY,New York,2003,12,2003-12,violent-crime,estimates,19715,106.54,19190115,18505242,96.43
NY,New York,2004,1,2004-01,violent-crime,estimates,2028,10.64,19227088,19062320,99.14
NY,New York,2004,2,2004-02,violent-crime,estimates,1849,9.7,19227088,19061096,99.14
NY,New York,2004,3,2004-03,violent-crime,estimates,15507,81.38,19227088,19054855,99.1
NY,New York,2004,4,2004-04,violent-crime,estimates,2072,10.89,19227088,19030241,98.98
NY,New York,2004,5,2004-05,violent-crime,estimates,2278,11.95,19227088,19057343,99.12
NY,New York,2004,6,2004-06,violent-crime,estimates,15843,83.24,19227088,19033817,98.99
NY,New York,2004,7,2004-07,violent-crime,estimates,2539,13.35,19227088,19019683,98.92
NY,New York,2004,8,2004-08,violent-crime,estimates,2491,13.12,19227088,18985091,98.74
NY,New York,2004,9,2004-09,violent-crime,estimates,16906,89.14,19227088,18966565,98.65
NY,New York,2004,10,2004-10,violent-crime,estimates,2407,12.72,19227088,18918623,98.4
NY,New York,2004,11,2004-11,violent-crime,estimates,2155,11.42,19227088,18871037,98.15
NY,New York,2004,12,2004-12,violent-crime,estimates,18199,96.67,19227088,18825392,97.91
NY,New York,2005,1,2005-01,violent-crime,estimates,2212,11.56,19254630,19129738,99.35
NY,New York,2005,2,2005-02,violent-crime,estimates,1922,10.06,19254630,19101932,99.21
NY,New York,2005,3,2005-03,violent-crime,estimates,15204,79.41,19254630,19145889,99.44
NY,New York,2005,4,2005-04,violent-crime,estimates,2499,13.1,19254630,19077740,99.08
NY,New York,2005,5,2005-05,violent-crime,estimates,2749,14.41,19254630,19074939,99.07
NY,New York,2005,6,2005-06,violent-crime,estimates,15942,83.53,19254630,19085788,99.12
NY,New York,2005,7,2005-07,violent-crime,estimates,3049,15.96,19254630,19104103,99.22
NY,New York,2005,8,2005-08,violent-crime,estimates,2939,15.39,19254630,19101950,99.21
NY,New York,2005,9,2005-09,violent-crime,estimates,17187,89.99,19254630,19098783,99.19
NY,New York,2005,10,2005-10,violent-crime,estimates,2679,14.03,19254630,19093302,99.16
NY,New York,2005,11,2005-11,violent-crime,estimates,2486,13.02,19254630,19092816,99.16
NY,New York,2005,12,2005-12,violent-crime,estimates,16683,87.36,19254630,19097680,99.18
NY,New York,2006,1,2006-01,violent-crime,estimates,2646,13.72,19306183,19281094,99.87
NY,New York,2006,2,2006-02,violent-crime,estimates,2172,11.27,19306183,19280054,99.86
NY,New York,2006,3,2006-03,violent-crime,estimates,15080,78.19,19306183,19286133,99.9
NY,New York,2006,4,2006-04,violent-crime,estimates,2568,13.32,19306183,19275385,99.84
NY,New York,2006,5,2006-05,violent-crime,estimates,2854,14.8,19306183,19283257,99.88
NY,New York,2006,6,2006-06,violent-crime,estimates,15454,80.14,19306183,19284276,99.89
NY,New York,2006,7,2006-07,violent-crime,estimates,3130,16.23,19306183,19284276,99.89
NY,New York,2006,8,2006-08,violent-crime,estimates,3018,15.65,19306183,19282684,99.88
NY,New York,2006,9,2006-09,violent-crime,estimates,16022,83.1,19306183,19280301,99.87
NY,New York,2006,10,2006-10,violent-crime,estimates,2706,14.05,19306183,19262748,99.78
NY,New York,2006,11,2006-11,violent-crime,estimates,2440,12.67,19306183,19262748,99.78
NY,New York,2006,12,2006-12,violent-crime,estimates,15820,82.15,19306183,19256875,99.74
NY,New York,2007,1,2007-01,violent-crime,estimates,2371,12.31,19297729,19263881,99.82
NY,New York,2007,2,2007-02,violent-crime,estimates,1827,9.49,19297729,19260863,99.81
NY,New York,2007,3,2007-03,violent-crime,estimates,14188,73.66,19297729,19262485,99.82
NY,New York,2007,4,2007-04,violent-crime,estimates,2236,11.61,19297729,19257149,99.79
NY,New York,2007,5,2007-05,violent-crime,estimates,2762,14.34,19297729,19257860,99.79
NY,New York,2007,6,2007-06,violent-crime,estimates,14803,76.87,19297729,19256083,99.78
NY,New York,2007,7,2007-07,violent-crime,estimates,2871,14.91,19297729,19257860,99.79
NY,New York,2007,8,2007-08,violent-crime,estimates,2864,14.87,19297729,19257860,99.79
NY,New York,2007,9,2007-09,violent-crime,estimates,15829,82.23,19297729,19249711,99.75
NY,New York,2007,10,2007-10,violent-crime,estimates,2532,13.15,19297729,19249422,99.75
NY,New York,2007,11,2007-11,violent-crime,estimates,2260,11.74,19297729,19251333,99.76
NY,New York,2007,12,2007-12,violent-crime,estimates,15323,79.61,19297729,19246773,99.74
NY,New York,2008,1,2008-01,violent-crime,estimates,2318,11.91,19490297,19465675,99.87
NY,New York,2008,2,2008-02,violent-crime,estimates,1858,9.55,19490297,19465675,99.87
NY,New York,2008,3,2008-03,violent-crime,estimates,13903,71.42,19490297,19465675,99.87
NY,New York,2008,4,2008-04,violent-crime,estimates,2355,12.1,19490297,19462147,99.86
NY,New York,2008,5,2008-05,violent-crime,estimates,2554,13.19,19490297,19367387,99.37
NY,New York,2008,6,2008-06,violent-crime,estimates,14480,74.77,19490297,19366882,99.37
NY,New York,2008,7,2008-07,violent-crime,estimates,2792,14.42,19490297,19366882,99.37
NY,New York,2008,8,2008-08,violent-crime,estimates,2792,14.42,19490297,19365467,99.36
NY,New York,2008,9,2008-09,violent-crime,estimates,14974,77.32,19490297,19366882,99.37
NY,New York,2008,10,2008-10,violent-crime,estimates,2539,13.11,19490297,19364881,99.36
NY,New York,2008,11,2008-11,violent-crime,estimates,2306,11.91,19490297,19362408,99.34
NY,New York,2008,12,2008-12,violent-crime,estimates,14537,75.24,19490297,19321496,99.13
NY,New York,2009,1,2009-01,violent-crime,estimates,2160,11.09,19541453,19481062,99.69
NY,New York,2009,2,2009-02,violent-crime,estimates,1857,9.53,19541453,19481062,99.69
NY,New York,2009,3,2009-03,violent-crime,estimates,13149,67.5,19541453,19481062,99.69
NY,New York,2009,4,2009-04,violent-crime,estimates,2374,12.19,19541453,19481062,99.69
NY,New York,2009,5,2009-05,violent-crime,estimates,2521,12.94,19541453,19479828,99.68
NY,New York,2009,6,2009-06,violent-crime,estimates,13395,68.76,19541453,19479828,99.68
NY,New York,2009,7,2009-07,violent-crime,estimates,2791,14.35,19541453,19455069,99.56
NY,New York,2009,8,2009-08,violent-crime,estimates,2751,14.14,19541453,19455069,99.56
NY,New York,2009,9,2009-09,violent-crime,estimates,14695,75.54,19541453,19452608,99.55
NY,New York,2009,10,2009-10,violent-crime,estimates,2451,12.61,19541453,19431539,99.44
NY,New York,2009,11,2009-11,violent-crime,estimates,2328,11.98,19541453,19430099,99.43
NY,New York,2009,12,2009-12,violent-crime,estimates,14501,74.61,19541453,19436721,99.46
NY,New York,2010,1,2010-01,violent-crime,estimates,2221,11.51,19378102,19303034,99.61
NY,New York,2010,2,2010-02,violent-crime,estimates,1639,8.49,19378102,19303636,99.62
NY,New York,2010,3,2010-03,violent-crime,estimates,13673,70.86,19378102,19295213,99.57
NY,New York,2010,4,2010-04,violent-crime,estimates,2316,12,19378102,19295213,99.57
NY,New York,2010,5,2010-05,violent-crime,estimates,2475,12.83,19378102,19292010,99.56
NY,New York,2010,6,2010-06,violent-crime,estimates,14124,73.23,19378102,19287962,99.53
NY,New York,2010,7,2010-07,violent-crime,estimates,2680,13.92,19378102,19258034,99.38
NY,New York,2010,8,2010-08,violent-crime,estimates,2602,13.51,19378102,19253531,99.36
NY,New York,2010,9,2010-09,violent-crime,estimates,15104,78.51,19378102,19238743,99.28
NY,New York,2010,10,2010-10,violent-crime,estimates,2352,12.23,19378102,19234772,99.26
NY,New York,2010,11,2010-11,violent-crime,estimates,2089,10.89,19378102,19177882,98.97
NY,New York,2010,12,2010-12,violent-crime,estimates,14522,76.13,19378102,19076253,98.44
NY,New York,2011,1,2011-01,violent-crime,estimates,1887,9.74,19465197,19366327,99.49
NY,New York,2011,2,2011-02,violent-crime,estimates,1484,7.66,19465197,19364088,99.48
NY,New York,2011,3,2011-03,violent-crime,estimates,13849,71.54,19465197,19358961,99.45
NY,New York,2011,4,2011-04,violent-crime,estimates,2029,10.48,19465197,19357576,99.45
NY,New York,2011,5,2011-05,violent-crime,estimates,2350,12.14,19465197,19357576,99.45
NY,New York,2011,6,2011-06,violent-crime,estimates,14286,73.8,19465197,19357576,99.45
NY,New York,2011,7,2011-07,violent-crime,estimates,2624,13.55,19465197,19366512,99.49
NY,New York,2011,8,2011-08,violent-crime,estimates,2421,12.52,19465197,19338917,99.35
NY,New York,2011,9,2011-09,violent-crime,estimates,16114,83.34,19465197,19335575,99.33
NY,New York,2011,10,2011-10,violent-crime,estimates,2239,11.58,19465197,19333554,99.32
NY,New York,2011,11,2011-11,violent-crime,estimates,2174,11.28,19465197,19272006,99.01
NY,New York,2011,12,2011-12,violent-crime,estimates,15844,82.31,19465197,19249032,98.89
NY,New York,2012,1,2012-01,violent-crime,estimates,2089,10.73,19570261,19469410,99.48
NY,New York,2012,2,2012-02,violent-crime,estimates,1629,8.37,19570261,19470431,99.49
NY,New York,2012,3,2012-03,violent-crime,estimates,14483,74.39,19570261,19468951,99.48
NY,New York,2012,4,2012-04,violent-crime,estimates,2094,10.76,19570261,19462073,99.45
NY,New York,2012,5,2012-05,violent-crime,estimates,2377,12.23,19570261,19437760,99.32
NY,New York,2012,6,2012-06,violent-crime,estimates,14769,76.02,19570261,19429002,99.28
NY,New York,2012,7,2012-07,violent-crime,estimates,2598,13.39,19570261,19398938,99.12
NY,New York,2012,8,2012-08,violent-crime,estimates,2625,13.56,19570261,19361594,98.93
NY,New York,2012,9,2012-09,violent-crime,estimates,16369,84.66,19570261,19335283,98.8
NY,New York,2012,10,2012-10,violent-crime,estimates,2275,11.76,19570261,19350620,98.88
NY,New York,2012,11,2012-11,violent-crime,estimates,1983,10.3,19570261,19261263,98.42
NY,New York,2012,12,2012-12,violent-crime,estimates,16024,83.38,19570261,19217408,98.2
NY,New York,2013,1,2013-01,violent-crime,estimates,6074,31.11,19651127,19525512,99.36
NY,New York,2013,2,2013-02,violent-crime,estimates,4816,24.67,19651127,19525512,99.36
NY,New York,2013,3,2013-03,violent-crime,estimates,5503,28.18,19651127,19526816,99.37
NY,New York,2013,4,2013-04,violent-crime,estimates,5967,30.57,19651127,19521388,99.34
NY,New York,2013,5,2013-05,violent-crime,estimates,6611,33.93,19651127,19484933,99.15
NY,New York,2013,6,2013-06,violent-crime,estimates,6931,35.57,19651127,19486945,99.16
NY,New York,2013,7,2013-07,violent-crime,estimates,7411,38.22,19651127,19390087,98.67
NY,New York,2013,8,2013-08,violent-crime,estimates,7205,37.03,19651127,19457486,99.01
NY,New York,2013,9,2013-09,violent-crime,estimates,6703,34.63,19651127,19353829,98.49
NY,New York,2013,10,2013-10,violent-crime,estimates,6712,34.66,19651127,19364172,98.54
NY,New York,2013,11,2013-11,violent-crime,estimates,6182,31.87,19651127,19400107,98.72
NY,New York,2013,12,2013-12,violent-crime,estimates,6248,32.35,19651127,19313374,98.28
NY,New York,2014,1,2014-01,violent-crime,estimates,5994,30.4,19746227,19715585,99.84
NY,New York,2014,2,2014-02,violent-crime,estimates,5184,26.33,19746227,19687279,99.7
NY,New York,2014,3,2014-03,violent-crime,estimates,5753,29.22,19746227,19686769,99.7
NY,New York,2014,4,2014-04,violent-crime,estimates,5798,29.45,19746227,19684323,99.69
NY,New York,2014,5,2014-05,violent-crime,estimates,6689,33.97,19746227,19692359,99.73
NY,New York,2014,6,2014-06,violent-crime,estimates,6828,34.67,19746227,19692359,99.73
NY,New York,2014,7,2014-07,violent-crime,estimates,7274,36.94,19746227,19690537,99.72
NY,New York,2014,8,2014-08,violent-crime,estimates,6970,35.42,19746227,19680446,99.67
NY,New York,2014,9,2014-09,violent-crime,estimates,6587,33.46,19746227,19683655,99.68
NY,New York,2014,10,2014-10,violent-crime,estimates,6606,33.6,19746227,19663222,99.58
NY,New York,2014,11,2014-11,violent-crime,estimates,6003,30.52,19746227,19670959,99.62
NY,New York,2014,12,2014-12,violent-crime,estimates,6117,31.12,19746227,19659125,99.56
NY,New York,2015,1,2015-01,violent-crime,estimates,5620,28.43,19795791,19764571,99.84
NY,New York,2015,2,2015-02,violent-crime,estimates,4589,23.22,19795791,19764571,99.84
NY,New York,2015,3,2015-03,violent-crime,estimates,5555,28.1,19795791,19768996,99.86
NY,New York,2015,4,2015-04,violent-crime,estimates,5801,29.34,19795791,19768996,99.86
NY,New York,2015,5,2015-05,violent-crime,estimates,6752,34.16,19795791,19763756,99.84
NY,New York,2015,6,2015-06,violent-crime,estimates,6390,32.35,19795791,19750197,99.77
NY,New York,2015,7,2015-07,violent-crime,estimates,7164,36.28,19795791,19748451,99.76
NY,New York,2015,8,2015-08,violent-crime,estimates,7404,37.54,19795791,19721133,99.62
NY,New York,2015,9,2015-09,violent-crime,estimates,6701,33.98,19795791,19722879,99.63
NY,New York,2015,10,2015-10,violent-crime,estimates,6500,32.96,19795791,19722879,99.63
NY,New York,2015,11,2015-11,violent-crime,estimates,6137,31.12,19795791,19722879,99.63
NY,New York,2015,12,2015-12,violent-crime,estimates,6409,32.5,19795791,19717061,99.6
NY,New York,2016,1,2016-01,violent-crime,estimates,5882,29.82,19745289,19725236,99.9
NY,New York,2016,2,2016-02,violent-crime,estimates,5186,26.38,19745289,19659911,99.57
NY,New York,2016,3,2016-03,violent-crime,estimates,5837,29.74,19745289,19626093,99.4
NY,New York,2016,4,2016-04,violent-crime,estimates,5850,29.81,19745289,19626093,99.4
NY,New York,2016,5,2016-05,violent-crime,estimates,6509,33.17,19745289,19624785,99.39
NY,New York,2016,6,2016-06,violent-crime,estimates,6415,32.69,19745289,19624785,99.39
NY,New York,2016,7,2016-07,violent-crime,estimates,7108,36.22,19745289,19624785,99.39
NY,New York,2016,8,2016-08,violent-crime,estimates,6957,35.45,19745289,19624785,99.39
NY,New York,2016,9,2016-09,violent-crime,estimates,6418,32.7,19745289,19624785,99.39
NY,New York,2016,10,2016-10,violent-crime,estimates,6231,31.75,19745289,19623519,99.38
NY,New York,2016,11,2016-11,violent-crime,estimates,5871,29.92,19745289,19623519,99.38
NY,New York,2016,12,2016-12,violent-crime,estimates,5859,29.87,19745289,19617411,99.35
NY,New York,2017,1,2017-01,violent-crime,estimates,5785,29.35,19849399,19710709,99.3
NY,New York,2017,2,2017-02,violent-crime,estimates,4845,24.59,19849399,19705150,99.27
NY,New York,2017,3,2017-03,violent-crime,estimates,5417,27.49,19849399,19705150,99.27
NY,New York,2017,4,2017-04,violent-crime,estimates,5555,28.2,19849399,19699619,99.25
NY,New York,2017,5,2017-05,violent-crime,estimates,6242,31.73,19849399,19670043,99.1
NY,New York,2017,6,2017-06,violent-crime,estimates,6317,32.45,19849399,19464988,98.06
NY,New York,2017,7,2017-07,violent-crime,estimates,6592,33.87,19849399,19462354,98.05
NY,New York,2017,8,2017-08,violent-crime,estimates,6400,32.74,19849399,19545565,98.47
NY,New York,2017,9,2017-09,violent-crime,estimates,6080,31.41,19849399,19358041,97.52
NY,New York,2017,10,2017-10,violent-crime,estimates,6190,32.02,19849399,19334462,97.41
NY,New York,2017,11,2017-11,violent-crime,estimates,5521,28.63,19849399,19282597,97.14
NY,New York,2017,12,2017-12,violent-crime,estimates,5464,28.45,19849399,19202574,96.74
NC,North Carolina,1999,1,1999-01,violent-crime,estimates,3475,46.2,7651000,7521220,98.3
NC,North Carolina,1999,2,1999-02,violent-crime,estimates,2719,36.18,7651000,7515666,98.23
NC,North Carolina,1999,3,1999-03,violent-crime,estimates,3097,41.29,7651000,7500422,98.03
NC,North Carolina,1999,4,1999-04,violent-crime,estimates,3373,45,7651000,7495670,97.97
NC,North Carolina,1999,5,1999-05,violent-crime,estimates,3624,48.39,7651000,7488695,97.88
NC,North Carolina,1999,6,1999-06,violent-crime,estimates,3554,47.35,7651000,7505624,98.1
NC,North Carolina,1999,7,1999-07,violent-crime,estimates,3879,52.47,7651000,7392769,96.62
NC,North Carolina,1999,8,1999-08,violent-crime,estimates,3825,51.8,7651000,7384506,96.52
NC,North Carolina,1999,9,1999-09,violent-crime,estimates,3312,44.76,7651000,7398996,96.71
NC,North Carolina,1999,10,1999-10,violent-crime,estimates,3376,45.33,7651000,7446953,97.33
NC,North Carolina,1999,11,1999-11,violent-crime,estimates,3067,41.24,7651000,7437225,97.21
NC,North Carolina,1999,12,1999-12,violent-crime,estimates,3100,41.97,7651000,7386892,96.55
NC,North Carolina,2000,1,2000-01,violent-crime,estimates,3287,41.83,8049313,7857936,97.62
NC,North Carolina,2000,2,2000-02,violent-crime,estimates,2828,35.98,8049313,7860956,97.66
NC,North Carolina,2000,3,2000-03,violent-crime,estimates,3244,41.39,8049313,7836796,97.36
NC,North Carolina,2000,4,2000-04,violent-crime,estimates,3172,40.41,8049313,7849868,97.52
NC,North Carolina,2000,5,2000-05,violent-crime,estimates,3546,45.3,8049313,7828052,97.25
NC,North Carolina,2000,6,2000-06,violent-crime,estimates,3342,42.67,8049313,7832817,97.31
NC,North Carolina,2000,7,2000-07,violent-crime,estimates,3579,45.77,8049313,7819733,97.15
NC,North Carolina,2000,8,2000-08,violent-crime,estimates,3378,43.68,8049313,7734190,96.09
NC,North Carolina,2000,9,2000-09,violent-crime,estimates,3126,40.2,8049313,7775343,96.6
NC,North Carolina,2000,10,2000-10,violent-crime,estimates,3330,42.63,8049313,7811051,97.04
NC,North Carolina,2000,11,2000-11,violent-crime,estimates,2943,37.68,8049313,7810109,97.03
NC,North Carolina,2000,12,2000-12,violent-crime,estimates,3134,40.14,8049313,7808372,97.01
NC,North Carolina,2001,1,2001-01,violent-crime,estimates,3107,38.37,8186268,8097709,98.92
NC,North Carolina,2001,2,2001-02,violent-crime,estimates,2564,31.67,8186268,8096142,98.9
NC,North Carolina,2001,3,2001-03,violent-crime,estimates,3082,38.1,8186268,8089850,98.82
NC,North Carolina,2001,4,2001-04,violent-crime,estimates,3157,39.28,8186268,8036272,98.17
NC,North Carolina,2001,5,2001-05,violent-crime,estimates,3543,43.81,8186268,8087444,98.79
NC,North Carolina,2001,6,2001-06,violent-crime,estimates,3408,42.44,8186268,8031106,98.1
NC,North Carolina,2001,7,2001-07,violent-crime,estimates,3584,44.44,8186268,8064553,98.51
NC,North Carolina,2001,8,2001-08,violent-crime,estimates,3400,42.05,8186268,8085774,98.77
NC,North Carolina,2001,9,2001-09,violent-crime,estimates,3421,42.32,8186268,8083577,98.75
NC,North Carolina,2001,10,2001-10,violent-crime,estimates,3540,44.27,8186268,7995585,97.67
NC,North Carolina,2001,11,2001-11,violent-crime,estimates,3387,41.96,8186268,8072602,98.61
NC,North Carolina,2001,12,2001-12,violent-crime,estimates,3631,45.13,8186268,8044841,98.27
NC,North Carolina,2002,1,2002-01,violent-crime,estimates,2946,35.97,8320146,8189639,98.43
NC,North Carolina,2002,2,2002-02,violent-crime,estimates,2405,29.68,8320146,8103153,97.39
NC,North Carolina,2002,3,2002-03,violent-crime,estimates,3024,37.05,8320146,8162989,98.11
NC,North Carolina,2002,4,2002-04,violent-crime,estimates,3106,38.29,8320146,8110897,97.49
NC,North Carolina,2002,5,2002-05,violent-crime,estimates,3365,41.23,8320146,8161989,98.1
NC,North Carolina,2002,6,2002-06,violent-crime,estimates,3502,42.9,8320146,8163888,98.12
NC,North Carolina,2002,7,2002-07,violent-crime,estimates,3516,43.22,8320146,8135379,97.78
NC,North Carolina,2002,8,2002-08,violent-crime,estimates,3542,43.55,8320146,8133082,97.75
NC,North Carolina,2002,9,2002-09,violent-crime,estimates,3505,43.31,8320146,8092647,97.27
NC,North Carolina,2002,10,2002-10,violent-crime,estimates,3231,40.27,8320146,8023354,96.43
NC,North Carolina,2002,11,2002-11,violent-crime,estimates,2979,36.95,8320146,8062732,96.91
NC,North Carolina,2002,12,2002-12,violent-crime,estimates,2983,37.09,8320146,8043047,96.67
NC,North Carolina,2003,1,2003-01,violent-crime,estimates,3011,36.34,8407248,8285541,98.55
NC,North Carolina,2003,2,2003-02,violent-crime,estimates,2351,28.47,8407248,8258888,98.24
NC,North Carolina,2003,3,2003-03,violent-crime,estimates,3152,38.67,8407248,8150463,96.95
NC,North Carolina,2003,4,2003-04,violent-crime,estimates,3132,39.03,8407248,8024828,95.45
NC,North Carolina,2003,5,2003-05,violent-crime,estimates,3267,40.72,8407248,8023728,95.44
NC,North Carolina,2003,6,2003-06,violent-crime,estimates,3141,39.05,8407248,8042742,95.66
NC,North Carolina,2003,7,2003-07,violent-crime,estimates,3301,41.03,8407248,8044446,95.68
NC,North Carolina,2003,8,2003-08,violent-crime,estimates,3478,43.25,8407248,8041988,95.66
NC,North Carolina,2003,9,2003-09,violent-crime,estimates,3017,37.94,8407248,7952540,94.59
NC,North Carolina,2003,10,2003-10,violent-crime,estimates,3176,40.44,8407248,7854126,93.42
NC,North Carolina,2003,11,2003-11,violent-crime,estimates,2727,34.86,8407248,7822511,93.04
NC,North Carolina,2003,12,2003-12,violent-crime,estimates,2718,35.72,8407248,7609179,90.51
NC,North Carolina,2004,1,2004-01,violent-crime,estimates,2908,35.48,8541221,8195956,95.96
NC,North Carolina,2004,2,2004-02,violent-crime,estimates,2413,29.53,8541221,8172049,95.68
NC,North Carolina,2004,3,2004-03,violent-crime,estimates,2890,35.64,8541221,8108676,94.94
NC,North Carolina,2004,4,2004-04,violent-crime,estimates,2966,37.17,8541221,7979166,93.42
NC,North Carolina,2004,5,2004-05,violent-crime,estimates,3295,41.29,8541221,7980931,93.44
NC,North Carolina,2004,6,2004-06,violent-crime,estimates,3187,39.94,8541221,7978879,93.42
NC,North Carolina,2004,7,2004-07,violent-crime,estimates,3509,44.71,8541221,7848152,91.89
NC,North Carolina,2004,8,2004-08,violent-crime,estimates,3233,41.2,8541221,7847273,91.88
NC,North Carolina,2004,9,2004-09,violent-crime,estimates,3177,40.47,8541221,7849634,91.9
NC,North Carolina,2004,10,2004-10,violent-crime,estimates,3221,41.04,8541221,7847900,91.88
NC,North Carolina,2004,11,2004-11,violent-crime,estimates,2860,36.59,8541221,7817026,91.52
NC,North Carolina,2004,12,2004-12,violent-crime,estimates,2920,37.36,8541221,7815424,91.5
NC,North Carolina,2005,1,2005-01,violent-crime,estimates,3038,35.95,8683242,8450136,97.32
NC,North Carolina,2005,2,2005-02,violent-crime,estimates,2375,28.14,8683242,8440382,97.2
NC,North Carolina,2005,3,2005-03,violent-crime,estimates,2978,35.37,8683242,8419884,96.97
NC,North Carolina,2005,4,2005-04,violent-crime,estimates,3195,37.98,8683242,8412792,96.89
NC,North Carolina,2005,5,2005-05,violent-crime,estimates,3473,41.27,8683242,8415080,96.91
NC,North Carolina,2005,6,2005-06,violent-crime,estimates,3579,42.57,8683242,8406796,96.82
NC,North Carolina,2005,7,2005-07,violent-crime,estimates,3554,42.35,8683242,8392760,96.65
NC,North Carolina,2005,8,2005-08,violent-crime,estimates,3665,43.66,8683242,8393970,96.67
NC,North Carolina,2005,9,2005-09,violent-crime,estimates,3664,43.77,8683242,8371639,96.41
NC,North Carolina,2005,10,2005-10,violent-crime,estimates,3636,43.78,8683242,8304689,95.64
NC,North Carolina,2005,11,2005-11,violent-crime,estimates,3337,39.97,8683242,8349699,96.16
NC,North Carolina,2005,12,2005-12,violent-crime,estimates,3112,37.4,8683242,8321215,95.83
NC,North Carolina,2006,1,2006-01,violent-crime,estimates,3214,36.8,8856505,8732698,98.6
NC,North Carolina,2006,2,2006-02,violent-crime,estimates,2634,30.21,8856505,8718091,98.44
NC,North Carolina,2006,3,2006-03,violent-crime,estimates,3240,37.21,8856505,8707128,98.31
NC,North Carolina,2006,4,2006-04,violent-crime,estimates,3636,42.41,8856505,8574133,96.81
NC,North Carolina,2006,5,2006-05,violent-crime,estimates,3579,41.75,8856505,8573088,96.8
NC,North Carolina,2006,6,2006-06,violent-crime,estimates,3602,42.03,8856505,8570895,96.78
NC,North Carolina,2006,7,2006-07,violent-crime,estimates,3917,45.56,8856505,8596585,97.07
NC,North Carolina,2006,8,2006-08,violent-crime,estimates,3728,43.58,8856505,8553702,96.58
NC,North Carolina,2006,9,2006-09,violent-crime,estimates,3486,40.83,8856505,8537603,96.4
NC,North Carolina,2006,10,2006-10,violent-crime,estimates,3494,40.96,8856505,8529675,96.31
NC,North Carolina,2006,11,2006-11,violent-crime,estimates,3286,38.95,8856505,8435859,95.25
NC,North Carolina,2006,12,2006-12,violent-crime,estimates,3262,39.59,8856505,8238748,93.02
NC,North Carolina,2007,1,2007-01,violent-crime,estimates,3100,35.59,9061032,8711217,96.14
NC,North Carolina,2007,2,2007-02,violent-crime,estimates,2628,30.17,9061032,8710825,96.14
NC,North Carolina,2007,3,2007-03,violent-crime,estimates,3207,37.84,9061032,8474359,93.53
NC,North Carolina,2007,4,2007-04,violent-crime,estimates,3152,37.21,9061032,8471575,93.49
NC,North Carolina,2007,5,2007-05,violent-crime,estimates,3603,42.61,9061032,8455162,93.31
NC,North Carolina,2007,6,2007-06,violent-crime,estimates,3541,40.86,9061032,8666392,95.64
NC,North Carolina,2007,7,2007-07,violent-crime,estimates,3854,45.53,9061032,8465155,93.42
NC,North Carolina,2007,8,2007-08,violent-crime,estimates,3480,41.95,9061032,8295509,91.55
NC,North Carolina,2007,9,2007-09,violent-crime,estimates,3226,39.6,9061032,8146372,89.91
NC,North Carolina,2007,10,2007-10,violent-crime,estimates,3386,41.36,9061032,8187569,90.36
NC,North Carolina,2007,11,2007-11,violent-crime,estimates,2889,36.3,9061032,7957863,87.83
NC,North Carolina,2007,12,2007-12,violent-crime,estimates,3085,39.41,9061032,7827203,86.38
NC,North Carolina,2008,1,2008-01,violent-crime,estimates,3479,38.65,9222414,9000205,97.59
NC,North Carolina,2008,2,2008-02,violent-crime,estimates,2839,31.24,9222414,9087168,98.53
NC,North Carolina,2008,3,2008-03,violent-crime,estimates,3356,36.94,9222414,9083870,98.5
NC,North Carolina,2008,4,2008-04,violent-crime,estimates,3568,39.3,9222414,9079002,98.44
NC,North Carolina,2008,5,2008-05,violent-crime,estimates,3753,41.43,9222414,9058955,98.23
NC,North Carolina,2008,6,2008-06,violent-crime,estimates,3630,40.09,9222414,9055420,98.19
NC,North Carolina,2008,7,2008-07,violent-crime,estimates,3767,41.66,9222414,9041714,98.04
NC,North Carolina,2008,8,2008-08,violent-crime,estimates,3688,40.9,9222414,9017439,97.78
NC,North Carolina,2008,9,2008-09,violent-crime,estimates,3437,38.59,9222414,8907547,96.59
NC,North Carolina,2008,10,2008-10,violent-crime,estimates,3547,39.48,9222414,8984984,97.43
NC,North Carolina,2008,11,2008-11,violent-crime,estimates,3368,37.61,9222414,8954724,97.1
NC,North Carolina,2008,12,2008-12,violent-crime,estimates,2989,33.45,9222414,8936981,96.91
NC,North Carolina,2009,1,2009-01,violent-crime,estimates,2864,30.99,9380884,9241147,98.51
NC,North Carolina,2009,2,2009-02,violent-crime,estimates,2285,24.73,9380884,9239825,98.5
NC,North Carolina,2009,3,2009-03,violent-crime,estimates,2848,31.15,9380884,9143501,97.47
NC,North Carolina,2009,4,2009-04,violent-crime,estimates,3199,35.14,9380884,9103727,97.05
NC,North Carolina,2009,5,2009-05,violent-crime,estimates,3502,38.09,9380884,9193622,98
NC,North Carolina,2009,6,2009-06,violent-crime,estimates,3428,37.3,9380884,9190154,97.97
NC,North Carolina,2009,7,2009-07,violent-crime,estimates,3303,36.27,9380884,9106698,97.08
NC,North Carolina,2009,8,2009-08,violent-crime,estimates,3388,37.22,9380884,9103524,97.04
NC,North Carolina,2009,9,2009-09,violent-crime,estimates,3010,33.46,9380884,8994517,95.88
NC,North Carolina,2009,10,2009-10,violent-crime,estimates,3184,35.51,9380884,8966895,95.59
NC,North Carolina,2009,11,2009-11,violent-crime,estimates,2846,31.68,9380884,8982558,95.75
NC,North Carolina,2009,12,2009-12,violent-crime,estimates,2688,29.93,9380884,8981293,95.74
NC,North Carolina,2010,1,2010-01,violent-crime,estimates,2589,27.99,9535483,9248574,96.99
NC,North Carolina,2010,2,2010-02,violent-crime,estimates,2084,22.63,9535483,9208967,96.58
NC,North Carolina,2010,3,2010-03,violent-crime,estimates,2738,29.73,9535483,9210492,96.59
NC,North Carolina,2010,4,2010-04,violent-crime,estimates,2989,32.54,9535483,9184712,96.32
NC,North Carolina,2010,5,2010-05,violent-crime,estimates,2994,32.61,9535483,9180224,96.27
NC,North Carolina,2010,6,2010-06,violent-crime,estimates,2886,31.54,9535483,9150947,95.97
NC,North Carolina,2010,7,2010-07,violent-crime,estimates,2901,31.73,9535483,9141592,95.87
NC,North Carolina,2010,8,2010-08,violent-crime,estimates,2982,32.68,9535483,9123694,95.68
NC,North Carolina,2010,9,2010-09,violent-crime,estimates,2754,30.83,9535483,8932963,93.68
NC,North Carolina,2010,10,2010-10,violent-crime,estimates,2779,31.64,9535483,8783025,92.11
NC,North Carolina,2010,11,2010-11,violent-crime,estimates,2556,29.1,9535483,8784196,92.12
NC,North Carolina,2010,12,2010-12,violent-crime,estimates,2197,25.64,9535483,8570003,89.87
NC,North Carolina,2011,1,2011-01,violent-crime,estimates,2366,25.22,9656401,9382704,97.17
NC,North Carolina,2011,2,2011-02,violent-crime,estimates,2055,21.9,9656401,9381981,97.16
NC,North Carolina,2011,3,2011-03,violent-crime,estimates,2562,27.34,9656401,9370063,97.03
NC,North Carolina,2011,4,2011-04,violent-crime,estimates,2767,29.53,9656401,9370063,97.03
NC,North Carolina,2011,5,2011-05,violent-crime,estimates,3030,32.34,9656401,9369862,97.03
NC,North Carolina,2011,6,2011-06,violent-crime,estimates,2910,31.06,9656401,9369817,97.03
NC,North Carolina,2011,7,2011-07,violent-crime,estimates,3076,32.83,9656401,9368275,97.02
NC,North Carolina,2011,8,2011-08,violent-crime,estimates,2864,30.58,9656401,9367110,97
NC,North Carolina,2011,9,2011-09,violent-crime,estimates,2641,28.21,9656401,9361841,96.95
NC,North Carolina,2011,10,2011-10,violent-crime,estimates,2802,29.95,9656401,9356109,96.89
NC,North Carolina,2011,11,2011-11,violent-crime,estimates,2687,28.71,9656401,9360409,96.93
NC,North Carolina,2011,12,2011-12,violent-crime,estimates,2672,28.56,9656401,9355803,96.89
NC,North Carolina,2012,1,2012-01,violent-crime,estimates,2634,27.4,9752073,9612280,98.57
NC,North Carolina,2012,2,2012-02,violent-crime,estimates,2056,21.42,9752073,9599264,98.43
NC,North Carolina,2012,3,2012-03,violent-crime,estimates,2733,28.46,9752073,9603031,98.47
NC,North Carolina,2012,4,2012-04,violent-crime,estimates,2829,29.46,9752073,9602348,98.46
NC,North Carolina,2012,5,2012-05,violent-crime,estimates,3039,31.66,9752073,9599334,98.43
NC,North Carolina,2012,6,2012-06,violent-crime,estimates,3070,31.97,9752073,9602440,98.47
NC,North Carolina,2012,7,2012-07,violent-crime,estimates,3050,31.78,9752073,9597748,98.42
NC,North Carolina,2012,8,2012-08,violent-crime,estimates,3051,31.78,9752073,9600504,98.45
NC,North Carolina,2012,9,2012-09,violent-crime,estimates,2979,31.18,9752073,9555100,97.98
NC,North Carolina,2012,10,2012-10,violent-crime,estimates,2849,29.84,9752073,9548222,97.91
NC,North Carolina,2012,11,2012-11,violent-crime,estimates,2740,28.85,9752073,9498763,97.4
NC,North Carolina,2012,12,2012-12,violent-crime,estimates,2718,28.75,9752073,9454356,96.95
NC,North Carolina,2013,1,2013-01,violent-crime,estimates,2612,26.93,9848060,9698912,98.49
NC,North Carolina,2013,2,2013-02,violent-crime,estimates,2038,21.05,9848060,9682645,98.32
NC,North Carolina,2013,3,2013-03,violent-crime,estimates,2279,23.69,9848060,9620825,97.69
NC,North Carolina,2013,4,2013-04,violent-crime,estimates,2598,27.32,9848060,9511062,96.58
NC,North Carolina,2013,5,2013-05,violent-crime,estimates,2863,30.41,9848060,9413899,95.59
NC,North Carolina,2013,6,2013-06,violent-crime,estimates,2848,29.96,9848060,9506881,96.54
NC,North Carolina,2013,7,2013-07,violent-crime,estimates,2857,30.23,9848060,9451690,95.98
NC,North Carolina,2013,8,2013-08,violent-crime,estimates,2878,30.56,9848060,9418427,95.64
NC,North Carolina,2013,9,2013-09,violent-crime,estimates,2644,28.38,9848060,9315935,94.6
NC,North Carolina,2013,10,2013-10,violent-crime,estimates,2616,27.88,9848060,9382031,95.27
NC,North Carolina,2013,11,2013-11,violent-crime,estimates,2619,27.97,9848060,9362484,95.07
NC,North Carolina,2013,12,2013-12,violent-crime,estimates,2638,28.35,9848060,9305638,94.49
NC,North Carolina,2014,1,2014-01,violent-crime,estimates,2548,26.25,9943964,9708010,97.63
NC,North Carolina,2014,2,2014-02,violent-crime,estimates,1974,20.29,9943964,9726879,97.82
NC,North Carolina,2014,3,2014-03,violent-crime,estimates,2431,25.06,9943964,9701877,97.57
NC,North Carolina,2014,4,2014-04,violent-crime,estimates,2498,25.86,9943964,9658307,97.13
NC,North Carolina,2014,5,2014-05,violent-crime,estimates,2920,30.23,9943964,9658507,97.13
NC,North Carolina,2014,6,2014-06,violent-crime,estimates,2584,28.04,9943964,9215842,92.68
NC,North Carolina,2014,7,2014-07,violent-crime,estimates,2664,28.92,9943964,9210931,92.63
NC,North Carolina,2014,8,2014-08,violent-crime,estimates,2644,28.68,9943964,9219134,92.71
NC,North Carolina,2014,9,2014-09,violent-crime,estimates,2415,26.23,9943964,9208308,92.6
NC,North Carolina,2014,10,2014-10,violent-crime,estimates,2581,28.05,9943964,9200660,92.53
NC,North Carolina,2014,11,2014-11,violent-crime,estimates,2417,26.49,9943964,9122849,91.74
NC,North Carolina,2014,12,2014-12,violent-crime,estimates,2609,28.75,9943964,9073542,91.25
NC,North Carolina,2015,1,2015-01,violent-crime,estimates,2536,26.98,10042802,9401004,93.61
NC,North Carolina,2015,2,2015-02,violent-crime,estimates,1757,18.7,10042802,9397982,93.58
NC,North Carolina,2015,3,2015-03,violent-crime,estimates,2405,25.69,10042802,9359834,93.2
NC,North Carolina,2015,4,2015-04,violent-crime,estimates,2432,26.13,10042802,9305677,92.66
NC,North Carolina,2015,5,2015-05,violent-crime,estimates,2642,28.54,10042802,9255973,92.17
NC,North Carolina,2015,6,2015-06,violent-crime,estimates,2333,25.69,10042802,9082909,90.44
NC,North Carolina,2015,7,2015-07,violent-crime,estimates,2934,32.33,10042802,9074962,90.36
NC,North Carolina,2015,8,2015-08,violent-crime,estimates,2931,32.39,10042802,9049957,90.11
NC,North Carolina,2015,9,2015-09,violent-crime,estimates,2544,28.55,10042802,8911229,88.73
NC,North Carolina,2015,10,2015-10,violent-crime,estimates,2742,30.98,10042802,8850519,88.13
NC,North Carolina,2015,11,2015-11,violent-crime,estimates,2524,29.53,10042802,8546239,85.1
NC,North Carolina,2015,12,2015-12,violent-crime,estimates,2568,30.13,10042802,8524464,84.88
NC,North Carolina,2016,1,2016-01,violent-crime,estimates,2652,28.54,10146788,9292282,91.58
NC,North Carolina,2016,2,2016-02,violent-crime,estimates,2150,23.01,10146788,9344830,92.1
NC,North Carolina,2016,3,2016-03,violent-crime,estimates,2798,29.96,10146788,9338826,92.04
NC,North Carolina,2016,4,2016-04,violent-crime,estimates,2723,29.2,10146788,9324758,91.9
NC,North Carolina,2016,5,2016-05,violent-crime,estimates,2991,32.38,10146788,9238216,91.05
NC,North Carolina,2016,6,2016-06,violent-crime,estimates,2962,31.83,10146788,9304880,91.7
NC,North Carolina,2016,7,2016-07,violent-crime,estimates,2895,31.44,10146788,9206863,90.74
NC,North Carolina,2016,8,2016-08,violent-crime,estimates,2591,28.45,10146788,9106553,89.75
NC,North Carolina,2016,9,2016-09,violent-crime,estimates,2866,31.75,10146788,9025539,88.95
NC,North Carolina,2016,10,2016-10,violent-crime,estimates,2984,33.13,10146788,9005839,88.76
NC,North Carolina,2016,11,2016-11,violent-crime,estimates,2589,28.79,10146788,8992296,88.62
NC,North Carolina,2016,12,2016-12,violent-crime,estimates,2443,27.69,10146788,8822579,86.95
NC,North Carolina,2017,1,2017-01,violent-crime,estimates,2985,31.18,10273419,9573705,93.19
NC,North Carolina,2017,2,2017-02,violent-crime,estimates,2388,26.01,10273419,9181461,89.37
NC,North Carolina,2017,3,2017-03,violent-crime,estimates,2603,27.67,10273419,9406715,91.56
NC,North Carolina,2017,4,2017-04,violent-crime,estimates,2686,28.71,10273419,9354354,91.05
NC,North Carolina,2017,5,2017-05,violent-crime,estimates,2989,32.32,10273419,9247025,90.01
NC,North Carolina,2017,6,2017-06,violent-crime,estimates,2705,29.58,10273419,9145374,89.02
NC,North Carolina,2017,7,2017-07,violent-crime,estimates,3031,33.59,10273419,9024031,87.84
NC,North Carolina,2017,8,2017-08,violent-crime,estimates,2896,32.54,10273419,8900209,86.63
NC,North Carolina,2017,9,2017-09,violent-crime,estimates,2751,31.03,10273419,8865343,86.29
NC,North Carolina,2017,10,2017-10,violent-crime,estimates,2950,33.81,10273419,8726511,84.94
NC,North Carolina,2017,11,2017-11,violent-crime,estimates,2518,29.36,10273419,8575127,83.47
NC,North Carolina,2017,12,2017-12,violent-crime,estimates,2416,29.23,10273419,8266889,80.47
ND,North Dakota,1999,1,1999-01,violent-crime,estimates,39,6.52,634000,597876,94.3
ND,North Dakota,1999,2,1999-02,violent-crime,estimates,42,7.06,634000,594812,93.82
ND,North Dakota,1999,3,1999-03,violent-crime,estimates,37,6.2,634000,597215,94.2
ND,North Dakota,1999,4,1999-04,violent-crime,estimates,37,6.22,634000,595252,93.89
ND,North Dakota,1999,5,1999-05,violent-crime,estimates,39,6.56,634000,594792,93.82
ND,North Dakota,1999,6,1999-06,violent-crime,estimates,45,7.54,634000,596888,94.15
ND,North Dakota,1999,7,1999-07,violent-crime,estimates,33,5.55,634000,594792,93.82
ND,North Dakota,1999,8,1999-08,violent-crime,estimates,41,6.88,634000,596067,94.02
ND,North Dakota,1999,9,1999-09,violent-crime,estimates,25,4.22,634000,592205,93.41
ND,North Dakota,1999,10,1999-10,violent-crime,estimates,48,8.13,634000,590427,93.13
ND,North Dakota,1999,11,1999-11,violent-crime,estimates,41,7.07,634000,580284,91.53
ND,North Dakota,1999,12,1999-12,violent-crime,estimates,40,6.9,634000,579824,91.45
ND,North Dakota,2000,1,2000-01,violent-crime,estimates,42,7.13,642200,589178,91.74
ND,North Dakota,2000,2,2000-02,violent-crime,estimates,44,7.44,642200,591345,92.08
ND,North Dakota,2000,3,2000-03,violent-crime,estimates,45,7.66,642200,587745,91.52
ND,North Dakota,2000,4,2000-04,violent-crime,estimates,38,6.47,642200,587745,91.52
ND,North Dakota,2000,5,2000-05,violent-crime,estimates,37,6.26,642200,591345,92.08
ND,North Dakota,2000,6,2000-06,violent-crime,estimates,57,9.61,642200,592836,92.31
ND,North Dakota,2000,7,2000-07,violent-crime,estimates,43,7.27,642200,591345,92.08
ND,North Dakota,2000,8,2000-08,violent-crime,estimates,29,4.89,642200,592517,92.26
ND,North Dakota,2000,9,2000-09,violent-crime,estimates,39,6.6,642200,591026,92.03
ND,North Dakota,2000,10,2000-10,violent-crime,estimates,46,7.78,642200,591026,92.03
ND,North Dakota,2000,11,2000-11,violent-crime,estimates,51,8.63,642200,591026,92.03
ND,North Dakota,2000,12,2000-12,violent-crime,estimates,31,5.31,642200,583993,90.94
ND,North Dakota,2001,1,2001-01,violent-crime,estimates,40,6.88,634448,581725,91.69
ND,North Dakota,2001,2,2001-02,violent-crime,estimates,23,3.96,634448,580470,91.49
ND,North Dakota,2001,3,2001-03,violent-crime,estimates,38,6.54,634448,581121,91.59
ND,North Dakota,2001,4,2001-04,violent-crime,estimates,45,7.8,634448,577210,90.98
ND,North Dakota,2001,5,2001-05,violent-crime,estimates,51,8.8,634448,579259,91.3
ND,North Dakota,2001,6,2001-06,violent-crime,estimates,40,6.9,634448,580017,91.42
ND,North Dakota,2001,7,2001-07,violent-crime,estimates,53,9.14,634448,579702,91.37
ND,North Dakota,2001,8,2001-08,violent-crime,estimates,60,10.36,634448,578944,91.25
ND,North Dakota,2001,9,2001-09,violent-crime,estimates,36,6.22,634448,578944,91.25
ND,North Dakota,2001,10,2001-10,violent-crime,estimates,33,5.68,634448,580899,91.56
ND,North Dakota,2001,11,2001-11,violent-crime,estimates,39,6.73,634448,579423,91.33
ND,North Dakota,2001,12,2001-12,violent-crime,estimates,31,5.35,634448,578944,91.25
ND,North Dakota,2002,1,2002-01,violent-crime,estimates,44,7.59,634110,579533,91.39
ND,North Dakota,2002,2,2002-02,violent-crime,estimates,20,3.44,634110,580950,91.62
ND,North Dakota,2002,3,2002-03,violent-crime,estimates,40,6.83,634110,585261,92.3
ND,North Dakota,2002,4,2002-04,violent-crime,estimates,44,7.53,634110,584504,92.18
ND,North Dakota,2002,5,2002-05,violent-crime,estimates,36,6.19,634110,581707,91.74
ND,North Dakota,2002,6,2002-06,violent-crime,estimates,46,7.89,634110,583110,91.96
ND,North Dakota,2002,7,2002-07,violent-crime,estimates,35,6.06,634110,577648,91.1
ND,North Dakota,2002,8,2002-08,violent-crime,estimates,47,8.11,634110,579468,91.38
ND,North Dakota,2002,9,2002-09,violent-crime,estimates,40,6.95,634110,575914,90.82
ND,North Dakota,2002,10,2002-10,violent-crime,estimates,33,5.73,634110,575914,90.82
ND,North Dakota,2002,11,2002-11,violent-crime,estimates,39,6.78,634110,575157,90.7
ND,North Dakota,2002,12,2002-12,violent-crime,estimates,40,6.95,634110,575157,90.7
ND,North Dakota,2003,1,2003-01,violent-crime,estimates,32,5.63,633837,568462,89.69
ND,North Dakota,2003,2,2003-02,violent-crime,estimates,26,4.72,633837,550927,86.92
ND,North Dakota,2003,3,2003-03,violent-crime,estimates,24,4.25,633837,564723,89.1
ND,North Dakota,2003,4,2003-04,violent-crime,estimates,48,8.42,633837,569919,89.92
ND,North Dakota,2003,5,2003-05,violent-crime,estimates,42,7.41,633837,566606,89.39
ND,North Dakota,2003,6,2003-06,violent-crime,estimates,43,7.54,633837,569944,89.92
ND,North Dakota,2003,7,2003-07,violent-crime,estimates,48,8.42,633837,569892,89.91
ND,North Dakota,2003,8,2003-08,violent-crime,estimates,51,8.93,633837,570890,90.07
ND,North Dakota,2003,9,2003-09,violent-crime,estimates,44,7.71,633837,570478,90
ND,North Dakota,2003,10,2003-10,violent-crime,estimates,41,7.17,633837,572187,90.27
ND,North Dakota,2003,11,2003-11,violent-crime,estimates,36,6.38,633837,563921,88.97
ND,North Dakota,2003,12,2003-12,violent-crime,estimates,34,6.15,633837,552968,87.24
ND,North Dakota,2004,1,2004-01,violent-crime,estimates,40,7.09,634366,564053,88.92
ND,North Dakota,2004,2,2004-02,violent-crime,estimates,35,6.09,634366,574889,90.62
ND,North Dakota,2004,3,2004-03,violent-crime,estimates,28,5,634366,560020,88.28
ND,North Dakota,2004,4,2004-04,violent-crime,estimates,38,6.72,634366,565867,89.2
ND,North Dakota,2004,5,2004-05,violent-crime,estimates,46,8.18,634366,562570,88.68
ND,North Dakota,2004,6,2004-06,violent-crime,estimates,36,6.38,634366,563906,88.89
ND,North Dakota,2004,7,2004-07,violent-crime,estimates,51,8.95,634366,570116,89.87
ND,North Dakota,2004,8,2004-08,violent-crime,estimates,63,11.22,634366,561732,88.55
ND,North Dakota,2004,9,2004-09,violent-crime,estimates,50,8.97,634366,557299,87.85
ND,North Dakota,2004,10,2004-10,violent-crime,estimates,54,9.58,634366,563578,88.84
ND,North Dakota,2004,11,2004-11,violent-crime,estimates,44,7.61,634366,578133,91.14
ND,North Dakota,2004,12,2004-12,violent-crime,estimates,40,6.95,634366,575694,90.75
ND,North Dakota,2005,1,2005-01,violent-crime,estimates,49,8.25,636677,594028,93.3
ND,North Dakota,2005,2,2005-02,violent-crime,estimates,36,6.07,636677,593441,93.21
ND,North Dakota,2005,3,2005-03,violent-crime,estimates,56,9.41,636677,595012,93.46
ND,North Dakota,2005,4,2005-04,violent-crime,estimates,46,7.77,636677,591933,92.97
ND,North Dakota,2005,5,2005-05,violent-crime,estimates,73,12.32,636677,592759,93.1
ND,North Dakota,2005,6,2005-06,violent-crime,estimates,58,9.79,636677,592666,93.09
ND,North Dakota,2005,7,2005-07,violent-crime,estimates,64,10.83,636677,591188,92.86
ND,North Dakota,2005,8,2005-08,violent-crime,estimates,52,8.78,636677,591933,92.97
ND,North Dakota,2005,9,2005-09,violent-crime,estimates,57,9.64,636677,591188,92.86
ND,North Dakota,2005,10,2005-10,violent-crime,estimates,67,11.29,636677,593504,93.22
ND,North Dakota,2005,11,2005-11,violent-crime,estimates,67,11.47,636677,584258,91.77
ND,North Dakota,2005,12,2005-12,violent-crime,estimates,43,7.41,636677,580475,91.17
ND,North Dakota,2006,1,2006-01,violent-crime,estimates,96,16.01,635867,599439,94.27
ND,North Dakota,2006,2,2006-02,violent-crime,estimates,83,13.85,635867,599439,94.27
ND,North Dakota,2006,3,2006-03,violent-crime,estimates,81,13.47,635867,601250,94.56
ND,North Dakota,2006,4,2006-04,violent-crime,estimates,104,17.35,635867,599439,94.27
ND,North Dakota,2006,5,2006-05,violent-crime,estimates,103,17.18,635867,599439,94.27
ND,North Dakota,2006,6,2006-06,violent-crime,estimates,130,21.74,635867,597906,94.03
ND,North Dakota,2006,7,2006-07,violent-crime,estimates,114,18.96,635867,601250,94.56
ND,North Dakota,2006,8,2006-08,violent-crime,estimates,135,22.51,635867,599717,94.31
ND,North Dakota,2006,9,2006-09,violent-crime,estimates,90,15.05,635867,597906,94.03
ND,North Dakota,2006,10,2006-10,violent-crime,estimates,95,15.89,635867,597906,94.03
ND,North Dakota,2006,11,2006-11,violent-crime,estimates,75,12.51,635867,599717,94.31
ND,North Dakota,2006,12,2006-12,violent-crime,estimates,72,12.04,635867,597906,94.03
ND,North Dakota,2007,1,2007-01,violent-crime,estimates,74,12.12,639715,610411,95.42
ND,North Dakota,2007,2,2007-02,violent-crime,estimates,70,11.58,639715,604476,94.49
ND,North Dakota,2007,3,2007-03,violent-crime,estimates,89,14.88,639715,597999,93.48
ND,North Dakota,2007,4,2007-04,violent-crime,estimates,102,16.68,639715,611400,95.57
ND,North Dakota,2007,5,2007-05,violent-crime,estimates,105,17.29,639715,607299,94.93
ND,North Dakota,2007,6,2007-06,violent-crime,estimates,113,18.79,639715,601532,94.03
ND,North Dakota,2007,7,2007-07,violent-crime,estimates,108,17.78,639715,607299,94.93
ND,North Dakota,2007,8,2007-08,violent-crime,estimates,150,24.7,639715,607299,94.93
ND,North Dakota,2007,9,2007-09,violent-crime,estimates,134,22.04,639715,608009,95.04
ND,North Dakota,2007,10,2007-10,violent-crime,estimates,133,22.02,639715,603931,94.41
ND,North Dakota,2007,11,2007-11,violent-crime,estimates,99,16.37,639715,604641,94.52
ND,North Dakota,2007,12,2007-12,violent-crime,estimates,92,15.13,639715,607916,95.03
ND,North Dakota,2008,1,2008-01,violent-crime,estimates,79,12.92,641481,611355,95.3
ND,North Dakota,2008,2,2008-02,violent-crime,estimates,85,13.9,641481,611355,95.3
ND,North Dakota,2008,3,2008-03,violent-crime,estimates,106,17.35,641481,611001,95.25
ND,North Dakota,2008,4,2008-04,violent-crime,estimates,87,14.23,641481,611355,95.3
ND,North Dakota,2008,5,2008-05,violent-crime,estimates,140,22.9,641481,611358,95.3
ND,North Dakota,2008,6,2008-06,violent-crime,estimates,145,23.6,641481,614311,95.76
ND,North Dakota,2008,7,2008-07,violent-crime,estimates,110,17.91,641481,614311,95.76
ND,North Dakota,2008,8,2008-08,violent-crime,estimates,137,22.33,641481,613491,95.64
ND,North Dakota,2008,9,2008-09,violent-crime,estimates,123,20.06,641481,613152,95.58
ND,North Dakota,2008,10,2008-10,violent-crime,estimates,138,22.61,641481,610260,95.13
ND,North Dakota,2008,11,2008-11,violent-crime,estimates,154,25.02,641481,615557,95.96
ND,North Dakota,2008,12,2008-12,violent-crime,estimates,86,14.45,641481,595187,92.78
ND,North Dakota,2009,1,2009-01,violent-crime,estimates,117,19.04,646844,614618,95.02
ND,North Dakota,2009,2,2009-02,violent-crime,estimates,107,17.41,646844,614618,95.02
ND,North Dakota,2009,3,2009-03,violent-crime,estimates,124,20.14,646844,615735,95.19
ND,North Dakota,2009,4,2009-04,violent-crime,estimates,126,20.54,646844,613406,94.83
ND,North Dakota,2009,5,2009-05,violent-crime,estimates,132,21.48,646844,614396,94.98
ND,North Dakota,2009,6,2009-06,violent-crime,estimates,115,18.65,646844,616559,95.32
ND,North Dakota,2009,7,2009-07,violent-crime,estimates,113,18.38,646844,614935,95.07
ND,North Dakota,2009,8,2009-08,violent-crime,estimates,165,26.74,646844,617137,95.41
ND,North Dakota,2009,9,2009-09,violent-crime,estimates,128,20.69,646844,618761,95.66
ND,North Dakota,2009,10,2009-10,violent-crime,estimates,115,18.63,646844,617440,95.45
ND,North Dakota,2009,11,2009-11,violent-crime,estimates,98,15.71,646844,623979,96.47
ND,North Dakota,2009,12,2009-12,violent-crime,estimates,103,16.46,646844,625603,96.72
ND,North Dakota,2010,1,2010-01,violent-crime,estimates,119,18.15,672591,655568,97.47
ND,North Dakota,2010,2,2010-02,violent-crime,estimates,106,16.11,672591,658145,97.85
ND,North Dakota,2010,3,2010-03,violent-crime,estimates,126,19.26,672591,654171,97.26
ND,North Dakota,2010,4,2010-04,violent-crime,estimates,116,17.69,672591,655756,97.5
ND,North Dakota,2010,5,2010-05,violent-crime,estimates,158,24.07,672591,656542,97.61
ND,North Dakota,2010,6,2010-06,violent-crime,estimates,130,20.03,672591,649122,96.51
ND,North Dakota,2010,7,2010-07,violent-crime,estimates,131,20.12,672591,651207,96.82
ND,North Dakota,2010,8,2010-08,violent-crime,estimates,153,23.43,672591,653065,97.1
ND,North Dakota,2010,9,2010-09,violent-crime,estimates,127,19.61,672591,647490,96.27
ND,North Dakota,2010,10,2010-10,violent-crime,estimates,145,22.31,672591,649905,96.63
ND,North Dakota,2010,11,2010-11,violent-crime,estimates,76,11.69,672591,649905,96.63
ND,North Dakota,2010,12,2010-12,violent-crime,estimates,119,18.41,672591,646509,96.12
ND,North Dakota,2011,1,2011-01,violent-crime,estimates,149,22.52,683932,661644,96.74
ND,North Dakota,2011,2,2011-02,violent-crime,estimates,123,18.63,683932,660312,96.55
ND,North Dakota,2011,3,2011-03,violent-crime,estimates,111,16.75,683932,662490,96.86
ND,North Dakota,2011,4,2011-04,violent-crime,estimates,142,21.39,683932,663994,97.08
ND,North Dakota,2011,5,2011-05,violent-crime,estimates,151,22.89,683932,659771,96.47
ND,North Dakota,2011,6,2011-06,violent-crime,estimates,126,19.07,683932,660782,96.62
ND,North Dakota,2011,7,2011-07,violent-crime,estimates,163,24.64,683932,661450,96.71
ND,North Dakota,2011,8,2011-08,violent-crime,estimates,158,24.09,683932,655861,95.9
ND,North Dakota,2011,9,2011-09,violent-crime,estimates,127,19.36,683932,655838,95.89
ND,North Dakota,2011,10,2011-10,violent-crime,estimates,144,21.71,683932,663210,96.97
ND,North Dakota,2011,11,2011-11,violent-crime,estimates,108,16.33,683932,661228,96.68
ND,North Dakota,2011,12,2011-12,violent-crime,estimates,139,21.01,683932,661727,96.75
ND,North Dakota,2012,1,2012-01,violent-crime,estimates,112,16.28,699628,687793,98.31
ND,North Dakota,2012,2,2012-02,violent-crime,estimates,119,17.3,699628,687793,98.31
ND,North Dakota,2012,3,2012-03,violent-crime,estimates,111,16.14,699628,687793,98.31
ND,North Dakota,2012,4,2012-04,violent-crime,estimates,151,21.95,699628,687793,98.31
ND,North Dakota,2012,5,2012-05,violent-crime,estimates,149,21.63,699628,688805,98.45
ND,North Dakota,2012,6,2012-06,violent-crime,estimates,158,22.94,699628,688805,98.45
ND,North Dakota,2012,7,2012-07,violent-crime,estimates,149,21.63,699628,688805,98.45
ND,North Dakota,2012,8,2012-08,violent-crime,estimates,183,26.61,699628,687684,98.29
ND,North Dakota,2012,9,2012-09,violent-crime,estimates,173,25.16,699628,687684,98.29
ND,North Dakota,2012,10,2012-10,violent-crime,estimates,146,21.23,699628,687684,98.29
ND,North Dakota,2012,11,2012-11,violent-crime,estimates,115,16.69,699628,688834,98.46
ND,North Dakota,2012,12,2012-12,violent-crime,estimates,125,18.15,699628,688834,98.46
ND,North Dakota,2013,1,2013-01,violent-crime,estimates,170,23.66,723393,718475,99.32
ND,North Dakota,2013,2,2013-02,violent-crime,estimates,139,19.36,723393,718149,99.28
ND,North Dakota,2013,3,2013-03,violent-crime,estimates,172,23.92,723393,718959,99.39
ND,North Dakota,2013,4,2013-04,violent-crime,estimates,144,20.03,723393,718959,99.39
ND,North Dakota,2013,5,2013-05,violent-crime,estimates,157,21.91,723393,716612,99.06
ND,North Dakota,2013,6,2013-06,violent-crime,estimates,185,25.72,723393,719313,99.44
ND,North Dakota,2013,7,2013-07,violent-crime,estimates,165,22.97,723393,718434,99.31
ND,North Dakota,2013,8,2013-08,violent-crime,estimates,189,26.26,723393,719598,99.48
ND,North Dakota,2013,9,2013-09,violent-crime,estimates,146,20.29,723393,719598,99.48
ND,North Dakota,2013,10,2013-10,violent-crime,estimates,180,25.05,723393,718434,99.31
ND,North Dakota,2013,11,2013-11,violent-crime,estimates,191,26.51,723393,720419,99.59
ND,North Dakota,2013,12,2013-12,violent-crime,estimates,113,15.71,723393,719255,99.43
ND,North Dakota,2014,1,2014-01,violent-crime,estimates,143,19.45,739482,735406,99.45
ND,North Dakota,2014,2,2014-02,violent-crime,estimates,152,20.76,739482,732214,99.02
ND,North Dakota,2014,3,2014-03,violent-crime,estimates,163,22.29,739482,731376,98.9
ND,North Dakota,2014,4,2014-04,violent-crime,estimates,143,19.45,739482,735406,99.45
ND,North Dakota,2014,5,2014-05,violent-crime,estimates,165,22.44,739482,735406,99.45
ND,North Dakota,2014,6,2014-06,violent-crime,estimates,142,19.37,739482,733003,99.12
ND,North Dakota,2014,7,2014-07,violent-crime,estimates,199,27.66,739482,719541,97.3
ND,North Dakota,2014,8,2014-08,violent-crime,estimates,195,26.56,739482,734162,99.28
ND,North Dakota,2014,9,2014-09,violent-crime,estimates,171,23.38,739482,731329,98.9
ND,North Dakota,2014,10,2014-10,violent-crime,estimates,181,24.7,739482,732927,99.11
ND,North Dakota,2014,11,2014-11,violent-crime,estimates,174,23.73,739482,733352,99.17
ND,North Dakota,2014,12,2014-12,violent-crime,estimates,161,21.92,739482,734614,99.34
ND,North Dakota,2015,1,2015-01,violent-crime,estimates,137,18.1,756927,756927,100
ND,North Dakota,2015,2,2015-02,violent-crime,estimates,130,17.17,756927,756927,100
ND,North Dakota,2015,3,2015-03,violent-crime,estimates,164,21.67,756927,756927,100
ND,North Dakota,2015,4,2015-04,violent-crime,estimates,147,19.42,756927,756927,100
ND,North Dakota,2015,5,2015-05,violent-crime,estimates,173,22.86,756927,756927,100
ND,North Dakota,2015,6,2015-06,violent-crime,estimates,134,17.7,756927,756927,100
ND,North Dakota,2015,7,2015-07,violent-crime,estimates,179,23.65,756927,756927,100
ND,North Dakota,2015,8,2015-08,violent-crime,estimates,214,28.27,756927,756927,100
ND,North Dakota,2015,9,2015-09,violent-crime,estimates,186,24.57,756927,756927,100
ND,North Dakota,2015,10,2015-10,violent-crime,estimates,195,25.8,756927,755777,99.85
ND,North Dakota,2015,11,2015-11,violent-crime,estimates,133,17.6,756927,755777,99.85
ND,North Dakota,2015,12,2015-12,violent-crime,estimates,133,17.66,756927,753025,99.48
ND,North Dakota,2016,1,2016-01,violent-crime,estimates,151,19.99,757952,755266,99.65
ND,North Dakota,2016,2,2016-02,violent-crime,estimates,127,16.82,757952,755266,99.65
ND,North Dakota,2016,3,2016-03,violent-crime,estimates,146,19.34,757952,754924,99.6
ND,North Dakota,2016,4,2016-04,violent-crime,estimates,139,18.35,757952,757493,99.94
ND,North Dakota,2016,5,2016-05,violent-crime,estimates,156,20.59,757952,757493,99.94
ND,North Dakota,2016,6,2016-06,violent-crime,estimates,158,20.91,757952,755707,99.7
ND,North Dakota,2016,7,2016-07,violent-crime,estimates,158,20.86,757952,757493,99.94
ND,North Dakota,2016,8,2016-08,violent-crime,estimates,190,25.16,757952,755266,99.65
ND,North Dakota,2016,9,2016-09,violent-crime,estimates,195,25.8,757952,755707,99.7
ND,North Dakota,2016,10,2016-10,violent-crime,estimates,184,24.35,757952,755707,99.7
ND,North Dakota,2016,11,2016-11,violent-crime,estimates,144,19.06,757952,755707,99.7
ND,North Dakota,2016,12,2016-12,violent-crime,estimates,156,20.64,757952,755707,99.7
ND,North Dakota,2017,1,2017-01,violent-crime,estimates,193,25.6,755393,753818,99.79
ND,North Dakota,2017,2,2017-02,violent-crime,estimates,152,20.16,755393,753818,99.79
ND,North Dakota,2017,3,2017-03,violent-crime,estimates,162,21.49,755393,753818,99.79
ND,North Dakota,2017,4,2017-04,violent-crime,estimates,135,17.91,755393,753818,99.79
ND,North Dakota,2017,5,2017-05,violent-crime,estimates,152,20.16,755393,753818,99.79
ND,North Dakota,2017,6,2017-06,violent-crime,estimates,180,23.96,755393,751394,99.47
ND,North Dakota,2017,7,2017-07,violent-crime,estimates,209,27.81,755393,751394,99.47
ND,North Dakota,2017,8,2017-08,violent-crime,estimates,211,28.08,755393,751394,99.47
ND,North Dakota,2017,9,2017-09,violent-crime,estimates,202,26.86,755393,752180,99.57
ND,North Dakota,2017,10,2017-10,violent-crime,estimates,202,26.86,755393,752180,99.57
ND,North Dakota,2017,11,2017-11,violent-crime,estimates,173,23,755393,752180,99.57
ND,North Dakota,2017,12,2017-12,violent-crime,estimates,160,21.31,755393,750724,99.38
OH,Ohio,1999,1,1999-01,violent-crime,estimates,2304,27.75,11257000,8302372,73.75
OH,Ohio,1999,2,1999-02,violent-crime,estimates,2014,24.25,11257000,8305137,73.78
OH,Ohio,1999,3,1999-03,violent-crime,estimates,2209,26.47,11257000,8346269,74.14
OH,Ohio,1999,4,1999-04,violent-crime,estimates,2412,29.12,11257000,8282037,73.57
OH,Ohio,1999,5,1999-05,violent-crime,estimates,2592,30.97,11257000,8368811,74.34
OH,Ohio,1999,6,1999-06,violent-crime,estimates,2543,30.6,11257000,8309907,73.82
OH,Ohio,1999,7,1999-07,violent-crime,estimates,2886,35.24,11257000,8189956,72.75
OH,Ohio,1999,8,1999-08,violent-crime,estimates,2863,35.17,11257000,8141350,72.32
OH,Ohio,1999,9,1999-09,violent-crime,estimates,2653,32.98,11257000,8045029,71.47
OH,Ohio,1999,10,1999-10,violent-crime,estimates,2691,33.1,11257000,8129795,72.22
OH,Ohio,1999,11,1999-11,violent-crime,estimates,2479,30.36,11257000,8166584,72.55
OH,Ohio,1999,12,1999-12,violent-crime,estimates,2535,31.29,11257000,8101765,71.97
OH,Ohio,2000,1,2000-01,violent-crime,estimates,2591,30.66,11353140,8451062,74.44
OH,Ohio,2000,2,2000-02,violent-crime,estimates,2265,27.26,11353140,8308659,73.18
OH,Ohio,2000,3,2000-03,violent-crime,estimates,2574,30.9,11353140,8329022,73.36
OH,Ohio,2000,4,2000-04,violent-crime,estimates,2614,31.76,11353140,8229802,72.49
OH,Ohio,2000,5,2000-05,violent-crime,estimates,2841,34.12,11353140,8325710,73.33
OH,Ohio,2000,6,2000-06,violent-crime,estimates,2751,32.69,11353140,8414485,74.12
OH,Ohio,2000,7,2000-07,violent-crime,estimates,2963,36.19,11353140,8186350,72.11
OH,Ohio,2000,8,2000-08,violent-crime,estimates,2928,35.93,11353140,8149836,71.78
OH,Ohio,2000,9,2000-09,violent-crime,estimates,2806,34.52,11353140,8127703,71.59
OH,Ohio,2000,10,2000-10,violent-crime,estimates,2894,35.63,11353140,8123107,71.55
OH,Ohio,2000,11,2000-11,violent-crime,estimates,2677,33.03,11353140,8104038,71.38
OH,Ohio,2000,12,2000-12,violent-crime,estimates,2547,30.92,11353140,8237332,72.56
OH,Ohio,2001,1,2001-01,violent-crime,estimates,2685,29.52,11373541,9096866,79.98
OH,Ohio,2001,2,2001-02,violent-crime,estimates,2310,25.61,11373541,9021465,79.32
OH,Ohio,2001,3,2001-03,violent-crime,estimates,2739,30.26,11373541,9051679,79.59
OH,Ohio,2001,4,2001-04,violent-crime,estimates,2994,33.1,11373541,9046227,79.54
OH,Ohio,2001,5,2001-05,violent-crime,estimates,3169,35.35,11373541,8964056,78.81
OH,Ohio,2001,6,2001-06,violent-crime,estimates,3129,34.43,11373541,9088425,79.91
OH,Ohio,2001,7,2001-07,violent-crime,estimates,3538,39.33,11373541,8995135,79.09
OH,Ohio,2001,8,2001-08,violent-crime,estimates,3625,40.45,11373541,8962568,78.8
OH,Ohio,2001,9,2001-09,violent-crime,estimates,3100,34.69,11373541,8936690,78.57
OH,Ohio,2001,10,2001-10,violent-crime,estimates,3272,36.74,11373541,8906695,78.31
OH,Ohio,2001,11,2001-11,violent-crime,estimates,3077,34.56,11373541,8903165,78.28
OH,Ohio,2001,12,2001-12,violent-crime,estimates,3119,34.71,11373541,8986580,79.01
OH,Ohio,2002,1,2002-01,violent-crime,estimates,2961,30.65,11421267,9660406,84.58
OH,Ohio,2002,2,2002-02,violent-crime,estimates,2525,26.43,11421267,9554978,83.66
OH,Ohio,2002,3,2002-03,violent-crime,estimates,2867,30.13,11421267,9514623,83.31
OH,Ohio,2002,4,2002-04,violent-crime,estimates,2952,30.78,11421267,9589426,83.96
OH,Ohio,2002,5,2002-05,violent-crime,estimates,3236,33.82,11421267,9568030,83.77
OH,Ohio,2002,6,2002-06,violent-crime,estimates,3253,34.05,11421267,9554377,83.65
OH,Ohio,2002,7,2002-07,violent-crime,estimates,3453,35.78,11421267,9650048,84.49
OH,Ohio,2002,8,2002-08,violent-crime,estimates,3399,35.8,11421267,9494378,83.13
OH,Ohio,2002,9,2002-09,violent-crime,estimates,3517,36.85,11421267,9544803,83.57
OH,Ohio,2002,10,2002-10,violent-crime,estimates,3476,36.87,11421267,9428340,82.55
OH,Ohio,2002,11,2002-11,violent-crime,estimates,2990,31.74,11421267,9421742,82.49
OH,Ohio,2002,12,2002-12,violent-crime,estimates,2774,29.5,11421267,9404385,82.34
OH,Ohio,2003,1,2003-01,violent-crime,estimates,2535,26.14,11435798,9697089,84.8
OH,Ohio,2003,2,2003-02,violent-crime,estimates,2160,22.42,11435798,9635668,84.26
OH,Ohio,2003,3,2003-03,violent-crime,estimates,2798,28.75,11435798,9733040,85.11
OH,Ohio,2003,4,2003-04,violent-crime,estimates,2790,29.12,11435798,9581357,83.78
OH,Ohio,2003,5,2003-05,violent-crime,estimates,2938,30.72,11435798,9563972,83.63
OH,Ohio,2003,6,2003-06,violent-crime,estimates,3049,32.55,11435798,9368122,81.92
OH,Ohio,2003,7,2003-07,violent-crime,estimates,3388,36.05,11435798,9397792,82.18
OH,Ohio,2003,8,2003-08,violent-crime,estimates,3376,35.98,11435798,9383587,82.05
OH,Ohio,2003,9,2003-09,violent-crime,estimates,3112,32.66,11435798,9528483,83.32
OH,Ohio,2003,10,2003-10,violent-crime,estimates,3086,32.59,11435798,9469744,82.81
OH,Ohio,2003,11,2003-11,violent-crime,estimates,2781,29.49,11435798,9430092,82.46
OH,Ohio,2003,12,2003-12,violent-crime,estimates,2701,28.68,11435798,9417852,82.35
OH,Ohio,2004,1,2004-01,violent-crime,estimates,2766,27.6,11459011,10022553,87.46
OH,Ohio,2004,2,2004-02,violent-crime,estimates,2606,25.94,11459011,10045609,87.67
OH,Ohio,2004,3,2004-03,violent-crime,estimates,2778,28.02,11459011,9915417,86.53
OH,Ohio,2004,4,2004-04,violent-crime,estimates,2858,28.52,11459011,10021944,87.46
OH,Ohio,2004,5,2004-05,violent-crime,estimates,3200,31.91,11459011,10028032,87.51
OH,Ohio,2004,6,2004-06,violent-crime,estimates,3138,31.54,11459011,9947728,86.81
OH,Ohio,2004,7,2004-07,violent-crime,estimates,3365,33.89,11459011,9930131,86.66
OH,Ohio,2004,8,2004-08,violent-crime,estimates,3313,33.58,11459011,9866816,86.11
OH,Ohio,2004,9,2004-09,violent-crime,estimates,3239,32.74,11459011,9891710,86.32
OH,Ohio,2004,10,2004-10,violent-crime,estimates,3186,32.39,11459011,9836246,85.84
OH,Ohio,2004,11,2004-11,violent-crime,estimates,2955,30.19,11459011,9788894,85.43
OH,Ohio,2004,12,2004-12,violent-crime,estimates,2882,29.52,11459011,9762065,85.19
OH,Ohio,2005,1,2005-01,violent-crime,estimates,2852,28.68,11464042,9944513,86.75
OH,Ohio,2005,2,2005-02,violent-crime,estimates,2256,23,11464042,9807235,85.55
OH,Ohio,2005,3,2005-03,violent-crime,estimates,2716,27.92,11464042,9726681,84.85
OH,Ohio,2005,4,2005-04,violent-crime,estimates,3018,30.71,11464042,9828960,85.74
OH,Ohio,2005,5,2005-05,violent-crime,estimates,3217,33.5,11464042,9603123,83.77
OH,Ohio,2005,6,2005-06,violent-crime,estimates,3264,33.97,11464042,9609623,83.82
OH,Ohio,2005,7,2005-07,violent-crime,estimates,3526,36.37,11464042,9694822,84.57
OH,Ohio,2005,8,2005-08,violent-crime,estimates,3512,36.42,11464042,9643158,84.12
OH,Ohio,2005,9,2005-09,violent-crime,estimates,3280,33.83,11464042,9696475,84.58
OH,Ohio,2005,10,2005-10,violent-crime,estimates,3180,33.06,11464042,9619531,83.91
OH,Ohio,2005,11,2005-11,violent-crime,estimates,3178,32.81,11464042,9685073,84.48
OH,Ohio,2005,12,2005-12,violent-crime,estimates,2919,30.39,11464042,9606344,83.8
OH,Ohio,2006,1,2006-01,violent-crime,estimates,3191,31.3,11478006,10195559,88.83
OH,Ohio,2006,2,2006-02,violent-crime,estimates,2481,24.88,11478006,9971867,86.88
OH,Ohio,2006,3,2006-03,violent-crime,estimates,3019,29.79,11478006,10133626,88.29
OH,Ohio,2006,4,2006-04,violent-crime,estimates,3135,31.14,11478006,10066329,87.7
OH,Ohio,2006,5,2006-05,violent-crime,estimates,3289,32.77,11478006,10037812,87.45
OH,Ohio,2006,6,2006-06,violent-crime,estimates,3346,33.73,11478006,9921087,86.44
OH,Ohio,2006,7,2006-07,violent-crime,estimates,3660,37.06,11478006,9875426,86.04
OH,Ohio,2006,8,2006-08,violent-crime,estimates,3655,37.12,11478006,9845818,85.78
OH,Ohio,2006,9,2006-09,violent-crime,estimates,3335,33.85,11478006,9852164,85.84
OH,Ohio,2006,10,2006-10,violent-crime,estimates,3419,35.14,11478006,9728836,84.76
OH,Ohio,2006,11,2006-11,violent-crime,estimates,3125,32.03,11478006,9757279,85.01
OH,Ohio,2006,12,2006-12,violent-crime,estimates,3276,33.52,11478006,9772651,85.14
OH,Ohio,2007,1,2007-01,violent-crime,estimates,3027,29.35,11466917,10313573,89.94
OH,Ohio,2007,2,2007-02,violent-crime,estimates,2284,22.34,11466917,10225716,89.18
OH,Ohio,2007,3,2007-03,violent-crime,estimates,3180,31.24,11466917,10178170,88.76
OH,Ohio,2007,4,2007-04,violent-crime,estimates,2962,29.35,11466917,10092516,88.01
OH,Ohio,2007,5,2007-05,violent-crime,estimates,3543,34.96,11466917,10135601,88.39
OH,Ohio,2007,6,2007-06,violent-crime,estimates,3416,33.86,11466917,10088369,87.98
OH,Ohio,2007,7,2007-07,violent-crime,estimates,3716,36.4,11466917,10208650,89.03
OH,Ohio,2007,8,2007-08,violent-crime,estimates,3568,35.2,11466917,10137027,88.4
OH,Ohio,2007,9,2007-09,violent-crime,estimates,3411,33.5,11466917,10182212,88.8
OH,Ohio,2007,10,2007-10,violent-crime,estimates,3224,32.04,11466917,10060972,87.74
OH,Ohio,2007,11,2007-11,violent-crime,estimates,3017,30.08,11466917,10030558,87.47
OH,Ohio,2007,12,2007-12,violent-crime,estimates,3223,32.08,11466917,10047622,87.62
OH,Ohio,2008,1,2008-01,violent-crime,estimates,2877,28.18,11485910,10210205,88.89
OH,Ohio,2008,2,2008-02,violent-crime,estimates,2348,22.92,11485910,10243997,89.19
OH,Ohio,2008,3,2008-03,violent-crime,estimates,2871,28.18,11485910,10188550,88.7
OH,Ohio,2008,4,2008-04,violent-crime,estimates,3132,30.57,11485910,10244021,89.19
OH,Ohio,2008,5,2008-05,violent-crime,estimates,3266,31.98,11485910,10212588,88.91
OH,Ohio,2008,6,2008-06,violent-crime,estimates,3346,32.45,11485910,10309704,89.76
OH,Ohio,2008,7,2008-07,violent-crime,estimates,3681,35.7,11485910,10310772,89.77
OH,Ohio,2008,8,2008-08,violent-crime,estimates,3635,35.54,11485910,10228645,89.05
OH,Ohio,2008,9,2008-09,violent-crime,estimates,3469,33.62,11485910,10317857,89.83
OH,Ohio,2008,10,2008-10,violent-crime,estimates,3277,31.97,11485910,10251547,89.25
OH,Ohio,2008,11,2008-11,violent-crime,estimates,3044,29.45,11485910,10337737,90
OH,Ohio,2008,12,2008-12,violent-crime,estimates,3139,30.39,11485910,10328416,89.92
OH,Ohio,2009,1,2009-01,violent-crime,estimates,2796,26.4,11542645,10589638,91.74
OH,Ohio,2009,2,2009-02,violent-crime,estimates,2318,21.93,11542645,10570104,91.57
OH,Ohio,2009,3,2009-03,violent-crime,estimates,2928,27.83,11542645,10520164,91.14
OH,Ohio,2009,4,2009-04,violent-crime,estimates,3002,28.78,11542645,10429306,90.35
OH,Ohio,2009,5,2009-05,violent-crime,estimates,3330,31.92,11542645,10430855,90.37
OH,Ohio,2009,6,2009-06,violent-crime,estimates,3381,32.05,11542645,10547896,91.38
OH,Ohio,2009,7,2009-07,violent-crime,estimates,3373,32.14,11542645,10496293,90.93
OH,Ohio,2009,8,2009-08,violent-crime,estimates,3488,33.1,11542645,10536889,91.29
OH,Ohio,2009,9,2009-09,violent-crime,estimates,3128,29.75,11542645,10514469,91.09
OH,Ohio,2009,10,2009-10,violent-crime,estimates,3202,30.43,11542645,10522531,91.16
OH,Ohio,2009,11,2009-11,violent-crime,estimates,2884,27.56,11542645,10464645,90.66
OH,Ohio,2009,12,2009-12,violent-crime,estimates,2839,27.03,11542645,10504875,91.01
OH,Ohio,2010,1,2010-01,violent-crime,estimates,2703,25.35,11536504,10661332,92.41
OH,Ohio,2010,2,2010-02,violent-crime,estimates,2019,18.94,11536504,10657381,92.38
OH,Ohio,2010,3,2010-03,violent-crime,estimates,2743,25.8,11536504,10632393,92.16
OH,Ohio,2010,4,2010-04,violent-crime,estimates,2843,27.01,11536504,10524517,91.23
OH,Ohio,2010,5,2010-05,violent-crime,estimates,3080,29.24,11536504,10534101,91.31
OH,Ohio,2010,6,2010-06,violent-crime,estimates,3132,29.7,11536504,10545801,91.41
OH,Ohio,2010,7,2010-07,violent-crime,estimates,3395,32.37,11536504,10487280,90.91
OH,Ohio,2010,8,2010-08,violent-crime,estimates,3276,31.13,11536504,10522058,91.21
OH,Ohio,2010,9,2010-09,violent-crime,estimates,2978,28.21,11536504,10558337,91.52
OH,Ohio,2010,10,2010-10,violent-crime,estimates,3074,29.32,11536504,10483113,90.87
OH,Ohio,2010,11,2010-11,violent-crime,estimates,2702,25.9,11536504,10432603,90.43
OH,Ohio,2010,12,2010-12,violent-crime,estimates,2418,23.08,11536504,10476279,90.81
OH,Ohio,2011,1,2011-01,violent-crime,estimates,2441,22.9,11544951,10658014,92.32
OH,Ohio,2011,2,2011-02,violent-crime,estimates,1854,17.41,11544951,10647392,92.23
OH,Ohio,2011,3,2011-03,violent-crime,estimates,2403,22.7,11544951,10587725,91.71
OH,Ohio,2011,4,2011-04,violent-crime,estimates,2658,25.01,11544951,10626801,92.05
OH,Ohio,2011,5,2011-05,violent-crime,estimates,3062,28.9,11544951,10596184,91.78
OH,Ohio,2011,6,2011-06,violent-crime,estimates,3082,29.4,11544951,10481261,90.79
OH,Ohio,2011,7,2011-07,violent-crime,estimates,3306,31.34,11544951,10548251,91.37
OH,Ohio,2011,8,2011-08,violent-crime,estimates,3166,29.81,11544951,10622113,92.01
OH,Ohio,2011,9,2011-09,violent-crime,estimates,2917,27.62,11544951,10562187,91.49
OH,Ohio,2011,10,2011-10,violent-crime,estimates,2983,28.12,11544951,10609869,91.9
OH,Ohio,2011,11,2011-11,violent-crime,estimates,2848,27.1,11544951,10509491,91.03
OH,Ohio,2011,12,2011-12,violent-crime,estimates,2898,27.39,11544951,10579502,91.64
OH,Ohio,2012,1,2012-01,violent-crime,estimates,2603,24.21,11544225,10750360,93.12
OH,Ohio,2012,2,2012-02,violent-crime,estimates,2150,20.04,11544225,10728821,92.94
OH,Ohio,2012,3,2012-03,violent-crime,estimates,2748,25.5,11544225,10777820,93.36
OH,Ohio,2012,4,2012-04,violent-crime,estimates,2651,24.8,11544225,10687400,92.58
OH,Ohio,2012,5,2012-05,violent-crime,estimates,3004,28.01,11544225,10726180,92.91
OH,Ohio,2012,6,2012-06,violent-crime,estimates,2828,26.48,11544225,10681096,92.52
OH,Ohio,2012,7,2012-07,violent-crime,estimates,3197,30.12,11544225,10612566,91.93
OH,Ohio,2012,8,2012-08,violent-crime,estimates,3273,31.01,11544225,10556262,91.44
OH,Ohio,2012,9,2012-09,violent-crime,estimates,2863,26.87,11544225,10654837,92.3
OH,Ohio,2012,10,2012-10,violent-crime,estimates,2907,27.55,11544225,10553003,91.41
OH,Ohio,2012,11,2012-11,violent-crime,estimates,2729,25.96,11544225,10512471,91.06
OH,Ohio,2012,12,2012-12,violent-crime,estimates,2459,23.51,11544225,10459665,90.61
OH,Ohio,2013,1,2013-01,violent-crime,estimates,2609,24.49,11570808,10653403,92.07
OH,Ohio,2013,2,2013-02,violent-crime,estimates,2077,19.7,11570808,10543265,91.12
OH,Ohio,2013,3,2013-03,violent-crime,estimates,2368,22.48,11570808,10533602,91.04
OH,Ohio,2013,4,2013-04,violent-crime,estimates,2623,25.15,11570808,10428434,90.13
OH,Ohio,2013,5,2013-05,violent-crime,estimates,2996,28.73,11570808,10429173,90.13
OH,Ohio,2013,6,2013-06,violent-crime,estimates,2866,27.62,11570808,10376521,89.68
OH,Ohio,2013,7,2013-07,violent-crime,estimates,2908,28.07,11570808,10360496,89.54
OH,Ohio,2013,8,2013-08,violent-crime,estimates,2989,28.92,11570808,10336856,89.34
OH,Ohio,2013,9,2013-09,violent-crime,estimates,2830,27.44,11570808,10314616,89.14
OH,Ohio,2013,10,2013-10,violent-crime,estimates,2726,26.15,11570808,10423306,90.08
OH,Ohio,2013,11,2013-11,violent-crime,estimates,2581,24.93,11570808,10353056,89.48
OH,Ohio,2013,12,2013-12,violent-crime,estimates,2435,23.71,11570808,10268344,88.74
OH,Ohio,2014,1,2014-01,violent-crime,estimates,2512,23.78,11594163,10561618,91.09
OH,Ohio,2014,2,2014-02,violent-crime,estimates,1964,18.86,11594163,10412093,89.8
OH,Ohio,2014,3,2014-03,violent-crime,estimates,2319,22.13,11594163,10479492,90.39
OH,Ohio,2014,4,2014-04,violent-crime,estimates,2632,25.2,11594163,10444939,90.09
OH,Ohio,2014,5,2014-05,violent-crime,estimates,2847,27.17,11594163,10479498,90.39
OH,Ohio,2014,6,2014-06,violent-crime,estimates,2802,26.89,11594163,10421478,89.89
OH,Ohio,2014,7,2014-07,violent-crime,estimates,2816,26.79,11594163,10512601,90.67
OH,Ohio,2014,8,2014-08,violent-crime,estimates,2922,28.04,11594163,10419558,89.87
OH,Ohio,2014,9,2014-09,violent-crime,estimates,2828,27.22,11594163,10390954,89.62
OH,Ohio,2014,10,2014-10,violent-crime,estimates,2649,25.32,11594163,10463196,90.25
OH,Ohio,2014,11,2014-11,violent-crime,estimates,2298,22.25,11594163,10329308,89.09
OH,Ohio,2014,12,2014-12,violent-crime,estimates,2297,22.24,11594163,10330339,89.1
OH,Ohio,2015,1,2015-01,violent-crime,estimates,2394,22.39,11613423,10692305,92.07
OH,Ohio,2015,2,2015-02,violent-crime,estimates,1859,17.57,11613423,10579204,91.09
OH,Ohio,2015,3,2015-03,violent-crime,estimates,2452,23.02,11613423,10650737,91.71
OH,Ohio,2015,4,2015-04,violent-crime,estimates,2595,24.5,11613423,10593008,91.21
OH,Ohio,2015,5,2015-05,violent-crime,estimates,3004,28.48,11613423,10547780,90.82
OH,Ohio,2015,6,2015-06,violent-crime,estimates,2944,28.02,11613423,10505415,90.46
OH,Ohio,2015,7,2015-07,violent-crime,estimates,3058,29.08,11613423,10515835,90.55
OH,Ohio,2015,8,2015-08,violent-crime,estimates,3023,29,11613423,10422444,89.74
OH,Ohio,2015,9,2015-09,violent-crime,estimates,2778,26.88,11613423,10335135,88.99
OH,Ohio,2015,10,2015-10,violent-crime,estimates,2613,24.99,11613423,10455230,90.03
OH,Ohio,2015,11,2015-11,violent-crime,estimates,2303,22.31,11613423,10321642,88.88
OH,Ohio,2015,12,2015-12,violent-crime,estimates,2087,20.02,11613423,10423292,89.75
OH,Ohio,2016,1,2016-01,violent-crime,estimates,2719,25.32,11614373,10738057,92.45
OH,Ohio,2016,2,2016-02,violent-crime,estimates,2279,21.3,11614373,10699932,92.13
OH,Ohio,2016,3,2016-03,violent-crime,estimates,2705,25.3,11614373,10692622,92.06
OH,Ohio,2016,4,2016-04,violent-crime,estimates,2496,23.39,11614373,10670403,91.87
OH,Ohio,2016,5,2016-05,violent-crime,estimates,2982,27.89,11614373,10691621,92.06
OH,Ohio,2016,6,2016-06,violent-crime,estimates,3098,28.9,11614373,10720090,92.3
OH,Ohio,2016,7,2016-07,violent-crime,estimates,3262,30.51,11614373,10693191,92.07
OH,Ohio,2016,8,2016-08,violent-crime,estimates,3191,29.83,11614373,10696038,92.09
OH,Ohio,2016,9,2016-09,violent-crime,estimates,2861,26.84,11614373,10660778,91.79
OH,Ohio,2016,10,2016-10,violent-crime,estimates,3013,28.32,11614373,10638068,91.59
OH,Ohio,2016,11,2016-11,violent-crime,estimates,2828,26.67,11614373,10602089,91.28
OH,Ohio,2016,12,2016-12,violent-crime,estimates,2457,23.21,11614373,10584753,91.13
OH,Ohio,2017,1,2017-01,violent-crime,estimates,2861,26.4,11658609,10837908,92.96
OH,Ohio,2017,2,2017-02,violent-crime,estimates,2246,20.74,11658609,10827534,92.87
OH,Ohio,2017,3,2017-03,violent-crime,estimates,2459,22.83,11658609,10772249,92.4
OH,Ohio,2017,4,2017-04,violent-crime,estimates,2840,26.52,11658609,10709228,91.86
OH,Ohio,2017,5,2017-05,violent-crime,estimates,2858,26.51,11658609,10780065,92.46
OH,Ohio,2017,6,2017-06,violent-crime,estimates,2983,27.75,11658609,10749526,92.2
OH,Ohio,2017,7,2017-07,violent-crime,estimates,3142,29.31,11658609,10720217,91.95
OH,Ohio,2017,8,2017-08,violent-crime,estimates,2988,27.97,11658609,10683330,91.63
OH,Ohio,2017,9,2017-09,violent-crime,estimates,2991,28.02,11658609,10675494,91.57
OH,Ohio,2017,10,2017-10,violent-crime,estimates,2894,27.25,11658609,10620818,91.1
OH,Ohio,2017,11,2017-11,violent-crime,estimates,2645,24.94,11658609,10607105,90.98
OH,Ohio,2017,12,2017-12,violent-crime,estimates,2595,24.36,11658609,10650727,91.36
OK,Oklahoma,1999,1,1999-01,violent-crime,estimates,1346,40.1,3358000,3356968,99.97
OK,Oklahoma,1999,2,1999-02,violent-crime,estimates,1243,37.03,3358000,3356968,99.97
OK,Oklahoma,1999,3,1999-03,violent-crime,estimates,1280,38.13,3358000,3356968,99.97
OK,Oklahoma,1999,4,1999-04,violent-crime,estimates,1488,44.33,3358000,3356968,99.97
OK,Oklahoma,1999,5,1999-05,violent-crime,estimates,1546,46.05,3358000,3356968,99.97
OK,Oklahoma,1999,6,1999-06,violent-crime,estimates,1493,44.47,3358000,3356968,99.97
OK,Oklahoma,1999,7,1999-07,violent-crime,estimates,1675,49.9,3358000,3356968,99.97
OK,Oklahoma,1999,8,1999-08,violent-crime,estimates,1564,46.59,3358000,3356968,99.97
OK,Oklahoma,1999,9,1999-09,violent-crime,estimates,1363,40.6,3358000,3356968,99.97
OK,Oklahoma,1999,10,1999-10,violent-crime,estimates,1418,42.24,3358000,3356968,99.97
OK,Oklahoma,1999,11,1999-11,violent-crime,estimates,1384,41.23,3358000,3356968,99.97
OK,Oklahoma,1999,12,1999-12,violent-crime,estimates,1264,37.65,3358000,3356968,99.97
OK,Oklahoma,2000,1,2000-01,violent-crime,estimates,1420,41.15,3450654,3450654,100
OK,Oklahoma,2000,2,2000-02,violent-crime,estimates,1289,37.36,3450654,3450654,100
OK,Oklahoma,2000,3,2000-03,violent-crime,estimates,1391,40.31,3450654,3450654,100
OK,Oklahoma,2000,4,2000-04,violent-crime,estimates,1502,43.53,3450654,3450654,100
OK,Oklahoma,2000,5,2000-05,violent-crime,estimates,1542,44.69,3450654,3450654,100
OK,Oklahoma,2000,6,2000-06,violent-crime,estimates,1472,42.66,3450654,3450654,100
OK,Oklahoma,2000,7,2000-07,violent-crime,estimates,1580,45.79,3450654,3450654,100
OK,Oklahoma,2000,8,2000-08,violent-crime,estimates,1577,45.7,3450654,3450654,100
OK,Oklahoma,2000,9,2000-09,violent-crime,estimates,1422,41.21,3450654,3450654,100
OK,Oklahoma,2000,10,2000-10,violent-crime,estimates,1479,42.86,3450654,3450654,100
OK,Oklahoma,2000,11,2000-11,violent-crime,estimates,1297,37.59,3450654,3450654,100
OK,Oklahoma,2000,12,2000-12,violent-crime,estimates,1205,34.92,3450654,3450654,100
OK,Oklahoma,2001,1,2001-01,violent-crime,estimates,1338,38.67,3460097,3460097,100
OK,Oklahoma,2001,2,2001-02,violent-crime,estimates,1142,33,3460097,3460097,100
OK,Oklahoma,2001,3,2001-03,violent-crime,estimates,1445,41.76,3460097,3460097,100
OK,Oklahoma,2001,4,2001-04,violent-crime,estimates,1587,45.87,3460097,3460097,100
OK,Oklahoma,2001,5,2001-05,violent-crime,estimates,1586,45.84,3460097,3460097,100
OK,Oklahoma,2001,6,2001-06,violent-crime,estimates,1532,44.28,3460097,3460097,100
OK,Oklahoma,2001,7,2001-07,violent-crime,estimates,1725,49.85,3460097,3460097,100
OK,Oklahoma,2001,8,2001-08,violent-crime,estimates,1583,45.75,3460097,3460097,100
OK,Oklahoma,2001,9,2001-09,violent-crime,estimates,1493,43.15,3460097,3460097,100
OK,Oklahoma,2001,10,2001-10,violent-crime,estimates,1552,44.85,3460097,3460097,100
OK,Oklahoma,2001,11,2001-11,violent-crime,estimates,1388,40.11,3460097,3460097,100
OK,Oklahoma,2001,12,2001-12,violent-crime,estimates,1354,39.13,3460097,3460097,100
OK,Oklahoma,2002,1,2002-01,violent-crime,estimates,1297,37.12,3493714,3493714,100
OK,Oklahoma,2002,2,2002-02,violent-crime,estimates,1178,33.72,3493714,3493714,100
OK,Oklahoma,2002,3,2002-03,violent-crime,estimates,1389,39.76,3493714,3493714,100
OK,Oklahoma,2002,4,2002-04,violent-crime,estimates,1441,41.25,3493714,3493714,100
OK,Oklahoma,2002,5,2002-05,violent-crime,estimates,1545,44.22,3493714,3493714,100
OK,Oklahoma,2002,6,2002-06,violent-crime,estimates,1616,46.25,3493714,3493714,100
OK,Oklahoma,2002,7,2002-07,violent-crime,estimates,1672,47.86,3493714,3493714,100
OK,Oklahoma,2002,8,2002-08,violent-crime,estimates,1827,52.29,3493714,3493714,100
OK,Oklahoma,2002,9,2002-09,violent-crime,estimates,1651,47.26,3493714,3493714,100
OK,Oklahoma,2002,10,2002-10,violent-crime,estimates,1428,40.87,3493714,3493714,100
OK,Oklahoma,2002,11,2002-11,violent-crime,estimates,1242,35.55,3493714,3493714,100
OK,Oklahoma,2002,12,2002-12,violent-crime,estimates,1301,37.24,3493714,3493714,100
OK,Oklahoma,2003,1,2003-01,violent-crime,estimates,1253,35.68,3511532,3511532,100
OK,Oklahoma,2003,2,2003-02,violent-crime,estimates,1043,29.7,3511532,3511532,100
OK,Oklahoma,2003,3,2003-03,violent-crime,estimates,1400,39.87,3511532,3511532,100
OK,Oklahoma,2003,4,2003-04,violent-crime,estimates,1508,42.94,3511532,3511532,100
OK,Oklahoma,2003,5,2003-05,violent-crime,estimates,1660,47.27,3511532,3511532,100
OK,Oklahoma,2003,6,2003-06,violent-crime,estimates,1667,47.47,3511532,3511532,100
OK,Oklahoma,2003,7,2003-07,violent-crime,estimates,1635,46.56,3511532,3511532,100
OK,Oklahoma,2003,8,2003-08,violent-crime,estimates,1713,48.78,3511532,3511532,100
OK,Oklahoma,2003,9,2003-09,violent-crime,estimates,1457,41.49,3511532,3511532,100
OK,Oklahoma,2003,10,2003-10,violent-crime,estimates,1606,45.74,3511532,3511532,100
OK,Oklahoma,2003,11,2003-11,violent-crime,estimates,1354,38.56,3511532,3511532,100
OK,Oklahoma,2003,12,2003-12,violent-crime,estimates,1462,41.63,3511532,3511532,100
OK,Oklahoma,2004,1,2004-01,violent-crime,estimates,1390,39.45,3523553,3523553,100
OK,Oklahoma,2004,2,2004-02,violent-crime,estimates,1289,36.58,3523553,3523553,100
OK,Oklahoma,2004,3,2004-03,violent-crime,estimates,1541,43.73,3523553,3523553,100
OK,Oklahoma,2004,4,2004-04,violent-crime,estimates,1532,43.48,3523553,3523553,100
OK,Oklahoma,2004,5,2004-05,violent-crime,estimates,1699,48.22,3523553,3523553,100
OK,Oklahoma,2004,6,2004-06,violent-crime,estimates,1478,41.95,3523553,3523553,100
OK,Oklahoma,2004,7,2004-07,violent-crime,estimates,1516,43.02,3523553,3523553,100
OK,Oklahoma,2004,8,2004-08,violent-crime,estimates,1588,45.07,3523553,3523553,100
OK,Oklahoma,2004,9,2004-09,violent-crime,estimates,1528,43.37,3523553,3523553,100
OK,Oklahoma,2004,10,2004-10,violent-crime,estimates,1482,42.06,3523553,3523553,100
OK,Oklahoma,2004,11,2004-11,violent-crime,estimates,1291,36.64,3523553,3523553,100
OK,Oklahoma,2004,12,2004-12,violent-crime,estimates,1298,36.84,3523553,3523553,100
OK,Oklahoma,2005,1,2005-01,violent-crime,estimates,1358,38.28,3547884,3547884,100
OK,Oklahoma,2005,2,2005-02,violent-crime,estimates,1216,34.27,3547884,3547884,100
OK,Oklahoma,2005,3,2005-03,violent-crime,estimates,1407,39.66,3547884,3547884,100
OK,Oklahoma,2005,4,2005-04,violent-crime,estimates,1484,41.83,3547884,3547884,100
OK,Oklahoma,2005,5,2005-05,violent-crime,estimates,1681,47.38,3547884,3547884,100
OK,Oklahoma,2005,6,2005-06,violent-crime,estimates,1499,42.25,3547884,3547884,100
OK,Oklahoma,2005,7,2005-07,violent-crime,estimates,1621,45.69,3547884,3547884,100
OK,Oklahoma,2005,8,2005-08,violent-crime,estimates,1632,46,3547884,3547884,100
OK,Oklahoma,2005,9,2005-09,violent-crime,estimates,1613,45.46,3547884,3547884,100
OK,Oklahoma,2005,10,2005-10,violent-crime,estimates,1571,44.28,3547884,3547884,100
OK,Oklahoma,2005,11,2005-11,violent-crime,estimates,1531,43.15,3547884,3547884,100
OK,Oklahoma,2005,12,2005-12,violent-crime,estimates,1408,39.69,3547884,3547884,100
OK,Oklahoma,2006,1,2006-01,violent-crime,estimates,1639,45.79,3579212,3579212,100
OK,Oklahoma,2006,2,2006-02,violent-crime,estimates,1126,31.46,3579212,3579212,100
OK,Oklahoma,2006,3,2006-03,violent-crime,estimates,1461,40.82,3579212,3579212,100
OK,Oklahoma,2006,4,2006-04,violent-crime,estimates,1593,44.51,3579212,3579212,100
OK,Oklahoma,2006,5,2006-05,violent-crime,estimates,1621,45.29,3579212,3579212,100
OK,Oklahoma,2006,6,2006-06,violent-crime,estimates,1542,43.08,3579212,3579212,100
OK,Oklahoma,2006,7,2006-07,violent-crime,estimates,1710,47.78,3579212,3579212,100
OK,Oklahoma,2006,8,2006-08,violent-crime,estimates,1600,44.7,3579212,3579212,100
OK,Oklahoma,2006,9,2006-09,violent-crime,estimates,1541,43.05,3579212,3579212,100
OK,Oklahoma,2006,10,2006-10,violent-crime,estimates,1428,39.9,3579212,3579212,100
OK,Oklahoma,2006,11,2006-11,violent-crime,estimates,1271,35.51,3579212,3579212,100
OK,Oklahoma,2006,12,2006-12,violent-crime,estimates,1341,37.47,3579212,3579212,100
OK,Oklahoma,2007,1,2007-01,violent-crime,estimates,1171,32.37,3617316,3617316,100
OK,Oklahoma,2007,2,2007-02,violent-crime,estimates,1191,32.92,3617316,3617316,100
OK,Oklahoma,2007,3,2007-03,violent-crime,estimates,1603,44.31,3617316,3617316,100
OK,Oklahoma,2007,4,2007-04,violent-crime,estimates,1518,41.96,3617316,3617316,100
OK,Oklahoma,2007,5,2007-05,violent-crime,estimates,1626,44.95,3617316,3617316,100
OK,Oklahoma,2007,6,2007-06,violent-crime,estimates,1570,43.4,3617316,3617316,100
OK,Oklahoma,2007,7,2007-07,violent-crime,estimates,1762,48.71,3617316,3617316,100
OK,Oklahoma,2007,8,2007-08,violent-crime,estimates,1737,48.02,3617316,3617316,100
OK,Oklahoma,2007,9,2007-09,violent-crime,estimates,1679,46.42,3617316,3617316,100
OK,Oklahoma,2007,10,2007-10,violent-crime,estimates,1612,44.56,3617316,3617316,100
OK,Oklahoma,2007,11,2007-11,violent-crime,estimates,1371,37.9,3617316,3617316,100
OK,Oklahoma,2007,12,2007-12,violent-crime,estimates,1403,38.79,3617316,3617316,100
OK,Oklahoma,2008,1,2008-01,violent-crime,estimates,1451,39.89,3642361,3637488,99.87
OK,Oklahoma,2008,2,2008-02,violent-crime,estimates,1190,32.71,3642361,3637488,99.87
OK,Oklahoma,2008,3,2008-03,violent-crime,estimates,1529,42.03,3642361,3637488,99.87
OK,Oklahoma,2008,4,2008-04,violent-crime,estimates,1573,43.47,3642361,3618400,99.34
OK,Oklahoma,2008,5,2008-05,violent-crime,estimates,1778,48.88,3642361,3637488,99.87
OK,Oklahoma,2008,6,2008-06,violent-crime,estimates,1815,50.05,3642361,3626237,99.56
OK,Oklahoma,2008,7,2008-07,violent-crime,estimates,1729,47.53,3642361,3637488,99.87
OK,Oklahoma,2008,8,2008-08,violent-crime,estimates,1797,49.9,3642361,3601420,98.88
OK,Oklahoma,2008,9,2008-09,violent-crime,estimates,1724,47.74,3642361,3611245,99.15
OK,Oklahoma,2008,10,2008-10,violent-crime,estimates,1664,45.78,3642361,3634558,99.79
OK,Oklahoma,2008,11,2008-11,violent-crime,estimates,1559,42.93,3642361,3631327,99.7
OK,Oklahoma,2008,12,2008-12,violent-crime,estimates,1510,41.81,3642361,3611675,99.16
OK,Oklahoma,2009,1,2009-01,violent-crime,estimates,1487,40.39,3687050,3681857,99.86
OK,Oklahoma,2009,2,2009-02,violent-crime,estimates,1193,32.39,3687050,3682729,99.88
OK,Oklahoma,2009,3,2009-03,violent-crime,estimates,1502,40.79,3687050,3681857,99.86
OK,Oklahoma,2009,4,2009-04,violent-crime,estimates,1669,45.31,3687050,3683218,99.9
OK,Oklahoma,2009,5,2009-05,violent-crime,estimates,1733,47.05,3687050,3683218,99.9
OK,Oklahoma,2009,6,2009-06,violent-crime,estimates,1682,45.67,3687050,3683218,99.9
OK,Oklahoma,2009,7,2009-07,violent-crime,estimates,1686,45.78,3687050,3682621,99.88
OK,Oklahoma,2009,8,2009-08,violent-crime,estimates,1661,45.15,3687050,3678847,99.78
OK,Oklahoma,2009,9,2009-09,violent-crime,estimates,1553,42.21,3687050,3678847,99.78
OK,Oklahoma,2009,10,2009-10,violent-crime,estimates,1525,41.45,3687050,3678847,99.78
OK,Oklahoma,2009,11,2009-11,violent-crime,estimates,1530,41.59,3687050,3678847,99.78
OK,Oklahoma,2009,12,2009-12,violent-crime,estimates,1315,35.81,3687050,3671699,99.58
OK,Oklahoma,2010,1,2010-01,violent-crime,estimates,1386,37.03,3751351,3743042,99.78
OK,Oklahoma,2010,2,2010-02,violent-crime,estimates,1311,35.04,3751351,3741218,99.73
OK,Oklahoma,2010,3,2010-03,violent-crime,estimates,1580,42.22,3751351,3742691,99.77
OK,Oklahoma,2010,4,2010-04,violent-crime,estimates,1533,40.93,3751351,3745617,99.85
OK,Oklahoma,2010,5,2010-05,violent-crime,estimates,1549,41.44,3751351,3738231,99.65
OK,Oklahoma,2010,6,2010-06,violent-crime,estimates,1544,41.24,3751351,3743875,99.8
OK,Oklahoma,2010,7,2010-07,violent-crime,estimates,1814,48.48,3751351,3741549,99.74
OK,Oklahoma,2010,8,2010-08,violent-crime,estimates,1503,40.23,3751351,3736005,99.59
OK,Oklahoma,2010,9,2010-09,violent-crime,estimates,1566,41.92,3751351,3735963,99.59
OK,Oklahoma,2010,10,2010-10,violent-crime,estimates,1561,41.81,3751351,3733776,99.53
OK,Oklahoma,2010,11,2010-11,violent-crime,estimates,1336,35.72,3751351,3740114,99.7
OK,Oklahoma,2010,12,2010-12,violent-crime,estimates,1311,35.12,3751351,3733392,99.52
OK,Oklahoma,2011,1,2011-01,violent-crime,estimates,1411,37.64,3791508,3748455,98.86
OK,Oklahoma,2011,2,2011-02,violent-crime,estimates,1093,29.16,3791508,3748455,98.86
OK,Oklahoma,2011,3,2011-03,violent-crime,estimates,1451,38.38,3791508,3780353,99.71
OK,Oklahoma,2011,4,2011-04,violent-crime,estimates,1469,38.75,3791508,3790684,99.98
OK,Oklahoma,2011,5,2011-05,violent-crime,estimates,1628,42.95,3791508,3790684,99.98
OK,Oklahoma,2011,6,2011-06,violent-crime,estimates,1636,43.16,3791508,3790684,99.98
OK,Oklahoma,2011,7,2011-07,violent-crime,estimates,1640,43.58,3791508,3763247,99.25
OK,Oklahoma,2011,8,2011-08,violent-crime,estimates,1530,40.66,3791508,3763247,99.25
OK,Oklahoma,2011,9,2011-09,violent-crime,estimates,1373,36.55,3791508,3756040,99.06
OK,Oklahoma,2011,10,2011-10,violent-crime,estimates,1465,38.85,3791508,3770760,99.45
OK,Oklahoma,2011,11,2011-11,violent-crime,estimates,1317,34.74,3791508,3790684,99.98
OK,Oklahoma,2011,12,2011-12,violent-crime,estimates,1299,34.27,3791508,3790684,99.98
OK,Oklahoma,2012,1,2012-01,violent-crime,estimates,1373,36.11,3814820,3801975,99.66
OK,Oklahoma,2012,2,2012-02,violent-crime,estimates,1159,30.46,3814820,3804809,99.74
OK,Oklahoma,2012,3,2012-03,violent-crime,estimates,1423,37.4,3814820,3804809,99.74
OK,Oklahoma,2012,4,2012-04,violent-crime,estimates,1728,45.31,3814820,3813992,99.98
OK,Oklahoma,2012,5,2012-05,violent-crime,estimates,1680,44.3,3814820,3792725,99.42
OK,Oklahoma,2012,6,2012-06,violent-crime,estimates,1554,41.12,3814820,3779065,99.06
OK,Oklahoma,2012,7,2012-07,violent-crime,estimates,1814,48,3814820,3779065,99.06
OK,Oklahoma,2012,8,2012-08,violent-crime,estimates,1609,42.19,3814820,3813992,99.98
OK,Oklahoma,2012,9,2012-09,violent-crime,estimates,1531,40.14,3814820,3813992,99.98
OK,Oklahoma,2012,10,2012-10,violent-crime,estimates,1480,39.17,3814820,3778100,99.04
OK,Oklahoma,2012,11,2012-11,violent-crime,estimates,1402,37.32,3814820,3756833,98.48
OK,Oklahoma,2012,12,2012-12,violent-crime,estimates,1308,34.29,3814820,3813992,99.98
OK,Oklahoma,2013,1,2013-01,violent-crime,estimates,1389,36.72,3850568,3783052,98.25
OK,Oklahoma,2013,2,2013-02,violent-crime,estimates,1150,30.4,3850568,3783052,98.25
OK,Oklahoma,2013,3,2013-03,violent-crime,estimates,1361,35.78,3850568,3803734,98.78
OK,Oklahoma,2013,4,2013-04,violent-crime,estimates,1358,35.7,3850568,3803734,98.78
OK,Oklahoma,2013,5,2013-05,violent-crime,estimates,1505,39.09,3850568,3850568,100
OK,Oklahoma,2013,6,2013-06,violent-crime,estimates,1482,38.49,3850568,3850568,100
OK,Oklahoma,2013,7,2013-07,violent-crime,estimates,1503,39.03,3850568,3850568,100
OK,Oklahoma,2013,8,2013-08,violent-crime,estimates,1515,39.34,3850568,3850568,100
OK,Oklahoma,2013,9,2013-09,violent-crime,estimates,1493,38.77,3850568,3850568,100
OK,Oklahoma,2013,10,2013-10,violent-crime,estimates,1353,35.14,3850568,3850568,100
OK,Oklahoma,2013,11,2013-11,violent-crime,estimates,1247,32.38,3850568,3850568,100
OK,Oklahoma,2013,12,2013-12,violent-crime,estimates,1308,33.97,3850568,3850568,100
OK,Oklahoma,2014,1,2014-01,violent-crime,estimates,1227,31.78,3878051,3861148,99.56
OK,Oklahoma,2014,2,2014-02,violent-crime,estimates,1071,27.74,3878051,3861148,99.56
OK,Oklahoma,2014,3,2014-03,violent-crime,estimates,1250,32.27,3878051,3873037,99.87
OK,Oklahoma,2014,4,2014-04,violent-crime,estimates,1366,35.27,3878051,3873037,99.87
OK,Oklahoma,2014,5,2014-05,violent-crime,estimates,1436,37.19,3878051,3861148,99.56
OK,Oklahoma,2014,6,2014-06,violent-crime,estimates,1471,38.1,3878051,3860807,99.56
OK,Oklahoma,2014,7,2014-07,violent-crime,estimates,1538,39.81,3878051,3863179,99.62
OK,Oklahoma,2014,8,2014-08,violent-crime,estimates,1474,38.18,3878051,3860273,99.54
OK,Oklahoma,2014,9,2014-09,violent-crime,estimates,1330,34.3,3878051,3878051,100
OK,Oklahoma,2014,10,2014-10,violent-crime,estimates,1403,36.29,3878051,3866162,99.69
OK,Oklahoma,2014,11,2014-11,violent-crime,estimates,1265,32.83,3878051,3853603,99.37
OK,Oklahoma,2014,12,2014-12,violent-crime,estimates,1208,31.35,3878051,3853603,99.37
OK,Oklahoma,2015,1,2015-01,violent-crime,estimates,1397,36.02,3911338,3877991,99.15
OK,Oklahoma,2015,2,2015-02,violent-crime,estimates,1041,26.75,3911338,3891992,99.51
OK,Oklahoma,2015,3,2015-03,violent-crime,estimates,1270,32.68,3911338,3885845,99.35
OK,Oklahoma,2015,4,2015-04,violent-crime,estimates,1341,34.53,3911338,3883227,99.28
OK,Oklahoma,2015,5,2015-05,violent-crime,estimates,1435,36.93,3911338,3885597,99.34
OK,Oklahoma,2015,6,2015-06,violent-crime,estimates,1688,43.4,3911338,3889122,99.43
OK,Oklahoma,2015,7,2015-07,violent-crime,estimates,1547,41.14,3911338,3760298,96.14
OK,Oklahoma,2015,8,2015-08,violent-crime,estimates,1513,40.18,3911338,3765313,96.27
OK,Oklahoma,2015,9,2015-09,violent-crime,estimates,1482,39.45,3911338,3756364,96.04
OK,Oklahoma,2015,10,2015-10,violent-crime,estimates,1376,36.53,3911338,3767144,96.31
OK,Oklahoma,2015,11,2015-11,violent-crime,estimates,1281,34.24,3911338,3741413,95.66
OK,Oklahoma,2015,12,2015-12,violent-crime,estimates,1222,32.77,3911338,3729077,95.34
OK,Oklahoma,2016,1,2016-01,violent-crime,estimates,1352,35.01,3923561,3861384,98.42
OK,Oklahoma,2016,2,2016-02,violent-crime,estimates,1259,32.6,3923561,3862327,98.44
OK,Oklahoma,2016,3,2016-03,violent-crime,estimates,1500,38.84,3923561,3862362,98.44
OK,Oklahoma,2016,4,2016-04,violent-crime,estimates,1482,38.37,3923561,3862475,98.44
OK,Oklahoma,2016,5,2016-05,violent-crime,estimates,1484,38.43,3923561,3861099,98.41
OK,Oklahoma,2016,6,2016-06,violent-crime,estimates,1533,39.71,3923561,3860540,98.39
OK,Oklahoma,2016,7,2016-07,violent-crime,estimates,1634,42.33,3923561,3860591,98.4
OK,Oklahoma,2016,8,2016-08,violent-crime,estimates,1638,42.45,3923561,3858838,98.35
OK,Oklahoma,2016,9,2016-09,violent-crime,estimates,1496,38.93,3923561,3843117,97.95
OK,Oklahoma,2016,10,2016-10,violent-crime,estimates,1694,44.09,3923561,3842000,97.92
OK,Oklahoma,2016,11,2016-11,violent-crime,estimates,1342,34.75,3923561,3861873,98.43
OK,Oklahoma,2016,12,2016-12,violent-crime,estimates,1308,33.82,3923561,3867605,98.57
OK,Oklahoma,2017,1,2017-01,violent-crime,estimates,1456,37.42,3930864,3890673,98.98
OK,Oklahoma,2017,2,2017-02,violent-crime,estimates,1213,31.17,3930864,3892020,99.01
OK,Oklahoma,2017,3,2017-03,violent-crime,estimates,1438,36.95,3930864,3891749,99
OK,Oklahoma,2017,4,2017-04,violent-crime,estimates,1499,38.55,3930864,3888877,98.93
OK,Oklahoma,2017,5,2017-05,violent-crime,estimates,1614,41.25,3930864,3912433,99.53
OK,Oklahoma,2017,6,2017-06,violent-crime,estimates,1622,41.48,3930864,3910633,99.49
OK,Oklahoma,2017,7,2017-07,violent-crime,estimates,1584,40.53,3930864,3908214,99.42
OK,Oklahoma,2017,8,2017-08,violent-crime,estimates,1567,40.1,3930864,3907717,99.41
OK,Oklahoma,2017,9,2017-09,violent-crime,estimates,1592,40.75,3930864,3906989,99.39
OK,Oklahoma,2017,10,2017-10,violent-crime,estimates,1489,38.14,3930864,3904443,99.33
OK,Oklahoma,2017,11,2017-11,violent-crime,estimates,1470,37.61,3930864,3908843,99.44
OK,Oklahoma,2017,12,2017-12,violent-crime,estimates,1401,35.83,3930864,3910667,99.49
OR,Oregon,1999,1,1999-01,violent-crime,estimates,1104,33.38,3316000,3306960,99.73
OR,Oregon,1999,2,1999-02,violent-crime,estimates,922,27.91,3316000,3303925,99.64
OR,Oregon,1999,3,1999-03,violent-crime,estimates,940,28.5,3316000,3298138,99.46
OR,Oregon,1999,4,1999-04,violent-crime,estimates,934,28.36,3316000,3293319,99.32
OR,Oregon,1999,5,1999-05,violent-crime,estimates,1021,31.01,3316000,3292752,99.3
OR,Oregon,1999,6,1999-06,violent-crime,estimates,1012,30.7,3316000,3296620,99.42
OR,Oregon,1999,7,1999-07,violent-crime,estimates,1117,33.85,3316000,3299700,99.51
OR,Oregon,1999,8,1999-08,violent-crime,estimates,1063,32.18,3316000,3303468,99.62
OR,Oregon,1999,9,1999-09,violent-crime,estimates,984,29.85,3316000,3296932,99.42
OR,Oregon,1999,10,1999-10,violent-crime,estimates,996,30.29,3316000,3288630,99.17
OR,Oregon,1999,11,1999-11,violent-crime,estimates,984,29.91,3316000,3290069,99.22
OR,Oregon,1999,12,1999-12,violent-crime,estimates,1341,40.7,3316000,3295116,99.37
OR,Oregon,2000,1,2000-01,violent-crime,estimates,933,27.42,3421399,3402764,99.46
OR,Oregon,2000,2,2000-02,violent-crime,estimates,852,25.27,3421399,3371121,98.53
OR,Oregon,2000,3,2000-03,violent-crime,estimates,1016,29.89,3421399,3398819,99.34
OR,Oregon,2000,4,2000-04,violent-crime,estimates,1065,31.58,3421399,3372692,98.58
OR,Oregon,2000,5,2000-05,violent-crime,estimates,1089,32.37,3421399,3364191,98.33
OR,Oregon,2000,6,2000-06,violent-crime,estimates,986,29.33,3421399,3362215,98.27
OR,Oregon,2000,7,2000-07,violent-crime,estimates,1071,31.76,3421399,3371752,98.55
OR,Oregon,2000,8,2000-08,violent-crime,estimates,997,29.57,3421399,3371993,98.56
OR,Oregon,2000,9,2000-09,violent-crime,estimates,1023,30.35,3421399,3370772,98.52
OR,Oregon,2000,10,2000-10,violent-crime,estimates,914,27.7,3421399,3299054,96.42
OR,Oregon,2000,11,2000-11,violent-crime,estimates,738,22.46,3421399,3286118,96.05
OR,Oregon,2000,12,2000-12,violent-crime,estimates,1206,36.86,3421399,3271759,95.63
OR,Oregon,2001,1,2001-01,violent-crime,estimates,913,26.38,3472867,3461109,99.66
OR,Oregon,2001,2,2001-02,violent-crime,estimates,721,20.89,3472867,3451805,99.39
OR,Oregon,2001,3,2001-03,violent-crime,estimates,801,23.16,3472867,3458666,99.59
OR,Oregon,2001,4,2001-04,violent-crime,estimates,734,21.22,3472867,3458289,99.58
OR,Oregon,2001,5,2001-05,violent-crime,estimates,838,24.26,3472867,3454013,99.46
OR,Oregon,2001,6,2001-06,violent-crime,estimates,860,25.03,3472867,3435677,98.93
OR,Oregon,2001,7,2001-07,violent-crime,estimates,936,27.17,3472867,3445565,99.21
OR,Oregon,2001,8,2001-08,violent-crime,estimates,923,26.72,3472867,3454562,99.47
OR,Oregon,2001,9,2001-09,violent-crime,estimates,878,25.42,3472867,3454562,99.47
OR,Oregon,2001,10,2001-10,violent-crime,estimates,955,28.07,3472867,3402291,97.97
OR,Oregon,2001,11,2001-11,violent-crime,estimates,898,26.28,3472867,3416667,98.38
OR,Oregon,2001,12,2001-12,violent-crime,estimates,1137,33.32,3472867,3411868,98.24
OR,Oregon,2002,1,2002-01,violent-crime,estimates,922,26.25,3521515,3512752,99.75
OR,Oregon,2002,2,2002-02,violent-crime,estimates,786,22.45,3521515,3501332,99.43
OR,Oregon,2002,3,2002-03,violent-crime,estimates,808,23.06,3521515,3504135,99.51
OR,Oregon,2002,4,2002-04,violent-crime,estimates,895,25.54,3521515,3504135,99.51
OR,Oregon,2002,5,2002-05,violent-crime,estimates,951,27.32,3521515,3481505,98.86
OR,Oregon,2002,6,2002-06,violent-crime,estimates,763,22.54,3521515,3385525,96.14
OR,Oregon,2002,7,2002-07,violent-crime,estimates,866,25.33,3521515,3419311,97.1
OR,Oregon,2002,8,2002-08,violent-crime,estimates,884,25.74,3521515,3434671,97.53
OR,Oregon,2002,9,2002-09,violent-crime,estimates,862,25.13,3521515,3430212,97.41
OR,Oregon,2002,10,2002-10,violent-crime,estimates,877,25.79,3521515,3399915,96.55
OR,Oregon,2002,11,2002-11,violent-crime,estimates,805,23.7,3521515,3397278,96.47
OR,Oregon,2002,12,2002-12,violent-crime,estimates,791,23.25,3521515,3402045,96.61
OR,Oregon,2003,1,2003-01,violent-crime,estimates,829,23.91,3559596,3466886,97.4
OR,Oregon,2003,2,2003-02,violent-crime,estimates,712,20.54,3559596,3466446,97.38
OR,Oregon,2003,3,2003-03,violent-crime,estimates,867,25.03,3559596,3463321,97.3
OR,Oregon,2003,4,2003-04,violent-crime,estimates,810,23.42,3559596,3458379,97.16
OR,Oregon,2003,5,2003-05,violent-crime,estimates,936,27.06,3559596,3458379,97.16
OR,Oregon,2003,6,2003-06,violent-crime,estimates,913,26.43,3559596,3454431,97.05
OR,Oregon,2003,7,2003-07,violent-crime,estimates,947,27.31,3559596,3467991,97.43
OR,Oregon,2003,8,2003-08,violent-crime,estimates,957,27.62,3559596,3464935,97.34
OR,Oregon,2003,9,2003-09,violent-crime,estimates,892,25.74,3559596,3465823,97.37
OR,Oregon,2003,10,2003-10,violent-crime,estimates,938,27.04,3559596,3468948,97.45
OR,Oregon,2003,11,2003-11,violent-crime,estimates,761,21.95,3559596,3466576,97.39
OR,Oregon,2003,12,2003-12,violent-crime,estimates,800,23.09,3559596,3465233,97.35
OR,Oregon,2004,1,2004-01,violent-crime,estimates,835,23.55,3594586,3545714,98.64
OR,Oregon,2004,2,2004-02,violent-crime,estimates,767,21.63,3594586,3545714,98.64
OR,Oregon,2004,3,2004-03,violent-crime,estimates,787,22.2,3594586,3545714,98.64
OR,Oregon,2004,4,2004-04,violent-crime,estimates,851,24.05,3594586,3538480,98.44
OR,Oregon,2004,5,2004-05,violent-crime,estimates,938,26.4,3594586,3553245,98.85
OR,Oregon,2004,6,2004-06,violent-crime,estimates,873,24.57,3594586,3553245,98.85
OR,Oregon,2004,7,2004-07,violent-crime,estimates,955,26.96,3594586,3542915,98.56
OR,Oregon,2004,8,2004-08,violent-crime,estimates,936,26.48,3594586,3534545,98.33
OR,Oregon,2004,9,2004-09,violent-crime,estimates,849,23.88,3594586,3554905,98.9
OR,Oregon,2004,10,2004-10,violent-crime,estimates,926,26.05,3594586,3554905,98.9
OR,Oregon,2004,11,2004-11,violent-crime,estimates,808,22.73,3594586,3554905,98.9
OR,Oregon,2004,12,2004-12,violent-crime,estimates,1076,30.21,3594586,3562139,99.1
OR,Oregon,2005,1,2005-01,violent-crime,estimates,732,20.21,3641056,3621639,99.47
OR,Oregon,2005,2,2005-02,violent-crime,estimates,698,19.43,3641056,3593055,98.68
OR,Oregon,2005,3,2005-03,violent-crime,estimates,889,24.57,3641056,3618515,99.38
OR,Oregon,2005,4,2005-04,violent-crime,estimates,861,23.78,3641056,3620133,99.43
OR,Oregon,2005,5,2005-05,violent-crime,estimates,881,24.36,3641056,3617009,99.34
OR,Oregon,2005,6,2005-06,violent-crime,estimates,869,24.03,3641056,3617009,99.34
OR,Oregon,2005,7,2005-07,violent-crime,estimates,886,24.46,3641056,3622131,99.48
OR,Oregon,2005,8,2005-08,violent-crime,estimates,947,26.35,3641056,3593547,98.7
OR,Oregon,2005,9,2005-09,violent-crime,estimates,853,23.74,3641056,3593547,98.7
OR,Oregon,2005,10,2005-10,violent-crime,estimates,862,23.99,3641056,3593547,98.7
OR,Oregon,2005,11,2005-11,violent-crime,estimates,768,21.37,3641056,3593547,98.7
OR,Oregon,2005,12,2005-12,violent-crime,estimates,1157,32.2,3641056,3593547,98.7
OR,Oregon,2006,1,2006-01,violent-crime,estimates,898,24.65,3700758,3643437,98.45
OR,Oregon,2006,2,2006-02,violent-crime,estimates,775,21.29,3700758,3640319,98.37
OR,Oregon,2006,3,2006-03,violent-crime,estimates,835,22.94,3700758,3640319,98.37
OR,Oregon,2006,4,2006-04,violent-crime,estimates,829,22.77,3700758,3640319,98.37
OR,Oregon,2006,5,2006-05,violent-crime,estimates,890,24.46,3700758,3638769,98.32
OR,Oregon,2006,6,2006-06,violent-crime,estimates,824,22.65,3700758,3638769,98.32
OR,Oregon,2006,7,2006-07,violent-crime,estimates,946,26,3700758,3638769,98.32
OR,Oregon,2006,8,2006-08,violent-crime,estimates,954,26.22,3700758,3638769,98.32
OR,Oregon,2006,9,2006-09,violent-crime,estimates,855,23.5,3700758,3638769,98.32
OR,Oregon,2006,10,2006-10,violent-crime,estimates,885,24.32,3700758,3638769,98.32
OR,Oregon,2006,11,2006-11,violent-crime,estimates,856,23.54,3700758,3636792,98.27
OR,Oregon,2006,12,2006-12,violent-crime,estimates,881,24.23,3700758,3636072,98.25
OR,Oregon,2007,1,2007-01,violent-crime,estimates,885,24.03,3747455,3682642,98.27
OR,Oregon,2007,2,2007-02,violent-crime,estimates,774,21,3747455,3685681,98.35
OR,Oregon,2007,3,2007-03,violent-crime,estimates,859,23.31,3747455,3684335,98.32
OR,Oregon,2007,4,2007-04,violent-crime,estimates,884,23.99,3747455,3684335,98.32
OR,Oregon,2007,5,2007-05,violent-crime,estimates,955,25.92,3747455,3684335,98.32
OR,Oregon,2007,6,2007-06,violent-crime,estimates,876,23.8,3747455,3680089,98.2
OR,Oregon,2007,7,2007-07,violent-crime,estimates,1010,27.45,3747455,3679381,98.18
OR,Oregon,2007,8,2007-08,violent-crime,estimates,933,25.36,3747455,3679381,98.18
OR,Oregon,2007,9,2007-09,violent-crime,estimates,908,24.69,3747455,3676872,98.12
OR,Oregon,2007,10,2007-10,violent-crime,estimates,875,23.8,3747455,3676872,98.12
OR,Oregon,2007,11,2007-11,violent-crime,estimates,795,21.9,3747455,3630422,96.88
OR,Oregon,2007,12,2007-12,violent-crime,estimates,1118,30.8,3747455,3630422,96.88
OR,Oregon,2008,1,2008-01,violent-crime,estimates,843,22.62,3790060,3726813,98.33
OR,Oregon,2008,2,2008-02,violent-crime,estimates,751,20.15,3790060,3726813,98.33
OR,Oregon,2008,3,2008-03,violent-crime,estimates,754,20.53,3790060,3672280,96.89
OR,Oregon,2008,4,2008-04,violent-crime,estimates,756,20.55,3790060,3678753,97.06
OR,Oregon,2008,5,2008-05,violent-crime,estimates,824,22.41,3790060,3677413,97.03
OR,Oregon,2008,6,2008-06,violent-crime,estimates,846,23.01,3790060,3677413,97.03
OR,Oregon,2008,7,2008-07,violent-crime,estimates,891,24.23,3790060,3677413,97.03
OR,Oregon,2008,8,2008-08,violent-crime,estimates,826,22.46,3790060,3677413,97.03
OR,Oregon,2008,9,2008-09,violent-crime,estimates,796,21.7,3790060,3667367,96.76
OR,Oregon,2008,10,2008-10,violent-crime,estimates,847,23.03,3790060,3678296,97.05
OR,Oregon,2008,11,2008-11,violent-crime,estimates,785,21.35,3790060,3676476,97
OR,Oregon,2008,12,2008-12,violent-crime,estimates,848,23.05,3790060,3678296,97.05
OR,Oregon,2009,1,2009-01,violent-crime,estimates,807,21.17,3825657,3812664,99.66
OR,Oregon,2009,2,2009-02,violent-crime,estimates,697,18.28,3825657,3812664,99.66
OR,Oregon,2009,3,2009-03,violent-crime,estimates,688,18.05,3825657,3812664,99.66
OR,Oregon,2009,4,2009-04,violent-crime,estimates,712,18.84,3825657,3778994,98.78
OR,Oregon,2009,5,2009-05,violent-crime,estimates,797,20.91,3825657,3811371,99.63
OR,Oregon,2009,6,2009-06,violent-crime,estimates,813,21.36,3825657,3805705,99.48
OR,Oregon,2009,7,2009-07,violent-crime,estimates,884,23.23,3825657,3805705,99.48
OR,Oregon,2009,8,2009-08,violent-crime,estimates,856,22.49,3825657,3805705,99.48
OR,Oregon,2009,9,2009-09,violent-crime,estimates,777,20.44,3825657,3801072,99.36
OR,Oregon,2009,10,2009-10,violent-crime,estimates,744,19.57,3825657,3801072,99.36
OR,Oregon,2009,11,2009-11,violent-crime,estimates,712,18.73,3825657,3801072,99.36
OR,Oregon,2009,12,2009-12,violent-crime,estimates,1427,37.54,3825657,3801072,99.36
OR,Oregon,2010,1,2010-01,violent-crime,estimates,851,22.4,3831074,3799694,99.18
OR,Oregon,2010,2,2010-02,violent-crime,estimates,673,17.76,3831074,3788660,98.89
OR,Oregon,2010,3,2010-03,violent-crime,estimates,793,20.91,3831074,3792178,98.98
OR,Oregon,2010,4,2010-04,violent-crime,estimates,684,18.19,3831074,3759920,98.14
OR,Oregon,2010,5,2010-05,violent-crime,estimates,759,20.23,3831074,3752753,97.96
OR,Oregon,2010,6,2010-06,violent-crime,estimates,808,21.49,3831074,3759920,98.14
OR,Oregon,2010,7,2010-07,violent-crime,estimates,833,22.21,3831074,3750225,97.89
OR,Oregon,2010,8,2010-08,violent-crime,estimates,858,22.87,3831074,3752116,97.94
OR,Oregon,2010,9,2010-09,violent-crime,estimates,876,23.35,3831074,3752116,97.94
OR,Oregon,2010,10,2010-10,violent-crime,estimates,820,22.01,3831074,3724753,97.22
OR,Oregon,2010,11,2010-11,violent-crime,estimates,793,21.3,3831074,3722806,97.17
OR,Oregon,2010,12,2010-12,violent-crime,estimates,801,21.36,3831074,3750807,97.9
OR,Oregon,2011,1,2011-01,violent-crime,estimates,817,21.2,3871859,3854468,99.55
OR,Oregon,2011,2,2011-02,violent-crime,estimates,672,17.54,3871859,3832085,98.97
OR,Oregon,2011,3,2011-03,violent-crime,estimates,845,22.05,3871859,3832085,98.97
OR,Oregon,2011,4,2011-04,violent-crime,estimates,821,21.42,3871859,3832085,98.97
OR,Oregon,2011,5,2011-05,violent-crime,estimates,790,20.6,3871859,3834150,99.03
OR,Oregon,2011,6,2011-06,violent-crime,estimates,771,20.11,3871859,3833877,99.02
OR,Oregon,2011,7,2011-07,violent-crime,estimates,813,21.22,3871859,3831812,98.97
OR,Oregon,2011,8,2011-08,violent-crime,estimates,814,21.23,3871859,3833877,99.02
OR,Oregon,2011,9,2011-09,violent-crime,estimates,808,21.08,3871859,3833877,99.02
OR,Oregon,2011,10,2011-10,violent-crime,estimates,825,21.52,3871859,3833877,99.02
OR,Oregon,2011,11,2011-11,violent-crime,estimates,778,20.29,3871859,3833877,99.02
OR,Oregon,2011,12,2011-12,violent-crime,estimates,830,21.65,3871859,3833877,99.02
OR,Oregon,2012,1,2012-01,violent-crime,estimates,822,21.29,3899353,3860601,99.01
OR,Oregon,2012,2,2012-02,violent-crime,estimates,745,19.3,3899353,3859165,98.97
OR,Oregon,2012,3,2012-03,violent-crime,estimates,770,19.96,3899353,3857357,98.92
OR,Oregon,2012,4,2012-04,violent-crime,estimates,768,19.92,3899353,3854873,98.86
OR,Oregon,2012,5,2012-05,violent-crime,estimates,830,21.53,3899353,3854873,98.86
OR,Oregon,2012,6,2012-06,violent-crime,estimates,812,21.24,3899353,3823120,98.04
OR,Oregon,2012,7,2012-07,violent-crime,estimates,850,22.23,3899353,3823517,98.06
OR,Oregon,2012,8,2012-08,violent-crime,estimates,847,22.17,3899353,3820043,97.97
OR,Oregon,2012,9,2012-09,violent-crime,estimates,858,22.47,3899353,3818790,97.93
OR,Oregon,2012,10,2012-10,violent-crime,estimates,770,20.15,3899353,3822081,98.02
OR,Oregon,2012,11,2012-11,violent-crime,estimates,752,19.68,3899353,3821033,97.99
OR,Oregon,2012,12,2012-12,violent-crime,estimates,723,18.92,3899353,3821033,97.99
OR,Oregon,2013,1,2013-01,violent-crime,estimates,753,19.32,3930065,3898175,99.19
OR,Oregon,2013,2,2013-02,violent-crime,estimates,704,18.06,3930065,3898175,99.19
OR,Oregon,2013,3,2013-03,violent-crime,estimates,742,19.03,3930065,3898175,99.19
OR,Oregon,2013,4,2013-04,violent-crime,estimates,766,19.72,3930065,3884602,98.84
OR,Oregon,2013,5,2013-05,violent-crime,estimates,822,21.16,3930065,3885278,98.86
OR,Oregon,2013,6,2013-06,violent-crime,estimates,779,20.04,3930065,3886741,98.9
OR,Oregon,2013,7,2013-07,violent-crime,estimates,832,21.45,3930065,3878668,98.69
OR,Oregon,2013,8,2013-08,violent-crime,estimates,853,22.02,3930065,3873589,98.56
OR,Oregon,2013,9,2013-09,violent-crime,estimates,684,17.66,3930065,3873589,98.56
OR,Oregon,2013,10,2013-10,violent-crime,estimates,726,18.73,3930065,3877011,98.65
OR,Oregon,2013,11,2013-11,violent-crime,estimates,670,17.28,3930065,3877011,98.65
OR,Oregon,2013,12,2013-12,violent-crime,estimates,701,18.1,3930065,3873589,98.56
OR,Oregon,2014,1,2014-01,violent-crime,estimates,760,20.61,3970239,3688109,92.89
OR,Oregon,2014,2,2014-02,violent-crime,estimates,628,16.98,3970239,3699294,93.18
OR,Oregon,2014,3,2014-03,violent-crime,estimates,708,19.13,3970239,3700083,93.2
OR,Oregon,2014,4,2014-04,violent-crime,estimates,733,19.81,3970239,3699294,93.18
OR,Oregon,2014,5,2014-05,violent-crime,estimates,849,22.95,3970239,3699294,93.18
OR,Oregon,2014,6,2014-06,violent-crime,estimates,772,20.88,3970239,3697923,93.14
OR,Oregon,2014,7,2014-07,violent-crime,estimates,907,24.52,3970239,3699294,93.18
OR,Oregon,2014,8,2014-08,violent-crime,estimates,837,23.26,3970239,3598743,90.64
OR,Oregon,2014,9,2014-09,violent-crime,estimates,739,19.98,3970239,3699294,93.18
OR,Oregon,2014,10,2014-10,violent-crime,estimates,799,21.59,3970239,3700083,93.2
OR,Oregon,2014,11,2014-11,violent-crime,estimates,721,20.05,3970239,3596197,90.58
OR,Oregon,2014,12,2014-12,violent-crime,estimates,882,23.85,3970239,3697782,93.14
OR,Oregon,2015,1,2015-01,violent-crime,estimates,760,19.08,4028977,3983788,98.88
OR,Oregon,2015,2,2015-02,violent-crime,estimates,695,17.45,4028977,3982277,98.84
OR,Oregon,2015,3,2015-03,violent-crime,estimates,820,20.9,4028977,3923214,97.37
OR,Oregon,2015,4,2015-04,violent-crime,estimates,459,12.21,4028977,3757823,93.27
OR,Oregon,2015,5,2015-05,violent-crime,estimates,485,12.88,4028977,3766793,93.49
OR,Oregon,2015,6,2015-06,violent-crime,estimates,439,11.65,4028977,3767622,93.51
OR,Oregon,2015,7,2015-07,violent-crime,estimates,556,14.75,4028977,3768304,93.53
OR,Oregon,2015,8,2015-08,violent-crime,estimates,523,13.93,4028977,3754135,93.18
OR,Oregon,2015,9,2015-09,violent-crime,estimates,461,12.27,4028977,3755646,93.22
OR,Oregon,2015,10,2015-10,violent-crime,estimates,422,10.62,4028977,3973146,98.61
OR,Oregon,2015,11,2015-11,violent-crime,estimates,330,8.79,4028977,3754135,93.18
OR,Oregon,2015,12,2015-12,violent-crime,estimates,405,10.81,4028977,3746376,92.99
OR,Oregon,2016,1,2016-01,violent-crime,estimates,888,22.09,4093465,4019638,98.2
OR,Oregon,2016,2,2016-02,violent-crime,estimates,854,21.25,4093465,4019638,98.2
OR,Oregon,2016,3,2016-03,violent-crime,estimates,851,21.27,4093465,4001564,97.75
OR,Oregon,2016,4,2016-04,violent-crime,estimates,847,21.2,4093465,3995598,97.61
OR,Oregon,2016,5,2016-05,violent-crime,estimates,938,23.49,4093465,3993314,97.55
OR,Oregon,2016,6,2016-06,violent-crime,estimates,888,22.19,4093465,4002151,97.77
OR,Oregon,2016,7,2016-07,violent-crime,estimates,942,23.54,4093465,4001564,97.75
OR,Oregon,2016,8,2016-08,violent-crime,estimates,911,22.81,4093465,3993704,97.56
OR,Oregon,2016,9,2016-09,violent-crime,estimates,922,23,4093465,4008736,97.93
OR,Oregon,2016,10,2016-10,violent-crime,estimates,946,23.64,4093465,4001564,97.75
OR,Oregon,2016,11,2016-11,violent-crime,estimates,820,20.5,4093465,3999267,97.7
OR,Oregon,2016,12,2016-12,violent-crime,estimates,787,19.62,4093465,4011892,98.01
OR,Oregon,2017,1,2017-01,violent-crime,estimates,920,22.78,4142776,4038197,97.48
OR,Oregon,2017,2,2017-02,violent-crime,estimates,821,20.44,4142776,4017333,96.97
OR,Oregon,2017,3,2017-03,violent-crime,estimates,887,21.94,4142776,4042460,97.58
OR,Oregon,2017,4,2017-04,violent-crime,estimates,937,23.19,4142776,4040798,97.54
OR,Oregon,2017,5,2017-05,violent-crime,estimates,1076,26.73,4142776,4024740,97.15
OR,Oregon,2017,6,2017-06,violent-crime,estimates,980,24.35,4142776,4024014,97.13
OR,Oregon,2017,7,2017-07,violent-crime,estimates,1108,27.5,4142776,4028495,97.24
OR,Oregon,2017,8,2017-08,violent-crime,estimates,963,23.91,4142776,4027287,97.21
OR,Oregon,2017,9,2017-09,violent-crime,estimates,999,24.86,4142776,4017871,96.98
OR,Oregon,2017,10,2017-10,violent-crime,estimates,1015,25.18,4142776,4030498,97.29
OR,Oregon,2017,11,2017-11,violent-crime,estimates,940,23.31,4142776,4032299,97.33
OR,Oregon,2017,12,2017-12,violent-crime,estimates,965,24.03,4142776,4015903,96.94
PA,Pennsylvania,1999,1,1999-01,violent-crime,estimates,4070,36.34,11994000,11198646,93.37
PA,Pennsylvania,1999,2,1999-02,violent-crime,estimates,3536,31.69,11994000,11158044,93.03
PA,Pennsylvania,1999,3,1999-03,violent-crime,estimates,3865,34.47,11994000,11213564,93.49
PA,Pennsylvania,1999,4,1999-04,violent-crime,estimates,3668,33.1,11994000,11081223,92.39
PA,Pennsylvania,1999,5,1999-05,violent-crime,estimates,3894,35.13,11994000,11083349,92.41
PA,Pennsylvania,1999,6,1999-06,violent-crime,estimates,3908,35.47,11994000,11016800,91.85
PA,Pennsylvania,1999,7,1999-07,violent-crime,estimates,4272,39.1,11994000,10927061,91.1
PA,Pennsylvania,1999,8,1999-08,violent-crime,estimates,4155,37.76,11994000,11005091,91.75
PA,Pennsylvania,1999,9,1999-09,violent-crime,estimates,3961,36.2,11994000,10940972,91.22
PA,Pennsylvania,1999,10,1999-10,violent-crime,estimates,4117,37.84,11994000,10880734,90.72
PA,Pennsylvania,1999,11,1999-11,violent-crime,estimates,4117,37.91,11994000,10860664,90.55
PA,Pennsylvania,1999,12,1999-12,violent-crime,estimates,4048,37.44,11994000,10812673,90.15
PA,Pennsylvania,2000,1,2000-01,violent-crime,estimates,3936,35.01,12281054,11242668,91.54
PA,Pennsylvania,2000,2,2000-02,violent-crime,estimates,3680,32.26,12281054,11405777,92.87
PA,Pennsylvania,2000,3,2000-03,violent-crime,estimates,3979,35,12281054,11367110,92.56
PA,Pennsylvania,2000,4,2000-04,violent-crime,estimates,3836,33.94,12281054,11300646,92.02
PA,Pennsylvania,2000,5,2000-05,violent-crime,estimates,4232,37.48,12281054,11291330,91.94
PA,Pennsylvania,2000,6,2000-06,violent-crime,estimates,4003,36.13,12281054,11078116,90.2
PA,Pennsylvania,2000,7,2000-07,violent-crime,estimates,4423,39.64,12281054,11157561,90.85
PA,Pennsylvania,2000,8,2000-08,violent-crime,estimates,4244,38.45,12281054,11039012,89.89
PA,Pennsylvania,2000,9,2000-09,violent-crime,estimates,4008,36.28,12281054,11048191,89.96
PA,Pennsylvania,2000,10,2000-10,violent-crime,estimates,4244,38.35,12281054,11066524,90.11
PA,Pennsylvania,2000,11,2000-11,violent-crime,estimates,3797,34.2,12281054,11101821,90.4
PA,Pennsylvania,2000,12,2000-12,violent-crime,estimates,3972,35.89,12281054,11067412,90.12
PA,Pennsylvania,2001,1,2001-01,violent-crime,estimates,3873,35.85,12287150,10803539,87.93
PA,Pennsylvania,2001,2,2001-02,violent-crime,estimates,3226,30.28,12287150,10652338,86.69
PA,Pennsylvania,2001,3,2001-03,violent-crime,estimates,3684,35.06,12287150,10507638,85.52
PA,Pennsylvania,2001,4,2001-04,violent-crime,estimates,3590,33.92,12287150,10582870,86.13
PA,Pennsylvania,2001,5,2001-05,violent-crime,estimates,3787,36.25,12287150,10446183,85.02
PA,Pennsylvania,2001,6,2001-06,violent-crime,estimates,3892,37.3,12287150,10435656,84.93
PA,Pennsylvania,2001,7,2001-07,violent-crime,estimates,3842,37.06,12287150,10365836,84.36
PA,Pennsylvania,2001,8,2001-08,violent-crime,estimates,4094,39.22,12287150,10437851,84.95
PA,Pennsylvania,2001,9,2001-09,violent-crime,estimates,3905,37.64,12287150,10374852,84.44
PA,Pennsylvania,2001,10,2001-10,violent-crime,estimates,4131,40.03,12287150,10319730,83.99
PA,Pennsylvania,2001,11,2001-11,violent-crime,estimates,3752,36.39,12287150,10311468,83.92
PA,Pennsylvania,2001,12,2001-12,violent-crime,estimates,3664,35.35,12287150,10366067,84.37
PA,Pennsylvania,2002,1,2002-01,violent-crime,estimates,3708,33.24,12335091,11155530,90.44
PA,Pennsylvania,2002,2,2002-02,violent-crime,estimates,3368,30.2,12335091,11152798,90.42
PA,Pennsylvania,2002,3,2002-03,violent-crime,estimates,3720,33.57,12335091,11082719,89.85
PA,Pennsylvania,2002,4,2002-04,violent-crime,estimates,3772,34.08,12335091,11067465,89.72
PA,Pennsylvania,2002,5,2002-05,violent-crime,estimates,3882,35.2,12335091,11028355,89.41
PA,Pennsylvania,2002,6,2002-06,violent-crime,estimates,3864,35.12,12335091,11003362,89.2
PA,Pennsylvania,2002,7,2002-07,violent-crime,estimates,4096,37.32,12335091,10974639,88.97
PA,Pennsylvania,2002,8,2002-08,violent-crime,estimates,4306,39.2,12335091,10984930,89.05
PA,Pennsylvania,2002,9,2002-09,violent-crime,estimates,4317,39.22,12335091,11007955,89.24
PA,Pennsylvania,2002,10,2002-10,violent-crime,estimates,4071,37,12335091,11001816,89.19
PA,Pennsylvania,2002,11,2002-11,violent-crime,estimates,3737,34.21,12335091,10922585,88.55
PA,Pennsylvania,2002,12,2002-12,violent-crime,estimates,3551,32.49,12335091,10929514,88.61
PA,Pennsylvania,2003,1,2003-01,violent-crime,estimates,3565,31.73,12365455,11234558,90.85
PA,Pennsylvania,2003,2,2003-02,violent-crime,estimates,2800,25.1,12365455,11153378,90.2
PA,Pennsylvania,2003,3,2003-03,violent-crime,estimates,3914,35.22,12365455,11113896,89.88
PA,Pennsylvania,2003,4,2003-04,violent-crime,estimates,3827,34.78,12365455,11002167,88.98
PA,Pennsylvania,2003,5,2003-05,violent-crime,estimates,3999,36.44,12365455,10974019,88.75
PA,Pennsylvania,2003,6,2003-06,violent-crime,estimates,4045,36.75,12365455,11006915,89.01
PA,Pennsylvania,2003,7,2003-07,violent-crime,estimates,4277,39.05,12365455,10953910,88.58
PA,Pennsylvania,2003,8,2003-08,violent-crime,estimates,4194,38.29,12365455,10954343,88.59
PA,Pennsylvania,2003,9,2003-09,violent-crime,estimates,3817,35.17,12365455,10852256,87.76
PA,Pennsylvania,2003,10,2003-10,violent-crime,estimates,4031,37.1,12365455,10865349,87.87
PA,Pennsylvania,2003,11,2003-11,violent-crime,estimates,3711,33.98,12365455,10919534,88.31
PA,Pennsylvania,2003,12,2003-12,violent-crime,estimates,3634,33.42,12365455,10873000,87.93
PA,Pennsylvania,2004,1,2004-01,violent-crime,estimates,3687,32.24,12406292,11437342,92.19
PA,Pennsylvania,2004,2,2004-02,violent-crime,estimates,3592,31.44,12406292,11425355,92.09
PA,Pennsylvania,2004,3,2004-03,violent-crime,estimates,3921,34.47,12406292,11376302,91.7
PA,Pennsylvania,2004,4,2004-04,violent-crime,estimates,3851,33.88,12406292,11365867,91.61
PA,Pennsylvania,2004,5,2004-05,violent-crime,estimates,4229,37.34,12406292,11325150,91.29
PA,Pennsylvania,2004,6,2004-06,violent-crime,estimates,4167,36.84,12406292,11310960,91.17
PA,Pennsylvania,2004,7,2004-07,violent-crime,estimates,4312,38.05,12406292,11331270,91.33
PA,Pennsylvania,2004,8,2004-08,violent-crime,estimates,4367,38.69,12406292,11285874,90.97
PA,Pennsylvania,2004,9,2004-09,violent-crime,estimates,4125,36.64,12406292,11258252,90.75
PA,Pennsylvania,2004,10,2004-10,violent-crime,estimates,4260,37.95,12406292,11226634,90.49
PA,Pennsylvania,2004,11,2004-11,violent-crime,estimates,3873,34.33,12406292,11281326,90.93
PA,Pennsylvania,2004,12,2004-12,violent-crime,estimates,3887,34.57,12406292,11243007,90.62
PA,Pennsylvania,2005,1,2005-01,violent-crime,estimates,3754,32.32,12429616,11613636,93.44
PA,Pennsylvania,2005,2,2005-02,violent-crime,estimates,3439,29.8,12429616,11540705,92.85
PA,Pennsylvania,2005,3,2005-03,violent-crime,estimates,3897,33.71,12429616,11558796,92.99
PA,Pennsylvania,2005,4,2005-04,violent-crime,estimates,4025,34.89,12429616,11536692,92.82
PA,Pennsylvania,2005,5,2005-05,violent-crime,estimates,4280,37.24,12429616,11493273,92.47
PA,Pennsylvania,2005,6,2005-06,violent-crime,estimates,4399,38.14,12429616,11535221,92.8
PA,Pennsylvania,2005,7,2005-07,violent-crime,estimates,4701,40.77,12429616,11529464,92.76
PA,Pennsylvania,2005,8,2005-08,violent-crime,estimates,4751,41.31,12429616,11499594,92.52
PA,Pennsylvania,2005,9,2005-09,violent-crime,estimates,4653,40.62,12429616,11456027,92.17
PA,Pennsylvania,2005,10,2005-10,violent-crime,estimates,4454,39.02,12429616,11414922,91.84
PA,Pennsylvania,2005,11,2005-11,violent-crime,estimates,4037,35.42,12429616,11398129,91.7
PA,Pennsylvania,2005,12,2005-12,violent-crime,estimates,4033,35.4,12429616,11393073,91.66
PA,Pennsylvania,2006,1,2006-01,violent-crime,estimates,4614,39.26,12440621,11752432,94.47
PA,Pennsylvania,2006,2,2006-02,violent-crime,estimates,3447,29.45,12440621,11703421,94.07
PA,Pennsylvania,2006,3,2006-03,violent-crime,estimates,4153,35.54,12440621,11684507,93.92
PA,Pennsylvania,2006,4,2006-04,violent-crime,estimates,4207,35.9,12440621,11718077,94.19
PA,Pennsylvania,2006,5,2006-05,violent-crime,estimates,4686,40.05,12440621,11701758,94.06
PA,Pennsylvania,2006,6,2006-06,violent-crime,estimates,4621,39.55,12440621,11683774,93.92
PA,Pennsylvania,2006,7,2006-07,violent-crime,estimates,4779,40.89,12440621,11688856,93.96
PA,Pennsylvania,2006,8,2006-08,violent-crime,estimates,4678,39.95,12440621,11710275,94.13
PA,Pennsylvania,2006,9,2006-09,violent-crime,estimates,4581,39.1,12440621,11717042,94.18
PA,Pennsylvania,2006,10,2006-10,violent-crime,estimates,4847,41.39,12440621,11711180,94.14
PA,Pennsylvania,2006,11,2006-11,violent-crime,estimates,4300,36.81,12440621,11680104,93.89
PA,Pennsylvania,2006,12,2006-12,violent-crime,estimates,4169,35.84,12440621,11631623,93.5
PA,Pennsylvania,2007,1,2007-01,violent-crime,estimates,4265,35.21,12432792,12112455,97.42
PA,Pennsylvania,2007,2,2007-02,violent-crime,estimates,3320,27.44,12432792,12097070,97.3
PA,Pennsylvania,2007,3,2007-03,violent-crime,estimates,4097,33.98,12432792,12058395,96.99
PA,Pennsylvania,2007,4,2007-04,violent-crime,estimates,4136,34.31,12432792,12054543,96.96
PA,Pennsylvania,2007,5,2007-05,violent-crime,estimates,4704,39.14,12432792,12016975,96.66
PA,Pennsylvania,2007,6,2007-06,violent-crime,estimates,4514,37.55,12432792,12020005,96.68
PA,Pennsylvania,2007,7,2007-07,violent-crime,estimates,4712,39.24,12432792,12007497,96.58
PA,Pennsylvania,2007,8,2007-08,violent-crime,estimates,4403,36.7,12432792,11996779,96.49
PA,Pennsylvania,2007,9,2007-09,violent-crime,estimates,4332,36.24,12432792,11954381,96.15
PA,Pennsylvania,2007,10,2007-10,violent-crime,estimates,4685,39.27,12432792,11931119,95.96
PA,Pennsylvania,2007,11,2007-11,violent-crime,estimates,3961,33.38,12432792,11865441,95.44
PA,Pennsylvania,2007,12,2007-12,violent-crime,estimates,3728,31.52,12432792,11827527,95.13
PA,Pennsylvania,2008,1,2008-01,violent-crime,estimates,3964,32.29,12448279,12274704,98.61
PA,Pennsylvania,2008,2,2008-02,violent-crime,estimates,3487,28.44,12448279,12261714,98.5
PA,Pennsylvania,2008,3,2008-03,violent-crime,estimates,3901,31.83,12448279,12256656,98.46
PA,Pennsylvania,2008,4,2008-04,violent-crime,estimates,4131,33.72,12448279,12249457,98.4
PA,Pennsylvania,2008,5,2008-05,violent-crime,estimates,4149,33.84,12448279,12259946,98.49
PA,Pennsylvania,2008,6,2008-06,violent-crime,estimates,4430,36.22,12448279,12231438,98.26
PA,Pennsylvania,2008,7,2008-07,violent-crime,estimates,4612,37.7,12448279,12232538,98.27
PA,Pennsylvania,2008,8,2008-08,violent-crime,estimates,4585,37.44,12448279,12247505,98.39
PA,Pennsylvania,2008,9,2008-09,violent-crime,estimates,4454,36.33,12448279,12261097,98.5
PA,Pennsylvania,2008,10,2008-10,violent-crime,estimates,4633,37.81,12448279,12253133,98.43
PA,Pennsylvania,2008,11,2008-11,violent-crime,estimates,4016,32.87,12448279,12216616,98.14
PA,Pennsylvania,2008,12,2008-12,violent-crime,estimates,4128,33.84,12448279,12199712,98
PA,Pennsylvania,2009,1,2009-01,violent-crime,estimates,3869,30.86,12604767,12537991,99.47
PA,Pennsylvania,2009,2,2009-02,violent-crime,estimates,3233,25.79,12604767,12537991,99.47
PA,Pennsylvania,2009,3,2009-03,violent-crime,estimates,4062,32.4,12604767,12535877,99.45
PA,Pennsylvania,2009,4,2009-04,violent-crime,estimates,3978,31.76,12604767,12526618,99.38
PA,Pennsylvania,2009,5,2009-05,violent-crime,estimates,4458,35.57,12604767,12531387,99.42
PA,Pennsylvania,2009,6,2009-06,violent-crime,estimates,4052,32.38,12604767,12513924,99.28
PA,Pennsylvania,2009,7,2009-07,violent-crime,estimates,4241,33.9,12604767,12511200,99.26
PA,Pennsylvania,2009,8,2009-08,violent-crime,estimates,4406,35.17,12604767,12528792,99.4
PA,Pennsylvania,2009,9,2009-09,violent-crime,estimates,4132,33.09,12604767,12487935,99.07
PA,Pennsylvania,2009,10,2009-10,violent-crime,estimates,4080,33,12604767,12362304,98.08
PA,Pennsylvania,2009,11,2009-11,violent-crime,estimates,3812,30.45,12604767,12517075,99.3
PA,Pennsylvania,2009,12,2009-12,violent-crime,estimates,3647,29.15,12604767,12512254,99.27
PA,Pennsylvania,2010,1,2010-01,violent-crime,estimates,3706,29.38,12702379,12612853,99.3
PA,Pennsylvania,2010,2,2010-02,violent-crime,estimates,2829,22.42,12702379,12619220,99.35
PA,Pennsylvania,2010,3,2010-03,violent-crime,estimates,3880,30.8,12702379,12597903,99.18
PA,Pennsylvania,2010,4,2010-04,violent-crime,estimates,3813,30.27,12702379,12598400,99.18
PA,Pennsylvania,2010,5,2010-05,violent-crime,estimates,4176,33.14,12702379,12601854,99.21
PA,Pennsylvania,2010,6,2010-06,violent-crime,estimates,4005,31.8,12702379,12595733,99.16
PA,Pennsylvania,2010,7,2010-07,violent-crime,estimates,4298,34.14,12702379,12589393,99.11
PA,Pennsylvania,2010,8,2010-08,violent-crime,estimates,4251,33.78,12702379,12584597,99.07
PA,Pennsylvania,2010,9,2010-09,violent-crime,estimates,4147,32.98,12702379,12575855,99
PA,Pennsylvania,2010,10,2010-10,violent-crime,estimates,4092,32.57,12702379,12565142,98.92
PA,Pennsylvania,2010,11,2010-11,violent-crime,estimates,3751,29.85,12702379,12568037,98.94
PA,Pennsylvania,2010,12,2010-12,violent-crime,estimates,3354,26.76,12702379,12533703,98.67
PA,Pennsylvania,2011,1,2011-01,violent-crime,estimates,3444,27.17,12742886,12674737,99.47
PA,Pennsylvania,2011,2,2011-02,violent-crime,estimates,3005,23.7,12742886,12677904,99.49
PA,Pennsylvania,2011,3,2011-03,violent-crime,estimates,3620,28.57,12742886,12671697,99.44
PA,Pennsylvania,2011,4,2011-04,violent-crime,estimates,3849,30.38,12742886,12669427,99.42
PA,Pennsylvania,2011,5,2011-05,violent-crime,estimates,4082,32.22,12742886,12668511,99.42
PA,Pennsylvania,2011,6,2011-06,violent-crime,estimates,3985,31.45,12742886,12669427,99.42
PA,Pennsylvania,2011,7,2011-07,violent-crime,estimates,4207,33.2,12742886,12669840,99.43
PA,Pennsylvania,2011,8,2011-08,violent-crime,estimates,4067,32.1,12742886,12669427,99.42
PA,Pennsylvania,2011,9,2011-09,violent-crime,estimates,4141,32.68,12742886,12669427,99.42
PA,Pennsylvania,2011,10,2011-10,violent-crime,estimates,3970,31.33,12742886,12671078,99.44
PA,Pennsylvania,2011,11,2011-11,violent-crime,estimates,3765,29.71,12742886,12670665,99.43
PA,Pennsylvania,2011,12,2011-12,violent-crime,estimates,3852,30.44,12742886,12655097,99.31
PA,Pennsylvania,2012,1,2012-01,violent-crime,estimates,3724,29.21,12763536,12749629,99.89
PA,Pennsylvania,2012,2,2012-02,violent-crime,estimates,3230,25.33,12763536,12749629,99.89
PA,Pennsylvania,2012,3,2012-03,violent-crime,estimates,3634,28.51,12763536,12747795,99.88
PA,Pennsylvania,2012,4,2012-04,violent-crime,estimates,3656,28.66,12763536,12754641,99.93
PA,Pennsylvania,2012,5,2012-05,violent-crime,estimates,4026,31.57,12763536,12752668,99.91
PA,Pennsylvania,2012,6,2012-06,violent-crime,estimates,3927,30.8,12763536,12751142,99.9
PA,Pennsylvania,2012,7,2012-07,violent-crime,estimates,4225,33.13,12763536,12751142,99.9
PA,Pennsylvania,2012,8,2012-08,violent-crime,estimates,4171,32.71,12763536,12751142,99.9
PA,Pennsylvania,2012,9,2012-09,violent-crime,estimates,3953,31,12763536,12749773,99.89
PA,Pennsylvania,2012,10,2012-10,violent-crime,estimates,3937,30.88,12763536,12749773,99.89
PA,Pennsylvania,2012,11,2012-11,violent-crime,estimates,3484,27.33,12763536,12749773,99.89
PA,Pennsylvania,2012,12,2012-12,violent-crime,estimates,3397,26.64,12763536,12749773,99.89
PA,Pennsylvania,2013,1,2013-01,violent-crime,estimates,3487,27.33,12773801,12760013,99.89
PA,Pennsylvania,2013,2,2013-02,violent-crime,estimates,2903,22.75,12773801,12761332,99.9
PA,Pennsylvania,2013,3,2013-03,violent-crime,estimates,3426,26.86,12773801,12753924,99.84
PA,Pennsylvania,2013,4,2013-04,violent-crime,estimates,3530,27.67,12773801,12757494,99.87
PA,Pennsylvania,2013,5,2013-05,violent-crime,estimates,3825,29.99,12773801,12754767,99.85
PA,Pennsylvania,2013,6,2013-06,violent-crime,estimates,3770,29.56,12773801,12753066,99.84
PA,Pennsylvania,2013,7,2013-07,violent-crime,estimates,3748,29.41,12773801,12743810,99.77
PA,Pennsylvania,2013,8,2013-08,violent-crime,estimates,3773,29.62,12773801,12738966,99.73
PA,Pennsylvania,2013,9,2013-09,violent-crime,estimates,3740,29.35,12773801,12743439,99.76
PA,Pennsylvania,2013,10,2013-10,violent-crime,estimates,3772,29.62,12773801,12734122,99.69
PA,Pennsylvania,2013,11,2013-11,violent-crime,estimates,3546,27.84,12773801,12737535,99.72
PA,Pennsylvania,2013,12,2013-12,violent-crime,estimates,3211,25.21,12773801,12736486,99.71
PA,Pennsylvania,2014,1,2014-01,violent-crime,estimates,3288,25.72,12787209,12785288,99.98
PA,Pennsylvania,2014,2,2014-02,violent-crime,estimates,2672,20.9,12787209,12781953,99.96
PA,Pennsylvania,2014,3,2014-03,violent-crime,estimates,3125,24.44,12787209,12785929,99.99
PA,Pennsylvania,2014,4,2014-04,violent-crime,estimates,3175,24.83,12787209,12785929,99.99
PA,Pennsylvania,2014,5,2014-05,violent-crime,estimates,3718,29.08,12787209,12785171,99.98
PA,Pennsylvania,2014,6,2014-06,violent-crime,estimates,3529,27.61,12787209,12782320,99.96
PA,Pennsylvania,2014,7,2014-07,violent-crime,estimates,3510,27.47,12787209,12779892,99.94
PA,Pennsylvania,2014,8,2014-08,violent-crime,estimates,3672,28.73,12787209,12779232,99.94
PA,Pennsylvania,2014,9,2014-09,violent-crime,estimates,3448,26.98,12787209,12779232,99.94
PA,Pennsylvania,2014,10,2014-10,violent-crime,estimates,3532,27.64,12787209,12777485,99.92
PA,Pennsylvania,2014,11,2014-11,violent-crime,estimates,3110,24.34,12787209,12777380,99.92
PA,Pennsylvania,2014,12,2014-12,violent-crime,estimates,3461,27.09,12787209,12776530,99.92
PA,Pennsylvania,2015,1,2015-01,violent-crime,estimates,3054,23.89,12802503,12782615,99.84
PA,Pennsylvania,2015,2,2015-02,violent-crime,estimates,2592,20.28,12802503,12782615,99.84
PA,Pennsylvania,2015,3,2015-03,violent-crime,estimates,2842,22.24,12802503,12777641,99.81
PA,Pennsylvania,2015,4,2015-04,violent-crime,estimates,3270,25.57,12802503,12786339,99.87
PA,Pennsylvania,2015,5,2015-05,violent-crime,estimates,3728,29.16,12802503,12786339,99.87
PA,Pennsylvania,2015,6,2015-06,violent-crime,estimates,3439,26.87,12802503,12798758,99.97
PA,Pennsylvania,2015,7,2015-07,violent-crime,estimates,3740,29.23,12802503,12796708,99.95
PA,Pennsylvania,2015,8,2015-08,violent-crime,estimates,3737,29.21,12802503,12792646,99.92
PA,Pennsylvania,2015,9,2015-09,violent-crime,estimates,3637,28.43,12802503,12792646,99.92
PA,Pennsylvania,2015,10,2015-10,violent-crime,estimates,3488,27.27,12802503,12792646,99.92
PA,Pennsylvania,2015,11,2015-11,violent-crime,estimates,3337,26.09,12802503,12792646,99.92
PA,Pennsylvania,2015,12,2015-12,violent-crime,estimates,3263,25.52,12802503,12788455,99.89
PA,Pennsylvania,2016,1,2016-01,violent-crime,estimates,3138,24.57,12784227,12773543,99.92
PA,Pennsylvania,2016,2,2016-02,violent-crime,estimates,2758,21.59,12784227,12774772,99.93
PA,Pennsylvania,2016,3,2016-03,violent-crime,estimates,3215,25.17,12784227,12774772,99.93
PA,Pennsylvania,2016,4,2016-04,violent-crime,estimates,3111,24.35,12784227,12774350,99.92
PA,Pennsylvania,2016,5,2016-05,violent-crime,estimates,3520,27.55,12784227,12774836,99.93
PA,Pennsylvania,2016,6,2016-06,violent-crime,estimates,3477,27.22,12784227,12774529,99.92
PA,Pennsylvania,2016,7,2016-07,violent-crime,estimates,3587,28.08,12784227,12774529,99.92
PA,Pennsylvania,2016,8,2016-08,violent-crime,estimates,3663,28.67,12784227,12774529,99.92
PA,Pennsylvania,2016,9,2016-09,violent-crime,estimates,3409,26.69,12784227,12774529,99.92
PA,Pennsylvania,2016,10,2016-10,violent-crime,estimates,3527,27.61,12784227,12774529,99.92
PA,Pennsylvania,2016,11,2016-11,violent-crime,estimates,3759,29.43,12784227,12774529,99.92
PA,Pennsylvania,2016,12,2016-12,violent-crime,estimates,3115,24.38,12784227,12774703,99.93
PA,Pennsylvania,2017,1,2017-01,violent-crime,estimates,3355,26.22,12805537,12795504,99.92
PA,Pennsylvania,2017,2,2017-02,violent-crime,estimates,2973,23.23,12805537,12796836,99.93
PA,Pennsylvania,2017,3,2017-03,violent-crime,estimates,2989,23.36,12805537,12796836,99.93
PA,Pennsylvania,2017,4,2017-04,violent-crime,estimates,3232,25.26,12805537,12796836,99.93
PA,Pennsylvania,2017,5,2017-05,violent-crime,estimates,3557,27.8,12805537,12793741,99.91
PA,Pennsylvania,2017,6,2017-06,violent-crime,estimates,3455,27.1,12805537,12750664,99.57
PA,Pennsylvania,2017,7,2017-07,violent-crime,estimates,3540,27.77,12805537,12746255,99.54
PA,Pennsylvania,2017,8,2017-08,violent-crime,estimates,3386,26.46,12805537,12796441,99.93
PA,Pennsylvania,2017,9,2017-09,violent-crime,estimates,3487,27.25,12805537,12795983,99.93
PA,Pennsylvania,2017,10,2017-10,violent-crime,estimates,3623,28.32,12805537,12791823,99.89
PA,Pennsylvania,2017,11,2017-11,violent-crime,estimates,3289,25.71,12805537,12793532,99.91
PA,Pennsylvania,2017,12,2017-12,violent-crime,estimates,3118,24.37,12805537,12794173,99.91
RI,Rhode Island,1999,1,1999-01,violent-crime,estimates,234,23.61,991000,991000,100
RI,Rhode Island,1999,2,1999-02,violent-crime,estimates,201,20.28,991000,991000,100
RI,Rhode Island,1999,3,1999-03,violent-crime,estimates,265,26.74,991000,991000,100
RI,Rhode Island,1999,4,1999-04,violent-crime,estimates,194,19.58,991000,991000,100
RI,Rhode Island,1999,5,1999-05,violent-crime,estimates,232,23.41,991000,991000,100
RI,Rhode Island,1999,6,1999-06,violent-crime,estimates,229,23.11,991000,991000,100
RI,Rhode Island,1999,7,1999-07,violent-crime,estimates,274,27.65,991000,991000,100
RI,Rhode Island,1999,8,1999-08,violent-crime,estimates,261,26.34,991000,991000,100
RI,Rhode Island,1999,9,1999-09,violent-crime,estimates,285,28.76,991000,991000,100
RI,Rhode Island,1999,10,1999-10,violent-crime,estimates,234,23.61,991000,991000,100
RI,Rhode Island,1999,11,1999-11,violent-crime,estimates,238,24.02,991000,991000,100
RI,Rhode Island,1999,12,1999-12,violent-crime,estimates,192,19.37,991000,991000,100
RI,Rhode Island,2000,1,2000-01,violent-crime,estimates,11,1.05,1048319,1048319,100
RI,Rhode Island,2000,2,2000-02,violent-crime,estimates,9,0.86,1048319,1048319,100
RI,Rhode Island,2000,3,2000-03,violent-crime,estimates,631,60.19,1048319,1048319,100
RI,Rhode Island,2000,4,2000-04,violent-crime,estimates,11,1.05,1048319,1048319,100
RI,Rhode Island,2000,5,2000-05,violent-crime,estimates,9,0.86,1048319,1048319,100
RI,Rhode Island,2000,6,2000-06,violent-crime,estimates,762,72.69,1048319,1048319,100
RI,Rhode Island,2000,7,2000-07,violent-crime,estimates,10,0.95,1048319,1048319,100
RI,Rhode Island,2000,8,2000-08,violent-crime,estimates,39,3.72,1048319,1048319,100
RI,Rhode Island,2000,9,2000-09,violent-crime,estimates,871,83.09,1048319,1048319,100
RI,Rhode Island,2000,10,2000-10,violent-crime,estimates,8,0.76,1048319,1048319,100
RI,Rhode Island,2000,11,2000-11,violent-crime,estimates,13,1.24,1048319,1048319,100
RI,Rhode Island,2000,12,2000-12,violent-crime,estimates,745,71.07,1048319,1048319,100
RI,Rhode Island,2001,1,2001-01,violent-crime,estimates,21,1.98,1058920,1058920,100
RI,Rhode Island,2001,2,2001-02,violent-crime,estimates,13,1.23,1058920,1058920,100
RI,Rhode Island,2001,3,2001-03,violent-crime,estimates,690,65.16,1058920,1058920,100
RI,Rhode Island,2001,4,2001-04,violent-crime,estimates,12,1.13,1058920,1058920,100
RI,Rhode Island,2001,5,2001-05,violent-crime,estimates,4,0.38,1058920,1058920,100
RI,Rhode Island,2001,6,2001-06,violent-crime,estimates,820,77.44,1058920,1058920,100
RI,Rhode Island,2001,7,2001-07,violent-crime,estimates,17,1.61,1058920,1058920,100
RI,Rhode Island,2001,8,2001-08,violent-crime,estimates,19,1.79,1058920,1058920,100
RI,Rhode Island,2001,9,2001-09,violent-crime,estimates,878,82.91,1058920,1058920,100
RI,Rhode Island,2001,10,2001-10,violent-crime,estimates,8,0.76,1058920,1058920,100
RI,Rhode Island,2001,11,2001-11,violent-crime,estimates,16,1.51,1058920,1058920,100
RI,Rhode Island,2001,12,2001-12,violent-crime,estimates,780,73.66,1058920,1058920,100
RI,Rhode Island,2002,1,2002-01,violent-crime,estimates,13,1.22,1069725,1069725,100
RI,Rhode Island,2002,2,2002-02,violent-crime,estimates,12,1.12,1069725,1069725,100
RI,Rhode Island,2002,3,2002-03,violent-crime,estimates,683,63.85,1069725,1069725,100
RI,Rhode Island,2002,4,2002-04,violent-crime,estimates,21,1.96,1069725,1069725,100
RI,Rhode Island,2002,5,2002-05,violent-crime,estimates,16,1.5,1069725,1069725,100
RI,Rhode Island,2002,6,2002-06,violent-crime,estimates,753,70.39,1069725,1069725,100
RI,Rhode Island,2002,7,2002-07,violent-crime,estimates,19,1.78,1069725,1069725,100
RI,Rhode Island,2002,8,2002-08,violent-crime,estimates,9,0.84,1069725,1069725,100
RI,Rhode Island,2002,9,2002-09,violent-crime,estimates,813,76,1069725,1069725,100
RI,Rhode Island,2002,10,2002-10,violent-crime,estimates,9,0.84,1069725,1069725,100
RI,Rhode Island,2002,11,2002-11,violent-crime,estimates,12,1.12,1069725,1069725,100
RI,Rhode Island,2002,12,2002-12,violent-crime,estimates,691,64.6,1069725,1069725,100
RI,Rhode Island,2003,1,2003-01,violent-crime,estimates,14,1.3,1076164,1076164,100
RI,Rhode Island,2003,2,2003-02,violent-crime,estimates,12,1.12,1076164,1076164,100
RI,Rhode Island,2003,3,2003-03,violent-crime,estimates,693,64.4,1076164,1076164,100
RI,Rhode Island,2003,4,2003-04,violent-crime,estimates,0,0,1076164,1076164,100
RI,Rhode Island,2003,5,2003-05,violent-crime,estimates,0,0,1076164,1076164,100
RI,Rhode Island,2003,6,2003-06,violent-crime,estimates,795,73.87,1076164,1076164,100
RI,Rhode Island,2003,7,2003-07,violent-crime,estimates,0,0,1076164,1076164,100
RI,Rhode Island,2003,8,2003-08,violent-crime,estimates,0,0,1076164,1076164,100
RI,Rhode Island,2003,9,2003-09,violent-crime,estimates,826,76.75,1076164,1076164,100
RI,Rhode Island,2003,10,2003-10,violent-crime,estimates,0,0,1076164,1076164,100
RI,Rhode Island,2003,11,2003-11,violent-crime,estimates,0,0,1076164,1076164,100
RI,Rhode Island,2003,12,2003-12,violent-crime,estimates,734,68.21,1076164,1076164,100
RI,Rhode Island,2004,1,2004-01,violent-crime,estimates,0,0,1080632,1080632,100
RI,Rhode Island,2004,2,2004-02,violent-crime,estimates,0,0,1080632,1080632,100
RI,Rhode Island,2004,3,2004-03,violent-crime,estimates,556,51.45,1080632,1080632,100
RI,Rhode Island,2004,4,2004-04,violent-crime,estimates,0,0,1080632,1080632,100
RI,Rhode Island,2004,5,2004-05,violent-crime,estimates,0,0,1080632,1080632,100
RI,Rhode Island,2004,6,2004-06,violent-crime,estimates,693,64.13,1080632,1080632,100
RI,Rhode Island,2004,7,2004-07,violent-crime,estimates,0,0,1080632,1080632,100
RI,Rhode Island,2004,8,2004-08,violent-crime,estimates,0,0,1080632,1080632,100
RI,Rhode Island,2004,9,2004-09,violent-crime,estimates,726,67.18,1080632,1080632,100
RI,Rhode Island,2004,10,2004-10,violent-crime,estimates,0,0,1080632,1080632,100
RI,Rhode Island,2004,11,2004-11,violent-crime,estimates,0,0,1080632,1080632,100
RI,Rhode Island,2004,12,2004-12,violent-crime,estimates,698,64.59,1080632,1080632,100
RI,Rhode Island,2005,1,2005-01,violent-crime,estimates,120,11.15,1076189,1076189,100
RI,Rhode Island,2005,2,2005-02,violent-crime,estimates,101,9.38,1076189,1076189,100
RI,Rhode Island,2005,3,2005-03,violent-crime,estimates,397,36.89,1076189,1076189,100
RI,Rhode Island,2005,4,2005-04,violent-crime,estimates,123,11.43,1076189,1076189,100
RI,Rhode Island,2005,5,2005-05,violent-crime,estimates,149,13.85,1076189,1076189,100
RI,Rhode Island,2005,6,2005-06,violent-crime,estimates,407,37.82,1076189,1076189,100
RI,Rhode Island,2005,7,2005-07,violent-crime,estimates,130,12.08,1076189,1076189,100
RI,Rhode Island,2005,8,2005-08,violent-crime,estimates,123,11.43,1076189,1076189,100
RI,Rhode Island,2005,9,2005-09,violent-crime,estimates,427,39.68,1076189,1076189,100
RI,Rhode Island,2005,10,2005-10,violent-crime,estimates,151,14.03,1076189,1076189,100
RI,Rhode Island,2005,11,2005-11,violent-crime,estimates,112,10.41,1076189,1076189,100
RI,Rhode Island,2005,12,2005-12,violent-crime,estimates,459,42.65,1076189,1076189,100
RI,Rhode Island,2006,1,2006-01,violent-crime,estimates,139,13.02,1067610,1067610,100
RI,Rhode Island,2006,2,2006-02,violent-crime,estimates,107,10.02,1067610,1067610,100
RI,Rhode Island,2006,3,2006-03,violent-crime,estimates,113,10.58,1067610,1067610,100
RI,Rhode Island,2006,4,2006-04,violent-crime,estimates,109,10.21,1067610,1067610,100
RI,Rhode Island,2006,5,2006-05,violent-crime,estimates,111,10.4,1067610,1067610,100
RI,Rhode Island,2006,6,2006-06,violent-crime,estimates,518,48.52,1067610,1067610,100
RI,Rhode Island,2006,7,2006-07,violent-crime,estimates,271,25.38,1067610,1067610,100
RI,Rhode Island,2006,8,2006-08,violent-crime,estimates,241,22.57,1067610,1067610,100
RI,Rhode Island,2006,9,2006-09,violent-crime,estimates,248,23.23,1067610,1067610,100
RI,Rhode Island,2006,10,2006-10,violent-crime,estimates,247,23.14,1067610,1067610,100
RI,Rhode Island,2006,11,2006-11,violent-crime,estimates,190,17.8,1067610,1067610,100
RI,Rhode Island,2006,12,2006-12,violent-crime,estimates,166,15.55,1067610,1067610,100
RI,Rhode Island,2007,1,2007-01,violent-crime,estimates,185,17.49,1057832,1057832,100
RI,Rhode Island,2007,2,2007-02,violent-crime,estimates,171,16.17,1057832,1057832,100
RI,Rhode Island,2007,3,2007-03,violent-crime,estimates,164,15.5,1057832,1057832,100
RI,Rhode Island,2007,4,2007-04,violent-crime,estimates,181,17.11,1057832,1057832,100
RI,Rhode Island,2007,5,2007-05,violent-crime,estimates,219,20.7,1057832,1057832,100
RI,Rhode Island,2007,6,2007-06,violent-crime,estimates,225,21.27,1057832,1057832,100
RI,Rhode Island,2007,7,2007-07,violent-crime,estimates,223,21.08,1057832,1057832,100
RI,Rhode Island,2007,8,2007-08,violent-crime,estimates,217,20.51,1057832,1057832,100
RI,Rhode Island,2007,9,2007-09,violent-crime,estimates,213,20.14,1057832,1057832,100
RI,Rhode Island,2007,10,2007-10,violent-crime,estimates,249,23.54,1057832,1057832,100
RI,Rhode Island,2007,11,2007-11,violent-crime,estimates,192,18.28,1057832,1050167,99.28
RI,Rhode Island,2007,12,2007-12,violent-crime,estimates,181,17.11,1057832,1057832,100
RI,Rhode Island,2008,1,2008-01,violent-crime,estimates,219,20.84,1050788,1050788,100
RI,Rhode Island,2008,2,2008-02,violent-crime,estimates,161,15.32,1050788,1050788,100
RI,Rhode Island,2008,3,2008-03,violent-crime,estimates,176,16.75,1050788,1050788,100
RI,Rhode Island,2008,4,2008-04,violent-crime,estimates,212,20.18,1050788,1050788,100
RI,Rhode Island,2008,5,2008-05,violent-crime,estimates,251,23.89,1050788,1050788,100
RI,Rhode Island,2008,6,2008-06,violent-crime,estimates,244,23.22,1050788,1050788,100
RI,Rhode Island,2008,7,2008-07,violent-crime,estimates,271,25.79,1050788,1050788,100
RI,Rhode Island,2008,8,2008-08,violent-crime,estimates,259,24.65,1050788,1050788,100
RI,Rhode Island,2008,9,2008-09,violent-crime,estimates,198,18.84,1050788,1050788,100
RI,Rhode Island,2008,10,2008-10,violent-crime,estimates,204,19.41,1050788,1050788,100
RI,Rhode Island,2008,11,2008-11,violent-crime,estimates,250,23.79,1050788,1050788,100
RI,Rhode Island,2008,12,2008-12,violent-crime,estimates,211,20.08,1050788,1050788,100
RI,Rhode Island,2009,1,2009-01,violent-crime,estimates,224,21.27,1053209,1053209,100
RI,Rhode Island,2009,2,2009-02,violent-crime,estimates,192,18.23,1053209,1053209,100
RI,Rhode Island,2009,3,2009-03,violent-crime,estimates,214,20.32,1053209,1053209,100
RI,Rhode Island,2009,4,2009-04,violent-crime,estimates,211,20.03,1053209,1053209,100
RI,Rhode Island,2009,5,2009-05,violent-crime,estimates,264,25.07,1053209,1053209,100
RI,Rhode Island,2009,6,2009-06,violent-crime,estimates,220,20.89,1053209,1053209,100
RI,Rhode Island,2009,7,2009-07,violent-crime,estimates,268,25.45,1053209,1053209,100
RI,Rhode Island,2009,8,2009-08,violent-crime,estimates,248,23.55,1053209,1053209,100
RI,Rhode Island,2009,9,2009-09,violent-crime,estimates,235,22.31,1053209,1053209,100
RI,Rhode Island,2009,10,2009-10,violent-crime,estimates,224,21.27,1053209,1053209,100
RI,Rhode Island,2009,11,2009-11,violent-crime,estimates,201,19.08,1053209,1053209,100
RI,Rhode Island,2009,12,2009-12,violent-crime,estimates,177,16.81,1053209,1053209,100
RI,Rhode Island,2010,1,2010-01,violent-crime,estimates,247,23.47,1052567,1052567,100
RI,Rhode Island,2010,2,2010-02,violent-crime,estimates,201,19.1,1052567,1052567,100
RI,Rhode Island,2010,3,2010-03,violent-crime,estimates,203,19.29,1052567,1052567,100
RI,Rhode Island,2010,4,2010-04,violent-crime,estimates,258,24.51,1052567,1052567,100
RI,Rhode Island,2010,5,2010-05,violent-crime,estimates,235,22.33,1052567,1052567,100
RI,Rhode Island,2010,6,2010-06,violent-crime,estimates,222,21.09,1052567,1052567,100
RI,Rhode Island,2010,7,2010-07,violent-crime,estimates,257,24.42,1052567,1052567,100
RI,Rhode Island,2010,8,2010-08,violent-crime,estimates,232,22.04,1052567,1052567,100
RI,Rhode Island,2010,9,2010-09,violent-crime,estimates,232,22.04,1052567,1052567,100
RI,Rhode Island,2010,10,2010-10,violent-crime,estimates,232,22.04,1052567,1052567,100
RI,Rhode Island,2010,11,2010-11,violent-crime,estimates,197,18.72,1052567,1052567,100
RI,Rhode Island,2010,12,2010-12,violent-crime,estimates,193,18.34,1052567,1052567,100
RI,Rhode Island,2011,1,2011-01,violent-crime,estimates,177,16.84,1051302,1051302,100
RI,Rhode Island,2011,2,2011-02,violent-crime,estimates,170,16.17,1051302,1051302,100
RI,Rhode Island,2011,3,2011-03,violent-crime,estimates,195,18.55,1051302,1051302,100
RI,Rhode Island,2011,4,2011-04,violent-crime,estimates,157,14.93,1051302,1051302,100
RI,Rhode Island,2011,5,2011-05,violent-crime,estimates,220,20.93,1051302,1051302,100
RI,Rhode Island,2011,6,2011-06,violent-crime,estimates,231,21.97,1051302,1051302,100
RI,Rhode Island,2011,7,2011-07,violent-crime,estimates,275,26.16,1051302,1051302,100
RI,Rhode Island,2011,8,2011-08,violent-crime,estimates,254,24.16,1051302,1051302,100
RI,Rhode Island,2011,9,2011-09,violent-crime,estimates,239,22.73,1051302,1051302,100
RI,Rhode Island,2011,10,2011-10,violent-crime,estimates,221,21.02,1051302,1051302,100
RI,Rhode Island,2011,11,2011-11,violent-crime,estimates,209,19.88,1051302,1051302,100
RI,Rhode Island,2011,12,2011-12,violent-crime,estimates,238,22.64,1051302,1051302,100
RI,Rhode Island,2012,1,2012-01,violent-crime,estimates,163,15.52,1050292,1050292,100
RI,Rhode Island,2012,2,2012-02,violent-crime,estimates,154,14.66,1050292,1050292,100
RI,Rhode Island,2012,3,2012-03,violent-crime,estimates,181,17.23,1050292,1050292,100
RI,Rhode Island,2012,4,2012-04,violent-crime,estimates,214,20.38,1050292,1050292,100
RI,Rhode Island,2012,5,2012-05,violent-crime,estimates,272,25.9,1050292,1050292,100
RI,Rhode Island,2012,6,2012-06,violent-crime,estimates,259,24.66,1050292,1050292,100
RI,Rhode Island,2012,7,2012-07,violent-crime,estimates,239,22.89,1050292,1044186,99.42
RI,Rhode Island,2012,8,2012-08,violent-crime,estimates,260,24.76,1050292,1050292,100
RI,Rhode Island,2012,9,2012-09,violent-crime,estimates,271,25.8,1050292,1050292,100
RI,Rhode Island,2012,10,2012-10,violent-crime,estimates,222,21.14,1050292,1050292,100
RI,Rhode Island,2012,11,2012-11,violent-crime,estimates,212,20.18,1050292,1050292,100
RI,Rhode Island,2012,12,2012-12,violent-crime,estimates,210,19.99,1050292,1050292,100
RI,Rhode Island,2013,1,2013-01,violent-crime,estimates,208,19.78,1051511,1051511,100
RI,Rhode Island,2013,2,2013-02,violent-crime,estimates,141,13.41,1051511,1051511,100
RI,Rhode Island,2013,3,2013-03,violent-crime,estimates,216,20.54,1051511,1051511,100
RI,Rhode Island,2013,4,2013-04,violent-crime,estimates,229,21.78,1051511,1051511,100
RI,Rhode Island,2013,5,2013-05,violent-crime,estimates,245,23.3,1051511,1051511,100
RI,Rhode Island,2013,6,2013-06,violent-crime,estimates,243,23.11,1051511,1051511,100
RI,Rhode Island,2013,7,2013-07,violent-crime,estimates,277,26.34,1051511,1051511,100
RI,Rhode Island,2013,8,2013-08,violent-crime,estimates,269,25.58,1051511,1051511,100
RI,Rhode Island,2013,9,2013-09,violent-crime,estimates,237,22.54,1051511,1051511,100
RI,Rhode Island,2013,10,2013-10,violent-crime,estimates,216,20.54,1051511,1051511,100
RI,Rhode Island,2013,11,2013-11,violent-crime,estimates,229,21.78,1051511,1051511,100
RI,Rhode Island,2013,12,2013-12,violent-crime,estimates,200,19.02,1051511,1051511,100
RI,Rhode Island,2014,1,2014-01,violent-crime,estimates,191,18.1,1055173,1055173,100
RI,Rhode Island,2014,2,2014-02,violent-crime,estimates,122,11.56,1055173,1055173,100
RI,Rhode Island,2014,3,2014-03,violent-crime,estimates,172,16.3,1055173,1055173,100
RI,Rhode Island,2014,4,2014-04,violent-crime,estimates,173,16.4,1055173,1055173,100
RI,Rhode Island,2014,5,2014-05,violent-crime,estimates,232,21.99,1055173,1055173,100
RI,Rhode Island,2014,6,2014-06,violent-crime,estimates,217,20.57,1055173,1055173,100
RI,Rhode Island,2014,7,2014-07,violent-crime,estimates,216,20.47,1055173,1055173,100
RI,Rhode Island,2014,8,2014-08,violent-crime,estimates,227,21.51,1055173,1055173,100
RI,Rhode Island,2014,9,2014-09,violent-crime,estimates,201,19.05,1055173,1055173,100
RI,Rhode Island,2014,10,2014-10,violent-crime,estimates,201,19.05,1055173,1055173,100
RI,Rhode Island,2014,11,2014-11,violent-crime,estimates,186,17.63,1055173,1055173,100
RI,Rhode Island,2014,12,2014-12,violent-crime,estimates,182,17.25,1055173,1055173,100
RI,Rhode Island,2015,1,2015-01,violent-crime,estimates,201,19.03,1056298,1056298,100
RI,Rhode Island,2015,2,2015-02,violent-crime,estimates,130,12.31,1056298,1056298,100
RI,Rhode Island,2015,3,2015-03,violent-crime,estimates,193,18.27,1056298,1056298,100
RI,Rhode Island,2015,4,2015-04,violent-crime,estimates,224,21.21,1056298,1056298,100
RI,Rhode Island,2015,5,2015-05,violent-crime,estimates,219,20.73,1056298,1056298,100
RI,Rhode Island,2015,6,2015-06,violent-crime,estimates,247,23.38,1056298,1056298,100
RI,Rhode Island,2015,7,2015-07,violent-crime,estimates,234,22.15,1056298,1056298,100
RI,Rhode Island,2015,8,2015-08,violent-crime,estimates,277,26.22,1056298,1056298,100
RI,Rhode Island,2015,9,2015-09,violent-crime,estimates,219,20.73,1056298,1056298,100
RI,Rhode Island,2015,10,2015-10,violent-crime,estimates,207,19.6,1056298,1056298,100
RI,Rhode Island,2015,11,2015-11,violent-crime,estimates,209,19.79,1056298,1056298,100
RI,Rhode Island,2015,12,2015-12,violent-crime,estimates,205,19.41,1056298,1056298,100
RI,Rhode Island,2016,1,2016-01,violent-crime,estimates,189,17.89,1056426,1056426,100
RI,Rhode Island,2016,2,2016-02,violent-crime,estimates,178,16.85,1056426,1056426,100
RI,Rhode Island,2016,3,2016-03,violent-crime,estimates,215,20.35,1056426,1056426,100
RI,Rhode Island,2016,4,2016-04,violent-crime,estimates,206,19.5,1056426,1056426,100
RI,Rhode Island,2016,5,2016-05,violent-crime,estimates,229,21.68,1056426,1056426,100
RI,Rhode Island,2016,6,2016-06,violent-crime,estimates,234,22.15,1056426,1056426,100
RI,Rhode Island,2016,7,2016-07,violent-crime,estimates,243,23,1056426,1056426,100
RI,Rhode Island,2016,8,2016-08,violent-crime,estimates,211,19.97,1056426,1056426,100
RI,Rhode Island,2016,9,2016-09,violent-crime,estimates,213,20.16,1056426,1056426,100
RI,Rhode Island,2016,10,2016-10,violent-crime,estimates,238,22.53,1056426,1056426,100
RI,Rhode Island,2016,11,2016-11,violent-crime,estimates,191,18.08,1056426,1056426,100
RI,Rhode Island,2016,12,2016-12,violent-crime,estimates,182,17.23,1056426,1056426,100
RI,Rhode Island,2017,1,2017-01,violent-crime,estimates,194,18.31,1059639,1059639,100
RI,Rhode Island,2017,2,2017-02,violent-crime,estimates,143,13.5,1059639,1059639,100
RI,Rhode Island,2017,3,2017-03,violent-crime,estimates,152,14.34,1059639,1059639,100
RI,Rhode Island,2017,4,2017-04,violent-crime,estimates,199,18.78,1059639,1059639,100
RI,Rhode Island,2017,5,2017-05,violent-crime,estimates,233,21.99,1059639,1059639,100
RI,Rhode Island,2017,6,2017-06,violent-crime,estimates,265,25.01,1059639,1059639,100
RI,Rhode Island,2017,7,2017-07,violent-crime,estimates,241,22.74,1059639,1059639,100
RI,Rhode Island,2017,8,2017-08,violent-crime,estimates,211,19.91,1059639,1059639,100
RI,Rhode Island,2017,9,2017-09,violent-crime,estimates,216,20.38,1059639,1059639,100
RI,Rhode Island,2017,10,2017-10,violent-crime,estimates,232,21.89,1059639,1059639,100
RI,Rhode Island,2017,11,2017-11,violent-crime,estimates,208,19.63,1059639,1059639,100
RI,Rhode Island,2017,12,2017-12,violent-crime,estimates,181,17.08,1059639,1059639,100
SC,South Carolina,1999,1,1999-01,violent-crime,estimates,2789,71.93,3886000,3877263,99.78
SC,South Carolina,1999,2,1999-02,violent-crime,estimates,2392,61.74,3886000,3874313,99.7
SC,South Carolina,1999,3,1999-03,violent-crime,estimates,2604,67.31,3886000,3868596,99.55
SC,South Carolina,1999,4,1999-04,violent-crime,estimates,2947,76.13,3886000,3870885,99.61
SC,South Carolina,1999,5,1999-05,violent-crime,estimates,3233,83.43,3886000,3875093,99.72
SC,South Carolina,1999,6,1999-06,violent-crime,estimates,2922,75.44,3886000,3873041,99.67
SC,South Carolina,1999,7,1999-07,violent-crime,estimates,3211,82.95,3886000,3870787,99.61
SC,South Carolina,1999,8,1999-08,violent-crime,estimates,2954,76.4,3886000,3866398,99.5
SC,South Carolina,1999,9,1999-09,violent-crime,estimates,2778,71.86,3886000,3865916,99.48
SC,South Carolina,1999,10,1999-10,violent-crime,estimates,2686,69.39,3886000,3870672,99.61
SC,South Carolina,1999,11,1999-11,violent-crime,estimates,2408,62.23,3886000,3869262,99.57
SC,South Carolina,1999,12,1999-12,violent-crime,estimates,2436,62.91,3886000,3872180,99.64
SC,South Carolina,2000,1,2000-01,violent-crime,estimates,2551,63.8,4012012,3998719,99.67
SC,South Carolina,2000,2,2000-02,violent-crime,estimates,2460,61.55,4012012,3996452,99.61
SC,South Carolina,2000,3,2000-03,violent-crime,estimates,2854,71.36,4012012,3999699,99.69
SC,South Carolina,2000,4,2000-04,violent-crime,estimates,2900,72.64,4012012,3992450,99.51
SC,South Carolina,2000,5,2000-05,violent-crime,estimates,3276,81.96,4012012,3997204,99.63
SC,South Carolina,2000,6,2000-06,violent-crime,estimates,2873,71.92,4012012,3994986,99.58
SC,South Carolina,2000,7,2000-07,violent-crime,estimates,3009,75.25,4012012,3998540,99.66
SC,South Carolina,2000,8,2000-08,violent-crime,estimates,2784,69.6,4012012,3999721,99.69
SC,South Carolina,2000,9,2000-09,violent-crime,estimates,2746,68.7,4012012,3997226,99.63
SC,South Carolina,2000,10,2000-10,violent-crime,estimates,2570,64.36,4012012,3993313,99.53
SC,South Carolina,2000,11,2000-11,violent-crime,estimates,2354,59.06,4012012,3985617,99.34
SC,South Carolina,2000,12,2000-12,violent-crime,estimates,2294,57.46,4012012,3992588,99.52
SC,South Carolina,2001,1,2001-01,violent-crime,estimates,2637,65.17,4063011,4046461,99.59
SC,South Carolina,2001,2,2001-02,violent-crime,estimates,2219,54.88,4063011,4043473,99.52
SC,South Carolina,2001,3,2001-03,violent-crime,estimates,2627,64.96,4063011,4044108,99.53
SC,South Carolina,2001,4,2001-04,violent-crime,estimates,2818,69.93,4063011,4029506,99.18
SC,South Carolina,2001,5,2001-05,violent-crime,estimates,2922,72.6,4063011,4024813,99.06
SC,South Carolina,2001,6,2001-06,violent-crime,estimates,2837,70.57,4063011,4020185,98.95
SC,South Carolina,2001,7,2001-07,violent-crime,estimates,3019,75,4063011,4025396,99.07
SC,South Carolina,2001,8,2001-08,violent-crime,estimates,2999,74.59,4063011,4020572,98.96
SC,South Carolina,2001,9,2001-09,violent-crime,estimates,2867,71.36,4063011,4017640,98.88
SC,South Carolina,2001,10,2001-10,violent-crime,estimates,2747,68.45,4063011,4013142,98.77
SC,South Carolina,2001,11,2001-11,violent-crime,estimates,2480,61.84,4063011,4010259,98.7
SC,South Carolina,2001,12,2001-12,violent-crime,estimates,2665,66.47,4063011,4009326,98.68
SC,South Carolina,2002,1,2002-01,violent-crime,estimates,2541,62.17,4107183,4087208,99.51
SC,South Carolina,2002,2,2002-02,violent-crime,estimates,2206,53.95,4107183,4088996,99.56
SC,South Carolina,2002,3,2002-03,violent-crime,estimates,2773,67.78,4107183,4091069,99.61
SC,South Carolina,2002,4,2002-04,violent-crime,estimates,2874,70.3,4107183,4088106,99.54
SC,South Carolina,2002,5,2002-05,violent-crime,estimates,3040,74.32,4107183,4090232,99.59
SC,South Carolina,2002,6,2002-06,violent-crime,estimates,3377,82.57,4107183,4089636,99.57
SC,South Carolina,2002,7,2002-07,violent-crime,estimates,3436,84.03,4107183,4088851,99.55
SC,South Carolina,2002,8,2002-08,violent-crime,estimates,3250,79.44,4107183,4090952,99.6
SC,South Carolina,2002,9,2002-09,violent-crime,estimates,3122,76.39,4107183,4086677,99.5
SC,South Carolina,2002,10,2002-10,violent-crime,estimates,2786,68.09,4107183,4091435,99.62
SC,South Carolina,2002,11,2002-11,violent-crime,estimates,2369,57.88,4107183,4093089,99.66
SC,South Carolina,2002,12,2002-12,violent-crime,estimates,2570,62.77,4107183,4094256,99.69
SC,South Carolina,2003,1,2003-01,violent-crime,estimates,2662,64.23,4147152,4144463,99.94
SC,South Carolina,2003,2,2003-02,violent-crime,estimates,2130,51.39,4147152,4144463,99.94
SC,South Carolina,2003,3,2003-03,violent-crime,estimates,2728,65.82,4147152,4144463,99.94
SC,South Carolina,2003,4,2003-04,violent-crime,estimates,2804,67.65,4147152,4144591,99.94
SC,South Carolina,2003,5,2003-05,violent-crime,estimates,3098,74.75,4147152,4144591,99.94
SC,South Carolina,2003,6,2003-06,violent-crime,estimates,2939,70.91,4147152,4144591,99.94
SC,South Carolina,2003,7,2003-07,violent-crime,estimates,3028,73.06,4147152,4144591,99.94
SC,South Carolina,2003,8,2003-08,violent-crime,estimates,3165,76.36,4147152,4144591,99.94
SC,South Carolina,2003,9,2003-09,violent-crime,estimates,2813,67.87,4147152,4144591,99.94
SC,South Carolina,2003,10,2003-10,violent-crime,estimates,2841,68.55,4147152,4144591,99.94
SC,South Carolina,2003,11,2003-11,violent-crime,estimates,2728,65.83,4147152,4143873,99.92
SC,South Carolina,2003,12,2003-12,violent-crime,estimates,2493,60.15,4147152,4144591,99.94
SC,South Carolina,2004,1,2004-01,violent-crime,estimates,2578,61.45,4198068,4195481,99.94
SC,South Carolina,2004,2,2004-02,violent-crime,estimates,2285,54.46,4198068,4195481,99.94
SC,South Carolina,2004,3,2004-03,violent-crime,estimates,2741,65.33,4198068,4195481,99.94
SC,South Carolina,2004,4,2004-04,violent-crime,estimates,2721,64.86,4198068,4195235,99.93
SC,South Carolina,2004,5,2004-05,violent-crime,estimates,3094,73.75,4198068,4195235,99.93
SC,South Carolina,2004,6,2004-06,violent-crime,estimates,2922,69.65,4198068,4195235,99.93
SC,South Carolina,2004,7,2004-07,violent-crime,estimates,3023,72.05,4198068,4195810,99.95
SC,South Carolina,2004,8,2004-08,violent-crime,estimates,2883,68.71,4198068,4195810,99.95
SC,South Carolina,2004,9,2004-09,violent-crime,estimates,2895,69,4198068,4195810,99.95
SC,South Carolina,2004,10,2004-10,violent-crime,estimates,2922,69.64,4198068,4195810,99.95
SC,South Carolina,2004,11,2004-11,violent-crime,estimates,2534,60.39,4198068,4195810,99.95
SC,South Carolina,2004,12,2004-12,violent-crime,estimates,2514,59.92,4198068,4195810,99.95
SC,South Carolina,2005,1,2005-01,violent-crime,estimates,2599,61.11,4255083,4253060,99.95
SC,South Carolina,2005,2,2005-02,violent-crime,estimates,2099,49.35,4255083,4253651,99.97
SC,South Carolina,2005,3,2005-03,violent-crime,estimates,2524,59.34,4255083,4253319,99.96
SC,South Carolina,2005,4,2005-04,violent-crime,estimates,2800,65.83,4255083,4253453,99.96
SC,South Carolina,2005,5,2005-05,violent-crime,estimates,2962,69.63,4255083,4254041,99.98
SC,South Carolina,2005,6,2005-06,violent-crime,estimates,2829,66.53,4255083,4252007,99.93
SC,South Carolina,2005,7,2005-07,violent-crime,estimates,3181,74.84,4255083,4250522,99.89
SC,South Carolina,2005,8,2005-08,violent-crime,estimates,2892,67.98,4255083,4254041,99.98
SC,South Carolina,2005,9,2005-09,violent-crime,estimates,2986,70.19,4255083,4254041,99.98
SC,South Carolina,2005,10,2005-10,violent-crime,estimates,2832,66.58,4255083,4253453,99.96
SC,South Carolina,2005,11,2005-11,violent-crime,estimates,2427,57.08,4255083,4252196,99.93
SC,South Carolina,2005,12,2005-12,violent-crime,estimates,2441,57.39,4255083,4253319,99.96
SC,South Carolina,2006,1,2006-01,violent-crime,estimates,2559,59.31,4321249,4314396,99.84
SC,South Carolina,2006,2,2006-02,violent-crime,estimates,2122,49.17,4321249,4315440,99.87
SC,South Carolina,2006,3,2006-03,violent-crime,estimates,2625,60.82,4321249,4316003,99.88
SC,South Carolina,2006,4,2006-04,violent-crime,estimates,2988,69.29,4321249,4312534,99.8
SC,South Carolina,2006,5,2006-05,violent-crime,estimates,3067,71.07,4321249,4315352,99.86
SC,South Carolina,2006,6,2006-06,violent-crime,estimates,2849,66.11,4321249,4309204,99.72
SC,South Carolina,2006,7,2006-07,violent-crime,estimates,3132,72.6,4321249,4313889,99.83
SC,South Carolina,2006,8,2006-08,violent-crime,estimates,2930,67.94,4321249,4312329,99.79
SC,South Carolina,2006,9,2006-09,violent-crime,estimates,3020,70.11,4321249,4307648,99.69
SC,South Carolina,2006,10,2006-10,violent-crime,estimates,2804,65.09,4321249,4307735,99.69
SC,South Carolina,2006,11,2006-11,violent-crime,estimates,2441,56.68,4321249,4306922,99.67
SC,South Carolina,2006,12,2006-12,violent-crime,estimates,2697,62.61,4321249,4307285,99.68
SC,South Carolina,2007,1,2007-01,violent-crime,estimates,2655,60.24,4407709,4407709,100
SC,South Carolina,2007,2,2007-02,violent-crime,estimates,2250,51.05,4407709,4407709,100
SC,South Carolina,2007,3,2007-03,violent-crime,estimates,2977,67.54,4407709,4407709,100
SC,South Carolina,2007,4,2007-04,violent-crime,estimates,2873,65.18,4407709,4407709,100
SC,South Carolina,2007,5,2007-05,violent-crime,estimates,3136,71.15,4407709,4407709,100
SC,South Carolina,2007,6,2007-06,violent-crime,estimates,3192,72.42,4407709,4407709,100
SC,South Carolina,2007,7,2007-07,violent-crime,estimates,3249,73.71,4407709,4407709,100
SC,South Carolina,2007,8,2007-08,violent-crime,estimates,3090,70.1,4407709,4407709,100
SC,South Carolina,2007,9,2007-09,violent-crime,estimates,3041,68.99,4407709,4407709,100
SC,South Carolina,2007,10,2007-10,violent-crime,estimates,2896,65.7,4407709,4407709,100
SC,South Carolina,2007,11,2007-11,violent-crime,estimates,2581,58.56,4407709,4407709,100
SC,South Carolina,2007,12,2007-12,violent-crime,estimates,2631,59.69,4407709,4407709,100
SC,South Carolina,2008,1,2008-01,violent-crime,estimates,2560,57.19,4479800,4476462,99.93
SC,South Carolina,2008,2,2008-02,violent-crime,estimates,2345,52.39,4479800,4476068,99.92
SC,South Carolina,2008,3,2008-03,violent-crime,estimates,2717,60.7,4479800,4476160,99.92
SC,South Carolina,2008,4,2008-04,violent-crime,estimates,2725,60.88,4479800,4476160,99.92
SC,South Carolina,2008,5,2008-05,violent-crime,estimates,2916,65.17,4479800,4474639,99.88
SC,South Carolina,2008,6,2008-06,violent-crime,estimates,2837,63.38,4479800,4476160,99.92
SC,South Carolina,2008,7,2008-07,violent-crime,estimates,2996,66.93,4479800,4476062,99.92
SC,South Carolina,2008,8,2008-08,violent-crime,estimates,2770,61.87,4479800,4477273,99.94
SC,South Carolina,2008,9,2008-09,violent-crime,estimates,2803,62.62,4479800,4476344,99.92
SC,South Carolina,2008,10,2008-10,violent-crime,estimates,2749,61.4,4479800,4476851,99.93
SC,South Carolina,2008,11,2008-11,violent-crime,estimates,2580,57.63,4479800,4477003,99.94
SC,South Carolina,2008,12,2008-12,violent-crime,estimates,2491,55.64,4479800,4477003,99.94
SC,South Carolina,2009,1,2009-01,violent-crime,estimates,2371,52.06,4561242,4554067,99.84
SC,South Carolina,2009,2,2009-02,violent-crime,estimates,2032,44.64,4561242,4552320,99.8
SC,South Carolina,2009,3,2009-03,violent-crime,estimates,2449,53.81,4561242,4551449,99.79
SC,South Carolina,2009,4,2009-04,violent-crime,estimates,2579,56.7,4561242,4548811,99.73
SC,South Carolina,2009,5,2009-05,violent-crime,estimates,2856,62.8,4561242,4547745,99.7
SC,South Carolina,2009,6,2009-06,violent-crime,estimates,2634,57.9,4561242,4549562,99.74
SC,South Carolina,2009,7,2009-07,violent-crime,estimates,2919,64.15,4561242,4550392,99.76
SC,South Carolina,2009,8,2009-08,violent-crime,estimates,2894,63.58,4561242,4551971,99.8
SC,South Carolina,2009,9,2009-09,violent-crime,estimates,2581,56.73,4561242,4549778,99.75
SC,South Carolina,2009,10,2009-10,violent-crime,estimates,2718,59.77,4561242,4547463,99.7
SC,South Carolina,2009,11,2009-11,violent-crime,estimates,2422,53.31,4561242,4543653,99.61
SC,South Carolina,2009,12,2009-12,violent-crime,estimates,2218,48.76,4561242,4548860,99.73
SC,South Carolina,2010,1,2010-01,violent-crime,estimates,2238,48.52,4625364,4612504,99.72
SC,South Carolina,2010,2,2010-02,violent-crime,estimates,1773,38.44,4625364,4612504,99.72
SC,South Carolina,2010,3,2010-03,violent-crime,estimates,2362,51.22,4625364,4611624,99.7
SC,South Carolina,2010,4,2010-04,violent-crime,estimates,2545,55.19,4625364,4611064,99.69
SC,South Carolina,2010,5,2010-05,violent-crime,estimates,2619,56.79,4625364,4612131,99.71
SC,South Carolina,2010,6,2010-06,violent-crime,estimates,2630,57.03,4625364,4611400,99.7
SC,South Carolina,2010,7,2010-07,violent-crime,estimates,2493,54.06,4625364,4611662,99.7
SC,South Carolina,2010,8,2010-08,violent-crime,estimates,2540,55.09,4625364,4610778,99.68
SC,South Carolina,2010,9,2010-09,violent-crime,estimates,2289,49.61,4625364,4613641,99.75
SC,South Carolina,2010,10,2010-10,violent-crime,estimates,2427,52.6,4625364,4613641,99.75
SC,South Carolina,2010,11,2010-11,violent-crime,estimates,2089,45.28,4625364,4613641,99.75
SC,South Carolina,2010,12,2010-12,violent-crime,estimates,2022,43.84,4625364,4612167,99.71
SC,South Carolina,2011,1,2011-01,violent-crime,estimates,2011,43.09,4679230,4667023,99.74
SC,South Carolina,2011,2,2011-02,violent-crime,estimates,1707,36.57,4679230,4668348,99.77
SC,South Carolina,2011,3,2011-03,violent-crime,estimates,2281,48.85,4679230,4669111,99.78
SC,South Carolina,2011,4,2011-04,violent-crime,estimates,2541,54.44,4679230,4667849,99.76
SC,South Carolina,2011,5,2011-05,violent-crime,estimates,2658,56.91,4679230,4670147,99.81
SC,South Carolina,2011,6,2011-06,violent-crime,estimates,2381,51.01,4679230,4667452,99.75
SC,South Carolina,2011,7,2011-07,violent-crime,estimates,2689,57.58,4679230,4669667,99.8
SC,South Carolina,2011,8,2011-08,violent-crime,estimates,2467,52.82,4679230,4670174,99.81
SC,South Carolina,2011,9,2011-09,violent-crime,estimates,2404,51.49,4679230,4668428,99.77
SC,South Carolina,2011,10,2011-10,violent-crime,estimates,2209,47.31,4679230,4669407,99.79
SC,South Carolina,2011,11,2011-11,violent-crime,estimates,2233,47.83,4679230,4668283,99.77
SC,South Carolina,2011,12,2011-12,violent-crime,estimates,2233,47.87,4679230,4665050,99.7
SC,South Carolina,2012,1,2012-01,violent-crime,estimates,1969,41.77,4723723,4714322,99.8
SC,South Carolina,2012,2,2012-02,violent-crime,estimates,1732,36.74,4723723,4714322,99.8
SC,South Carolina,2012,3,2012-03,violent-crime,estimates,2357,50.01,4723723,4713295,99.78
SC,South Carolina,2012,4,2012-04,violent-crime,estimates,2166,45.96,4723723,4713295,99.78
SC,South Carolina,2012,5,2012-05,violent-crime,estimates,2566,54.43,4723723,4714322,99.8
SC,South Carolina,2012,6,2012-06,violent-crime,estimates,2377,50.45,4723723,4711321,99.74
SC,South Carolina,2012,7,2012-07,violent-crime,estimates,2535,53.83,4723723,4709182,99.69
SC,South Carolina,2012,8,2012-08,violent-crime,estimates,2350,49.86,4723723,4713402,99.78
SC,South Carolina,2012,9,2012-09,violent-crime,estimates,2158,45.8,4723723,4711671,99.74
SC,South Carolina,2012,10,2012-10,violent-crime,estimates,2264,48.08,4723723,4709184,99.69
SC,South Carolina,2012,11,2012-11,violent-crime,estimates,1962,41.64,4723723,4711459,99.74
SC,South Carolina,2012,12,2012-12,violent-crime,estimates,1906,40.47,4723723,4710211,99.71
SC,South Carolina,2013,1,2013-01,violent-crime,estimates,1991,41.84,4774839,4758599,99.66
SC,South Carolina,2013,2,2013-02,violent-crime,estimates,1602,33.65,4774839,4760681,99.7
SC,South Carolina,2013,3,2013-03,violent-crime,estimates,1880,39.5,4774839,4758946,99.67
SC,South Carolina,2013,4,2013-04,violent-crime,estimates,2107,44.24,4774839,4762602,99.74
SC,South Carolina,2013,5,2013-05,violent-crime,estimates,2336,49.08,4774839,4759434,99.68
SC,South Carolina,2013,6,2013-06,violent-crime,estimates,2162,45.48,4774839,4753921,99.56
SC,South Carolina,2013,7,2013-07,violent-crime,estimates,2212,46.51,4774839,4756273,99.61
SC,South Carolina,2013,8,2013-08,violent-crime,estimates,2239,47.3,4774839,4733533,99.13
SC,South Carolina,2013,9,2013-09,violent-crime,estimates,2006,42.35,4774839,4736850,99.2
SC,South Carolina,2013,10,2013-10,violent-crime,estimates,1985,41.92,4774839,4735707,99.18
SC,South Carolina,2013,11,2013-11,violent-crime,estimates,1752,36.97,4774839,4738531,99.24
SC,South Carolina,2013,12,2013-12,violent-crime,estimates,1811,38.28,4774839,4730577,99.07
SC,South Carolina,2014,1,2014-01,violent-crime,estimates,1766,36.66,4832482,4817326,99.69
SC,South Carolina,2014,2,2014-02,violent-crime,estimates,1583,32.93,4832482,4807087,99.47
SC,South Carolina,2014,3,2014-03,violent-crime,estimates,1907,39.67,4832482,4807596,99.49
SC,South Carolina,2014,4,2014-04,violent-crime,estimates,2077,43.24,4832482,4802999,99.39
SC,South Carolina,2014,5,2014-05,violent-crime,estimates,2341,48.69,4832482,4808258,99.5
SC,South Carolina,2014,6,2014-06,violent-crime,estimates,2148,44.65,4832482,4810697,99.55
SC,South Carolina,2014,7,2014-07,violent-crime,estimates,2071,43.01,4832482,4814809,99.63
SC,South Carolina,2014,8,2014-08,violent-crime,estimates,2202,45.77,4832482,4811248,99.56
SC,South Carolina,2014,9,2014-09,violent-crime,estimates,2019,41.98,4832482,4809009,99.51
SC,South Carolina,2014,10,2014-10,violent-crime,estimates,2041,42.4,4832482,4813949,99.62
SC,South Carolina,2014,11,2014-11,violent-crime,estimates,1666,34.7,4832482,4801292,99.35
SC,South Carolina,2014,12,2014-12,violent-crime,estimates,1919,39.94,4832482,4805064,99.43
SC,South Carolina,2015,1,2015-01,violent-crime,estimates,1882,38.58,4896146,4878092,99.63
SC,South Carolina,2015,2,2015-02,violent-crime,estimates,1484,30.4,4896146,4881225,99.7
SC,South Carolina,2015,3,2015-03,violent-crime,estimates,1906,39.05,4896146,4881225,99.7
SC,South Carolina,2015,4,2015-04,violent-crime,estimates,1901,38.95,4896146,4881225,99.7
SC,South Carolina,2015,5,2015-05,violent-crime,estimates,2168,44.42,4896146,4880807,99.69
SC,South Carolina,2015,6,2015-06,violent-crime,estimates,2126,43.56,4896146,4880634,99.68
SC,South Carolina,2015,7,2015-07,violent-crime,estimates,2230,45.69,4896146,4880634,99.68
SC,South Carolina,2015,8,2015-08,violent-crime,estimates,2290,46.94,4896146,4878583,99.64
SC,South Carolina,2015,9,2015-09,violent-crime,estimates,2006,41.1,4896146,4880871,99.69
SC,South Carolina,2015,10,2015-10,violent-crime,estimates,2189,44.85,4896146,4880871,99.69
SC,South Carolina,2015,11,2015-11,violent-crime,estimates,1853,37.97,4896146,4880453,99.68
SC,South Carolina,2015,12,2015-12,violent-crime,estimates,1990,40.77,4896146,4880453,99.68
SC,South Carolina,2016,1,2016-01,violent-crime,estimates,1998,40.43,4961119,4942318,99.62
SC,South Carolina,2016,2,2016-02,violent-crime,estimates,1631,33.03,4961119,4937890,99.53
SC,South Carolina,2016,3,2016-03,violent-crime,estimates,2083,42.2,4961119,4936103,99.5
SC,South Carolina,2016,4,2016-04,violent-crime,estimates,2185,44.25,4961119,4937890,99.53
SC,South Carolina,2016,5,2016-05,violent-crime,estimates,2194,44.43,4961119,4937890,99.53
SC,South Carolina,2016,6,2016-06,violent-crime,estimates,2138,43.32,4961119,4935507,99.48
SC,South Carolina,2016,7,2016-07,violent-crime,estimates,2387,48.39,4961119,4933300,99.44
SC,South Carolina,2016,8,2016-08,violent-crime,estimates,2201,44.62,4961119,4932271,99.42
SC,South Carolina,2016,9,2016-09,violent-crime,estimates,2087,42.31,4961119,4932167,99.42
SC,South Carolina,2016,10,2016-10,violent-crime,estimates,2023,41.02,4961119,4932167,99.42
SC,South Carolina,2016,11,2016-11,violent-crime,estimates,2025,41.05,4961119,4932514,99.42
SC,South Carolina,2016,12,2016-12,violent-crime,estimates,2022,41,4961119,4932167,99.42
SC,South Carolina,2017,1,2017-01,violent-crime,estimates,2181,43.66,5024369,4995151,99.42
SC,South Carolina,2017,2,2017-02,violent-crime,estimates,1801,36.05,5024369,4995756,99.43
SC,South Carolina,2017,3,2017-03,violent-crime,estimates,1939,38.83,5024369,4993822,99.39
SC,South Carolina,2017,4,2017-04,violent-crime,estimates,2160,43.25,5024369,4993852,99.39
SC,South Carolina,2017,5,2017-05,violent-crime,estimates,2219,44.45,5024369,4992393,99.36
SC,South Carolina,2017,6,2017-06,violent-crime,estimates,2159,43.41,5024369,4973229,98.98
SC,South Carolina,2017,7,2017-07,violent-crime,estimates,2382,47.87,5024369,4976389,99.05
SC,South Carolina,2017,8,2017-08,violent-crime,estimates,2197,44.15,5024369,4976469,99.05
SC,South Carolina,2017,9,2017-09,violent-crime,estimates,2216,44.55,5024369,4973652,98.99
SC,South Carolina,2017,10,2017-10,violent-crime,estimates,2029,40.81,5024369,4971276,98.94
SC,South Carolina,2017,11,2017-11,violent-crime,estimates,1956,39.32,5024369,4974074,99
SC,South Carolina,2017,12,2017-12,violent-crime,estimates,1912,38.47,5024369,4969760,98.91
SD,South Dakota,1999,1,1999-01,violent-crime,estimates,85,15.51,733000,548076,74.77
SD,South Dakota,1999,2,1999-02,violent-crime,estimates,77,14.05,733000,548076,74.77
SD,South Dakota,1999,3,1999-03,violent-crime,estimates,106,19.34,733000,548076,74.77
SD,South Dakota,1999,4,1999-04,violent-crime,estimates,82,14.99,733000,547090,74.64
SD,South Dakota,1999,5,1999-05,violent-crime,estimates,79,14.55,733000,543008,74.08
SD,South Dakota,1999,6,1999-06,violent-crime,estimates,97,17.97,733000,539679,73.63
SD,South Dakota,1999,7,1999-07,violent-crime,estimates,93,17.12,733000,543274,74.12
SD,South Dakota,1999,8,1999-08,violent-crime,estimates,89,16.49,733000,539679,73.63
SD,South Dakota,1999,9,1999-09,violent-crime,estimates,98,18.16,733000,539679,73.63
SD,South Dakota,1999,10,1999-10,violent-crime,estimates,67,12.41,733000,539679,73.63
SD,South Dakota,1999,11,1999-11,violent-crime,estimates,87,16.12,733000,539679,73.63
SD,South Dakota,1999,12,1999-12,violent-crime,estimates,81,15.05,733000,538045,73.4
SD,South Dakota,2000,1,2000-01,violent-crime,estimates,95,15.37,754844,618182,81.9
SD,South Dakota,2000,2,2000-02,violent-crime,estimates,84,13.59,754844,618182,81.9
SD,South Dakota,2000,3,2000-03,violent-crime,estimates,104,16.95,754844,613653,81.3
SD,South Dakota,2000,4,2000-04,violent-crime,estimates,101,16.46,754844,613653,81.3
SD,South Dakota,2000,5,2000-05,violent-crime,estimates,98,15.97,754844,613653,81.3
SD,South Dakota,2000,6,2000-06,violent-crime,estimates,101,16.46,754844,613653,81.3
SD,South Dakota,2000,7,2000-07,violent-crime,estimates,94,15.32,754844,613653,81.3
SD,South Dakota,2000,8,2000-08,violent-crime,estimates,105,17.11,754844,613653,81.3
SD,South Dakota,2000,9,2000-09,violent-crime,estimates,103,16.78,754844,613653,81.3
SD,South Dakota,2000,10,2000-10,violent-crime,estimates,105,17.11,754844,613653,81.3
SD,South Dakota,2000,11,2000-11,violent-crime,estimates,67,10.97,754844,610543,80.88
SD,South Dakota,2000,12,2000-12,violent-crime,estimates,81,13.27,754844,610543,80.88
SD,South Dakota,2001,1,2001-01,violent-crime,estimates,78,13.27,756600,587884,77.7
SD,South Dakota,2001,2,2001-02,violent-crime,estimates,58,10.22,756600,567532,75.01
SD,South Dakota,2001,3,2001-03,violent-crime,estimates,71,12.79,756600,555298,73.39
SD,South Dakota,2001,4,2001-04,violent-crime,estimates,80,14.1,756600,567246,74.97
SD,South Dakota,2001,5,2001-05,violent-crime,estimates,101,17.71,756600,570244,75.37
SD,South Dakota,2001,6,2001-06,violent-crime,estimates,77,13.71,756600,561510,74.21
SD,South Dakota,2001,7,2001-07,violent-crime,estimates,123,21.93,756600,560791,74.12
SD,South Dakota,2001,8,2001-08,violent-crime,estimates,115,20.01,756600,574759,75.97
SD,South Dakota,2001,9,2001-09,violent-crime,estimates,76,13.45,756600,565209,74.7
SD,South Dakota,2001,10,2001-10,violent-crime,estimates,100,17.63,756600,567337,74.99
SD,South Dakota,2001,11,2001-11,violent-crime,estimates,92,16.37,756600,561879,74.26
SD,South Dakota,2001,12,2001-12,violent-crime,estimates,73,12.69,756600,575441,76.06
SD,South Dakota,2002,1,2002-01,violent-crime,estimates,96,15.51,761063,618988,81.33
SD,South Dakota,2002,2,2002-02,violent-crime,estimates,80,12.82,761063,623811,81.97
SD,South Dakota,2002,3,2002-03,violent-crime,estimates,75,12.02,761063,624194,82.02
SD,South Dakota,2002,4,2002-04,violent-crime,estimates,77,12.7,761063,606084,79.64
SD,South Dakota,2002,5,2002-05,violent-crime,estimates,118,19.29,761063,611820,80.39
SD,South Dakota,2002,6,2002-06,violent-crime,estimates,105,17.13,761063,613119,80.56
SD,South Dakota,2002,7,2002-07,violent-crime,estimates,116,18.73,761063,619309,81.37
SD,South Dakota,2002,8,2002-08,violent-crime,estimates,131,21.39,761063,612381,80.46
SD,South Dakota,2002,9,2002-09,violent-crime,estimates,106,17.06,761063,621251,81.63
SD,South Dakota,2002,10,2002-10,violent-crime,estimates,101,16.38,761063,616477,81
SD,South Dakota,2002,11,2002-11,violent-crime,estimates,93,14.8,761063,628215,82.54
SD,South Dakota,2002,12,2002-12,violent-crime,estimates,97,15.26,761063,635847,83.55
SD,South Dakota,2003,1,2003-01,violent-crime,estimates,90,12.97,764309,694141,90.82
SD,South Dakota,2003,2,2003-02,violent-crime,estimates,75,10.75,764309,697521,91.26
SD,South Dakota,2003,3,2003-03,violent-crime,estimates,83,11.96,764309,694141,90.82
SD,South Dakota,2003,4,2003-04,violent-crime,estimates,97,13.8,764309,702684,91.94
SD,South Dakota,2003,5,2003-05,violent-crime,estimates,133,19.16,764309,694141,90.82
SD,South Dakota,2003,6,2003-06,violent-crime,estimates,122,17.58,764309,694141,90.82
SD,South Dakota,2003,7,2003-07,violent-crime,estimates,122,17.58,764309,693779,90.77
SD,South Dakota,2003,8,2003-08,violent-crime,estimates,126,18.07,764309,697159,91.21
SD,South Dakota,2003,9,2003-09,violent-crime,estimates,111,16.01,764309,693461,90.73
SD,South Dakota,2003,10,2003-10,violent-crime,estimates,116,16.63,764309,697549,91.27
SD,South Dakota,2003,11,2003-11,violent-crime,estimates,99,14.19,764309,697549,91.27
SD,South Dakota,2003,12,2003-12,violent-crime,estimates,84,11.9,764309,706092,92.38
SD,South Dakota,2004,1,2004-01,violent-crime,estimates,101,14.16,770883,713351,92.54
SD,South Dakota,2004,2,2004-02,violent-crime,estimates,87,12.72,770883,684182,88.75
SD,South Dakota,2004,3,2004-03,violent-crime,estimates,106,15.53,770883,682745,88.57
SD,South Dakota,2004,4,2004-04,violent-crime,estimates,112,16.41,770883,682359,88.52
SD,South Dakota,2004,5,2004-05,violent-crime,estimates,92,13.43,770883,685050,88.87
SD,South Dakota,2004,6,2004-06,violent-crime,estimates,118,17.2,770883,686172,89.01
SD,South Dakota,2004,7,2004-07,violent-crime,estimates,124,18.3,770883,677504,87.89
SD,South Dakota,2004,8,2004-08,violent-crime,estimates,110,16.27,770883,675896,87.68
SD,South Dakota,2004,9,2004-09,violent-crime,estimates,112,16.9,770883,662728,85.97
SD,South Dakota,2004,10,2004-10,violent-crime,estimates,86,13.24,770883,649464,84.25
SD,South Dakota,2004,11,2004-11,violent-crime,estimates,91,14.32,770883,635410,82.43
SD,South Dakota,2004,12,2004-12,violent-crime,estimates,83,13.09,770883,634208,82.27
SD,South Dakota,2005,1,2005-01,violent-crime,estimates,79,12.68,775933,623263,80.32
SD,South Dakota,2005,2,2005-02,violent-crime,estimates,92,15.1,775933,609151,78.51
SD,South Dakota,2005,3,2005-03,violent-crime,estimates,81,13.97,775933,579727,74.71
SD,South Dakota,2005,4,2005-04,violent-crime,estimates,86,15,775933,573416,73.9
SD,South Dakota,2005,5,2005-05,violent-crime,estimates,95,15.49,775933,613151,79.02
SD,South Dakota,2005,6,2005-06,violent-crime,estimates,89,14.68,775933,606128,78.12
SD,South Dakota,2005,7,2005-07,violent-crime,estimates,111,17.43,775933,636718,82.06
SD,South Dakota,2005,8,2005-08,violent-crime,estimates,67,11.12,775933,602378,77.63
SD,South Dakota,2005,9,2005-09,violent-crime,estimates,91,14.48,775933,628472,81
SD,South Dakota,2005,10,2005-10,violent-crime,estimates,64,10.06,775933,636102,81.98
SD,South Dakota,2005,11,2005-11,violent-crime,estimates,60,9.47,775933,633788,81.68
SD,South Dakota,2005,12,2005-12,violent-crime,estimates,289,47.93,775933,603014,77.71
SD,South Dakota,2006,1,2006-01,violent-crime,estimates,151,22.88,781919,659997,84.41
SD,South Dakota,2006,2,2006-02,violent-crime,estimates,126,20.15,781919,625405,79.98
SD,South Dakota,2006,3,2006-03,violent-crime,estimates,138,21.81,781919,632597,80.9
SD,South Dakota,2006,4,2006-04,violent-crime,estimates,155,24.75,781919,626248,80.09
SD,South Dakota,2006,5,2006-05,violent-crime,estimates,227,36.89,781919,615325,78.69
SD,South Dakota,2006,6,2006-06,violent-crime,estimates,125,19.92,781919,627377,80.24
SD,South Dakota,2006,7,2006-07,violent-crime,estimates,158,25.43,781919,621316,79.46
SD,South Dakota,2006,8,2006-08,violent-crime,estimates,153,24.97,781919,612740,78.36
SD,South Dakota,2006,9,2006-09,violent-crime,estimates,123,19.97,781919,615949,78.77
SD,South Dakota,2006,10,2006-10,violent-crime,estimates,119,19.2,781919,619855,79.27
SD,South Dakota,2006,11,2006-11,violent-crime,estimates,127,20.34,781919,624309,79.84
SD,South Dakota,2006,12,2006-12,violent-crime,estimates,108,17.52,781919,616396,78.83
SD,South Dakota,2007,1,2007-01,violent-crime,estimates,138,20.06,796214,687789,86.38
SD,South Dakota,2007,2,2007-02,violent-crime,estimates,119,17.15,796214,693931,87.15
SD,South Dakota,2007,3,2007-03,violent-crime,estimates,115,16.66,796214,690407,86.71
SD,South Dakota,2007,4,2007-04,violent-crime,estimates,163,22.94,796214,710485,89.23
SD,South Dakota,2007,5,2007-05,violent-crime,estimates,151,21.98,796214,686985,86.28
SD,South Dakota,2007,6,2007-06,violent-crime,estimates,163,22.92,796214,711237,89.33
SD,South Dakota,2007,7,2007-07,violent-crime,estimates,162,23.4,796214,692432,86.97
SD,South Dakota,2007,8,2007-08,violent-crime,estimates,170,23.9,796214,711237,89.33
SD,South Dakota,2007,9,2007-09,violent-crime,estimates,156,22.6,796214,690278,86.7
SD,South Dakota,2007,10,2007-10,violent-crime,estimates,138,19.52,796214,707114,88.81
SD,South Dakota,2007,11,2007-11,violent-crime,estimates,149,21.06,796214,707644,88.88
SD,South Dakota,2007,12,2007-12,violent-crime,estimates,127,18.47,796214,687425,86.34
SD,South Dakota,2008,1,2008-01,violent-crime,estimates,128,18.52,804194,690982,85.92
SD,South Dakota,2008,2,2008-02,violent-crime,estimates,177,25.4,804194,696888,86.66
SD,South Dakota,2008,3,2008-03,violent-crime,estimates,149,21.37,804194,697170,86.69
SD,South Dakota,2008,4,2008-04,violent-crime,estimates,162,23.48,804194,689929,85.79
SD,South Dakota,2008,5,2008-05,violent-crime,estimates,191,27.63,804194,691229,85.95
SD,South Dakota,2008,6,2008-06,violent-crime,estimates,185,26.76,804194,691451,85.98
SD,South Dakota,2008,7,2008-07,violent-crime,estimates,183,26.32,804194,695375,86.47
SD,South Dakota,2008,8,2008-08,violent-crime,estimates,193,27.61,804194,699120,86.93
SD,South Dakota,2008,9,2008-09,violent-crime,estimates,163,23.56,804194,691836,86.03
SD,South Dakota,2008,10,2008-10,violent-crime,estimates,160,22.93,804194,697801,86.77
SD,South Dakota,2008,11,2008-11,violent-crime,estimates,169,24.43,804194,691657,86.01
SD,South Dakota,2008,12,2008-12,violent-crime,estimates,160,22.89,804194,699120,86.93
SD,South Dakota,2009,1,2009-01,violent-crime,estimates,128,17.43,812383,734169,90.37
SD,South Dakota,2009,2,2009-02,violent-crime,estimates,106,14.37,812383,737544,90.79
SD,South Dakota,2009,3,2009-03,violent-crime,estimates,137,18.63,812383,735311,90.51
SD,South Dakota,2009,4,2009-04,violent-crime,estimates,127,17.27,812383,735311,90.51
SD,South Dakota,2009,5,2009-05,violent-crime,estimates,135,18.36,812383,735311,90.51
SD,South Dakota,2009,6,2009-06,violent-crime,estimates,137,18.63,812383,735311,90.51
SD,South Dakota,2009,7,2009-07,violent-crime,estimates,113,15.37,812383,735311,90.51
SD,South Dakota,2009,8,2009-08,violent-crime,estimates,154,20.94,812383,735311,90.51
SD,South Dakota,2009,9,2009-09,violent-crime,estimates,159,21.62,812383,735311,90.51
SD,South Dakota,2009,10,2009-10,violent-crime,estimates,107,14.61,812383,732194,90.13
SD,South Dakota,2009,11,2009-11,violent-crime,estimates,126,17.21,812383,732194,90.13
SD,South Dakota,2009,12,2009-12,violent-crime,estimates,106,14.48,812383,732194,90.13
SD,South Dakota,2010,1,2010-01,violent-crime,estimates,139,18.98,814180,732406,89.96
SD,South Dakota,2010,2,2010-02,violent-crime,estimates,113,15.41,814180,733143,90.05
SD,South Dakota,2010,3,2010-03,violent-crime,estimates,138,18.77,814180,735217,90.3
SD,South Dakota,2010,4,2010-04,violent-crime,estimates,186,25.19,814180,738491,90.7
SD,South Dakota,2010,5,2010-05,violent-crime,estimates,174,23.74,814180,732862,90.01
SD,South Dakota,2010,6,2010-06,violent-crime,estimates,209,28.41,814180,735544,90.34
SD,South Dakota,2010,7,2010-07,violent-crime,estimates,219,29.85,814180,733787,90.13
SD,South Dakota,2010,8,2010-08,violent-crime,estimates,234,31.87,814180,734211,90.18
SD,South Dakota,2010,9,2010-09,violent-crime,estimates,169,23.03,814180,733728,90.12
SD,South Dakota,2010,10,2010-10,violent-crime,estimates,155,21.17,814180,732268,89.94
SD,South Dakota,2010,11,2010-11,violent-crime,estimates,154,21.01,814180,732832,90.01
SD,South Dakota,2010,12,2010-12,violent-crime,estimates,117,15.91,814180,735542,90.34
SD,South Dakota,2011,1,2011-01,violent-crime,estimates,158,21.16,824082,746684,90.61
SD,South Dakota,2011,2,2011-02,violent-crime,estimates,127,17.01,824082,746684,90.61
SD,South Dakota,2011,3,2011-03,violent-crime,estimates,134,17.95,824082,746684,90.61
SD,South Dakota,2011,4,2011-04,violent-crime,estimates,157,21.03,824082,746684,90.61
SD,South Dakota,2011,5,2011-05,violent-crime,estimates,203,27.19,824082,746684,90.61
SD,South Dakota,2011,6,2011-06,violent-crime,estimates,180,24.11,824082,746684,90.61
SD,South Dakota,2011,7,2011-07,violent-crime,estimates,187,25.04,824082,746684,90.61
SD,South Dakota,2011,8,2011-08,violent-crime,estimates,166,22.23,824082,746684,90.61
SD,South Dakota,2011,9,2011-09,violent-crime,estimates,148,19.82,824082,746684,90.61
SD,South Dakota,2011,10,2011-10,violent-crime,estimates,197,26.38,824082,746684,90.61
SD,South Dakota,2011,11,2011-11,violent-crime,estimates,160,21.43,824082,746684,90.61
SD,South Dakota,2011,12,2011-12,violent-crime,estimates,150,20.09,824082,746684,90.61
SD,South Dakota,2012,1,2012-01,violent-crime,estimates,160,20.82,833354,768582,92.23
SD,South Dakota,2012,2,2012-02,violent-crime,estimates,136,17.69,833354,768582,92.23
SD,South Dakota,2012,3,2012-03,violent-crime,estimates,199,25.94,833354,767192,92.06
SD,South Dakota,2012,4,2012-04,violent-crime,estimates,166,21.6,833354,768582,92.23
SD,South Dakota,2012,5,2012-05,violent-crime,estimates,226,29.4,833354,768582,92.23
SD,South Dakota,2012,6,2012-06,violent-crime,estimates,276,35.91,833354,768582,92.23
SD,South Dakota,2012,7,2012-07,violent-crime,estimates,270,35.13,833354,768582,92.23
SD,South Dakota,2012,8,2012-08,violent-crime,estimates,246,32.01,833354,768582,92.23
SD,South Dakota,2012,9,2012-09,violent-crime,estimates,258,33.57,833354,768582,92.23
SD,South Dakota,2012,10,2012-10,violent-crime,estimates,239,31.05,833354,769711,92.36
SD,South Dakota,2012,11,2012-11,violent-crime,estimates,219,28.45,833354,769711,92.36
SD,South Dakota,2012,12,2012-12,violent-crime,estimates,174,22.61,833354,769711,92.36
SD,South Dakota,2013,1,2013-01,violent-crime,estimates,225,28.77,844877,782138,92.57
SD,South Dakota,2013,2,2013-02,violent-crime,estimates,178,22.76,844877,782138,92.57
SD,South Dakota,2013,3,2013-03,violent-crime,estimates,207,26.47,844877,782138,92.57
SD,South Dakota,2013,4,2013-04,violent-crime,estimates,220,28.08,844877,783382,92.72
SD,South Dakota,2013,5,2013-05,violent-crime,estimates,228,29.15,844877,782138,92.57
SD,South Dakota,2013,6,2013-06,violent-crime,estimates,242,31.05,844877,779486,92.26
SD,South Dakota,2013,7,2013-07,violent-crime,estimates,241,30.81,844877,782138,92.57
SD,South Dakota,2013,8,2013-08,violent-crime,estimates,250,32.09,844877,779021,92.21
SD,South Dakota,2013,9,2013-09,violent-crime,estimates,228,29.15,844877,782138,92.57
SD,South Dakota,2013,10,2013-10,violent-crime,estimates,185,23.65,844877,782138,92.57
SD,South Dakota,2013,11,2013-11,violent-crime,estimates,223,28.51,844877,782138,92.57
SD,South Dakota,2013,12,2013-12,violent-crime,estimates,196,25.08,844877,781567,92.51
SD,South Dakota,2014,1,2014-01,violent-crime,estimates,239,30.19,853175,791744,92.8
SD,South Dakota,2014,2,2014-02,violent-crime,estimates,213,26.9,853175,791744,92.8
SD,South Dakota,2014,3,2014-03,violent-crime,estimates,176,22.26,853175,790703,92.68
SD,South Dakota,2014,4,2014-04,violent-crime,estimates,210,26.52,853175,791744,92.8
SD,South Dakota,2014,5,2014-05,violent-crime,estimates,256,32.33,853175,791744,92.8
SD,South Dakota,2014,6,2014-06,violent-crime,estimates,239,30.04,853175,795711,93.26
SD,South Dakota,2014,7,2014-07,violent-crime,estimates,226,28.54,853175,791744,92.8
SD,South Dakota,2014,8,2014-08,violent-crime,estimates,287,36.25,853175,791744,92.8
SD,South Dakota,2014,9,2014-09,violent-crime,estimates,253,31.95,853175,791744,92.8
SD,South Dakota,2014,10,2014-10,violent-crime,estimates,204,25.77,853175,791744,92.8
SD,South Dakota,2014,11,2014-11,violent-crime,estimates,200,25.29,853175,790703,92.68
SD,South Dakota,2014,12,2014-12,violent-crime,estimates,196,24.76,853175,791744,92.8
SD,South Dakota,2015,1,2015-01,violent-crime,estimates,242,30.54,858469,792274,92.29
SD,South Dakota,2015,2,2015-02,violent-crime,estimates,200,25.08,858469,797431,92.89
SD,South Dakota,2015,3,2015-03,violent-crime,estimates,219,27.46,858469,797431,92.89
SD,South Dakota,2015,4,2015-04,violent-crime,estimates,246,31.05,858469,792274,92.29
SD,South Dakota,2015,5,2015-05,violent-crime,estimates,322,40.84,858469,788425,91.84
SD,South Dakota,2015,6,2015-06,violent-crime,estimates,292,36.86,858469,792274,92.29
SD,South Dakota,2015,7,2015-07,violent-crime,estimates,331,41.78,858469,792274,92.29
SD,South Dakota,2015,8,2015-08,violent-crime,estimates,324,40.89,858469,792274,92.29
SD,South Dakota,2015,9,2015-09,violent-crime,estimates,337,42.54,858469,792274,92.29
SD,South Dakota,2015,10,2015-10,violent-crime,estimates,260,32.82,858469,792274,92.29
SD,South Dakota,2015,11,2015-11,violent-crime,estimates,249,31.43,858469,792274,92.29
SD,South Dakota,2015,12,2015-12,violent-crime,estimates,266,33.57,858469,792274,92.29
SD,South Dakota,2016,1,2016-01,violent-crime,estimates,275,34.25,865454,802805,92.76
SD,South Dakota,2016,2,2016-02,violent-crime,estimates,275,34.34,865454,800856,92.54
SD,South Dakota,2016,3,2016-03,violent-crime,estimates,288,35.96,865454,800856,92.54
SD,South Dakota,2016,4,2016-04,violent-crime,estimates,247,30.96,865454,797837,92.19
SD,South Dakota,2016,5,2016-05,violent-crime,estimates,319,39.87,865454,800122,92.45
SD,South Dakota,2016,6,2016-06,violent-crime,estimates,294,36.71,865454,800856,92.54
SD,South Dakota,2016,7,2016-07,violent-crime,estimates,355,44.33,865454,800856,92.54
SD,South Dakota,2016,8,2016-08,violent-crime,estimates,333,41.58,865454,800856,92.54
SD,South Dakota,2016,9,2016-09,violent-crime,estimates,300,37.48,865454,800442,92.49
SD,South Dakota,2016,10,2016-10,violent-crime,estimates,302,37.82,865454,798447,92.26
SD,South Dakota,2016,11,2016-11,violent-crime,estimates,238,29.83,865454,797837,92.19
SD,South Dakota,2016,12,2016-12,violent-crime,estimates,265,33.09,865454,800856,92.54
SD,South Dakota,2017,1,2017-01,violent-crime,estimates,275,33.8,869666,813618,93.56
SD,South Dakota,2017,2,2017-02,violent-crime,estimates,262,33.7,869666,777364,89.39
SD,South Dakota,2017,3,2017-03,violent-crime,estimates,272,35.15,869666,773810,88.98
SD,South Dakota,2017,4,2017-04,violent-crime,estimates,326,42.05,869666,775338,89.15
SD,South Dakota,2017,5,2017-05,violent-crime,estimates,325,42.03,869666,773188,88.91
SD,South Dakota,2017,6,2017-06,violent-crime,estimates,278,35.74,869666,777786,89.44
SD,South Dakota,2017,7,2017-07,violent-crime,estimates,366,46.6,869666,785451,90.32
SD,South Dakota,2017,8,2017-08,violent-crime,estimates,305,39.54,869666,771374,88.7
SD,South Dakota,2017,9,2017-09,violent-crime,estimates,301,38.66,869666,778552,89.52
SD,South Dakota,2017,10,2017-10,violent-crime,estimates,269,34.87,869666,771491,88.71
SD,South Dakota,2017,11,2017-11,violent-crime,estimates,272,35.23,869666,772044,88.77
SD,South Dakota,2017,12,2017-12,violent-crime,estimates,248,32.18,869666,770756,88.63
TN,Tennessee,1999,1,1999-01,violent-crime,estimates,3148,64.04,5484000,4915343,89.63
TN,Tennessee,1999,2,1999-02,violent-crime,estimates,2397,48.47,5484000,4945760,90.19
TN,Tennessee,1999,3,1999-03,violent-crime,estimates,2765,55.86,5484000,4949442,90.25
TN,Tennessee,1999,4,1999-04,violent-crime,estimates,2941,59.36,5484000,4954565,90.35
TN,Tennessee,1999,5,1999-05,violent-crime,estimates,3309,66.4,5484000,4983809,90.88
TN,Tennessee,1999,6,1999-06,violent-crime,estimates,3345,65.19,5484000,5130992,93.56
TN,Tennessee,1999,7,1999-07,violent-crime,estimates,3418,66.74,5484000,5121094,93.38
TN,Tennessee,1999,8,1999-08,violent-crime,estimates,3458,66.5,5484000,5199676,94.82
TN,Tennessee,1999,9,1999-09,violent-crime,estimates,3193,61.15,5484000,5221932,95.22
TN,Tennessee,1999,10,1999-10,violent-crime,estimates,3132,60.17,5484000,5205278,94.92
TN,Tennessee,1999,11,1999-11,violent-crime,estimates,2896,55.45,5484000,5222648,95.23
TN,Tennessee,1999,12,1999-12,violent-crime,estimates,3035,58.11,5484000,5222942,95.24
TN,Tennessee,2000,1,2000-01,violent-crime,estimates,3121,55.28,5689283,5645661,99.23
TN,Tennessee,2000,2,2000-02,violent-crime,estimates,2826,50.04,5689283,5647443,99.26
TN,Tennessee,2000,3,2000-03,violent-crime,estimates,3193,56.53,5689283,5648486,99.28
TN,Tennessee,2000,4,2000-04,violent-crime,estimates,3165,55.97,5689283,5654679,99.39
TN,Tennessee,2000,5,2000-05,violent-crime,estimates,3543,62.7,5689283,5650637,99.32
TN,Tennessee,2000,6,2000-06,violent-crime,estimates,3502,61.96,5689283,5652393,99.35
TN,Tennessee,2000,7,2000-07,violent-crime,estimates,3858,68.25,5689283,5652742,99.36
TN,Tennessee,2000,8,2000-08,violent-crime,estimates,3625,64.14,5689283,5651861,99.34
TN,Tennessee,2000,9,2000-09,violent-crime,estimates,3606,63.5,5689283,5678732,99.81
TN,Tennessee,2000,10,2000-10,violent-crime,estimates,3547,62.44,5689283,5680243,99.84
TN,Tennessee,2000,11,2000-11,violent-crime,estimates,3190,56.29,5689283,5666772,99.6
TN,Tennessee,2000,12,2000-12,violent-crime,estimates,3037,53.58,5689283,5667715,99.62
TN,Tennessee,2001,1,2001-01,violent-crime,estimates,3310,57.84,5740021,5722784,99.7
TN,Tennessee,2001,2,2001-02,violent-crime,estimates,2817,49.22,5740021,5722784,99.7
TN,Tennessee,2001,3,2001-03,violent-crime,estimates,3407,59.47,5740021,5728911,99.81
TN,Tennessee,2001,4,2001-04,violent-crime,estimates,3676,64.18,5740021,5727928,99.79
TN,Tennessee,2001,5,2001-05,violent-crime,estimates,3817,66.66,5740021,5725981,99.76
TN,Tennessee,2001,6,2001-06,violent-crime,estimates,3916,68.32,5740021,5731953,99.86
TN,Tennessee,2001,7,2001-07,violent-crime,estimates,4084,71.23,5740021,5733930,99.89
TN,Tennessee,2001,8,2001-08,violent-crime,estimates,3815,66.67,5740021,5722304,99.69
TN,Tennessee,2001,9,2001-09,violent-crime,estimates,3580,62.46,5740021,5731685,99.85
TN,Tennessee,2001,10,2001-10,violent-crime,estimates,3751,65.43,5740021,5732768,99.87
TN,Tennessee,2001,11,2001-11,violent-crime,estimates,3303,57.59,5740021,5735728,99.93
TN,Tennessee,2001,12,2001-12,violent-crime,estimates,3266,56.96,5740021,5733751,99.89
TN,Tennessee,2002,1,2002-01,violent-crime,estimates,3131,54.06,5797289,5792131,99.91
TN,Tennessee,2002,2,2002-02,violent-crime,estimates,2545,43.93,5797289,5793644,99.94
TN,Tennessee,2002,3,2002-03,violent-crime,estimates,3295,56.99,5797289,5781463,99.73
TN,Tennessee,2002,4,2002-04,violent-crime,estimates,3597,62.06,5797289,5795766,99.97
TN,Tennessee,2002,5,2002-05,violent-crime,estimates,3705,63.96,5797289,5792430,99.92
TN,Tennessee,2002,6,2002-06,violent-crime,estimates,3819,65.91,5797289,5793958,99.94
TN,Tennessee,2002,7,2002-07,violent-crime,estimates,3959,68.3,5797289,5796068,99.98
TN,Tennessee,2002,8,2002-08,violent-crime,estimates,4145,71.58,5797289,5790848,99.89
TN,Tennessee,2002,9,2002-09,violent-crime,estimates,3842,66.31,5797289,5793762,99.94
TN,Tennessee,2002,10,2002-10,violent-crime,estimates,3366,58.09,5797289,5794708,99.96
TN,Tennessee,2002,11,2002-11,violent-crime,estimates,3045,52.57,5797289,5792406,99.92
TN,Tennessee,2002,12,2002-12,violent-crime,estimates,3174,54.78,5797289,5793988,99.94
TN,Tennessee,2003,1,2003-01,violent-crime,estimates,2981,51.04,5841748,5840499,99.98
TN,Tennessee,2003,2,2003-02,violent-crime,estimates,2418,41.4,5841748,5840499,99.98
TN,Tennessee,2003,3,2003-03,violent-crime,estimates,3359,57.51,5841748,5840499,99.98
TN,Tennessee,2003,4,2003-04,violent-crime,estimates,3537,60.56,5841748,5840499,99.98
TN,Tennessee,2003,5,2003-05,violent-crime,estimates,3700,63.34,5841748,5841748,100
TN,Tennessee,2003,6,2003-06,violent-crime,estimates,3578,61.25,5841748,5841748,100
TN,Tennessee,2003,7,2003-07,violent-crime,estimates,3690,63.17,5841748,5841748,100
TN,Tennessee,2003,8,2003-08,violent-crime,estimates,3675,62.91,5841748,5841748,100
TN,Tennessee,2003,9,2003-09,violent-crime,estimates,3471,59.44,5841748,5839269,99.96
TN,Tennessee,2003,10,2003-10,violent-crime,estimates,3614,61.87,5841748,5840958,99.99
TN,Tennessee,2003,11,2003-11,violent-crime,estimates,3286,56.25,5841748,5841748,100
TN,Tennessee,2003,12,2003-12,violent-crime,estimates,3063,52.44,5841748,5840958,99.99
TN,Tennessee,2004,1,2004-01,violent-crime,estimates,3235,54.82,5900962,5900962,100
TN,Tennessee,2004,2,2004-02,violent-crime,estimates,2752,46.64,5900962,5900962,100
TN,Tennessee,2004,3,2004-03,violent-crime,estimates,3305,56.01,5900962,5900962,100
TN,Tennessee,2004,4,2004-04,violent-crime,estimates,3278,55.55,5900962,5900962,100
TN,Tennessee,2004,5,2004-05,violent-crime,estimates,3803,64.45,5900962,5900962,100
TN,Tennessee,2004,6,2004-06,violent-crime,estimates,3621,61.36,5900962,5900962,100
TN,Tennessee,2004,7,2004-07,violent-crime,estimates,3968,67.24,5900962,5900962,100
TN,Tennessee,2004,8,2004-08,violent-crime,estimates,3718,63.01,5900962,5900962,100
TN,Tennessee,2004,9,2004-09,violent-crime,estimates,3500,59.31,5900962,5900962,100
TN,Tennessee,2004,10,2004-10,violent-crime,estimates,3597,60.96,5900962,5900962,100
TN,Tennessee,2004,11,2004-11,violent-crime,estimates,3268,55.38,5900962,5900962,100
TN,Tennessee,2004,12,2004-12,violent-crime,estimates,3039,51.65,5900962,5883599,99.71
TN,Tennessee,2005,1,2005-01,violent-crime,estimates,3152,52.88,5962959,5960151,99.95
TN,Tennessee,2005,2,2005-02,violent-crime,estimates,2771,46.49,5962959,5960151,99.95
TN,Tennessee,2005,3,2005-03,violent-crime,estimates,3592,60.29,5962959,5957442,99.91
TN,Tennessee,2005,4,2005-04,violent-crime,estimates,3764,63.15,5962959,5960151,99.95
TN,Tennessee,2005,5,2005-05,violent-crime,estimates,4149,69.61,5962959,5960151,99.95
TN,Tennessee,2005,6,2005-06,violent-crime,estimates,4037,67.73,5962959,5960151,99.95
TN,Tennessee,2005,7,2005-07,violent-crime,estimates,4456,74.76,5962959,5960151,99.95
TN,Tennessee,2005,8,2005-08,violent-crime,estimates,4206,70.61,5962959,5956566,99.89
TN,Tennessee,2005,9,2005-09,violent-crime,estimates,4015,67.35,5962959,5961051,99.97
TN,Tennessee,2005,10,2005-10,violent-crime,estimates,3930,65.93,5962959,5961051,99.97
TN,Tennessee,2005,11,2005-11,violent-crime,estimates,3514,58.96,5962959,5959933,99.95
TN,Tennessee,2005,12,2005-12,violent-crime,estimates,3433,57.6,5962959,5960250,99.95
TN,Tennessee,2006,1,2006-01,violent-crime,estimates,3650,60.46,6038803,6036872,99.97
TN,Tennessee,2006,2,2006-02,violent-crime,estimates,2805,46.46,6038803,6036872,99.97
TN,Tennessee,2006,3,2006-03,violent-crime,estimates,3690,61.24,6038803,6025667,99.78
TN,Tennessee,2006,4,2006-04,violent-crime,estimates,3990,66.09,6038803,6036872,99.97
TN,Tennessee,2006,5,2006-05,violent-crime,estimates,4097,67.87,6038803,6036872,99.97
TN,Tennessee,2006,6,2006-06,violent-crime,estimates,4259,70.55,6038803,6036872,99.97
TN,Tennessee,2006,7,2006-07,violent-crime,estimates,4432,73.42,6038803,6036872,99.97
TN,Tennessee,2006,8,2006-08,violent-crime,estimates,4247,70.35,6038803,6036872,99.97
TN,Tennessee,2006,9,2006-09,violent-crime,estimates,4017,66.54,6038803,6036872,99.97
TN,Tennessee,2006,10,2006-10,violent-crime,estimates,3941,65.33,6038803,6031990,99.89
TN,Tennessee,2006,11,2006-11,violent-crime,estimates,3412,56.57,6038803,6031990,99.89
TN,Tennessee,2006,12,2006-12,violent-crime,estimates,3472,57.51,6038803,6036872,99.97
TN,Tennessee,2007,1,2007-01,violent-crime,estimates,3334,54.15,6156719,6156719,100
TN,Tennessee,2007,2,2007-02,violent-crime,estimates,3009,48.87,6156719,6156719,100
TN,Tennessee,2007,3,2007-03,violent-crime,estimates,4042,65.67,6156719,6154863,99.97
TN,Tennessee,2007,4,2007-04,violent-crime,estimates,3829,62.19,6156719,6156719,100
TN,Tennessee,2007,5,2007-05,violent-crime,estimates,4451,72.29,6156719,6156719,100
TN,Tennessee,2007,6,2007-06,violent-crime,estimates,4226,68.64,6156719,6156719,100
TN,Tennessee,2007,7,2007-07,violent-crime,estimates,4237,68.82,6156719,6156719,100
TN,Tennessee,2007,8,2007-08,violent-crime,estimates,4232,68.74,6156719,6156719,100
TN,Tennessee,2007,9,2007-09,violent-crime,estimates,4174,67.8,6156719,6156719,100
TN,Tennessee,2007,10,2007-10,violent-crime,estimates,3852,62.71,6156719,6142477,99.77
TN,Tennessee,2007,11,2007-11,violent-crime,estimates,3377,54.85,6156719,6156719,100
TN,Tennessee,2007,12,2007-12,violent-crime,estimates,3680,59.77,6156719,6156719,100
TN,Tennessee,2008,1,2008-01,violent-crime,estimates,3183,51.22,6214888,6214637,100
TN,Tennessee,2008,2,2008-02,violent-crime,estimates,2917,46.94,6214888,6214637,100
TN,Tennessee,2008,3,2008-03,violent-crime,estimates,3558,57.25,6214888,6214637,100
TN,Tennessee,2008,4,2008-04,violent-crime,estimates,3703,59.59,6214888,6214637,100
TN,Tennessee,2008,5,2008-05,violent-crime,estimates,4154,66.84,6214888,6214637,100
TN,Tennessee,2008,6,2008-06,violent-crime,estimates,4226,68,6214888,6214637,100
TN,Tennessee,2008,7,2008-07,violent-crime,estimates,4207,67.7,6214888,6214637,100
TN,Tennessee,2008,8,2008-08,violent-crime,estimates,4144,66.7,6214888,6213351,99.98
TN,Tennessee,2008,9,2008-09,violent-crime,estimates,4237,68.18,6214888,6214222,99.99
TN,Tennessee,2008,10,2008-10,violent-crime,estimates,3821,61.5,6214888,6212924,99.97
TN,Tennessee,2008,11,2008-11,violent-crime,estimates,3413,54.93,6214888,6212924,99.97
TN,Tennessee,2008,12,2008-12,violent-crime,estimates,3256,52.39,6214888,6214888,100
TN,Tennessee,2009,1,2009-01,violent-crime,estimates,3297,52.36,6296254,6296254,100
TN,Tennessee,2009,2,2009-02,violent-crime,estimates,2778,44.12,6296254,6296254,100
TN,Tennessee,2009,3,2009-03,violent-crime,estimates,3538,56.19,6296254,6296254,100
TN,Tennessee,2009,4,2009-04,violent-crime,estimates,3799,60.34,6296254,6296254,100
TN,Tennessee,2009,5,2009-05,violent-crime,estimates,3968,63.02,6296254,6296254,100
TN,Tennessee,2009,6,2009-06,violent-crime,estimates,3989,63.36,6296254,6296254,100
TN,Tennessee,2009,7,2009-07,violent-crime,estimates,4016,63.78,6296254,6296254,100
TN,Tennessee,2009,8,2009-08,violent-crime,estimates,3807,60.46,6296254,6296254,100
TN,Tennessee,2009,9,2009-09,violent-crime,estimates,3562,56.57,6296254,6296254,100
TN,Tennessee,2009,10,2009-10,violent-crime,estimates,3316,52.67,6296254,6296254,100
TN,Tennessee,2009,11,2009-11,violent-crime,estimates,3113,49.44,6296254,6296254,100
TN,Tennessee,2009,12,2009-12,violent-crime,estimates,2750,43.68,6296254,6296254,100
TN,Tennessee,2010,1,2010-01,violent-crime,estimates,2834,44.66,6346105,6345802,100
TN,Tennessee,2010,2,2010-02,violent-crime,estimates,2470,38.92,6346105,6345802,100
TN,Tennessee,2010,3,2010-03,violent-crime,estimates,3112,49.04,6346105,6345802,100
TN,Tennessee,2010,4,2010-04,violent-crime,estimates,3464,54.59,6346105,6345802,100
TN,Tennessee,2010,5,2010-05,violent-crime,estimates,3737,58.89,6346105,6345972,100
TN,Tennessee,2010,6,2010-06,violent-crime,estimates,3550,55.94,6346105,6345802,100
TN,Tennessee,2010,7,2010-07,violent-crime,estimates,3674,57.9,6346105,6345802,100
TN,Tennessee,2010,8,2010-08,violent-crime,estimates,3581,56.43,6346105,6345802,100
TN,Tennessee,2010,9,2010-09,violent-crime,estimates,3431,54.07,6346105,6345802,100
TN,Tennessee,2010,10,2010-10,violent-crime,estimates,3385,53.34,6346105,6345669,99.99
TN,Tennessee,2010,11,2010-11,violent-crime,estimates,2838,44.72,6346105,6346105,100
TN,Tennessee,2010,12,2010-12,violent-crime,estimates,2819,44.42,6346105,6346105,100
TN,Tennessee,2011,1,2011-01,violent-crime,estimates,2841,44.37,6403353,6403353,100
TN,Tennessee,2011,2,2011-02,violent-crime,estimates,2538,39.64,6403353,6403353,100
TN,Tennessee,2011,3,2011-03,violent-crime,estimates,3054,47.69,6403353,6403353,100
TN,Tennessee,2011,4,2011-04,violent-crime,estimates,3269,51.05,6403353,6403353,100
TN,Tennessee,2011,5,2011-05,violent-crime,estimates,3366,52.57,6403353,6403353,100
TN,Tennessee,2011,6,2011-06,violent-crime,estimates,3486,54.44,6403353,6403353,100
TN,Tennessee,2011,7,2011-07,violent-crime,estimates,3818,59.64,6403353,6401724,99.97
TN,Tennessee,2011,8,2011-08,violent-crime,estimates,3586,56.03,6403353,6400231,99.95
TN,Tennessee,2011,9,2011-09,violent-crime,estimates,3368,52.63,6403353,6399277,99.94
TN,Tennessee,2011,10,2011-10,violent-crime,estimates,3336,52.1,6403353,6403353,100
TN,Tennessee,2011,11,2011-11,violent-crime,estimates,3186,49.78,6403353,6400231,99.95
TN,Tennessee,2011,12,2011-12,violent-crime,estimates,3073,47.99,6403353,6403353,100
TN,Tennessee,2012,1,2012-01,violent-crime,estimates,3127,48.46,6456243,6453115,99.95
TN,Tennessee,2012,2,2012-02,violent-crime,estimates,2797,43.32,6456243,6456243,100
TN,Tennessee,2012,3,2012-03,violent-crime,estimates,3579,55.47,6456243,6451639,99.93
TN,Tennessee,2012,4,2012-04,violent-crime,estimates,3473,53.82,6456243,6453115,99.95
TN,Tennessee,2012,5,2012-05,violent-crime,estimates,3910,60.59,6456243,6453115,99.95
TN,Tennessee,2012,6,2012-06,violent-crime,estimates,3803,58.9,6456243,6456243,100
TN,Tennessee,2012,7,2012-07,violent-crime,estimates,3830,59.32,6456243,6456243,100
TN,Tennessee,2012,8,2012-08,violent-crime,estimates,3678,57,6456243,6453115,99.95
TN,Tennessee,2012,9,2012-09,violent-crime,estimates,3428,53.12,6456243,6453115,99.95
TN,Tennessee,2012,10,2012-10,violent-crime,estimates,3308,51.26,6456243,6453115,99.95
TN,Tennessee,2012,11,2012-11,violent-crime,estimates,3036,47.05,6456243,6453115,99.95
TN,Tennessee,2012,12,2012-12,violent-crime,estimates,3160,48.97,6456243,6453115,99.95
TN,Tennessee,2013,1,2013-01,violent-crime,estimates,2975,45.8,6495978,6495978,100
TN,Tennessee,2013,2,2013-02,violent-crime,estimates,2421,37.27,6495978,6495978,100
TN,Tennessee,2013,3,2013-03,violent-crime,estimates,2842,43.75,6495978,6495978,100
TN,Tennessee,2013,4,2013-04,violent-crime,estimates,3339,51.41,6495978,6495260,99.99
TN,Tennessee,2013,5,2013-05,violent-crime,estimates,3457,53.22,6495978,6495978,100
TN,Tennessee,2013,6,2013-06,violent-crime,estimates,3614,55.64,6495978,6495260,99.99
TN,Tennessee,2013,7,2013-07,violent-crime,estimates,3503,53.93,6495978,6495978,100
TN,Tennessee,2013,8,2013-08,violent-crime,estimates,3577,55.06,6495978,6495978,100
TN,Tennessee,2013,9,2013-09,violent-crime,estimates,3256,50.12,6495978,6495978,100
TN,Tennessee,2013,10,2013-10,violent-crime,estimates,3227,49.68,6495978,6495978,100
TN,Tennessee,2013,11,2013-11,violent-crime,estimates,2793,43,6495978,6495978,100
TN,Tennessee,2013,12,2013-12,violent-crime,estimates,2886,44.43,6495978,6495978,100
TN,Tennessee,2014,1,2014-01,violent-crime,estimates,2946,44.98,6549352,6549352,100
TN,Tennessee,2014,2,2014-02,violent-crime,estimates,2413,36.84,6549352,6549352,100
TN,Tennessee,2014,3,2014-03,violent-crime,estimates,3253,49.67,6549352,6549352,100
TN,Tennessee,2014,4,2014-04,violent-crime,estimates,3411,52.08,6549352,6549352,100
TN,Tennessee,2014,5,2014-05,violent-crime,estimates,3856,58.88,6549352,6549352,100
TN,Tennessee,2014,6,2014-06,violent-crime,estimates,3546,54.14,6549352,6549352,100
TN,Tennessee,2014,7,2014-07,violent-crime,estimates,3759,57.39,6549352,6549352,100
TN,Tennessee,2014,8,2014-08,violent-crime,estimates,3841,58.65,6549352,6549352,100
TN,Tennessee,2014,9,2014-09,violent-crime,estimates,3351,51.17,6549352,6549352,100
TN,Tennessee,2014,10,2014-10,violent-crime,estimates,3308,50.51,6549352,6549352,100
TN,Tennessee,2014,11,2014-11,violent-crime,estimates,3012,45.99,6549352,6549352,100
TN,Tennessee,2014,12,2014-12,violent-crime,estimates,3147,48.06,6549352,6548670,99.99
TN,Tennessee,2015,1,2015-01,violent-crime,estimates,3093,46.86,6600299,6600299,100
TN,Tennessee,2015,2,2015-02,violent-crime,estimates,2304,34.93,6600299,6595525,99.93
TN,Tennessee,2015,3,2015-03,violent-crime,estimates,3158,47.85,6600299,6599441,99.99
TN,Tennessee,2015,4,2015-04,violent-crime,estimates,3294,49.94,6600299,6595816,99.93
TN,Tennessee,2015,5,2015-05,violent-crime,estimates,3825,57.95,6600299,6600299,100
TN,Tennessee,2015,6,2015-06,violent-crime,estimates,3777,57.22,6600299,6600299,100
TN,Tennessee,2015,7,2015-07,violent-crime,estimates,3856,58.45,6600299,6597243,99.95
TN,Tennessee,2015,8,2015-08,violent-crime,estimates,3912,59.29,6600299,6598104,99.97
TN,Tennessee,2015,9,2015-09,violent-crime,estimates,3527,53.45,6600299,6598781,99.98
TN,Tennessee,2015,10,2015-10,violent-crime,estimates,3402,51.54,6600299,6600299,100
TN,Tennessee,2015,11,2015-11,violent-crime,estimates,3211,48.65,6600299,6599595,99.99
TN,Tennessee,2015,12,2015-12,violent-crime,estimates,3452,52.33,6600299,6596901,99.95
TN,Tennessee,2016,1,2016-01,violent-crime,estimates,3354,50.43,6651194,6651194,100
TN,Tennessee,2016,2,2016-02,violent-crime,estimates,2877,43.26,6651194,6651194,100
TN,Tennessee,2016,3,2016-03,violent-crime,estimates,3440,51.72,6651194,6651194,100
TN,Tennessee,2016,4,2016-04,violent-crime,estimates,3512,52.8,6651194,6651194,100
TN,Tennessee,2016,5,2016-05,violent-crime,estimates,3744,56.29,6651194,6651194,100
TN,Tennessee,2016,6,2016-06,violent-crime,estimates,3728,56.05,6651194,6651194,100
TN,Tennessee,2016,7,2016-07,violent-crime,estimates,3690,55.49,6651194,6649600,99.98
TN,Tennessee,2016,8,2016-08,violent-crime,estimates,3808,57.27,6651194,6649600,99.98
TN,Tennessee,2016,9,2016-09,violent-crime,estimates,3701,55.66,6651194,6649600,99.98
TN,Tennessee,2016,10,2016-10,violent-crime,estimates,3882,58.38,6651194,6649600,99.98
TN,Tennessee,2016,11,2016-11,violent-crime,estimates,3268,49.15,6651194,6649600,99.98
TN,Tennessee,2016,12,2016-12,violent-crime,estimates,3670,55.19,6651194,6649600,99.98
TN,Tennessee,2017,1,2017-01,violent-crime,estimates,3738,55.66,6715984,6715984,100
TN,Tennessee,2017,2,2017-02,violent-crime,estimates,2909,43.31,6715984,6715984,100
TN,Tennessee,2017,3,2017-03,violent-crime,estimates,3514,52.32,6715984,6715984,100
TN,Tennessee,2017,4,2017-04,violent-crime,estimates,3720,55.39,6715984,6715984,100
TN,Tennessee,2017,5,2017-05,violent-crime,estimates,4167,62.05,6715984,6715984,100
TN,Tennessee,2017,6,2017-06,violent-crime,estimates,3940,58.67,6715984,6715984,100
TN,Tennessee,2017,7,2017-07,violent-crime,estimates,4083,60.8,6715984,6715984,100
TN,Tennessee,2017,8,2017-08,violent-crime,estimates,3914,58.28,6715984,6715984,100
TN,Tennessee,2017,9,2017-09,violent-crime,estimates,3646,54.29,6715984,6715984,100
TN,Tennessee,2017,10,2017-10,violent-crime,estimates,3796,56.52,6715984,6715984,100
TN,Tennessee,2017,11,2017-11,violent-crime,estimates,3375,50.25,6715984,6715984,100
TN,Tennessee,2017,12,2017-12,violent-crime,estimates,3228,48.06,6715984,6715984,100
TX,Texas,1999,1,1999-01,violent-crime,estimates,9059,45.3,20044000,19999218,99.78
TX,Texas,1999,2,1999-02,violent-crime,estimates,7771,38.85,20044000,20001247,99.79
TX,Texas,1999,3,1999-03,violent-crime,estimates,8557,42.78,20044000,20001899,99.79
TX,Texas,1999,4,1999-04,violent-crime,estimates,9524,47.63,20044000,19996233,99.76
TX,Texas,1999,5,1999-05,violent-crime,estimates,10269,51.36,20044000,19992446,99.74
TX,Texas,1999,6,1999-06,violent-crime,estimates,9452,47.26,20044000,20001422,99.79
TX,Texas,1999,7,1999-07,violent-crime,estimates,9857,49.34,20044000,19979320,99.68
TX,Texas,1999,8,1999-08,violent-crime,estimates,9923,49.78,20044000,19933490,99.45
TX,Texas,1999,9,1999-09,violent-crime,estimates,9445,47.48,20044000,19892445,99.24
TX,Texas,1999,10,1999-10,violent-crime,estimates,9491,48.07,20044000,19743053,98.5
TX,Texas,1999,11,1999-11,violent-crime,estimates,9156,46.33,20044000,19763644,98.6
TX,Texas,1999,12,1999-12,violent-crime,estimates,9131,46.3,20044000,19720702,98.39
TX,Texas,2000,1,2000-01,violent-crime,estimates,9268,44.67,20851820,20747919,99.5
TX,Texas,2000,2,2000-02,violent-crime,estimates,8186,39.4,20851820,20779156,99.65
TX,Texas,2000,3,2000-03,violent-crime,estimates,9016,43.4,20851820,20772943,99.62
TX,Texas,2000,4,2000-04,violent-crime,estimates,9508,45.77,20851820,20772943,99.62
TX,Texas,2000,5,2000-05,violent-crime,estimates,10419,50.16,20851820,20772943,99.62
TX,Texas,2000,6,2000-06,violent-crime,estimates,9604,46.34,20851820,20727256,99.4
TX,Texas,2000,7,2000-07,violent-crime,estimates,10517,50.74,20851820,20726092,99.4
TX,Texas,2000,8,2000-08,violent-crime,estimates,9880,47.7,20851820,20713984,99.34
TX,Texas,2000,9,2000-09,violent-crime,estimates,9591,46.27,20851820,20729317,99.41
TX,Texas,2000,10,2000-10,violent-crime,estimates,9752,47.08,20851820,20715462,99.35
TX,Texas,2000,11,2000-11,violent-crime,estimates,8706,42.15,20851820,20653664,99.05
TX,Texas,2000,12,2000-12,violent-crime,estimates,8823,42.72,20851820,20653664,99.05
TX,Texas,2001,1,2001-01,violent-crime,estimates,9105,42.91,21325018,21218055,99.5
TX,Texas,2001,2,2001-02,violent-crime,estimates,8316,39.19,21325018,21218055,99.5
TX,Texas,2001,3,2001-03,violent-crime,estimates,9502,44.78,21325018,21218055,99.5
TX,Texas,2001,4,2001-04,violent-crime,estimates,10349,48.64,21325018,21276601,99.77
TX,Texas,2001,5,2001-05,violent-crime,estimates,10513,49.52,21325018,21229729,99.55
TX,Texas,2001,6,2001-06,violent-crime,estimates,10349,48.77,21325018,21218055,99.5
TX,Texas,2001,7,2001-07,violent-crime,estimates,11216,52.94,21325018,21185618,99.35
TX,Texas,2001,8,2001-08,violent-crime,estimates,10621,50.24,21325018,21138746,99.13
TX,Texas,2001,9,2001-09,violent-crime,estimates,10679,50.56,21325018,21122097,99.05
TX,Texas,2001,10,2001-10,violent-crime,estimates,10965,51.91,21325018,21122097,99.05
TX,Texas,2001,11,2001-11,violent-crime,estimates,9855,46.53,21325018,21180643,99.32
TX,Texas,2001,12,2001-12,violent-crime,estimates,9978,47.08,21325018,21192317,99.38
TX,Texas,2002,1,2002-01,violent-crime,estimates,9782,44.96,21779893,21756274,99.89
TX,Texas,2002,2,2002-02,violent-crime,estimates,8249,37.91,21779893,21757233,99.9
TX,Texas,2002,3,2002-03,violent-crime,estimates,10086,46.36,21779893,21756783,99.89
TX,Texas,2002,4,2002-04,violent-crime,estimates,10723,49.29,21779893,21756783,99.89
TX,Texas,2002,5,2002-05,violent-crime,estimates,11073,50.91,21779893,21749986,99.86
TX,Texas,2002,6,2002-06,violent-crime,estimates,10913,50.16,21779893,21756783,99.89
TX,Texas,2002,7,2002-07,violent-crime,estimates,11651,53.57,21779893,21749986,99.86
TX,Texas,2002,8,2002-08,violent-crime,estimates,12208,56.13,21779893,21749986,99.86
TX,Texas,2002,9,2002-09,violent-crime,estimates,11145,51.23,21779893,21755592,99.89
TX,Texas,2002,10,2002-10,violent-crime,estimates,10049,46.19,21779893,21755592,99.89
TX,Texas,2002,11,2002-11,violent-crime,estimates,9839,45.22,21779893,21756783,99.89
TX,Texas,2002,12,2002-12,violent-crime,estimates,9943,45.7,21779893,21756783,99.89
TX,Texas,2003,1,2003-01,violent-crime,estimates,9631,43.58,22118509,22100342,99.92
TX,Texas,2003,2,2003-02,violent-crime,estimates,7741,35.03,22118509,22099815,99.92
TX,Texas,2003,3,2003-03,violent-crime,estimates,9946,45.01,22118509,22095589,99.9
TX,Texas,2003,4,2003-04,violent-crime,estimates,10586,47.9,22118509,22100342,99.92
TX,Texas,2003,5,2003-05,violent-crime,estimates,11357,51.39,22118509,22100342,99.92
TX,Texas,2003,6,2003-06,violent-crime,estimates,10516,47.58,22118509,22099853,99.92
TX,Texas,2003,7,2003-07,violent-crime,estimates,10891,49.35,22118509,22070040,99.78
TX,Texas,2003,8,2003-08,violent-crime,estimates,10983,49.78,22118509,22065287,99.76
TX,Texas,2003,9,2003-09,violent-crime,estimates,10366,47.14,22118509,21989493,99.42
TX,Texas,2003,10,2003-10,violent-crime,estimates,10693,48.46,22118509,22064499,99.76
TX,Texas,2003,11,2003-11,violent-crime,estimates,9573,43.39,22118509,22064499,99.76
TX,Texas,2003,12,2003-12,violent-crime,estimates,9847,44.63,22118509,22063174,99.75
TX,Texas,2004,1,2004-01,violent-crime,estimates,9689,43.13,22490022,22464844,99.89
TX,Texas,2004,2,2004-02,violent-crime,estimates,8386,37.34,22490022,22459636,99.86
TX,Texas,2004,3,2004-03,violent-crime,estimates,10120,45.05,22490022,22465719,99.89
TX,Texas,2004,4,2004-04,violent-crime,estimates,9790,43.58,22490022,22465719,99.89
TX,Texas,2004,5,2004-05,violent-crime,estimates,10874,48.41,22490022,22464006,99.88
TX,Texas,2004,6,2004-06,violent-crime,estimates,10289,46.01,22490022,22364801,99.44
TX,Texas,2004,7,2004-07,violent-crime,estimates,11143,49.83,22490022,22361327,99.43
TX,Texas,2004,8,2004-08,violent-crime,estimates,11051,49.42,22490022,22361327,99.43
TX,Texas,2004,9,2004-09,violent-crime,estimates,10492,46.91,22490022,22368052,99.46
TX,Texas,2004,10,2004-10,violent-crime,estimates,10625,47.51,22490022,22365924,99.45
TX,Texas,2004,11,2004-11,violent-crime,estimates,9084,40.62,22490022,22364338,99.44
TX,Texas,2004,12,2004-12,violent-crime,estimates,9605,42.95,22490022,22364338,99.44
TX,Texas,2005,1,2005-01,violent-crime,estimates,9627,42.17,22859968,22829330,99.87
TX,Texas,2005,2,2005-02,violent-crime,estimates,7880,34.51,22859968,22833088,99.88
TX,Texas,2005,3,2005-03,violent-crime,estimates,9495,41.58,22859968,22836108,99.9
TX,Texas,2005,4,2005-04,violent-crime,estimates,10117,44.31,22859968,22833551,99.88
TX,Texas,2005,5,2005-05,violent-crime,estimates,10881,47.65,22859968,22835076,99.89
TX,Texas,2005,6,2005-06,violent-crime,estimates,10634,46.57,22859968,22835076,99.89
TX,Texas,2005,7,2005-07,violent-crime,estimates,11362,49.76,22859968,22833390,99.88
TX,Texas,2005,8,2005-08,violent-crime,estimates,11096,48.59,22859968,22833740,99.89
TX,Texas,2005,9,2005-09,violent-crime,estimates,10710,46.91,22859968,22830920,99.87
TX,Texas,2005,10,2005-10,violent-crime,estimates,10274,45,22859968,22830473,99.87
TX,Texas,2005,11,2005-11,violent-crime,estimates,9295,40.72,22859968,22826849,99.86
TX,Texas,2005,12,2005-12,violent-crime,estimates,9670,42.37,22859968,22823841,99.84
TX,Texas,2006,1,2006-01,violent-crime,estimates,9622,41,23507783,23468841,99.83
TX,Texas,2006,2,2006-02,violent-crime,estimates,8048,34.29,23507783,23468706,99.83
TX,Texas,2006,3,2006-03,violent-crime,estimates,9952,42.41,23507783,23467418,99.83
TX,Texas,2006,4,2006-04,violent-crime,estimates,10833,46.17,23507783,23465327,99.82
TX,Texas,2006,5,2006-05,violent-crime,estimates,11462,48.84,23507783,23467624,99.83
TX,Texas,2006,6,2006-06,violent-crime,estimates,10502,44.75,23507783,23467624,99.83
TX,Texas,2006,7,2006-07,violent-crime,estimates,11653,49.63,23507783,23479265,99.88
TX,Texas,2006,8,2006-08,violent-crime,estimates,10807,46.06,23507783,23464800,99.82
TX,Texas,2006,9,2006-09,violent-crime,estimates,10112,43.07,23507783,23476668,99.87
TX,Texas,2006,10,2006-10,violent-crime,estimates,9927,42.29,23507783,23474187,99.86
TX,Texas,2006,11,2006-11,violent-crime,estimates,9296,39.6,23507783,23473805,99.86
TX,Texas,2006,12,2006-12,violent-crime,estimates,9266,39.48,23507783,23468934,99.83
TX,Texas,2007,1,2007-01,violent-crime,estimates,9189,38.48,23904380,23877934,99.89
TX,Texas,2007,2,2007-02,violent-crime,estimates,8187,34.29,23904380,23877934,99.89
TX,Texas,2007,3,2007-03,violent-crime,estimates,10005,41.9,23904380,23877934,99.89
TX,Texas,2007,4,2007-04,violent-crime,estimates,9911,41.51,23904380,23876768,99.88
TX,Texas,2007,5,2007-05,violent-crime,estimates,11208,46.94,23904380,23876250,99.88
TX,Texas,2007,6,2007-06,violent-crime,estimates,10751,45.03,23904380,23875254,99.88
TX,Texas,2007,7,2007-07,violent-crime,estimates,11318,47.4,23904380,23875576,99.88
TX,Texas,2007,8,2007-08,violent-crime,estimates,10622,44.52,23904380,23861130,99.82
TX,Texas,2007,9,2007-09,violent-crime,estimates,10817,45.32,23904380,23866571,99.84
TX,Texas,2007,10,2007-10,violent-crime,estimates,10204,42.76,23904380,23865575,99.84
TX,Texas,2007,11,2007-11,violent-crime,estimates,9631,40.36,23904380,23860486,99.82
TX,Texas,2007,12,2007-12,violent-crime,estimates,10093,42.3,23904380,23860486,99.82
TX,Texas,2008,1,2008-01,violent-crime,estimates,9809,40.36,24326974,24305722,99.91
TX,Texas,2008,2,2008-02,violent-crime,estimates,8757,36.03,24326974,24305722,99.91
TX,Texas,2008,3,2008-03,violent-crime,estimates,10095,41.54,24326974,24304594,99.91
TX,Texas,2008,4,2008-04,violent-crime,estimates,10157,41.79,24326974,24304594,99.91
TX,Texas,2008,5,2008-05,violent-crime,estimates,11216,46.15,24326974,24304594,99.91
TX,Texas,2008,6,2008-06,violent-crime,estimates,10774,44.33,24326974,24303640,99.9
TX,Texas,2008,7,2008-07,violent-crime,estimates,11155,45.9,24326974,24303640,99.9
TX,Texas,2008,8,2008-08,violent-crime,estimates,11517,47.39,24326974,24304594,99.91
TX,Texas,2008,9,2008-09,violent-crime,estimates,10048,41.34,24326974,24305393,99.91
TX,Texas,2008,10,2008-10,violent-crime,estimates,10569,43.49,24326974,24303672,99.9
TX,Texas,2008,11,2008-11,violent-crime,estimates,9503,39.1,24326974,24302654,99.9
TX,Texas,2008,12,2008-12,violent-crime,estimates,9897,40.72,24326974,24302654,99.9
TX,Texas,2009,1,2009-01,violent-crime,estimates,9486,38.3,24782302,24765628,99.93
TX,Texas,2009,2,2009-02,violent-crime,estimates,8106,32.73,24782302,24767308,99.94
TX,Texas,2009,3,2009-03,violent-crime,estimates,9845,39.75,24782302,24767308,99.94
TX,Texas,2009,4,2009-04,violent-crime,estimates,10144,40.96,24782302,24767308,99.94
TX,Texas,2009,5,2009-05,violent-crime,estimates,11410,46.07,24782302,24767308,99.94
TX,Texas,2009,6,2009-06,violent-crime,estimates,10624,42.9,24782302,24767308,99.94
TX,Texas,2009,7,2009-07,violent-crime,estimates,11152,45.03,24782302,24763853,99.93
TX,Texas,2009,8,2009-08,violent-crime,estimates,11245,45.41,24782302,24764754,99.93
TX,Texas,2009,9,2009-09,violent-crime,estimates,10436,42.14,24782302,24764754,99.93
TX,Texas,2009,10,2009-10,violent-crime,estimates,10059,40.62,24782302,24763330,99.92
TX,Texas,2009,11,2009-11,violent-crime,estimates,9758,39.46,24782302,24726269,99.77
TX,Texas,2009,12,2009-12,violent-crime,estimates,9329,37.73,24782302,24726269,99.77
TX,Texas,2010,1,2010-01,violent-crime,estimates,9102,36.28,25145561,25090934,99.78
TX,Texas,2010,2,2010-02,violent-crime,estimates,7288,29.05,25145561,25091874,99.79
TX,Texas,2010,3,2010-03,violent-crime,estimates,9417,37.48,25145561,25127277,99.93
TX,Texas,2010,4,2010-04,violent-crime,estimates,9892,39.37,25145561,25127277,99.93
TX,Texas,2010,5,2010-05,violent-crime,estimates,10815,43.04,25145561,25127277,99.93
TX,Texas,2010,6,2010-06,violent-crime,estimates,10081,40.12,25145561,25126188,99.92
TX,Texas,2010,7,2010-07,violent-crime,estimates,10162,40.45,25145561,25124199,99.92
TX,Texas,2010,8,2010-08,violent-crime,estimates,9974,39.7,25145561,25124199,99.92
TX,Texas,2010,9,2010-09,violent-crime,estimates,9283,36.95,25145561,25124199,99.92
TX,Texas,2010,10,2010-10,violent-crime,estimates,9730,38.73,25145561,25122835,99.91
TX,Texas,2010,11,2010-11,violent-crime,estimates,8822,35.12,25145561,25121714,99.91
TX,Texas,2010,12,2010-12,violent-crime,estimates,8520,33.97,25145561,25083941,99.75
TX,Texas,2011,1,2011-01,violent-crime,estimates,8351,32.58,25674681,25629269,99.82
TX,Texas,2011,2,2011-02,violent-crime,estimates,6796,26.52,25674681,25629269,99.82
TX,Texas,2011,3,2011-03,violent-crime,estimates,8476,33.07,25674681,25629269,99.82
TX,Texas,2011,4,2011-04,violent-crime,estimates,9447,36.86,25674681,25629269,99.82
TX,Texas,2011,5,2011-05,violent-crime,estimates,9786,38.18,25674681,25629269,99.82
TX,Texas,2011,6,2011-06,violent-crime,estimates,9296,36.27,25674681,25629269,99.82
TX,Texas,2011,7,2011-07,violent-crime,estimates,9498,37.06,25674681,25628826,99.82
TX,Texas,2011,8,2011-08,violent-crime,estimates,9123,35.6,25674681,25627980,99.82
TX,Texas,2011,9,2011-09,violent-crime,estimates,8951,34.93,25674681,25627980,99.82
TX,Texas,2011,10,2011-10,violent-crime,estimates,8655,33.77,25674681,25627980,99.82
TX,Texas,2011,11,2011-11,violent-crime,estimates,7989,31.17,25674681,25627980,99.82
TX,Texas,2011,12,2011-12,violent-crime,estimates,8275,32.29,25674681,25627980,99.82
TX,Texas,2012,1,2012-01,violent-crime,estimates,8776,33.78,26059203,25976367,99.68
TX,Texas,2012,2,2012-02,violent-crime,estimates,7186,27.64,26059203,25995733,99.76
TX,Texas,2012,3,2012-03,violent-crime,estimates,9010,34.65,26059203,26005026,99.79
TX,Texas,2012,4,2012-04,violent-crime,estimates,9170,35.26,26059203,26005026,99.79
TX,Texas,2012,5,2012-05,violent-crime,estimates,9333,35.89,26059203,26005026,99.79
TX,Texas,2012,6,2012-06,violent-crime,estimates,9227,35.48,26059203,26005026,99.79
TX,Texas,2012,7,2012-07,violent-crime,estimates,9531,36.66,26059203,25996856,99.76
TX,Texas,2012,8,2012-08,violent-crime,estimates,9247,35.57,26059203,25999871,99.77
TX,Texas,2012,9,2012-09,violent-crime,estimates,8989,34.57,26059203,25999871,99.77
TX,Texas,2012,10,2012-10,violent-crime,estimates,8966,34.48,26059203,26001020,99.78
TX,Texas,2012,11,2012-11,violent-crime,estimates,8492,32.68,26059203,25986049,99.72
TX,Texas,2012,12,2012-12,violent-crime,estimates,8391,32.29,26059203,25986049,99.72
TX,Texas,2013,1,2013-01,violent-crime,estimates,8681,32.98,26448193,26321048,99.52
TX,Texas,2013,2,2013-02,violent-crime,estimates,7429,28.19,26448193,26353492,99.64
TX,Texas,2013,3,2013-03,violent-crime,estimates,8370,31.76,26448193,26355525,99.65
TX,Texas,2013,4,2013-04,violent-crime,estimates,8665,32.92,26448193,26320257,99.52
TX,Texas,2013,5,2013-05,violent-crime,estimates,9533,36.2,26448193,26335297,99.57
TX,Texas,2013,6,2013-06,violent-crime,estimates,9120,34.61,26448193,26351709,99.64
TX,Texas,2013,7,2013-07,violent-crime,estimates,9617,36.51,26448193,26341551,99.6
TX,Texas,2013,8,2013-08,violent-crime,estimates,9525,36.19,26448193,26316728,99.5
TX,Texas,2013,9,2013-09,violent-crime,estimates,9032,34.34,26448193,26302250,99.45
TX,Texas,2013,10,2013-10,violent-crime,estimates,9036,34.36,26448193,26296635,99.43
TX,Texas,2013,11,2013-11,violent-crime,estimates,8346,31.77,26448193,26274100,99.34
TX,Texas,2013,12,2013-12,violent-crime,estimates,8539,32.53,26448193,26250644,99.25
TX,Texas,2014,1,2014-01,violent-crime,estimates,8929,33.3,26956958,26812264,99.46
TX,Texas,2014,2,2014-02,violent-crime,estimates,7270,27.11,26956958,26812264,99.46
TX,Texas,2014,3,2014-03,violent-crime,estimates,8292,30.92,26956958,26818330,99.49
TX,Texas,2014,4,2014-04,violent-crime,estimates,9026,33.66,26956958,26817215,99.48
TX,Texas,2014,5,2014-05,violent-crime,estimates,9717,36.23,26956958,26817215,99.48
TX,Texas,2014,6,2014-06,violent-crime,estimates,9618,35.88,26956958,26805291,99.44
TX,Texas,2014,7,2014-07,violent-crime,estimates,9680,36.1,26956958,26812458,99.46
TX,Texas,2014,8,2014-08,violent-crime,estimates,9861,36.79,26956958,26801224,99.42
TX,Texas,2014,9,2014-09,violent-crime,estimates,9312,34.74,26956958,26801982,99.43
TX,Texas,2014,10,2014-10,violent-crime,estimates,9353,34.89,26956958,26804664,99.44
TX,Texas,2014,11,2014-11,violent-crime,estimates,8939,33.33,26956958,26823099,99.5
TX,Texas,2014,12,2014-12,violent-crime,estimates,9241,34.49,26956958,26794541,99.4
TX,Texas,2015,1,2015-01,violent-crime,estimates,8795,32.13,27469114,27370789,99.64
TX,Texas,2015,2,2015-02,violent-crime,estimates,7328,26.78,27469114,27358933,99.6
TX,Texas,2015,3,2015-03,violent-crime,estimates,8953,32.71,27469114,27373606,99.65
TX,Texas,2015,4,2015-04,violent-crime,estimates,9352,34.19,27469114,27356947,99.59
TX,Texas,2015,5,2015-05,violent-crime,estimates,10136,37.07,27469114,27340099,99.53
TX,Texas,2015,6,2015-06,violent-crime,estimates,9653,35.28,27469114,27359931,99.6
TX,Texas,2015,7,2015-07,violent-crime,estimates,10313,37.68,27469114,27369916,99.64
TX,Texas,2015,8,2015-08,violent-crime,estimates,10347,37.81,27469114,27366472,99.63
TX,Texas,2015,9,2015-09,violent-crime,estimates,9637,35.21,27469114,27369532,99.64
TX,Texas,2015,10,2015-10,violent-crime,estimates,9633,35.22,27469114,27353764,99.58
TX,Texas,2015,11,2015-11,violent-crime,estimates,9135,33.39,27469114,27355710,99.59
TX,Texas,2015,12,2015-12,violent-crime,estimates,9595,35.07,27469114,27360580,99.6
TX,Texas,2016,1,2016-01,violent-crime,estimates,9833,35.44,27862596,27746127,99.58
TX,Texas,2016,2,2016-02,violent-crime,estimates,8560,30.86,27862596,27740204,99.56
TX,Texas,2016,3,2016-03,violent-crime,estimates,9699,34.99,27862596,27721792,99.49
TX,Texas,2016,4,2016-04,violent-crime,estimates,10129,36.54,27862596,27717675,99.48
TX,Texas,2016,5,2016-05,violent-crime,estimates,10538,38.07,27862596,27679361,99.34
TX,Texas,2016,6,2016-06,violent-crime,estimates,10183,36.8,27862596,27674203,99.32
TX,Texas,2016,7,2016-07,violent-crime,estimates,10872,39.27,27862596,27682834,99.35
TX,Texas,2016,8,2016-08,violent-crime,estimates,10306,37.25,27862596,27666878,99.3
TX,Texas,2016,9,2016-09,violent-crime,estimates,10233,36.98,27862596,27672626,99.32
TX,Texas,2016,10,2016-10,violent-crime,estimates,10530,38.05,27862596,27676430,99.33
TX,Texas,2016,11,2016-11,violent-crime,estimates,9501,34.33,27862596,27679098,99.34
TX,Texas,2016,12,2016-12,violent-crime,estimates,10157,36.73,27862596,27655252,99.26
TX,Texas,2017,1,2017-01,violent-crime,estimates,10602,37.71,28304596,28114262,99.33
TX,Texas,2017,2,2017-02,violent-crime,estimates,9361,33.36,28304596,28063161,99.15
TX,Texas,2017,3,2017-03,violent-crime,estimates,10199,36.35,28304596,28056292,99.12
TX,Texas,2017,4,2017-04,violent-crime,estimates,10362,36.88,28304596,28098021,99.27
TX,Texas,2017,5,2017-05,violent-crime,estimates,11199,39.95,28304596,28030944,99.03
TX,Texas,2017,6,2017-06,violent-crime,estimates,10491,37.41,28304596,28043221,99.08
TX,Texas,2017,7,2017-07,violent-crime,estimates,10999,39.24,28304596,28029642,99.03
TX,Texas,2017,8,2017-08,violent-crime,estimates,10434,37.21,28304596,28041732,99.07
TX,Texas,2017,9,2017-09,violent-crime,estimates,9914,35.38,28304596,28023184,99.01
TX,Texas,2017,10,2017-10,violent-crime,estimates,10049,35.85,28304596,28034448,99.05
TX,Texas,2017,11,2017-11,violent-crime,estimates,9932,35.41,28304596,28045303,99.08
TX,Texas,2017,12,2017-12,violent-crime,estimates,9693,34.56,28304596,28050584,99.1
UT,Utah,1999,1,1999-01,violent-crime,estimates,476,22.59,2130000,2107538,98.95
UT,Utah,1999,2,1999-02,violent-crime,estimates,411,19.5,2130000,2107538,98.95
UT,Utah,1999,3,1999-03,violent-crime,estimates,494,23.44,2130000,2107538,98.95
UT,Utah,1999,4,1999-04,violent-crime,estimates,467,22.25,2130000,2098621,98.53
UT,Utah,1999,5,1999-05,violent-crime,estimates,533,25.55,2130000,2086217,97.94
UT,Utah,1999,6,1999-06,violent-crime,estimates,442,21.02,2130000,2103205,98.74
UT,Utah,1999,7,1999-07,violent-crime,estimates,526,25.03,2130000,2101624,98.67
UT,Utah,1999,8,1999-08,violent-crime,estimates,551,26.22,2130000,2101357,98.66
UT,Utah,1999,9,1999-09,violent-crime,estimates,521,24.88,2130000,2094234,98.32
UT,Utah,1999,10,1999-10,violent-crime,estimates,492,23.49,2130000,2094234,98.32
UT,Utah,1999,11,1999-11,violent-crime,estimates,490,23.45,2130000,2089684,98.11
UT,Utah,1999,12,1999-12,violent-crime,estimates,439,21.09,2130000,2082036,97.75
UT,Utah,2000,1,2000-01,violent-crime,estimates,474,21.39,2233169,2215968,99.23
UT,Utah,2000,2,2000-02,violent-crime,estimates,436,19.69,2233169,2214694,99.17
UT,Utah,2000,3,2000-03,violent-crime,estimates,426,19.22,2233169,2215968,99.23
UT,Utah,2000,4,2000-04,violent-crime,estimates,483,21.81,2233169,2214694,99.17
UT,Utah,2000,5,2000-05,violent-crime,estimates,518,23.46,2233169,2207624,98.86
UT,Utah,2000,6,2000-06,violent-crime,estimates,506,22.92,2233169,2207624,98.86
UT,Utah,2000,7,2000-07,violent-crime,estimates,563,25.45,2233169,2212129,99.06
UT,Utah,2000,8,2000-08,violent-crime,estimates,446,23.84,2233169,1870871,83.78
UT,Utah,2000,9,2000-09,violent-crime,estimates,383,17.35,2233169,2207430,98.85
UT,Utah,2000,10,2000-10,violent-crime,estimates,428,22.95,2233169,1864829,83.51
UT,Utah,2000,11,2000-11,violent-crime,estimates,332,17.82,2233169,1863361,83.44
UT,Utah,2000,12,2000-12,violent-crime,estimates,354,19,2233169,1863361,83.44
UT,Utah,2001,1,2001-01,violent-crime,estimates,415,18.5,2269789,2243338,98.83
UT,Utah,2001,2,2001-02,violent-crime,estimates,391,17.39,2269789,2247917,99.04
UT,Utah,2001,3,2001-03,violent-crime,estimates,434,19.31,2269789,2247917,99.04
UT,Utah,2001,4,2001-04,violent-crime,estimates,439,19.53,2269789,2247917,99.04
UT,Utah,2001,5,2001-05,violent-crime,estimates,467,20.77,2269789,2247917,99.04
UT,Utah,2001,6,2001-06,violent-crime,estimates,480,21.42,2269789,2240731,98.72
UT,Utah,2001,7,2001-07,violent-crime,estimates,493,22.21,2269789,2219294,97.78
UT,Utah,2001,8,2001-08,violent-crime,estimates,402,18.11,2269789,2219294,97.78
UT,Utah,2001,9,2001-09,violent-crime,estimates,418,18.83,2269789,2219294,97.78
UT,Utah,2001,10,2001-10,violent-crime,estimates,454,20.46,2269789,2219294,97.78
UT,Utah,2001,11,2001-11,violent-crime,estimates,356,16.02,2269789,2222508,97.92
UT,Utah,2001,12,2001-12,violent-crime,estimates,456,20.54,2269789,2220518,97.83
UT,Utah,2002,1,2002-01,violent-crime,estimates,491,21.4,2316256,2294555,99.06
UT,Utah,2002,2,2002-02,violent-crime,estimates,356,15.51,2316256,2294555,99.06
UT,Utah,2002,3,2002-03,violent-crime,estimates,460,20.08,2316256,2290775,98.9
UT,Utah,2002,4,2002-04,violent-crime,estimates,440,19.18,2316256,2294555,99.06
UT,Utah,2002,5,2002-05,violent-crime,estimates,453,19.74,2316256,2294555,99.06
UT,Utah,2002,6,2002-06,violent-crime,estimates,496,21.62,2316256,2294555,99.06
UT,Utah,2002,7,2002-07,violent-crime,estimates,547,23.84,2316256,2294555,99.06
UT,Utah,2002,8,2002-08,violent-crime,estimates,510,22.23,2316256,2294555,99.06
UT,Utah,2002,9,2002-09,violent-crime,estimates,489,21.31,2316256,2294555,99.06
UT,Utah,2002,10,2002-10,violent-crime,estimates,453,19.74,2316256,2294555,99.06
UT,Utah,2002,11,2002-11,violent-crime,estimates,392,17.33,2316256,2261538,97.64
UT,Utah,2002,12,2002-12,violent-crime,estimates,411,17.91,2316256,2294555,99.06
UT,Utah,2003,1,2003-01,violent-crime,estimates,450,19.86,2351467,2265316,96.34
UT,Utah,2003,2,2003-02,violent-crime,estimates,434,19.28,2351467,2250763,95.72
UT,Utah,2003,3,2003-03,violent-crime,estimates,513,22.69,2351467,2261086,96.16
UT,Utah,2003,4,2003-04,violent-crime,estimates,492,21.72,2351467,2265316,96.34
UT,Utah,2003,5,2003-05,violent-crime,estimates,477,21.06,2351467,2265316,96.34
UT,Utah,2003,6,2003-06,violent-crime,estimates,438,19.39,2351467,2259328,96.08
UT,Utah,2003,7,2003-07,violent-crime,estimates,538,23.5,2351467,2289041,97.35
UT,Utah,2003,8,2003-08,violent-crime,estimates,475,20.75,2351467,2289041,97.35
UT,Utah,2003,9,2003-09,violent-crime,estimates,496,21.67,2351467,2289041,97.35
UT,Utah,2003,10,2003-10,violent-crime,estimates,443,19.42,2351467,2281657,97.03
UT,Utah,2003,11,2003-11,violent-crime,estimates,492,21.56,2351467,2281657,97.03
UT,Utah,2003,12,2003-12,violent-crime,estimates,406,17.81,2351467,2279739,96.95
UT,Utah,2004,1,2004-01,violent-crime,estimates,481,20.44,2389039,2353802,98.53
UT,Utah,2004,2,2004-02,violent-crime,estimates,396,16.82,2389039,2353802,98.53
UT,Utah,2004,3,2004-03,violent-crime,estimates,472,20.05,2389039,2353802,98.53
UT,Utah,2004,4,2004-04,violent-crime,estimates,466,19.8,2389039,2353802,98.53
UT,Utah,2004,5,2004-05,violent-crime,estimates,517,22.07,2389039,2342482,98.05
UT,Utah,2004,6,2004-06,violent-crime,estimates,461,19.64,2389039,2347523,98.26
UT,Utah,2004,7,2004-07,violent-crime,estimates,563,23.94,2389039,2352185,98.46
UT,Utah,2004,8,2004-08,violent-crime,estimates,524,22.28,2389039,2352185,98.46
UT,Utah,2004,9,2004-09,violent-crime,estimates,447,19,2389039,2352185,98.46
UT,Utah,2004,10,2004-10,violent-crime,estimates,458,19.48,2389039,2350851,98.4
UT,Utah,2004,11,2004-11,violent-crime,estimates,348,14.8,2389039,2350851,98.4
UT,Utah,2004,12,2004-12,violent-crime,estimates,450,19.18,2389039,2345702,98.19
UT,Utah,2005,1,2005-01,violent-crime,estimates,487,20.47,2469585,2379633,96.36
UT,Utah,2005,2,2005-02,violent-crime,estimates,350,14.71,2469585,2379633,96.36
UT,Utah,2005,3,2005-03,violent-crime,estimates,439,18.01,2469585,2437022,98.68
UT,Utah,2005,4,2005-04,violent-crime,estimates,450,18.47,2469585,2437022,98.68
UT,Utah,2005,5,2005-05,violent-crime,estimates,480,19.67,2469585,2439773,98.79
UT,Utah,2005,6,2005-06,violent-crime,estimates,511,20.98,2469585,2435529,98.62
UT,Utah,2005,7,2005-07,violent-crime,estimates,546,22.42,2469585,2435529,98.62
UT,Utah,2005,8,2005-08,violent-crime,estimates,565,23.2,2469585,2435529,98.62
UT,Utah,2005,9,2005-09,violent-crime,estimates,485,19.9,2469585,2437022,98.68
UT,Utah,2005,10,2005-10,violent-crime,estimates,481,19.74,2469585,2437022,98.68
UT,Utah,2005,11,2005-11,violent-crime,estimates,429,17.67,2469585,2427368,98.29
UT,Utah,2005,12,2005-12,violent-crime,estimates,414,16.98,2469585,2437607,98.71
UT,Utah,2006,1,2006-01,violent-crime,estimates,447,17.82,2550063,2509061,98.39
UT,Utah,2006,2,2006-02,violent-crime,estimates,374,14.91,2550063,2509061,98.39
UT,Utah,2006,3,2006-03,violent-crime,estimates,471,18.85,2550063,2499180,98
UT,Utah,2006,4,2006-04,violent-crime,estimates,455,18.21,2550063,2499180,98
UT,Utah,2006,5,2006-05,violent-crime,estimates,539,21.57,2550063,2499180,98
UT,Utah,2006,6,2006-06,violent-crime,estimates,435,17.41,2550063,2499180,98
UT,Utah,2006,7,2006-07,violent-crime,estimates,500,20.02,2550063,2497919,97.96
UT,Utah,2006,8,2006-08,violent-crime,estimates,541,21.66,2550063,2497919,97.96
UT,Utah,2006,9,2006-09,violent-crime,estimates,514,20.51,2550063,2506138,98.28
UT,Utah,2006,10,2006-10,violent-crime,estimates,491,19.59,2550063,2506138,98.28
UT,Utah,2006,11,2006-11,violent-crime,estimates,453,18.08,2550063,2506138,98.28
UT,Utah,2006,12,2006-12,violent-crime,estimates,466,18.59,2550063,2506138,98.28
UT,Utah,2007,1,2007-01,violent-crime,estimates,454,17.45,2645330,2602424,98.38
UT,Utah,2007,2,2007-02,violent-crime,estimates,405,15.59,2645330,2597261,98.18
UT,Utah,2007,3,2007-03,violent-crime,estimates,455,17.48,2645330,2602424,98.38
UT,Utah,2007,4,2007-04,violent-crime,estimates,511,19.64,2645330,2602424,98.38
UT,Utah,2007,5,2007-05,violent-crime,estimates,539,20.71,2645330,2602424,98.38
UT,Utah,2007,6,2007-06,violent-crime,estimates,554,21.29,2645330,2602424,98.38
UT,Utah,2007,7,2007-07,violent-crime,estimates,592,22.64,2645330,2614739,98.84
UT,Utah,2007,8,2007-08,violent-crime,estimates,597,22.83,2645330,2614739,98.84
UT,Utah,2007,9,2007-09,violent-crime,estimates,566,21.65,2645330,2614739,98.84
UT,Utah,2007,10,2007-10,violent-crime,estimates,564,21.58,2645330,2613096,98.78
UT,Utah,2007,11,2007-11,violent-crime,estimates,509,19.52,2645330,2607933,98.59
UT,Utah,2007,12,2007-12,violent-crime,estimates,525,20.13,2645330,2607933,98.59
UT,Utah,2008,1,2008-01,violent-crime,estimates,494,18.36,2736424,2690591,98.33
UT,Utah,2008,2,2008-02,violent-crime,estimates,395,14.68,2736424,2690591,98.33
UT,Utah,2008,3,2008-03,violent-crime,estimates,480,17.84,2736424,2690591,98.33
UT,Utah,2008,4,2008-04,violent-crime,estimates,440,16.35,2736424,2690591,98.33
UT,Utah,2008,5,2008-05,violent-crime,estimates,513,19.07,2736424,2690591,98.33
UT,Utah,2008,6,2008-06,violent-crime,estimates,566,21.04,2736424,2690591,98.33
UT,Utah,2008,7,2008-07,violent-crime,estimates,555,20.55,2736424,2700838,98.7
UT,Utah,2008,8,2008-08,violent-crime,estimates,602,22.29,2736424,2700838,98.7
UT,Utah,2008,9,2008-09,violent-crime,estimates,504,18.66,2736424,2700838,98.7
UT,Utah,2008,10,2008-10,violent-crime,estimates,535,19.81,2736424,2700838,98.7
UT,Utah,2008,11,2008-11,violent-crime,estimates,492,18.22,2736424,2700838,98.7
UT,Utah,2008,12,2008-12,violent-crime,estimates,522,19.33,2736424,2700838,98.7
UT,Utah,2009,1,2009-01,violent-crime,estimates,524,19.03,2784572,2752966,98.86
UT,Utah,2009,2,2009-02,violent-crime,estimates,460,16.71,2784572,2752966,98.86
UT,Utah,2009,3,2009-03,violent-crime,estimates,528,19.2,2784572,2749886,98.75
UT,Utah,2009,4,2009-04,violent-crime,estimates,392,14.26,2784572,2749886,98.75
UT,Utah,2009,5,2009-05,violent-crime,estimates,491,17.86,2784572,2749886,98.75
UT,Utah,2009,6,2009-06,violent-crime,estimates,457,16.62,2784572,2749886,98.75
UT,Utah,2009,7,2009-07,violent-crime,estimates,549,19.96,2784572,2749886,98.75
UT,Utah,2009,8,2009-08,violent-crime,estimates,570,20.73,2784572,2749886,98.75
UT,Utah,2009,9,2009-09,violent-crime,estimates,487,17.71,2784572,2749886,98.75
UT,Utah,2009,10,2009-10,violent-crime,estimates,483,17.56,2784572,2749886,98.75
UT,Utah,2009,11,2009-11,violent-crime,estimates,471,17.13,2784572,2749886,98.75
UT,Utah,2009,12,2009-12,violent-crime,estimates,535,19.46,2784572,2749886,98.75
UT,Utah,2010,1,2010-01,violent-crime,estimates,476,17.52,2763885,2717427,98.32
UT,Utah,2010,2,2010-02,violent-crime,estimates,458,16.85,2763885,2717427,98.32
UT,Utah,2010,3,2010-03,violent-crime,estimates,497,18.29,2763885,2717427,98.32
UT,Utah,2010,4,2010-04,violent-crime,estimates,503,18.51,2763885,2717427,98.32
UT,Utah,2010,5,2010-05,violent-crime,estimates,489,17.94,2763885,2725025,98.59
UT,Utah,2010,6,2010-06,violent-crime,estimates,463,17.03,2763885,2718375,98.35
UT,Utah,2010,7,2010-07,violent-crime,estimates,563,20.7,2763885,2719427,98.39
UT,Utah,2010,8,2010-08,violent-crime,estimates,507,18.67,2763885,2715115,98.24
UT,Utah,2010,9,2010-09,violent-crime,estimates,487,17.94,2763885,2715115,98.24
UT,Utah,2010,10,2010-10,violent-crime,estimates,504,18.56,2763885,2715115,98.24
UT,Utah,2010,11,2010-11,violent-crime,estimates,402,14.81,2763885,2715115,98.24
UT,Utah,2010,12,2010-12,violent-crime,estimates,516,19,2763885,2715115,98.24
UT,Utah,2011,1,2011-01,violent-crime,estimates,426,15.36,2817222,2773299,98.44
UT,Utah,2011,2,2011-02,violent-crime,estimates,389,14.03,2817222,2773299,98.44
UT,Utah,2011,3,2011-03,violent-crime,estimates,454,16.37,2817222,2773299,98.44
UT,Utah,2011,4,2011-04,violent-crime,estimates,420,15.14,2817222,2773299,98.44
UT,Utah,2011,5,2011-05,violent-crime,estimates,448,16.14,2817222,2775105,98.51
UT,Utah,2011,6,2011-06,violent-crime,estimates,471,16.97,2817222,2775105,98.51
UT,Utah,2011,7,2011-07,violent-crime,estimates,537,19.35,2817222,2775105,98.51
UT,Utah,2011,8,2011-08,violent-crime,estimates,525,18.92,2817222,2775105,98.51
UT,Utah,2011,9,2011-09,violent-crime,estimates,465,16.76,2817222,2775105,98.51
UT,Utah,2011,10,2011-10,violent-crime,estimates,482,17.37,2817222,2775105,98.51
UT,Utah,2011,11,2011-11,violent-crime,estimates,401,14.45,2817222,2775105,98.51
UT,Utah,2011,12,2011-12,violent-crime,estimates,467,16.83,2817222,2775105,98.51
UT,Utah,2012,1,2012-01,violent-crime,estimates,375,13.22,2855287,2836016,99.33
UT,Utah,2012,2,2012-02,violent-crime,estimates,383,13.5,2855287,2836016,99.33
UT,Utah,2012,3,2012-03,violent-crime,estimates,453,15.97,2855287,2836016,99.33
UT,Utah,2012,4,2012-04,violent-crime,estimates,441,15.57,2855287,2833173,99.23
UT,Utah,2012,5,2012-05,violent-crime,estimates,493,17.4,2855287,2833173,99.23
UT,Utah,2012,6,2012-06,violent-crime,estimates,511,18.04,2855287,2833173,99.23
UT,Utah,2012,7,2012-07,violent-crime,estimates,548,19.34,2855287,2833173,99.23
UT,Utah,2012,8,2012-08,violent-crime,estimates,563,19.88,2855287,2831480,99.17
UT,Utah,2012,9,2012-09,violent-crime,estimates,531,18.75,2855287,2831480,99.17
UT,Utah,2012,10,2012-10,violent-crime,estimates,477,16.85,2855287,2831480,99.17
UT,Utah,2012,11,2012-11,violent-crime,estimates,503,17.76,2855287,2831480,99.17
UT,Utah,2012,12,2012-12,violent-crime,estimates,512,18.08,2855287,2831480,99.17
UT,Utah,2013,1,2013-01,violent-crime,estimates,504,17.54,2900872,2873621,99.06
UT,Utah,2013,2,2013-02,violent-crime,estimates,459,15.92,2900872,2883607,99.4
UT,Utah,2013,3,2013-03,violent-crime,estimates,557,19.32,2900872,2883607,99.4
UT,Utah,2013,4,2013-04,violent-crime,estimates,471,16.33,2900872,2883607,99.4
UT,Utah,2013,5,2013-05,violent-crime,estimates,579,20.08,2900872,2883607,99.4
UT,Utah,2013,6,2013-06,violent-crime,estimates,607,21.05,2900872,2883607,99.4
UT,Utah,2013,7,2013-07,violent-crime,estimates,636,22.08,2900872,2880862,99.31
UT,Utah,2013,8,2013-08,violent-crime,estimates,647,22.44,2900872,2883607,99.4
UT,Utah,2013,9,2013-09,violent-crime,estimates,563,19.52,2900872,2883607,99.4
UT,Utah,2013,10,2013-10,violent-crime,estimates,555,19.25,2900872,2883607,99.4
UT,Utah,2013,11,2013-11,violent-crime,estimates,478,16.58,2900872,2883607,99.4
UT,Utah,2013,12,2013-12,violent-crime,estimates,481,16.68,2900872,2883607,99.4
UT,Utah,2014,1,2014-01,violent-crime,estimates,450,15.39,2942902,2924113,99.36
UT,Utah,2014,2,2014-02,violent-crime,estimates,447,15.29,2942902,2924113,99.36
UT,Utah,2014,3,2014-03,violent-crime,estimates,501,17.12,2942902,2925617,99.41
UT,Utah,2014,4,2014-04,violent-crime,estimates,458,15.71,2942902,2915239,99.06
UT,Utah,2014,5,2014-05,violent-crime,estimates,539,18.53,2942902,2908762,98.84
UT,Utah,2014,6,2014-06,violent-crime,estimates,493,16.92,2942902,2913262,98.99
UT,Utah,2014,7,2014-07,violent-crime,estimates,608,20.87,2942902,2913262,98.99
UT,Utah,2014,8,2014-08,violent-crime,estimates,646,22.17,2942902,2913262,98.99
UT,Utah,2014,9,2014-09,violent-crime,estimates,592,20.36,2942902,2907272,98.79
UT,Utah,2014,10,2014-10,violent-crime,estimates,547,18.87,2942902,2898475,98.49
UT,Utah,2014,11,2014-11,violent-crime,estimates,476,16.34,2942902,2913176,98.99
UT,Utah,2014,12,2014-12,violent-crime,estimates,477,16.38,2942902,2911936,98.95
UT,Utah,2015,1,2015-01,violent-crime,estimates,599,20.19,2995919,2966781,99.03
UT,Utah,2015,2,2015-02,violent-crime,estimates,480,16.18,2995919,2966781,99.03
UT,Utah,2015,3,2015-03,violent-crime,estimates,572,19.28,2995919,2966781,99.03
UT,Utah,2015,4,2015-04,violent-crime,estimates,522,17.59,2995919,2966781,99.03
UT,Utah,2015,5,2015-05,violent-crime,estimates,573,19.31,2995919,2966781,99.03
UT,Utah,2015,6,2015-06,violent-crime,estimates,627,21.13,2995919,2966781,99.03
UT,Utah,2015,7,2015-07,violent-crime,estimates,662,22.31,2995919,2966781,99.03
UT,Utah,2015,8,2015-08,violent-crime,estimates,681,22.95,2995919,2967414,99.05
UT,Utah,2015,9,2015-09,violent-crime,estimates,645,21.74,2995919,2967414,99.05
UT,Utah,2015,10,2015-10,violent-crime,estimates,603,20.33,2995919,2966781,99.03
UT,Utah,2015,11,2015-11,violent-crime,estimates,537,18.03,2995919,2977714,99.39
UT,Utah,2015,12,2015-12,violent-crime,estimates,526,17.73,2995919,2967414,99.05
UT,Utah,2016,1,2016-01,violent-crime,estimates,560,18.55,3051217,3019514,98.96
UT,Utah,2016,2,2016-02,violent-crime,estimates,474,15.69,3051217,3020167,98.98
UT,Utah,2016,3,2016-03,violent-crime,estimates,533,17.68,3051217,3014279,98.79
UT,Utah,2016,4,2016-04,violent-crime,estimates,624,20.71,3051217,3013158,98.75
UT,Utah,2016,5,2016-05,violent-crime,estimates,682,22.55,3051217,3024593,99.13
UT,Utah,2016,6,2016-06,violent-crime,estimates,692,22.88,3051217,3024593,99.13
UT,Utah,2016,7,2016-07,violent-crime,estimates,694,23.03,3051217,3013158,98.75
UT,Utah,2016,8,2016-08,violent-crime,estimates,649,21.53,3051217,3014190,98.79
UT,Utah,2016,9,2016-09,violent-crime,estimates,632,20.97,3051217,3013158,98.75
UT,Utah,2016,10,2016-10,violent-crime,estimates,660,21.97,3051217,3003971,98.45
UT,Utah,2016,11,2016-11,violent-crime,estimates,559,18.75,3051217,2981442,97.71
UT,Utah,2016,12,2016-12,violent-crime,estimates,540,18.32,3051217,2946859,96.58
UT,Utah,2017,1,2017-01,violent-crime,estimates,554,18.12,3101833,3057244,98.56
UT,Utah,2017,2,2017-02,violent-crime,estimates,534,17.48,3101833,3055689,98.51
UT,Utah,2017,3,2017-03,violent-crime,estimates,623,20.47,3101833,3043892,98.13
UT,Utah,2017,4,2017-04,violent-crime,estimates,586,19.25,3101833,3044940,98.17
UT,Utah,2017,5,2017-05,violent-crime,estimates,706,23.14,3101833,3051132,98.37
UT,Utah,2017,6,2017-06,violent-crime,estimates,705,23.16,3101833,3043892,98.13
UT,Utah,2017,7,2017-07,violent-crime,estimates,706,23.18,3101833,3045447,98.18
UT,Utah,2017,8,2017-08,violent-crime,estimates,620,20.24,3101833,3062929,98.75
UT,Utah,2017,9,2017-09,violent-crime,estimates,608,19.93,3101833,3051132,98.37
UT,Utah,2017,10,2017-10,violent-crime,estimates,646,21.17,3101833,3051132,98.37
UT,Utah,2017,11,2017-11,violent-crime,estimates,602,19.73,3101833,3051132,98.37
UT,Utah,2017,12,2017-12,violent-crime,estimates,560,18.35,3101833,3051132,98.37
VT,Vermont,1999,1,1999-01,violent-crime,estimates,40,6.87,594000,581859,97.96
VT,Vermont,1999,2,1999-02,violent-crime,estimates,51,8.77,594000,581859,97.96
VT,Vermont,1999,3,1999-03,violent-crime,estimates,35,6.07,594000,576939,97.13
VT,Vermont,1999,4,1999-04,violent-crime,estimates,33,5.72,594000,576939,97.13
VT,Vermont,1999,5,1999-05,violent-crime,estimates,39,6.76,594000,576939,97.13
VT,Vermont,1999,6,1999-06,violent-crime,estimates,41,7.11,594000,576939,97.13
VT,Vermont,1999,7,1999-07,violent-crime,estimates,46,7.97,594000,576939,97.13
VT,Vermont,1999,8,1999-08,violent-crime,estimates,49,8.48,594000,577522,97.23
VT,Vermont,1999,9,1999-09,violent-crime,estimates,48,8.38,594000,572602,96.4
VT,Vermont,1999,10,1999-10,violent-crime,estimates,44,7.78,594000,565259,95.16
VT,Vermont,1999,11,1999-11,violent-crime,estimates,52,9.2,594000,565259,95.16
VT,Vermont,1999,12,1999-12,violent-crime,estimates,175,30.3,594000,577522,97.23
VT,Vermont,2000,1,2000-01,violent-crime,estimates,47,7.74,608827,607600,99.8
VT,Vermont,2000,2,2000-02,violent-crime,estimates,41,6.75,608827,607600,99.8
VT,Vermont,2000,3,2000-03,violent-crime,estimates,44,7.24,608827,607600,99.8
VT,Vermont,2000,4,2000-04,violent-crime,estimates,48,7.96,608827,603233,99.08
VT,Vermont,2000,5,2000-05,violent-crime,estimates,56,9.32,608827,601039,98.72
VT,Vermont,2000,6,2000-06,violent-crime,estimates,37,6.25,608827,591819,97.21
VT,Vermont,2000,7,2000-07,violent-crime,estimates,64,10.81,608827,591819,97.21
VT,Vermont,2000,8,2000-08,violent-crime,estimates,54,9.06,608827,596186,97.92
VT,Vermont,2000,9,2000-09,violent-crime,estimates,40,6.76,608827,591819,97.21
VT,Vermont,2000,10,2000-10,violent-crime,estimates,39,6.58,608827,592642,97.34
VT,Vermont,2000,11,2000-11,violent-crime,estimates,43,7.21,608827,596186,97.92
VT,Vermont,2000,12,2000-12,violent-crime,estimates,134,23.19,608827,577908,94.92
VT,Vermont,2001,1,2001-01,violent-crime,estimates,49,8.01,613090,611854,99.8
VT,Vermont,2001,2,2001-02,violent-crime,estimates,37,6.05,613090,611854,99.8
VT,Vermont,2001,3,2001-03,violent-crime,estimates,46,7.52,613090,611854,99.8
VT,Vermont,2001,4,2001-04,violent-crime,estimates,36,5.88,613090,611854,99.8
VT,Vermont,2001,5,2001-05,violent-crime,estimates,46,7.52,613090,611854,99.8
VT,Vermont,2001,6,2001-06,violent-crime,estimates,54,8.83,613090,611854,99.8
VT,Vermont,2001,7,2001-07,violent-crime,estimates,47,7.71,613090,609219,99.37
VT,Vermont,2001,8,2001-08,violent-crime,estimates,67,10.95,613090,611854,99.8
VT,Vermont,2001,9,2001-09,violent-crime,estimates,42,6.89,613090,609388,99.4
VT,Vermont,2001,10,2001-10,violent-crime,estimates,41,6.73,613090,609219,99.37
VT,Vermont,2001,11,2001-11,violent-crime,estimates,41,6.73,613090,609388,99.4
VT,Vermont,2001,12,2001-12,violent-crime,estimates,79,13.02,613090,606753,98.97
VT,Vermont,2002,1,2002-01,violent-crime,estimates,42,6.83,616592,615350,99.8
VT,Vermont,2002,2,2002-02,violent-crime,estimates,53,8.61,616592,615350,99.8
VT,Vermont,2002,3,2002-03,violent-crime,estimates,64,10.4,616592,615350,99.8
VT,Vermont,2002,4,2002-04,violent-crime,estimates,56,9.1,616592,615350,99.8
VT,Vermont,2002,5,2002-05,violent-crime,estimates,57,9.34,616592,610218,98.97
VT,Vermont,2002,6,2002-06,violent-crime,estimates,53,8.65,616592,612869,99.4
VT,Vermont,2002,7,2002-07,violent-crime,estimates,65,10.56,616592,615350,99.8
VT,Vermont,2002,8,2002-08,violent-crime,estimates,45,7.42,616592,606629,98.38
VT,Vermont,2002,9,2002-09,violent-crime,estimates,50,8.19,616592,610372,98.99
VT,Vermont,2002,10,2002-10,violent-crime,estimates,51,8.35,616592,610927,99.08
VT,Vermont,2002,11,2002-11,violent-crime,estimates,37,6.01,616592,615350,99.8
VT,Vermont,2002,12,2002-12,violent-crime,estimates,93,15.11,616592,615350,99.8
VT,Vermont,2003,1,2003-01,violent-crime,estimates,62,10.14,619107,611707,98.8
VT,Vermont,2003,2,2003-02,violent-crime,estimates,64,10.46,619107,611707,98.8
VT,Vermont,2003,3,2003-03,violent-crime,estimates,54,8.86,619107,609142,98.39
VT,Vermont,2003,4,2003-04,violent-crime,estimates,52,8.54,619107,609142,98.39
VT,Vermont,2003,5,2003-05,violent-crime,estimates,45,7.36,619107,611707,98.8
VT,Vermont,2003,6,2003-06,violent-crime,estimates,57,9.32,619107,611707,98.8
VT,Vermont,2003,7,2003-07,violent-crime,estimates,48,7.85,619107,611707,98.8
VT,Vermont,2003,8,2003-08,violent-crime,estimates,74,12.2,619107,606424,97.95
VT,Vermont,2003,9,2003-09,violent-crime,estimates,57,9.32,619107,611707,98.8
VT,Vermont,2003,10,2003-10,violent-crime,estimates,60,9.81,619107,611707,98.8
VT,Vermont,2003,11,2003-11,violent-crime,estimates,54,8.86,619107,609142,98.39
VT,Vermont,2003,12,2003-12,violent-crime,estimates,68,11.12,619107,611707,98.8
VT,Vermont,2004,1,2004-01,violent-crime,estimates,61,10.12,621394,602735,97
VT,Vermont,2004,2,2004-02,violent-crime,estimates,51,8.46,621394,602735,97
VT,Vermont,2004,3,2004-03,violent-crime,estimates,62,10.29,621394,602735,97
VT,Vermont,2004,4,2004-04,violent-crime,estimates,52,8.63,621394,602735,97
VT,Vermont,2004,5,2004-05,violent-crime,estimates,67,11.12,621394,602735,97
VT,Vermont,2004,6,2004-06,violent-crime,estimates,53,8.79,621394,602735,97
VT,Vermont,2004,7,2004-07,violent-crime,estimates,51,8.46,621394,602735,97
VT,Vermont,2004,8,2004-08,violent-crime,estimates,74,12.28,621394,602735,97
VT,Vermont,2004,9,2004-09,violent-crime,estimates,52,8.63,621394,602735,97
VT,Vermont,2004,10,2004-10,violent-crime,estimates,57,9.46,621394,602735,97
VT,Vermont,2004,11,2004-11,violent-crime,estimates,63,10.45,621394,602735,97
VT,Vermont,2004,12,2004-12,violent-crime,estimates,44,7.3,621394,602735,97
VT,Vermont,2005,1,2005-01,violent-crime,estimates,46,7.68,623050,598717,96.09
VT,Vermont,2005,2,2005-02,violent-crime,estimates,45,7.47,623050,602314,96.67
VT,Vermont,2005,3,2005-03,violent-crime,estimates,72,11.95,623050,602314,96.67
VT,Vermont,2005,4,2005-04,violent-crime,estimates,69,11.46,623050,602314,96.67
VT,Vermont,2005,5,2005-05,violent-crime,estimates,50,8.3,623050,602314,96.67
VT,Vermont,2005,6,2005-06,violent-crime,estimates,69,11.46,623050,602314,96.67
VT,Vermont,2005,7,2005-07,violent-crime,estimates,67,11.12,623050,602314,96.67
VT,Vermont,2005,8,2005-08,violent-crime,estimates,78,12.92,623050,603548,96.87
VT,Vermont,2005,9,2005-09,violent-crime,estimates,57,9.44,623050,603548,96.87
VT,Vermont,2005,10,2005-10,violent-crime,estimates,64,10.63,623050,602314,96.67
VT,Vermont,2005,11,2005-11,violent-crime,estimates,74,12.18,623050,607362,97.48
VT,Vermont,2005,12,2005-12,violent-crime,estimates,58,9.57,623050,606059,97.27
VT,Vermont,2006,1,2006-01,violent-crime,estimates,76,12.35,623908,615194,98.6
VT,Vermont,2006,2,2006-02,violent-crime,estimates,61,9.88,623908,617297,98.94
VT,Vermont,2006,3,2006-03,violent-crime,estimates,75,12.02,623908,623908,100
VT,Vermont,2006,4,2006-04,violent-crime,estimates,65,10.53,623908,617297,98.94
VT,Vermont,2006,5,2006-05,violent-crime,estimates,68,11.02,623908,617297,98.94
VT,Vermont,2006,6,2006-06,violent-crime,estimates,74,12.03,623908,615194,98.6
VT,Vermont,2006,7,2006-07,violent-crime,estimates,99,16.04,623908,617297,98.94
VT,Vermont,2006,8,2006-08,violent-crime,estimates,75,12.15,623908,617297,98.94
VT,Vermont,2006,9,2006-09,violent-crime,estimates,82,13.33,623908,615194,98.6
VT,Vermont,2006,10,2006-10,violent-crime,estimates,93,15.07,623908,617297,98.94
VT,Vermont,2006,11,2006-11,violent-crime,estimates,76,12.31,623908,617297,98.94
VT,Vermont,2006,12,2006-12,violent-crime,estimates,53,8.59,623908,617297,98.94
VT,Vermont,2007,1,2007-01,violent-crime,estimates,66,10.84,621254,608835,98
VT,Vermont,2007,2,2007-02,violent-crime,estimates,34,5.53,621254,614721,98.95
VT,Vermont,2007,3,2007-03,violent-crime,estimates,66,10.8,621254,610907,98.33
VT,Vermont,2007,4,2007-04,violent-crime,estimates,62,10.09,621254,614721,98.95
VT,Vermont,2007,5,2007-05,violent-crime,estimates,55,8.95,621254,614721,98.95
VT,Vermont,2007,6,2007-06,violent-crime,estimates,76,12.36,621254,614721,98.95
VT,Vermont,2007,7,2007-07,violent-crime,estimates,83,13.5,621254,614721,98.95
VT,Vermont,2007,8,2007-08,violent-crime,estimates,79,12.85,621254,614721,98.95
VT,Vermont,2007,9,2007-09,violent-crime,estimates,68,11.17,621254,608835,98
VT,Vermont,2007,10,2007-10,violent-crime,estimates,79,12.85,621254,614721,98.95
VT,Vermont,2007,11,2007-11,violent-crime,estimates,52,8.46,621254,614721,98.95
VT,Vermont,2007,12,2007-12,violent-crime,estimates,65,10.57,621254,614721,98.95
VT,Vermont,2008,1,2008-01,violent-crime,estimates,69,11.35,621270,608045,97.87
VT,Vermont,2008,2,2008-02,violent-crime,estimates,50,8.22,621270,608045,97.87
VT,Vermont,2008,3,2008-03,violent-crime,estimates,69,11.35,621270,608045,97.87
VT,Vermont,2008,4,2008-04,violent-crime,estimates,55,9.03,621270,609132,98.05
VT,Vermont,2008,5,2008-05,violent-crime,estimates,73,11.98,621270,609132,98.05
VT,Vermont,2008,6,2008-06,violent-crime,estimates,75,12.39,621270,605364,97.44
VT,Vermont,2008,7,2008-07,violent-crime,estimates,92,14.91,621270,617193,99.34
VT,Vermont,2008,8,2008-08,violent-crime,estimates,92,14.91,621270,617193,99.34
VT,Vermont,2008,9,2008-09,violent-crime,estimates,75,12.15,621270,617193,99.34
VT,Vermont,2008,10,2008-10,violent-crime,estimates,79,12.8,621270,617193,99.34
VT,Vermont,2008,11,2008-11,violent-crime,estimates,69,11.18,621270,617193,99.34
VT,Vermont,2008,12,2008-12,violent-crime,estimates,53,8.59,621270,617193,99.34
VT,Vermont,2009,1,2009-01,violent-crime,estimates,66,10.71,621760,616349,99.13
VT,Vermont,2009,2,2009-02,violent-crime,estimates,61,9.89,621760,616581,99.17
VT,Vermont,2009,3,2009-03,violent-crime,estimates,44,7.13,621760,616846,99.21
VT,Vermont,2009,4,2009-04,violent-crime,estimates,79,12.82,621760,616452,99.15
VT,Vermont,2009,5,2009-05,violent-crime,estimates,79,12.9,621760,612570,98.52
VT,Vermont,2009,6,2009-06,violent-crime,estimates,76,12.3,621760,617666,99.34
VT,Vermont,2009,7,2009-07,violent-crime,estimates,91,14.73,621760,617666,99.34
VT,Vermont,2009,8,2009-08,violent-crime,estimates,72,11.66,621760,617666,99.34
VT,Vermont,2009,9,2009-09,violent-crime,estimates,73,11.82,621760,617666,99.34
VT,Vermont,2009,10,2009-10,violent-crime,estimates,72,11.68,621760,616452,99.15
VT,Vermont,2009,11,2009-11,violent-crime,estimates,59,9.58,621760,615642,99.02
VT,Vermont,2009,12,2009-12,violent-crime,estimates,60,9.81,621760,611555,98.36
VT,Vermont,2010,1,2010-01,violent-crime,estimates,81,13.28,625741,610147,97.51
VT,Vermont,2010,2,2010-02,violent-crime,estimates,65,10.65,625741,610147,97.51
VT,Vermont,2010,3,2010-03,violent-crime,estimates,65,10.53,625741,617320,98.65
VT,Vermont,2010,4,2010-04,violent-crime,estimates,79,12.85,625741,614547,98.21
VT,Vermont,2010,5,2010-05,violent-crime,estimates,72,11.8,625741,610377,97.54
VT,Vermont,2010,6,2010-06,violent-crime,estimates,62,10.12,625741,612353,97.86
VT,Vermont,2010,7,2010-07,violent-crime,estimates,68,11.24,625741,605000,96.69
VT,Vermont,2010,8,2010-08,violent-crime,estimates,72,11.83,625741,608414,97.23
VT,Vermont,2010,9,2010-09,violent-crime,estimates,45,7.37,625741,610390,97.55
VT,Vermont,2010,10,2010-10,violent-crime,estimates,69,11.25,625741,613340,98.02
VT,Vermont,2010,11,2010-11,violent-crime,estimates,62,10.11,625741,613340,98.02
VT,Vermont,2010,12,2010-12,violent-crime,estimates,67,10.92,625741,613325,98.02
VT,Vermont,2011,1,2011-01,violent-crime,estimates,61,9.95,626431,613248,97.9
VT,Vermont,2011,2,2011-02,violent-crime,estimates,72,11.72,626431,614318,98.07
VT,Vermont,2011,3,2011-03,violent-crime,estimates,70,11.34,626431,617134,98.52
VT,Vermont,2011,4,2011-04,violent-crime,estimates,78,12.66,626431,615938,98.32
VT,Vermont,2011,5,2011-05,violent-crime,estimates,68,11,626431,618369,98.71
VT,Vermont,2011,6,2011-06,violent-crime,estimates,88,14.26,626431,616911,98.48
VT,Vermont,2011,7,2011-07,violent-crime,estimates,96,15.53,626431,618134,98.68
VT,Vermont,2011,8,2011-08,violent-crime,estimates,94,15.3,626431,614333,98.07
VT,Vermont,2011,9,2011-09,violent-crime,estimates,88,14.33,626431,613973,98.01
VT,Vermont,2011,10,2011-10,violent-crime,estimates,66,10.83,626431,609286,97.26
VT,Vermont,2011,11,2011-11,violent-crime,estimates,64,10.4,626431,615196,98.21
VT,Vermont,2011,12,2011-12,violent-crime,estimates,69,11.33,626431,609113,97.24
VT,Vermont,2012,1,2012-01,violent-crime,estimates,62,9.95,626011,622979,99.52
VT,Vermont,2012,2,2012-02,violent-crime,estimates,68,10.92,626011,622979,99.52
VT,Vermont,2012,3,2012-03,violent-crime,estimates,77,12.36,626011,622979,99.52
VT,Vermont,2012,4,2012-04,violent-crime,estimates,97,15.57,626011,622979,99.52
VT,Vermont,2012,5,2012-05,violent-crime,estimates,78,12.68,626011,615116,98.26
VT,Vermont,2012,6,2012-06,violent-crime,estimates,76,12.2,626011,622979,99.52
VT,Vermont,2012,7,2012-07,violent-crime,estimates,67,10.75,626011,622979,99.52
VT,Vermont,2012,8,2012-08,violent-crime,estimates,89,14.29,626011,622979,99.52
VT,Vermont,2012,9,2012-09,violent-crime,estimates,70,11.24,626011,622979,99.52
VT,Vermont,2012,10,2012-10,violent-crime,estimates,53,8.51,626011,622979,99.52
VT,Vermont,2012,11,2012-11,violent-crime,estimates,70,11.38,626011,615116,98.26
VT,Vermont,2012,12,2012-12,violent-crime,estimates,68,10.96,626011,620157,99.06
VT,Vermont,2013,1,2013-01,violent-crime,estimates,65,10.49,626630,619477,98.86
VT,Vermont,2013,2,2013-02,violent-crime,estimates,67,10.86,626630,616953,98.46
VT,Vermont,2013,3,2013-03,violent-crime,estimates,68,10.96,626630,620680,99.05
VT,Vermont,2013,4,2013-04,violent-crime,estimates,61,9.78,626630,623447,99.49
VT,Vermont,2013,5,2013-05,violent-crime,estimates,64,10.39,626630,615886,98.29
VT,Vermont,2013,6,2013-06,violent-crime,estimates,71,11.4,626630,622687,99.37
VT,Vermont,2013,7,2013-07,violent-crime,estimates,88,14.14,626630,622498,99.34
VT,Vermont,2013,8,2013-08,violent-crime,estimates,76,12.26,626630,619895,98.93
VT,Vermont,2013,9,2013-09,violent-crime,estimates,60,9.58,626630,626376,99.96
VT,Vermont,2013,10,2013-10,violent-crime,estimates,42,6.76,626630,621104,99.12
VT,Vermont,2013,11,2013-11,violent-crime,estimates,53,8.65,626630,612685,97.77
VT,Vermont,2013,12,2013-12,violent-crime,estimates,55,8.82,626630,623773,99.54
VT,Vermont,2014,1,2014-01,violent-crime,estimates,61,9.78,626562,623720,99.55
VT,Vermont,2014,2,2014-02,violent-crime,estimates,56,9,626562,622522,99.36
VT,Vermont,2014,3,2014-03,violent-crime,estimates,56,9.09,626562,615819,98.29
VT,Vermont,2014,4,2014-04,violent-crime,estimates,58,9.41,626562,616209,98.35
VT,Vermont,2014,5,2014-05,violent-crime,estimates,66,10.72,626562,615553,98.24
VT,Vermont,2014,6,2014-06,violent-crime,estimates,39,6.34,626562,615335,98.21
VT,Vermont,2014,7,2014-07,violent-crime,estimates,52,8.3,626562,626306,99.96
VT,Vermont,2014,8,2014-08,violent-crime,estimates,44,7.16,626562,614562,98.08
VT,Vermont,2014,9,2014-09,violent-crime,estimates,55,8.88,626562,619128,98.81
VT,Vermont,2014,10,2014-10,violent-crime,estimates,57,9.13,626562,624117,99.61
VT,Vermont,2014,11,2014-11,violent-crime,estimates,55,8.99,626562,611657,97.62
VT,Vermont,2014,12,2014-12,violent-crime,estimates,37,6.07,626562,609906,97.34
VT,Vermont,2015,1,2015-01,violent-crime,estimates,52,8.36,626042,622064,99.36
VT,Vermont,2015,2,2015-02,violent-crime,estimates,63,10.06,626042,626042,100
VT,Vermont,2015,3,2015-03,violent-crime,estimates,61,9.74,626042,626042,100
VT,Vermont,2015,4,2015-04,violent-crime,estimates,54,8.63,626042,626042,100
VT,Vermont,2015,5,2015-05,violent-crime,estimates,62,9.92,626042,624938,99.82
VT,Vermont,2015,6,2015-06,violent-crime,estimates,67,10.74,626042,623944,99.66
VT,Vermont,2015,7,2015-07,violent-crime,estimates,71,11.34,626042,626042,100
VT,Vermont,2015,8,2015-08,violent-crime,estimates,78,12.48,626042,625117,99.85
VT,Vermont,2015,9,2015-09,violent-crime,estimates,59,9.47,626042,623153,99.54
VT,Vermont,2015,10,2015-10,violent-crime,estimates,45,7.21,626042,624326,99.73
VT,Vermont,2015,11,2015-11,violent-crime,estimates,53,8.54,626042,620891,99.18
VT,Vermont,2015,12,2015-12,violent-crime,estimates,99,15.81,626042,626042,100
VT,Vermont,2016,1,2016-01,violent-crime,estimates,62,9.96,624594,622486,99.66
VT,Vermont,2016,2,2016-02,violent-crime,estimates,55,9.22,624594,596692,95.53
VT,Vermont,2016,3,2016-03,violent-crime,estimates,69,11.14,624594,619652,99.21
VT,Vermont,2016,4,2016-04,violent-crime,estimates,65,10.81,624594,601243,96.26
VT,Vermont,2016,5,2016-05,violent-crime,estimates,68,10.93,624594,621964,99.58
VT,Vermont,2016,6,2016-06,violent-crime,estimates,72,11.78,624594,611451,97.9
VT,Vermont,2016,7,2016-07,violent-crime,estimates,67,10.86,624594,616844,98.76
VT,Vermont,2016,8,2016-08,violent-crime,estimates,93,15.21,624594,611576,97.92
VT,Vermont,2016,9,2016-09,violent-crime,estimates,60,9.83,624594,610344,97.72
VT,Vermont,2016,10,2016-10,violent-crime,estimates,79,12.95,624594,610264,97.71
VT,Vermont,2016,11,2016-11,violent-crime,estimates,61,10.26,624594,594373,95.16
VT,Vermont,2016,12,2016-12,violent-crime,estimates,51,8.57,624594,594786,95.23
VT,Vermont,2017,1,2017-01,violent-crime,estimates,95,15.39,623657,617366,98.99
VT,Vermont,2017,2,2017-02,violent-crime,estimates,84,13.68,623657,614243,98.49
VT,Vermont,2017,3,2017-03,violent-crime,estimates,82,13.16,623657,622880,99.88
VT,Vermont,2017,4,2017-04,violent-crime,estimates,75,12.04,623657,622880,99.88
VT,Vermont,2017,5,2017-05,violent-crime,estimates,85,13.63,623657,623657,100
VT,Vermont,2017,6,2017-06,violent-crime,estimates,87,13.98,623657,622487,99.81
VT,Vermont,2017,7,2017-07,violent-crime,estimates,109,17.48,623657,623657,100
VT,Vermont,2017,8,2017-08,violent-crime,estimates,87,13.95,623657,623657,100
VT,Vermont,2017,9,2017-09,violent-crime,estimates,98,15.74,623657,622671,99.84
VT,Vermont,2017,10,2017-10,violent-crime,estimates,122,19.59,623657,622907,99.88
VT,Vermont,2017,11,2017-11,violent-crime,estimates,74,11.88,623657,622671,99.84
VT,Vermont,2017,12,2017-12,violent-crime,estimates,96,15.42,623657,622733,99.85
VA,Virginia,1999,1,1999-01,violent-crime,estimates,2050,29.89,6873000,6859432,99.8
VA,Virginia,1999,2,1999-02,violent-crime,estimates,1472,21.5,6873000,6845747,99.6
VA,Virginia,1999,3,1999-03,violent-crime,estimates,1512,22.05,6873000,6855649,99.75
VA,Virginia,1999,4,1999-04,violent-crime,estimates,1562,22.76,6873000,6861709,99.84
VA,Virginia,1999,5,1999-05,violent-crime,estimates,1759,25.63,6873000,6863560,99.86
VA,Virginia,1999,6,1999-06,violent-crime,estimates,1584,23.1,6873000,6855767,99.75
VA,Virginia,1999,7,1999-07,violent-crime,estimates,1793,26.13,6873000,6861570,99.83
VA,Virginia,1999,8,1999-08,violent-crime,estimates,1951,28.47,6873000,6853247,99.71
VA,Virginia,1999,9,1999-09,violent-crime,estimates,1689,24.64,6873000,6854731,99.73
VA,Virginia,1999,10,1999-10,violent-crime,estimates,1709,24.9,6873000,6862734,99.85
VA,Virginia,1999,11,1999-11,violent-crime,estimates,1617,23.58,6873000,6857884,99.78
VA,Virginia,1999,12,1999-12,violent-crime,estimates,1652,24.08,6873000,6860209,99.81
VA,Virginia,2000,1,2000-01,violent-crime,estimates,1544,22.21,7078515,6950473,98.19
VA,Virginia,2000,2,2000-02,violent-crime,estimates,1390,20.08,7078515,6922175,97.79
VA,Virginia,2000,3,2000-03,violent-crime,estimates,1483,21.45,7078515,6914308,97.68
VA,Virginia,2000,4,2000-04,violent-crime,estimates,1665,23.95,7078515,6951622,98.21
VA,Virginia,2000,5,2000-05,violent-crime,estimates,1845,26.54,7078515,6950805,98.2
VA,Virginia,2000,6,2000-06,violent-crime,estimates,1738,24.95,7078515,6964629,98.39
VA,Virginia,2000,7,2000-07,violent-crime,estimates,1825,27.05,7078515,6745926,95.3
VA,Virginia,2000,8,2000-08,violent-crime,estimates,1837,27.08,7078515,6784302,95.84
VA,Virginia,2000,9,2000-09,violent-crime,estimates,1737,25.61,7078515,6781371,95.8
VA,Virginia,2000,10,2000-10,violent-crime,estimates,1802,26.58,7078515,6779722,95.78
VA,Virginia,2000,11,2000-11,violent-crime,estimates,1411,21.46,7078515,6574640,92.88
VA,Virginia,2000,12,2000-12,violent-crime,estimates,1494,22.71,7078515,6577954,92.93
VA,Virginia,2001,1,2001-01,violent-crime,estimates,1629,22.96,7187734,7093718,98.69
VA,Virginia,2001,2,2001-02,violent-crime,estimates,1282,18.06,7187734,7098554,98.76
VA,Virginia,2001,3,2001-03,violent-crime,estimates,1508,21.25,7187734,7097659,98.75
VA,Virginia,2001,4,2001-04,violent-crime,estimates,1628,22.88,7187734,7114100,98.98
VA,Virginia,2001,5,2001-05,violent-crime,estimates,1691,24.49,7187734,6903580,96.05
VA,Virginia,2001,6,2001-06,violent-crime,estimates,1725,24.88,7187734,6932977,96.46
VA,Virginia,2001,7,2001-07,violent-crime,estimates,1760,25.36,7187734,6940214,96.56
VA,Virginia,2001,8,2001-08,violent-crime,estimates,1788,25.8,7187734,6929374,96.41
VA,Virginia,2001,9,2001-09,violent-crime,estimates,1797,25.92,7187734,6933700,96.47
VA,Virginia,2001,10,2001-10,violent-crime,estimates,1899,27.38,7187734,6936357,96.5
VA,Virginia,2001,11,2001-11,violent-crime,estimates,1686,23.62,7187734,7137755,99.3
VA,Virginia,2001,12,2001-12,violent-crime,estimates,1727,24.89,7187734,6937312,96.52
VA,Virginia,2002,1,2002-01,violent-crime,estimates,1793,24.8,7293542,7229390,99.12
VA,Virginia,2002,2,2002-02,violent-crime,estimates,1377,19.07,7293542,7221431,99.01
VA,Virginia,2002,3,2002-03,violent-crime,estimates,1751,24.23,7293542,7227662,99.1
VA,Virginia,2002,4,2002-04,violent-crime,estimates,1704,23.6,7293542,7220885,99
VA,Virginia,2002,5,2002-05,violent-crime,estimates,1711,23.75,7293542,7203125,98.76
VA,Virginia,2002,6,2002-06,violent-crime,estimates,1844,25.67,7293542,7182873,98.48
VA,Virginia,2002,7,2002-07,violent-crime,estimates,1881,26.09,7293542,7209193,98.84
VA,Virginia,2002,8,2002-08,violent-crime,estimates,1717,23.91,7293542,7182362,98.48
VA,Virginia,2002,9,2002-09,violent-crime,estimates,2029,28.24,7293542,7185626,98.52
VA,Virginia,2002,10,2002-10,violent-crime,estimates,1805,25.06,7293542,7202627,98.75
VA,Virginia,2002,11,2002-11,violent-crime,estimates,1546,21.55,7293542,7174651,98.37
VA,Virginia,2002,12,2002-12,violent-crime,estimates,1651,23.02,7293542,7173012,98.35
VA,Virginia,2003,1,2003-01,violent-crime,estimates,1607,22.02,7386330,7296809,98.79
VA,Virginia,2003,2,2003-02,violent-crime,estimates,1233,16.94,7386330,7279258,98.55
VA,Virginia,2003,3,2003-03,violent-crime,estimates,1662,22.82,7386330,7283579,98.61
VA,Virginia,2003,4,2003-04,violent-crime,estimates,1697,23.32,7386330,7277955,98.53
VA,Virginia,2003,5,2003-05,violent-crime,estimates,1797,24.68,7386330,7281757,98.58
VA,Virginia,2003,6,2003-06,violent-crime,estimates,1716,23.59,7386330,7272878,98.46
VA,Virginia,2003,7,2003-07,violent-crime,estimates,1906,26.24,7386330,7265100,98.36
VA,Virginia,2003,8,2003-08,violent-crime,estimates,1836,25.27,7386330,7265730,98.37
VA,Virginia,2003,9,2003-09,violent-crime,estimates,1732,23.86,7386330,7258864,98.27
VA,Virginia,2003,10,2003-10,violent-crime,estimates,1646,22.62,7386330,7275752,98.5
VA,Virginia,2003,11,2003-11,violent-crime,estimates,1654,22.79,7386330,7257601,98.26
VA,Virginia,2003,12,2003-12,violent-crime,estimates,1553,21.45,7386330,7240358,98.02
VA,Virginia,2004,1,2004-01,violent-crime,estimates,1602,21.73,7459827,7373377,98.84
VA,Virginia,2004,2,2004-02,violent-crime,estimates,1312,17.76,7459827,7386603,99.02
VA,Virginia,2004,3,2004-03,violent-crime,estimates,1548,20.93,7459827,7396172,99.15
VA,Virginia,2004,4,2004-04,violent-crime,estimates,1754,23.88,7459827,7343906,98.45
VA,Virginia,2004,5,2004-05,violent-crime,estimates,1786,24.32,7459827,7343154,98.44
VA,Virginia,2004,6,2004-06,violent-crime,estimates,1690,22.93,7459827,7370440,98.8
VA,Virginia,2004,7,2004-07,violent-crime,estimates,1858,25.21,7459827,7368719,98.78
VA,Virginia,2004,8,2004-08,violent-crime,estimates,1788,24.34,7459827,7344784,98.46
VA,Virginia,2004,9,2004-09,violent-crime,estimates,1748,23.72,7459827,7369667,98.79
VA,Virginia,2004,10,2004-10,violent-crime,estimates,1865,25.38,7459827,7347201,98.49
VA,Virginia,2004,11,2004-11,violent-crime,estimates,1587,21.53,7459827,7369667,98.79
VA,Virginia,2004,12,2004-12,violent-crime,estimates,1749,23.73,7459827,7371778,98.82
VA,Virginia,2005,1,2005-01,violent-crime,estimates,1628,21.66,7567465,7514735,99.3
VA,Virginia,2005,2,2005-02,violent-crime,estimates,1306,17.38,7567465,7513457,99.29
VA,Virginia,2005,3,2005-03,violent-crime,estimates,1541,20.5,7567465,7515831,99.32
VA,Virginia,2005,4,2005-04,violent-crime,estimates,1692,22.51,7567465,7515175,99.31
VA,Virginia,2005,5,2005-05,violent-crime,estimates,1886,25.09,7567465,7515831,99.32
VA,Virginia,2005,6,2005-06,violent-crime,estimates,1870,24.89,7567465,7513873,99.29
VA,Virginia,2005,7,2005-07,violent-crime,estimates,2017,26.85,7567465,7512073,99.27
VA,Virginia,2005,8,2005-08,violent-crime,estimates,1874,24.93,7567465,7515743,99.32
VA,Virginia,2005,9,2005-09,violent-crime,estimates,1906,25.37,7567465,7512526,99.27
VA,Virginia,2005,10,2005-10,violent-crime,estimates,1926,25.63,7567465,7513394,99.29
VA,Virginia,2005,11,2005-11,violent-crime,estimates,1801,23.97,7567465,7512016,99.27
VA,Virginia,2005,12,2005-12,violent-crime,estimates,1778,23.66,7567465,7514117,99.3
VA,Virginia,2006,1,2006-01,violent-crime,estimates,1920,25.2,7642884,7618913,99.69
VA,Virginia,2006,2,2006-02,violent-crime,estimates,1471,19.31,7642884,7618249,99.68
VA,Virginia,2006,3,2006-03,violent-crime,estimates,1704,22.36,7642884,7620353,99.71
VA,Virginia,2006,4,2006-04,violent-crime,estimates,1696,22.26,7642884,7617529,99.67
VA,Virginia,2006,5,2006-05,violent-crime,estimates,1825,23.96,7642884,7616784,99.66
VA,Virginia,2006,6,2006-06,violent-crime,estimates,1739,22.83,7642884,7615668,99.64
VA,Virginia,2006,7,2006-07,violent-crime,estimates,1914,25.13,7642884,7616538,99.66
VA,Virginia,2006,8,2006-08,violent-crime,estimates,1843,24.2,7642884,7616111,99.65
VA,Virginia,2006,9,2006-09,violent-crime,estimates,1933,25.38,7642884,7614984,99.63
VA,Virginia,2006,10,2006-10,violent-crime,estimates,1977,25.97,7642884,7613404,99.61
VA,Virginia,2006,11,2006-11,violent-crime,estimates,1825,23.96,7642884,7616033,99.65
VA,Virginia,2006,12,2006-12,violent-crime,estimates,1677,22.03,7642884,7612366,99.6
VA,Virginia,2007,1,2007-01,violent-crime,estimates,1624,21.1,7712091,7695863,99.79
VA,Virginia,2007,2,2007-02,violent-crime,estimates,1487,19.33,7712091,7694611,99.77
VA,Virginia,2007,3,2007-03,violent-crime,estimates,1672,21.73,7712091,7694611,99.77
VA,Virginia,2007,4,2007-04,violent-crime,estimates,1664,21.58,7712091,7709534,99.97
VA,Virginia,2007,5,2007-05,violent-crime,estimates,1914,24.83,7712091,7708285,99.95
VA,Virginia,2007,6,2007-06,violent-crime,estimates,1947,25.3,7712091,7696589,99.8
VA,Virginia,2007,7,2007-07,violent-crime,estimates,1897,24.61,7712091,7709761,99.97
VA,Virginia,2007,8,2007-08,violent-crime,estimates,1905,24.71,7712091,7710583,99.98
VA,Virginia,2007,9,2007-09,violent-crime,estimates,1716,22.26,7712091,7710583,99.98
VA,Virginia,2007,10,2007-10,violent-crime,estimates,1745,22.65,7712091,7705812,99.92
VA,Virginia,2007,11,2007-11,violent-crime,estimates,1699,22.03,7712091,7710583,99.98
VA,Virginia,2007,12,2007-12,violent-crime,estimates,1714,22.23,7712091,7711608,99.99
VA,Virginia,2008,1,2008-01,violent-crime,estimates,1671,21.51,7769089,7769089,100
VA,Virginia,2008,2,2008-02,violent-crime,estimates,1314,16.91,7769089,7769089,100
VA,Virginia,2008,3,2008-03,violent-crime,estimates,1624,20.9,7769089,7769089,100
VA,Virginia,2008,4,2008-04,violent-crime,estimates,1620,20.85,7769089,7769089,100
VA,Virginia,2008,5,2008-05,violent-crime,estimates,1838,23.66,7769089,7769089,100
VA,Virginia,2008,6,2008-06,violent-crime,estimates,1608,20.7,7769089,7769089,100
VA,Virginia,2008,7,2008-07,violent-crime,estimates,1852,23.84,7769089,7769089,100
VA,Virginia,2008,8,2008-08,violent-crime,estimates,1726,22.22,7769089,7769089,100
VA,Virginia,2008,9,2008-09,violent-crime,estimates,1783,22.98,7769089,7758406,99.86
VA,Virginia,2008,10,2008-10,violent-crime,estimates,1837,23.68,7769089,7758406,99.86
VA,Virginia,2008,11,2008-11,violent-crime,estimates,1586,20.46,7769089,7753278,99.8
VA,Virginia,2008,12,2008-12,violent-crime,estimates,1569,20.24,7769089,7753278,99.8
VA,Virginia,2009,1,2009-01,violent-crime,estimates,1472,18.67,7882590,7882590,100
VA,Virginia,2009,2,2009-02,violent-crime,estimates,1107,14.04,7882590,7882590,100
VA,Virginia,2009,3,2009-03,violent-crime,estimates,1484,18.83,7882590,7882590,100
VA,Virginia,2009,4,2009-04,violent-crime,estimates,1590,20.17,7882590,7882590,100
VA,Virginia,2009,5,2009-05,violent-crime,estimates,1582,20.07,7882590,7882590,100
VA,Virginia,2009,6,2009-06,violent-crime,estimates,1669,21.17,7882590,7882590,100
VA,Virginia,2009,7,2009-07,violent-crime,estimates,1642,20.83,7882590,7882590,100
VA,Virginia,2009,8,2009-08,violent-crime,estimates,1601,20.31,7882590,7882590,100
VA,Virginia,2009,9,2009-09,violent-crime,estimates,1563,19.83,7882590,7882590,100
VA,Virginia,2009,10,2009-10,violent-crime,estimates,1652,20.96,7882590,7880166,99.97
VA,Virginia,2009,11,2009-11,violent-crime,estimates,1465,18.59,7882590,7882590,100
VA,Virginia,2009,12,2009-12,violent-crime,estimates,1303,16.54,7882590,7879279,99.96
VA,Virginia,2010,1,2010-01,violent-crime,estimates,1304,16.3,8001024,8001024,100
VA,Virginia,2010,2,2010-02,violent-crime,estimates,1010,12.63,8001024,7999243,99.98
VA,Virginia,2010,3,2010-03,violent-crime,estimates,1410,17.62,8001024,8001024,100
VA,Virginia,2010,4,2010-04,violent-crime,estimates,1501,18.76,8001024,8001024,100
VA,Virginia,2010,5,2010-05,violent-crime,estimates,1590,19.87,8001024,8001024,100
VA,Virginia,2010,6,2010-06,violent-crime,estimates,1602,20.03,8001024,7998885,99.97
VA,Virginia,2010,7,2010-07,violent-crime,estimates,1599,19.99,8001024,7998885,99.97
VA,Virginia,2010,8,2010-08,violent-crime,estimates,1616,20.2,8001024,7999568,99.98
VA,Virginia,2010,9,2010-09,violent-crime,estimates,1538,19.22,8001024,8001024,100
VA,Virginia,2010,10,2010-10,violent-crime,estimates,1498,18.74,8001024,7992593,99.89
VA,Virginia,2010,11,2010-11,violent-crime,estimates,1306,16.34,8001024,7992593,99.89
VA,Virginia,2010,12,2010-12,violent-crime,estimates,1204,15.06,8001024,7992593,99.89
VA,Virginia,2011,1,2011-01,violent-crime,estimates,1257,15.53,8096604,8095601,99.99
VA,Virginia,2011,2,2011-02,violent-crime,estimates,1076,13.29,8096604,8095087,99.98
VA,Virginia,2011,3,2011-03,violent-crime,estimates,1227,15.16,8096604,8094698,99.98
VA,Virginia,2011,4,2011-04,violent-crime,estimates,1366,16.88,8096604,8091424,99.94
VA,Virginia,2011,5,2011-05,violent-crime,estimates,1467,18.12,8096604,8095818,99.99
VA,Virginia,2011,6,2011-06,violent-crime,estimates,1432,17.7,8096604,8092149,99.94
VA,Virginia,2011,7,2011-07,violent-crime,estimates,1537,18.99,8096604,8095659,99.99
VA,Virginia,2011,8,2011-08,violent-crime,estimates,1414,17.47,8096604,8093486,99.96
VA,Virginia,2011,9,2011-09,violent-crime,estimates,1297,16.02,8096604,8095659,99.99
VA,Virginia,2011,10,2011-10,violent-crime,estimates,1340,16.57,8096604,8088374,99.9
VA,Virginia,2011,11,2011-11,violent-crime,estimates,1291,15.96,8096604,8089483,99.91
VA,Virginia,2011,12,2011-12,violent-crime,estimates,1305,16.14,8096604,8084361,99.85
VA,Virginia,2012,1,2012-01,violent-crime,estimates,1236,15.1,8185867,8185867,100
VA,Virginia,2012,2,2012-02,violent-crime,estimates,1040,12.7,8185867,8185867,100
VA,Virginia,2012,3,2012-03,violent-crime,estimates,1271,15.53,8185867,8184717,99.99
VA,Virginia,2012,4,2012-04,violent-crime,estimates,1332,16.27,8185867,8185867,100
VA,Virginia,2012,5,2012-05,violent-crime,estimates,1349,16.48,8185867,8183888,99.98
VA,Virginia,2012,6,2012-06,violent-crime,estimates,1259,15.38,8185867,8185867,100
VA,Virginia,2012,7,2012-07,violent-crime,estimates,1522,18.6,8185867,8183255,99.97
VA,Virginia,2012,8,2012-08,violent-crime,estimates,1415,17.29,8185867,8183255,99.97
VA,Virginia,2012,9,2012-09,violent-crime,estimates,1404,17.15,8185867,8184395,99.98
VA,Virginia,2012,10,2012-10,violent-crime,estimates,1318,16.1,8185867,8184395,99.98
VA,Virginia,2012,11,2012-11,violent-crime,estimates,1257,15.36,8185867,8184395,99.98
VA,Virginia,2012,12,2012-12,violent-crime,estimates,1257,15.36,8185867,8183782,99.97
VA,Virginia,2013,1,2013-01,violent-crime,estimates,1311,15.87,8260405,8260405,100
VA,Virginia,2013,2,2013-02,violent-crime,estimates,1098,13.29,8260405,8259793,99.99
VA,Virginia,2013,3,2013-03,violent-crime,estimates,1227,14.86,8260405,8259793,99.99
VA,Virginia,2013,4,2013-04,violent-crime,estimates,1328,16.08,8260405,8259793,99.99
VA,Virginia,2013,5,2013-05,violent-crime,estimates,1438,17.41,8260405,8259793,99.99
VA,Virginia,2013,6,2013-06,violent-crime,estimates,1496,18.11,8260405,8259793,99.99
VA,Virginia,2013,7,2013-07,violent-crime,estimates,1446,17.51,8260405,8259793,99.99
VA,Virginia,2013,8,2013-08,violent-crime,estimates,1548,18.74,8260405,8259793,99.99
VA,Virginia,2013,9,2013-09,violent-crime,estimates,1412,17.09,8260405,8259793,99.99
VA,Virginia,2013,10,2013-10,violent-crime,estimates,1407,17.03,8260405,8259793,99.99
VA,Virginia,2013,11,2013-11,violent-crime,estimates,1309,15.85,8260405,8259793,99.99
VA,Virginia,2013,12,2013-12,violent-crime,estimates,1323,16.02,8260405,8259793,99.99
VA,Virginia,2014,1,2014-01,violent-crime,estimates,1285,15.44,8326289,8324943,99.98
VA,Virginia,2014,2,2014-02,violent-crime,estimates,1077,12.94,8326289,8323425,99.97
VA,Virginia,2014,3,2014-03,violent-crime,estimates,1210,14.54,8326289,8321435,99.94
VA,Virginia,2014,4,2014-04,violent-crime,estimates,1410,16.94,8326289,8322162,99.95
VA,Virginia,2014,5,2014-05,violent-crime,estimates,1469,17.65,8326289,8321435,99.94
VA,Virginia,2014,6,2014-06,violent-crime,estimates,1506,18.1,8326289,8322162,99.95
VA,Virginia,2014,7,2014-07,violent-crime,estimates,1498,18,8326289,8322162,99.95
VA,Virginia,2014,8,2014-08,violent-crime,estimates,1559,18.73,8326289,8322162,99.95
VA,Virginia,2014,9,2014-09,violent-crime,estimates,1401,16.84,8326289,8320935,99.94
VA,Virginia,2014,10,2014-10,violent-crime,estimates,1438,17.28,8326289,8322162,99.95
VA,Virginia,2014,11,2014-11,violent-crime,estimates,1274,15.31,8326289,8322162,99.95
VA,Virginia,2014,12,2014-12,violent-crime,estimates,1373,16.5,8326289,8319106,99.91
VA,Virginia,2015,1,2015-01,violent-crime,estimates,1267,15.12,8382993,8380278,99.97
VA,Virginia,2015,2,2015-02,violent-crime,estimates,954,11.38,8382993,8380278,99.97
VA,Virginia,2015,3,2015-03,violent-crime,estimates,1198,14.3,8382993,8380278,99.97
VA,Virginia,2015,4,2015-04,violent-crime,estimates,1371,16.36,8382993,8380278,99.97
VA,Virginia,2015,5,2015-05,violent-crime,estimates,1537,18.34,8382993,8380278,99.97
VA,Virginia,2015,6,2015-06,violent-crime,estimates,1423,16.98,8382993,8379207,99.95
VA,Virginia,2015,7,2015-07,violent-crime,estimates,1523,18.18,8382993,8379207,99.95
VA,Virginia,2015,8,2015-08,violent-crime,estimates,1613,19.25,8382993,8379207,99.95
VA,Virginia,2015,9,2015-09,violent-crime,estimates,1482,17.69,8382993,8379207,99.95
VA,Virginia,2015,10,2015-10,violent-crime,estimates,1467,17.51,8382993,8379207,99.95
VA,Virginia,2015,11,2015-11,violent-crime,estimates,1431,17.08,8382993,8379795,99.96
VA,Virginia,2015,12,2015-12,violent-crime,estimates,1432,17.09,8382993,8379207,99.95
VA,Virginia,2016,1,2016-01,violent-crime,estimates,1411,16.78,8411808,8410360,99.98
VA,Virginia,2016,2,2016-02,violent-crime,estimates,1209,14.37,8411808,8411424,100
VA,Virginia,2016,3,2016-03,violent-crime,estimates,1411,16.77,8411808,8411424,100
VA,Virginia,2016,4,2016-04,violent-crime,estimates,1468,17.45,8411808,8411424,100
VA,Virginia,2016,5,2016-05,violent-crime,estimates,1610,19.14,8411808,8410360,99.98
VA,Virginia,2016,6,2016-06,violent-crime,estimates,1506,17.91,8411808,8407969,99.95
VA,Virginia,2016,7,2016-07,violent-crime,estimates,1651,19.63,8411808,8409212,99.97
VA,Virginia,2016,8,2016-08,violent-crime,estimates,1658,19.72,8411808,8409212,99.97
VA,Virginia,2016,9,2016-09,violent-crime,estimates,1532,18.22,8411808,8407760,99.95
VA,Virginia,2016,10,2016-10,violent-crime,estimates,1746,20.77,8411808,8407760,99.95
VA,Virginia,2016,11,2016-11,violent-crime,estimates,1598,19.01,8411808,8407760,99.95
VA,Virginia,2016,12,2016-12,violent-crime,estimates,1629,19.38,8411808,8406696,99.94
VA,Virginia,2017,1,2017-01,violent-crime,estimates,1607,18.98,8470020,8467107,99.97
VA,Virginia,2017,2,2017-02,violent-crime,estimates,1290,15.24,8470020,8467205,99.97
VA,Virginia,2017,3,2017-03,violent-crime,estimates,1326,15.66,8470020,8467205,99.97
VA,Virginia,2017,4,2017-04,violent-crime,estimates,1439,16.99,8470020,8467205,99.97
VA,Virginia,2017,5,2017-05,violent-crime,estimates,1548,18.28,8470020,8467205,99.97
VA,Virginia,2017,6,2017-06,violent-crime,estimates,1560,18.43,8470020,8466186,99.95
VA,Virginia,2017,7,2017-07,violent-crime,estimates,1653,19.54,8470020,8459773,99.88
VA,Virginia,2017,8,2017-08,violent-crime,estimates,1576,18.62,8470020,8466186,99.95
VA,Virginia,2017,9,2017-09,violent-crime,estimates,1517,17.92,8470020,8466186,99.95
VA,Virginia,2017,10,2017-10,violent-crime,estimates,1589,18.77,8470020,8466186,99.95
VA,Virginia,2017,11,2017-11,violent-crime,estimates,1342,15.87,8470020,8453762,99.81
VA,Virginia,2017,12,2017-12,violent-crime,estimates,1469,17.35,8470020,8466568,99.96
WA,Washington,1999,1,1999-01,violent-crime,estimates,1890,33.38,5756000,5661862,98.36
WA,Washington,1999,2,1999-02,violent-crime,estimates,1571,27.74,5756000,5663474,98.39
WA,Washington,1999,3,1999-03,violent-crime,estimates,1787,31.56,5756000,5662240,98.37
WA,Washington,1999,4,1999-04,violent-crime,estimates,1725,30.73,5756000,5613436,97.52
WA,Washington,1999,5,1999-05,violent-crime,estimates,1767,31.48,5756000,5612509,97.51
WA,Washington,1999,6,1999-06,violent-crime,estimates,1825,32.57,5756000,5602894,97.34
WA,Washington,1999,7,1999-07,violent-crime,estimates,1853,33.02,5756000,5611069,97.48
WA,Washington,1999,8,1999-08,violent-crime,estimates,2038,36.31,5756000,5612509,97.51
WA,Washington,1999,9,1999-09,violent-crime,estimates,1784,31.96,5756000,5581393,96.97
WA,Washington,1999,10,1999-10,violent-crime,estimates,1824,32.5,5756000,5612774,97.51
WA,Washington,1999,11,1999-11,violent-crime,estimates,1623,28.92,5756000,5611281,97.49
WA,Washington,1999,12,1999-12,violent-crime,estimates,1657,29.53,5756000,5611281,97.49
WA,Washington,2000,1,2000-01,violent-crime,estimates,1707,29.2,5894121,5844975,99.17
WA,Washington,2000,2,2000-02,violent-crime,estimates,1583,27.1,5894121,5840475,99.09
WA,Washington,2000,3,2000-03,violent-crime,estimates,1901,32.54,5894121,5842205,99.12
WA,Washington,2000,4,2000-04,violent-crime,estimates,1709,29.25,5894121,5842205,99.12
WA,Washington,2000,5,2000-05,violent-crime,estimates,1805,30.91,5894121,5839745,99.08
WA,Washington,2000,6,2000-06,violent-crime,estimates,1828,31.3,5894121,5839745,99.08
WA,Washington,2000,7,2000-07,violent-crime,estimates,1997,34.49,5894121,5789647,98.23
WA,Washington,2000,8,2000-08,violent-crime,estimates,1973,34.09,5894121,5788435,98.21
WA,Washington,2000,9,2000-09,violent-crime,estimates,1898,32.79,5894121,5788821,98.21
WA,Washington,2000,10,2000-10,violent-crime,estimates,1778,32.59,5894121,5454951,92.55
WA,Washington,2000,11,2000-11,violent-crime,estimates,1614,29.37,5894121,5494998,93.23
WA,Washington,2000,12,2000-12,violent-crime,estimates,1650,30.03,5894121,5495265,93.23
WA,Washington,2001,1,2001-01,violent-crime,estimates,1663,28.33,5987973,5870744,98.04
WA,Washington,2001,2,2001-02,violent-crime,estimates,1520,25.91,5987973,5865771,97.96
WA,Washington,2001,3,2001-03,violent-crime,estimates,1773,30.23,5987973,5865771,97.96
WA,Washington,2001,4,2001-04,violent-crime,estimates,1610,27.45,5987973,5864998,97.95
WA,Washington,2001,5,2001-05,violent-crime,estimates,1830,31.2,5987973,5864998,97.95
WA,Washington,2001,6,2001-06,violent-crime,estimates,1603,27.33,5987973,5864998,97.95
WA,Washington,2001,7,2001-07,violent-crime,estimates,1828,31.16,5987973,5867013,97.98
WA,Washington,2001,8,2001-08,violent-crime,estimates,1956,33.34,5987973,5867013,97.98
WA,Washington,2001,9,2001-09,violent-crime,estimates,1849,31.68,5987973,5837397,97.49
WA,Washington,2001,10,2001-10,violent-crime,estimates,1918,32.85,5987973,5839155,97.51
WA,Washington,2001,11,2001-11,violent-crime,estimates,1705,29.21,5987973,5837397,97.49
WA,Washington,2001,12,2001-12,violent-crime,estimates,1644,28.16,5987973,5837397,97.49
WA,Washington,2002,1,2002-01,violent-crime,estimates,1740,29.35,6068996,5927724,97.67
WA,Washington,2002,2,2002-02,violent-crime,estimates,1435,24.24,6068996,5920470,97.55
WA,Washington,2002,3,2002-03,violent-crime,estimates,1629,27.52,6068996,5920251,97.55
WA,Washington,2002,4,2002-04,violent-crime,estimates,1673,28.25,6068996,5921389,97.57
WA,Washington,2002,5,2002-05,violent-crime,estimates,1758,29.69,6068996,5921389,97.57
WA,Washington,2002,6,2002-06,violent-crime,estimates,1783,30.12,6068996,5918856,97.53
WA,Washington,2002,7,2002-07,violent-crime,estimates,1898,32.09,6068996,5914975,97.46
WA,Washington,2002,8,2002-08,violent-crime,estimates,1962,33.17,6068996,5915384,97.47
WA,Washington,2002,9,2002-09,violent-crime,estimates,1699,28.72,6068996,5915384,97.47
WA,Washington,2002,10,2002-10,violent-crime,estimates,1686,28.5,6068996,5915384,97.47
WA,Washington,2002,11,2002-11,violent-crime,estimates,1709,28.9,6068996,5913191,97.43
WA,Washington,2002,12,2002-12,violent-crime,estimates,1569,26.53,6068996,5914042,97.45
WA,Washington,2003,1,2003-01,violent-crime,estimates,1712,28.64,6131445,5977265,97.49
WA,Washington,2003,2,2003-02,violent-crime,estimates,1409,23.57,6131445,5977265,97.49
WA,Washington,2003,3,2003-03,violent-crime,estimates,1689,28.26,6131445,5977265,97.49
WA,Washington,2003,4,2003-04,violent-crime,estimates,1646,27.54,6131445,5976929,97.48
WA,Washington,2003,5,2003-05,violent-crime,estimates,1799,30.1,6131445,5976929,97.48
WA,Washington,2003,6,2003-06,violent-crime,estimates,1787,29.5,6131445,6057496,98.79
WA,Washington,2003,7,2003-07,violent-crime,estimates,2029,33.52,6131445,6053340,98.73
WA,Washington,2003,8,2003-08,violent-crime,estimates,2026,33.47,6131445,6052525,98.71
WA,Washington,2003,9,2003-09,violent-crime,estimates,1818,30.04,6131445,6052525,98.71
WA,Washington,2003,10,2003-10,violent-crime,estimates,2006,33.15,6131445,6051920,98.7
WA,Washington,2003,11,2003-11,violent-crime,estimates,1585,26.19,6131445,6051920,98.7
WA,Washington,2003,12,2003-12,violent-crime,estimates,1614,26.67,6131445,6051920,98.7
WA,Washington,2004,1,2004-01,violent-crime,estimates,1710,27.87,6203788,6134944,98.89
WA,Washington,2004,2,2004-02,violent-crime,estimates,1548,25.23,6203788,6134944,98.89
WA,Washington,2004,3,2004-03,violent-crime,estimates,1850,30.15,6203788,6135364,98.9
WA,Washington,2004,4,2004-04,violent-crime,estimates,1679,27.37,6203788,6135364,98.9
WA,Washington,2004,5,2004-05,violent-crime,estimates,1826,29.76,6203788,6135983,98.91
WA,Washington,2004,6,2004-06,violent-crime,estimates,1767,28.8,6203788,6135983,98.91
WA,Washington,2004,7,2004-07,violent-crime,estimates,1936,31.56,6203788,6135283,98.9
WA,Washington,2004,8,2004-08,violent-crime,estimates,2032,33.12,6203788,6135283,98.9
WA,Washington,2004,9,2004-09,violent-crime,estimates,1704,27.77,6203788,6135283,98.9
WA,Washington,2004,10,2004-10,violent-crime,estimates,1809,29.5,6203788,6132670,98.85
WA,Washington,2004,11,2004-11,violent-crime,estimates,1616,26.35,6203788,6132123,98.84
WA,Washington,2004,12,2004-12,violent-crime,estimates,1713,27.93,6203788,6132123,98.84
WA,Washington,2005,1,2005-01,violent-crime,estimates,1684,26.88,6287759,6265716,99.65
WA,Washington,2005,2,2005-02,violent-crime,estimates,1484,23.68,6287759,6265716,99.65
WA,Washington,2005,3,2005-03,violent-crime,estimates,1701,27.15,6287759,6264795,99.63
WA,Washington,2005,4,2005-04,violent-crime,estimates,1806,28.83,6287759,6264795,99.63
WA,Washington,2005,5,2005-05,violent-crime,estimates,1855,29.61,6287759,6264795,99.63
WA,Washington,2005,6,2005-06,violent-crime,estimates,1749,27.92,6287759,6264795,99.63
WA,Washington,2005,7,2005-07,violent-crime,estimates,1942,31,6287759,6264795,99.63
WA,Washington,2005,8,2005-08,violent-crime,estimates,2008,32.05,6287759,6264795,99.63
WA,Washington,2005,9,2005-09,violent-crime,estimates,1967,31.4,6287759,6264795,99.63
WA,Washington,2005,10,2005-10,violent-crime,estimates,1902,30.39,6287759,6259572,99.55
WA,Washington,2005,11,2005-11,violent-crime,estimates,1756,28.05,6287759,6259572,99.55
WA,Washington,2005,12,2005-12,violent-crime,estimates,1778,28.4,6287759,6259572,99.55
WA,Washington,2006,1,2006-01,violent-crime,estimates,1829,28.64,6395798,6385936,99.85
WA,Washington,2006,2,2006-02,violent-crime,estimates,1632,25.56,6395798,6385936,99.85
WA,Washington,2006,3,2006-03,violent-crime,estimates,1810,28.34,6395798,6385936,99.85
WA,Washington,2006,4,2006-04,violent-crime,estimates,1741,27.26,6395798,6385936,99.85
WA,Washington,2006,5,2006-05,violent-crime,estimates,2035,31.87,6395798,6385936,99.85
WA,Washington,2006,6,2006-06,violent-crime,estimates,1868,29.25,6395798,6385936,99.85
WA,Washington,2006,7,2006-07,violent-crime,estimates,2213,34.65,6395798,6385936,99.85
WA,Washington,2006,8,2006-08,violent-crime,estimates,1994,31.22,6395798,6385936,99.85
WA,Washington,2006,9,2006-09,violent-crime,estimates,1838,28.78,6395798,6385936,99.85
WA,Washington,2006,10,2006-10,violent-crime,estimates,1923,30.11,6395798,6385936,99.85
WA,Washington,2006,11,2006-11,violent-crime,estimates,1632,25.56,6395798,6385936,99.85
WA,Washington,2006,12,2006-12,violent-crime,estimates,1701,26.63,6395798,6387088,99.86
WA,Washington,2007,1,2007-01,violent-crime,estimates,1731,26.78,6468424,6462844,99.91
WA,Washington,2007,2,2007-02,violent-crime,estimates,1495,23.13,6468424,6462844,99.91
WA,Washington,2007,3,2007-03,violent-crime,estimates,1855,28.7,6468424,6462844,99.91
WA,Washington,2007,4,2007-04,violent-crime,estimates,1773,27.43,6468424,6462844,99.91
WA,Washington,2007,5,2007-05,violent-crime,estimates,1961,30.34,6468424,6463757,99.93
WA,Washington,2007,6,2007-06,violent-crime,estimates,1951,30.18,6468424,6463757,99.93
WA,Washington,2007,7,2007-07,violent-crime,estimates,2081,32.23,6468424,6456028,99.81
WA,Washington,2007,8,2007-08,violent-crime,estimates,1864,28.87,6468424,6456028,99.81
WA,Washington,2007,9,2007-09,violent-crime,estimates,1811,28.05,6468424,6456028,99.81
WA,Washington,2007,10,2007-10,violent-crime,estimates,1776,27.52,6468424,6454144,99.78
WA,Washington,2007,11,2007-11,violent-crime,estimates,1670,25.87,6468424,6454144,99.78
WA,Washington,2007,12,2007-12,violent-crime,estimates,1771,27.43,6468424,6457036,99.82
WA,Washington,2008,1,2008-01,violent-crime,estimates,1652,25.27,6549224,6536685,99.81
WA,Washington,2008,2,2008-02,violent-crime,estimates,1587,24.28,6549224,6536685,99.81
WA,Washington,2008,3,2008-03,violent-crime,estimates,1664,25.46,6549224,6536685,99.81
WA,Washington,2008,4,2008-04,violent-crime,estimates,1669,25.52,6549224,6538769,99.84
WA,Washington,2008,5,2008-05,violent-crime,estimates,1946,29.76,6549224,6538769,99.84
WA,Washington,2008,6,2008-06,violent-crime,estimates,1831,28,6549224,6538769,99.84
WA,Washington,2008,7,2008-07,violent-crime,estimates,1988,30.4,6549224,6538769,99.84
WA,Washington,2008,8,2008-08,violent-crime,estimates,2035,31.12,6549224,6538769,99.84
WA,Washington,2008,9,2008-09,violent-crime,estimates,1964,30.04,6549224,6538769,99.84
WA,Washington,2008,10,2008-10,violent-crime,estimates,2012,30.77,6549224,6538769,99.84
WA,Washington,2008,11,2008-11,violent-crime,estimates,1809,27.67,6549224,6538769,99.84
WA,Washington,2008,12,2008-12,violent-crime,estimates,1675,25.62,6549224,6538769,99.84
WA,Washington,2009,1,2009-01,violent-crime,estimates,1922,28.88,6664195,6654505,99.85
WA,Washington,2009,2,2009-02,violent-crime,estimates,1636,24.58,6664195,6654505,99.85
WA,Washington,2009,3,2009-03,violent-crime,estimates,1783,26.82,6664195,6647994,99.76
WA,Washington,2009,4,2009-04,violent-crime,estimates,1795,26.99,6664195,6651836,99.81
WA,Washington,2009,5,2009-05,violent-crime,estimates,2014,30.27,6664195,6652417,99.82
WA,Washington,2009,6,2009-06,violent-crime,estimates,1861,27.99,6664195,6648211,99.76
WA,Washington,2009,7,2009-07,violent-crime,estimates,2111,31.76,6664195,6646655,99.74
WA,Washington,2009,8,2009-08,violent-crime,estimates,1906,29.04,6664195,6563649,98.49
WA,Washington,2009,9,2009-09,violent-crime,estimates,1840,28.04,6664195,6561875,98.46
WA,Washington,2009,10,2009-10,violent-crime,estimates,1734,26.43,6664195,6561581,98.46
WA,Washington,2009,11,2009-11,violent-crime,estimates,1645,25.07,6664195,6561193,98.45
WA,Washington,2009,12,2009-12,violent-crime,estimates,1633,26.24,6664195,6223719,93.39
WA,Washington,2010,1,2010-01,violent-crime,estimates,1823,27.14,6724540,6716515,99.88
WA,Washington,2010,2,2010-02,violent-crime,estimates,1416,21.08,6724540,6716515,99.88
WA,Washington,2010,3,2010-03,violent-crime,estimates,1797,26.75,6724540,6716515,99.88
WA,Washington,2010,4,2010-04,violent-crime,estimates,1722,25.64,6724540,6716515,99.88
WA,Washington,2010,5,2010-05,violent-crime,estimates,1846,27.61,6724540,6686777,99.44
WA,Washington,2010,6,2010-06,violent-crime,estimates,1762,26.35,6724540,6686777,99.44
WA,Washington,2010,7,2010-07,violent-crime,estimates,1888,28.23,6724540,6686777,99.44
WA,Washington,2010,8,2010-08,violent-crime,estimates,1954,29.22,6724540,6686777,99.44
WA,Washington,2010,9,2010-09,violent-crime,estimates,1759,26.31,6724540,6686777,99.44
WA,Washington,2010,10,2010-10,violent-crime,estimates,1883,28.16,6724540,6686777,99.44
WA,Washington,2010,11,2010-11,violent-crime,estimates,1500,22.44,6724540,6684491,99.4
WA,Washington,2010,12,2010-12,violent-crime,estimates,1609,24.06,6724540,6686355,99.43
WA,Washington,2011,1,2011-01,violent-crime,estimates,1627,23.85,6830038,6821792,99.88
WA,Washington,2011,2,2011-02,violent-crime,estimates,1388,20.35,6830038,6822099,99.88
WA,Washington,2011,3,2011-03,violent-crime,estimates,1647,24.14,6830038,6822528,99.89
WA,Washington,2011,4,2011-04,violent-crime,estimates,1557,22.82,6830038,6822099,99.88
WA,Washington,2011,5,2011-05,violent-crime,estimates,1714,25.13,6830038,6821540,99.88
WA,Washington,2011,6,2011-06,violent-crime,estimates,1659,24.32,6830038,6822099,99.88
WA,Washington,2011,7,2011-07,violent-crime,estimates,1870,27.41,6830038,6822099,99.88
WA,Washington,2011,8,2011-08,violent-crime,estimates,1898,27.84,6830038,6817375,99.81
WA,Washington,2011,9,2011-09,violent-crime,estimates,1707,25.04,6830038,6817375,99.81
WA,Washington,2011,10,2011-10,violent-crime,estimates,1695,26.05,6830038,6506042,95.26
WA,Washington,2011,11,2011-11,violent-crime,estimates,1570,23.08,6830038,6802538,99.6
WA,Washington,2011,12,2011-12,violent-crime,estimates,1611,23.64,6830038,6815962,99.79
WA,Washington,2012,1,2012-01,violent-crime,estimates,1581,22.95,6897012,6888292,99.87
WA,Washington,2012,2,2012-02,violent-crime,estimates,1391,20.19,6897012,6888601,99.88
WA,Washington,2012,3,2012-03,violent-crime,estimates,1609,23.35,6897012,6890640,99.91
WA,Washington,2012,4,2012-04,violent-crime,estimates,1632,23.69,6897012,6888993,99.88
WA,Washington,2012,5,2012-05,violent-crime,estimates,1772,26.94,6897012,6577357,95.37
WA,Washington,2012,6,2012-06,violent-crime,estimates,1706,24.82,6897012,6874418,99.67
WA,Washington,2012,7,2012-07,violent-crime,estimates,1858,26.97,6897012,6887908,99.87
WA,Washington,2012,8,2012-08,violent-crime,estimates,1890,27.44,6897012,6887343,99.86
WA,Washington,2012,9,2012-09,violent-crime,estimates,1829,27.81,6897012,6575694,95.34
WA,Washington,2012,10,2012-10,violent-crime,estimates,1774,26.97,6897012,6576746,95.36
WA,Washington,2012,11,2012-11,violent-crime,estimates,1606,24.42,6897012,6577357,95.37
WA,Washington,2012,12,2012-12,violent-crime,estimates,1578,22.92,6897012,6885945,99.84
WA,Washington,2013,1,2013-01,violent-crime,estimates,1694,24.32,6971406,6966425,99.93
WA,Washington,2013,2,2013-02,violent-crime,estimates,1517,21.78,6971406,6966425,99.93
WA,Washington,2013,3,2013-03,violent-crime,estimates,1605,23.04,6971406,6966425,99.93
WA,Washington,2013,4,2013-04,violent-crime,estimates,1583,22.72,6971406,6966425,99.93
WA,Washington,2013,5,2013-05,violent-crime,estimates,1738,24.95,6971406,6966425,99.93
WA,Washington,2013,6,2013-06,violent-crime,estimates,1629,23.39,6971406,6965378,99.91
WA,Washington,2013,7,2013-07,violent-crime,estimates,1847,26.52,6971406,6964507,99.9
WA,Washington,2013,8,2013-08,violent-crime,estimates,1824,26.19,6971406,6964216,99.9
WA,Washington,2013,9,2013-09,violent-crime,estimates,1637,23.51,6971406,6964216,99.9
WA,Washington,2013,10,2013-10,violent-crime,estimates,1680,24.12,6971406,6964216,99.9
WA,Washington,2013,11,2013-11,violent-crime,estimates,1603,24.13,6971406,6642988,95.29
WA,Washington,2013,12,2013-12,violent-crime,estimates,1499,22.58,6971406,6639139,95.23
WA,Washington,2014,1,2014-01,violent-crime,estimates,1688,23.97,7061530,7043363,99.74
WA,Washington,2014,2,2014-02,violent-crime,estimates,1364,19.37,7061530,7042121,99.73
WA,Washington,2014,3,2014-03,violent-crime,estimates,1662,23.57,7061530,7051190,99.85
WA,Washington,2014,4,2014-04,violent-crime,estimates,1601,22.71,7061530,7051190,99.85
WA,Washington,2014,5,2014-05,violent-crime,estimates,1759,24.95,7061530,7051190,99.85
WA,Washington,2014,6,2014-06,violent-crime,estimates,1741,24.69,7061530,7051190,99.85
WA,Washington,2014,7,2014-07,violent-crime,estimates,1749,24.8,7061530,7051190,99.85
WA,Washington,2014,8,2014-08,violent-crime,estimates,1838,26.07,7061530,7051190,99.85
WA,Washington,2014,9,2014-09,violent-crime,estimates,1718,24.36,7061530,7051190,99.85
WA,Washington,2014,10,2014-10,violent-crime,estimates,1642,23.29,7061530,7051190,99.85
WA,Washington,2014,11,2014-11,violent-crime,estimates,1591,22.56,7061530,7051190,99.85
WA,Washington,2014,12,2014-12,violent-crime,estimates,1609,22.82,7061530,7051190,99.85
WA,Washington,2015,1,2015-01,violent-crime,estimates,1574,21.97,7170351,7163444,99.9
WA,Washington,2015,2,2015-02,violent-crime,estimates,1537,21.46,7170351,7163444,99.9
WA,Washington,2015,3,2015-03,violent-crime,estimates,1609,22.46,7170351,7163444,99.9
WA,Washington,2015,4,2015-04,violent-crime,estimates,1443,20.14,7170351,7163444,99.9
WA,Washington,2015,5,2015-05,violent-crime,estimates,1791,25,7170351,7164500,99.92
WA,Washington,2015,6,2015-06,violent-crime,estimates,1789,24.97,7170351,7163444,99.9
WA,Washington,2015,7,2015-07,violent-crime,estimates,1929,26.93,7170351,7163444,99.9
WA,Washington,2015,8,2015-08,violent-crime,estimates,1976,27.58,7170351,7163444,99.9
WA,Washington,2015,9,2015-09,violent-crime,estimates,1677,23.41,7170351,7163444,99.9
WA,Washington,2015,10,2015-10,violent-crime,estimates,1709,23.86,7170351,7163444,99.9
WA,Washington,2015,11,2015-11,violent-crime,estimates,1593,22.24,7170351,7162358,99.89
WA,Washington,2015,12,2015-12,violent-crime,estimates,1648,23.01,7170351,7162358,99.89
WA,Washington,2016,1,2016-01,violent-crime,estimates,1777,24.4,7288000,7281501,99.91
WA,Washington,2016,2,2016-02,violent-crime,estimates,1623,22.29,7288000,7281908,99.92
WA,Washington,2016,3,2016-03,violent-crime,estimates,1782,24.47,7288000,7281079,99.91
WA,Washington,2016,4,2016-04,violent-crime,estimates,1735,23.84,7288000,7278196,99.87
WA,Washington,2016,5,2016-05,violent-crime,estimates,1897,26.07,7288000,7277591,99.86
WA,Washington,2016,6,2016-06,violent-crime,estimates,1884,25.88,7288000,7280474,99.9
WA,Washington,2016,7,2016-07,violent-crime,estimates,1980,27.22,7288000,7273804,99.81
WA,Washington,2016,8,2016-08,violent-crime,estimates,1932,26.55,7288000,7277591,99.86
WA,Washington,2016,9,2016-09,violent-crime,estimates,1878,25.8,7288000,7280474,99.9
WA,Washington,2016,10,2016-10,violent-crime,estimates,1841,25.29,7288000,7280474,99.9
WA,Washington,2016,11,2016-11,violent-crime,estimates,1785,24.53,7288000,7276687,99.84
WA,Washington,2016,12,2016-12,violent-crime,estimates,1778,24.43,7288000,7278577,99.87
WA,Washington,2017,1,2017-01,violent-crime,estimates,1814,24.52,7405743,7398100,99.9
WA,Washington,2017,2,2017-02,violent-crime,estimates,1556,21.04,7405743,7395187,99.86
WA,Washington,2017,3,2017-03,violent-crime,estimates,1939,26.22,7405743,7395187,99.86
WA,Washington,2017,4,2017-04,violent-crime,estimates,1837,24.84,7405743,7394177,99.84
WA,Washington,2017,5,2017-05,violent-crime,estimates,2098,28.37,7405743,7395187,99.86
WA,Washington,2017,6,2017-06,violent-crime,estimates,1922,25.99,7405743,7395187,99.86
WA,Washington,2017,7,2017-07,violent-crime,estimates,2104,28.47,7405743,7389082,99.78
WA,Washington,2017,8,2017-08,violent-crime,estimates,1952,26.41,7405743,7390374,99.79
WA,Washington,2017,9,2017-09,violent-crime,estimates,1851,25.05,7405743,7389262,99.78
WA,Washington,2017,10,2017-10,violent-crime,estimates,1899,25.71,7405743,7386737,99.74
WA,Washington,2017,11,2017-11,violent-crime,estimates,1782,24.12,7405743,7387780,99.76
WA,Washington,2017,12,2017-12,violent-crime,estimates,1766,23.91,7405743,7384665,99.72
WV,West Virginia,1999,1,1999-01,violent-crime,estimates,359,27.14,1807000,1322606,73.19
WV,West Virginia,1999,2,1999-02,violent-crime,estimates,315,21.34,1807000,1476392,81.7
WV,West Virginia,1999,3,1999-03,violent-crime,estimates,397,26.7,1807000,1486928,82.29
WV,West Virginia,1999,4,1999-04,violent-crime,estimates,444,31,1807000,1432305,79.26
WV,West Virginia,1999,5,1999-05,violent-crime,estimates,460,30.9,1807000,1488857,82.39
WV,West Virginia,1999,6,1999-06,violent-crime,estimates,426,28.63,1807000,1487972,82.34
WV,West Virginia,1999,7,1999-07,violent-crime,estimates,486,32.75,1807000,1483945,82.12
WV,West Virginia,1999,8,1999-08,violent-crime,estimates,421,28.23,1807000,1491175,82.52
WV,West Virginia,1999,9,1999-09,violent-crime,estimates,380,25.6,1807000,1484495,82.15
WV,West Virginia,1999,10,1999-10,violent-crime,estimates,409,27.61,1807000,1481421,81.98
WV,West Virginia,1999,11,1999-11,violent-crime,estimates,336,22.78,1807000,1475116,81.63
WV,West Virginia,1999,12,1999-12,violent-crime,estimates,398,27.01,1807000,1473652,81.55
WV,West Virginia,2000,1,2000-01,violent-crime,estimates,424,26.9,1808344,1576259,87.17
WV,West Virginia,2000,2,2000-02,violent-crime,estimates,399,24.6,1808344,1622193,89.71
WV,West Virginia,2000,3,2000-03,violent-crime,estimates,507,31.2,1808344,1625258,89.88
WV,West Virginia,2000,4,2000-04,violent-crime,estimates,462,27.86,1808344,1658388,91.71
WV,West Virginia,2000,5,2000-05,violent-crime,estimates,473,30.04,1808344,1574789,87.08
WV,West Virginia,2000,6,2000-06,violent-crime,estimates,515,32.57,1808344,1581300,87.44
WV,West Virginia,2000,7,2000-07,violent-crime,estimates,576,35.69,1808344,1613745,89.24
WV,West Virginia,2000,8,2000-08,violent-crime,estimates,454,28.37,1808344,1600419,88.5
WV,West Virginia,2000,9,2000-09,violent-crime,estimates,439,27.97,1808344,1569465,86.79
WV,West Virginia,2000,10,2000-10,violent-crime,estimates,458,28.59,1808344,1602233,88.6
WV,West Virginia,2000,11,2000-11,violent-crime,estimates,391,24.98,1808344,1565306,86.56
WV,West Virginia,2000,12,2000-12,violent-crime,estimates,350,22.65,1808344,1545067,85.44
WV,West Virginia,2001,1,2001-01,violent-crime,estimates,366,21.14,1801916,1731043,96.07
WV,West Virginia,2001,2,2001-02,violent-crime,estimates,362,21.19,1801916,1708101,94.79
WV,West Virginia,2001,3,2001-03,violent-crime,estimates,498,28.8,1801916,1729333,95.97
WV,West Virginia,2001,4,2001-04,violent-crime,estimates,556,32.75,1801916,1697559,94.21
WV,West Virginia,2001,5,2001-05,violent-crime,estimates,470,27.17,1801916,1729784,96
WV,West Virginia,2001,6,2001-06,violent-crime,estimates,459,26.64,1801916,1722727,95.61
WV,West Virginia,2001,7,2001-07,violent-crime,estimates,388,23.06,1801916,1682623,93.38
WV,West Virginia,2001,8,2001-08,violent-crime,estimates,371,22.57,1801916,1643489,91.21
WV,West Virginia,2001,9,2001-09,violent-crime,estimates,369,21.89,1801916,1685419,93.53
WV,West Virginia,2001,10,2001-10,violent-crime,estimates,270,16.08,1801916,1678681,93.16
WV,West Virginia,2001,11,2001-11,violent-crime,estimates,316,18.93,1801916,1669428,92.65
WV,West Virginia,2001,12,2001-12,violent-crime,estimates,205,12.59,1801916,1628156,90.36
WV,West Virginia,2002,1,2002-01,violent-crime,estimates,236,14.28,1801873,1653196,91.75
WV,West Virginia,2002,2,2002-02,violent-crime,estimates,229,14.12,1801873,1622266,90.03
WV,West Virginia,2002,3,2002-03,violent-crime,estimates,342,20.61,1801873,1659435,92.1
WV,West Virginia,2002,4,2002-04,violent-crime,estimates,338,20.62,1801873,1639130,90.97
WV,West Virginia,2002,5,2002-05,violent-crime,estimates,380,23.32,1801873,1629350,90.43
WV,West Virginia,2002,6,2002-06,violent-crime,estimates,355,21.91,1801873,1620223,89.92
WV,West Virginia,2002,7,2002-07,violent-crime,estimates,371,22.62,1801873,1639942,91.01
WV,West Virginia,2002,8,2002-08,violent-crime,estimates,411,25.04,1801873,1641477,91.1
WV,West Virginia,2002,9,2002-09,violent-crime,estimates,382,23.57,1801873,1620370,89.93
WV,West Virginia,2002,10,2002-10,violent-crime,estimates,374,24.15,1801873,1548551,85.94
WV,West Virginia,2002,11,2002-11,violent-crime,estimates,271,17.1,1801873,1585022,87.97
WV,West Virginia,2002,12,2002-12,violent-crime,estimates,292,19.23,1801873,1518824,84.29
WV,West Virginia,2003,1,2003-01,violent-crime,estimates,291,17.37,1810354,1675439,92.55
WV,West Virginia,2003,2,2003-02,violent-crime,estimates,258,15.93,1810354,1619256,89.44
WV,West Virginia,2003,3,2003-03,violent-crime,estimates,378,22.76,1810354,1661099,91.76
WV,West Virginia,2003,4,2003-04,violent-crime,estimates,349,22.2,1810354,1571772,86.82
WV,West Virginia,2003,5,2003-05,violent-crime,estimates,391,25.56,1810354,1529549,84.49
WV,West Virginia,2003,6,2003-06,violent-crime,estimates,395,25.25,1810354,1564070,86.4
WV,West Virginia,2003,7,2003-07,violent-crime,estimates,346,22.31,1810354,1550795,85.66
WV,West Virginia,2003,8,2003-08,violent-crime,estimates,372,23.95,1810354,1553556,85.82
WV,West Virginia,2003,9,2003-09,violent-crime,estimates,333,21.49,1810354,1549840,85.61
WV,West Virginia,2003,10,2003-10,violent-crime,estimates,379,24.76,1810354,1530756,84.56
WV,West Virginia,2003,11,2003-11,violent-crime,estimates,306,19.48,1810354,1570676,86.76
WV,West Virginia,2003,12,2003-12,violent-crime,estimates,258,16.44,1810354,1569358,86.69
WV,West Virginia,2004,1,2004-01,violent-crime,estimates,379,22.83,1815354,1659932,91.44
WV,West Virginia,2004,2,2004-02,violent-crime,estimates,337,20.05,1815354,1681091,92.6
WV,West Virginia,2004,3,2004-03,violent-crime,estimates,401,23.66,1815354,1694799,93.36
WV,West Virginia,2004,4,2004-04,violent-crime,estimates,409,24.23,1815354,1687728,92.97
WV,West Virginia,2004,5,2004-05,violent-crime,estimates,406,23.87,1815354,1700941,93.7
WV,West Virginia,2004,6,2004-06,violent-crime,estimates,423,24.88,1815354,1700161,93.65
WV,West Virginia,2004,7,2004-07,violent-crime,estimates,461,27.11,1815354,1700328,93.66
WV,West Virginia,2004,8,2004-08,violent-crime,estimates,424,24.95,1815354,1699233,93.6
WV,West Virginia,2004,9,2004-09,violent-crime,estimates,351,20.66,1815354,1698711,93.57
WV,West Virginia,2004,10,2004-10,violent-crime,estimates,436,25.69,1815354,1696951,93.48
WV,West Virginia,2004,11,2004-11,violent-crime,estimates,354,21.64,1815354,1635759,90.11
WV,West Virginia,2004,12,2004-12,violent-crime,estimates,335,20.26,1815354,1653441,91.08
WV,West Virginia,2005,1,2005-01,violent-crime,estimates,390,22.92,1816856,1701748,93.66
WV,West Virginia,2005,2,2005-02,violent-crime,estimates,303,17.83,1816856,1699681,93.55
WV,West Virginia,2005,3,2005-03,violent-crime,estimates,387,22.9,1816856,1689599,93
WV,West Virginia,2005,4,2005-04,violent-crime,estimates,377,22.29,1816856,1691009,93.07
WV,West Virginia,2005,5,2005-05,violent-crime,estimates,400,23.5,1816856,1702125,93.69
WV,West Virginia,2005,6,2005-06,violent-crime,estimates,456,26.85,1816856,1698318,93.48
WV,West Virginia,2005,7,2005-07,violent-crime,estimates,407,24.52,1816856,1659857,91.36
WV,West Virginia,2005,8,2005-08,violent-crime,estimates,456,26.8,1816856,1701766,93.67
WV,West Virginia,2005,9,2005-09,violent-crime,estimates,406,23.8,1816856,1706066,93.9
WV,West Virginia,2005,10,2005-10,violent-crime,estimates,393,23.14,1816856,1698521,93.49
WV,West Virginia,2005,11,2005-11,violent-crime,estimates,328,19.25,1816856,1703922,93.78
WV,West Virginia,2005,12,2005-12,violent-crime,estimates,318,18.92,1816856,1680957,92.52
WV,West Virginia,2006,1,2006-01,violent-crime,estimates,372,22.16,1818470,1678840,92.32
WV,West Virginia,2006,2,2006-02,violent-crime,estimates,293,17.54,1818470,1670166,91.84
WV,West Virginia,2006,3,2006-03,violent-crime,estimates,335,19.88,1818470,1685326,92.68
WV,West Virginia,2006,4,2006-04,violent-crime,estimates,411,24.46,1818470,1680116,92.39
WV,West Virginia,2006,5,2006-05,violent-crime,estimates,419,24.75,1818470,1692688,93.08
WV,West Virginia,2006,6,2006-06,violent-crime,estimates,436,26,1818470,1676959,92.22
WV,West Virginia,2006,7,2006-07,violent-crime,estimates,486,29,1818470,1675957,92.16
WV,West Virginia,2006,8,2006-08,violent-crime,estimates,422,25.09,1818470,1681912,92.49
WV,West Virginia,2006,9,2006-09,violent-crime,estimates,420,25.47,1818470,1649210,90.69
WV,West Virginia,2006,10,2006-10,violent-crime,estimates,363,21.8,1818470,1665393,91.58
WV,West Virginia,2006,11,2006-11,violent-crime,estimates,410,24.85,1818470,1649614,90.71
WV,West Virginia,2006,12,2006-12,violent-crime,estimates,413,24.84,1818470,1662741,91.44
WV,West Virginia,2007,1,2007-01,violent-crime,estimates,370,22.12,1812035,1672581,92.3
WV,West Virginia,2007,2,2007-02,violent-crime,estimates,301,17.99,1812035,1672793,92.32
WV,West Virginia,2007,3,2007-03,violent-crime,estimates,400,23.84,1812035,1677739,92.59
WV,West Virginia,2007,4,2007-04,violent-crime,estimates,369,22.43,1812035,1645444,90.81
WV,West Virginia,2007,5,2007-05,violent-crime,estimates,417,25.14,1812035,1658758,91.54
WV,West Virginia,2007,6,2007-06,violent-crime,estimates,445,27.44,1812035,1621556,89.49
WV,West Virginia,2007,7,2007-07,violent-crime,estimates,434,26.63,1812035,1629802,89.94
WV,West Virginia,2007,8,2007-08,violent-crime,estimates,417,25.77,1812035,1618406,89.31
WV,West Virginia,2007,9,2007-09,violent-crime,estimates,411,25.32,1812035,1623131,89.58
WV,West Virginia,2007,10,2007-10,violent-crime,estimates,395,24.51,1812035,1611866,88.95
WV,West Virginia,2007,11,2007-11,violent-crime,estimates,355,21.79,1812035,1629010,89.9
WV,West Virginia,2007,12,2007-12,violent-crime,estimates,349,22.4,1812035,1558312,86
WV,West Virginia,2008,1,2008-01,violent-crime,estimates,364,21.73,1814468,1675192,92.32
WV,West Virginia,2008,2,2008-02,violent-crime,estimates,323,19.85,1814468,1627001,89.67
WV,West Virginia,2008,3,2008-03,violent-crime,estimates,372,22.37,1814468,1662922,91.65
WV,West Virginia,2008,4,2008-04,violent-crime,estimates,398,23.79,1814468,1672801,92.19
WV,West Virginia,2008,5,2008-05,violent-crime,estimates,371,22.51,1814468,1648462,90.85
WV,West Virginia,2008,6,2008-06,violent-crime,estimates,390,23.59,1814468,1653002,91.1
WV,West Virginia,2008,7,2008-07,violent-crime,estimates,418,25.48,1814468,1640579,90.42
WV,West Virginia,2008,8,2008-08,violent-crime,estimates,451,27.3,1814468,1651977,91.04
WV,West Virginia,2008,9,2008-09,violent-crime,estimates,445,26.9,1814468,1654498,91.18
WV,West Virginia,2008,10,2008-10,violent-crime,estimates,423,25.49,1814468,1659766,91.47
WV,West Virginia,2008,11,2008-11,violent-crime,estimates,360,21.79,1814468,1652274,91.06
WV,West Virginia,2008,12,2008-12,violent-crime,estimates,349,21.06,1814468,1657169,91.33
WV,West Virginia,2009,1,2009-01,violent-crime,estimates,359,21.6,1819777,1662400,91.35
WV,West Virginia,2009,2,2009-02,violent-crime,estimates,327,19.85,1819777,1646966,90.5
WV,West Virginia,2009,3,2009-03,violent-crime,estimates,413,24.82,1819777,1664019,91.44
WV,West Virginia,2009,4,2009-04,violent-crime,estimates,371,22.54,1819777,1645756,90.44
WV,West Virginia,2009,5,2009-05,violent-crime,estimates,453,27.66,1819777,1637944,90.01
WV,West Virginia,2009,6,2009-06,violent-crime,estimates,449,27.7,1819777,1620855,89.07
WV,West Virginia,2009,7,2009-07,violent-crime,estimates,448,27.97,1819777,1601984,88.03
WV,West Virginia,2009,8,2009-08,violent-crime,estimates,513,32.11,1819777,1597536,87.79
WV,West Virginia,2009,9,2009-09,violent-crime,estimates,423,26.16,1819777,1616732,88.84
WV,West Virginia,2009,10,2009-10,violent-crime,estimates,508,31.34,1819777,1621188,89.09
WV,West Virginia,2009,11,2009-11,violent-crime,estimates,424,26.18,1819777,1619769,89.01
WV,West Virginia,2009,12,2009-12,violent-crime,estimates,365,22.77,1819777,1602782,88.08
WV,West Virginia,2010,1,2010-01,violent-crime,estimates,350,20.51,1852994,1706381,92.09
WV,West Virginia,2010,2,2010-02,violent-crime,estimates,311,18.25,1852994,1704247,91.97
WV,West Virginia,2010,3,2010-03,violent-crime,estimates,414,24.08,1852994,1719574,92.8
WV,West Virginia,2010,4,2010-04,violent-crime,estimates,405,24.05,1852994,1684145,90.89
WV,West Virginia,2010,5,2010-05,violent-crime,estimates,320,19.81,1852994,1615368,87.18
WV,West Virginia,2010,6,2010-06,violent-crime,estimates,483,28.68,1852994,1684046,90.88
WV,West Virginia,2010,7,2010-07,violent-crime,estimates,455,27.2,1852994,1672818,90.28
WV,West Virginia,2010,8,2010-08,violent-crime,estimates,430,25.63,1852994,1677667,90.54
WV,West Virginia,2010,9,2010-09,violent-crime,estimates,460,27.56,1852994,1669214,90.08
WV,West Virginia,2010,10,2010-10,violent-crime,estimates,502,30.77,1852994,1631517,88.05
WV,West Virginia,2010,11,2010-11,violent-crime,estimates,366,22.33,1852994,1639176,88.46
WV,West Virginia,2010,12,2010-12,violent-crime,estimates,277,16.93,1852994,1635733,88.28
WV,West Virginia,2011,1,2011-01,violent-crime,estimates,320,19.26,1855364,1661711,89.56
WV,West Virginia,2011,2,2011-02,violent-crime,estimates,190,11.76,1855364,1615255,87.06
WV,West Virginia,2011,3,2011-03,violent-crime,estimates,387,23.87,1855364,1621216,87.38
WV,West Virginia,2011,4,2011-04,violent-crime,estimates,497,29.99,1855364,1657223,89.32
WV,West Virginia,2011,5,2011-05,violent-crime,estimates,343,20.88,1855364,1642527,88.53
WV,West Virginia,2011,6,2011-06,violent-crime,estimates,395,24.1,1855364,1639191,88.35
WV,West Virginia,2011,7,2011-07,violent-crime,estimates,516,30.78,1855364,1676407,90.35
WV,West Virginia,2011,8,2011-08,violent-crime,estimates,474,28.04,1855364,1690530,91.12
WV,West Virginia,2011,9,2011-09,violent-crime,estimates,466,27.77,1855364,1677883,90.43
WV,West Virginia,2011,10,2011-10,violent-crime,estimates,495,30.19,1855364,1639704,88.38
WV,West Virginia,2011,11,2011-11,violent-crime,estimates,443,26.89,1855364,1647209,88.78
WV,West Virginia,2011,12,2011-12,violent-crime,estimates,383,23.18,1855364,1652483,89.07
WV,West Virginia,2012,1,2012-01,violent-crime,estimates,458,26.71,1855413,1714721,92.42
WV,West Virginia,2012,2,2012-02,violent-crime,estimates,380,22.27,1855413,1706238,91.96
WV,West Virginia,2012,3,2012-03,violent-crime,estimates,452,26.2,1855413,1724917,92.97
WV,West Virginia,2012,4,2012-04,violent-crime,estimates,467,27.09,1855413,1723950,92.91
WV,West Virginia,2012,5,2012-05,violent-crime,estimates,529,31.12,1855413,1699968,91.62
WV,West Virginia,2012,6,2012-06,violent-crime,estimates,483,28.49,1855413,1695340,91.37
WV,West Virginia,2012,7,2012-07,violent-crime,estimates,531,31.51,1855413,1685356,90.83
WV,West Virginia,2012,8,2012-08,violent-crime,estimates,517,30.91,1855413,1672790,90.16
WV,West Virginia,2012,9,2012-09,violent-crime,estimates,422,24.99,1855413,1688452,91
WV,West Virginia,2012,10,2012-10,violent-crime,estimates,399,23.81,1855413,1675837,90.32
WV,West Virginia,2012,11,2012-11,violent-crime,estimates,385,22.97,1855413,1676113,90.34
WV,West Virginia,2012,12,2012-12,violent-crime,estimates,396,23.5,1855413,1684816,90.81
WV,West Virginia,2013,1,2013-01,violent-crime,estimates,371,22,1854304,1686563,90.95
WV,West Virginia,2013,2,2013-02,violent-crime,estimates,305,18.13,1854304,1682740,90.75
WV,West Virginia,2013,3,2013-03,violent-crime,estimates,192,11.45,1854304,1677217,90.45
WV,West Virginia,2013,4,2013-04,violent-crime,estimates,266,15.86,1854304,1676695,90.42
WV,West Virginia,2013,5,2013-05,violent-crime,estimates,560,33.47,1854304,1672927,90.22
WV,West Virginia,2013,6,2013-06,violent-crime,estimates,463,27.68,1854304,1672927,90.22
WV,West Virginia,2013,7,2013-07,violent-crime,estimates,485,28.87,1854304,1680119,90.61
WV,West Virginia,2013,8,2013-08,violent-crime,estimates,453,27.08,1854304,1672927,90.22
WV,West Virginia,2013,9,2013-09,violent-crime,estimates,437,26.86,1854304,1627015,87.74
WV,West Virginia,2013,10,2013-10,violent-crime,estimates,455,27.91,1854304,1630061,87.91
WV,West Virginia,2013,11,2013-11,violent-crime,estimates,405,25.1,1854304,1613672,87.02
WV,West Virginia,2013,12,2013-12,violent-crime,estimates,363,22.63,1854304,1603947,86.5
WV,West Virginia,2014,1,2014-01,violent-crime,estimates,375,23.04,1850326,1627480,87.96
WV,West Virginia,2014,2,2014-02,violent-crime,estimates,338,21.38,1850326,1581115,85.45
WV,West Virginia,2014,3,2014-03,violent-crime,estimates,432,27.14,1850326,1591766,86.03
WV,West Virginia,2014,4,2014-04,violent-crime,estimates,460,29.68,1850326,1549636,83.75
WV,West Virginia,2014,5,2014-05,violent-crime,estimates,503,32.97,1850326,1525629,82.45
WV,West Virginia,2014,6,2014-06,violent-crime,estimates,489,31.11,1850326,1571595,84.94
WV,West Virginia,2014,7,2014-07,violent-crime,estimates,386,25.38,1850326,1520687,82.18
WV,West Virginia,2014,8,2014-08,violent-crime,estimates,339,22.98,1850326,1475043,79.72
WV,West Virginia,2014,9,2014-09,violent-crime,estimates,370,24.25,1850326,1525756,82.46
WV,West Virginia,2014,10,2014-10,violent-crime,estimates,393,25.82,1850326,1522282,82.27
WV,West Virginia,2014,11,2014-11,violent-crime,estimates,370,24.29,1850326,1522964,82.31
WV,West Virginia,2014,12,2014-12,violent-crime,estimates,341,22.25,1850326,1532837,82.84
WV,West Virginia,2015,1,2015-01,violent-crime,estimates,404,25.6,1844128,1578039,85.57
WV,West Virginia,2015,2,2015-02,violent-crime,estimates,319,20.7,1844128,1541383,83.58
WV,West Virginia,2015,3,2015-03,violent-crime,estimates,381,24.32,1844128,1566526,84.95
WV,West Virginia,2015,4,2015-04,violent-crime,estimates,449,29.06,1844128,1544896,83.77
WV,West Virginia,2015,5,2015-05,violent-crime,estimates,495,31.91,1844128,1551432,84.13
WV,West Virginia,2015,6,2015-06,violent-crime,estimates,526,34.1,1844128,1542360,83.64
WV,West Virginia,2015,7,2015-07,violent-crime,estimates,513,32.89,1844128,1559537,84.57
WV,West Virginia,2015,8,2015-08,violent-crime,estimates,555,35.63,1844128,1557680,84.47
WV,West Virginia,2015,9,2015-09,violent-crime,estimates,398,25.89,1844128,1537088,83.35
WV,West Virginia,2015,10,2015-10,violent-crime,estimates,450,29.65,1844128,1517905,82.31
WV,West Virginia,2015,11,2015-11,violent-crime,estimates,385,25.46,1844128,1512128,82
WV,West Virginia,2015,12,2015-12,violent-crime,estimates,423,27.47,1844128,1539905,83.5
WV,West Virginia,2016,1,2016-01,violent-crime,estimates,415,25.8,1831102,1608470,87.84
WV,West Virginia,2016,2,2016-02,violent-crime,estimates,353,21.9,1831102,1612089,88.04
WV,West Virginia,2016,3,2016-03,violent-crime,estimates,512,31.61,1831102,1619536,88.45
WV,West Virginia,2016,4,2016-04,violent-crime,estimates,500,31.11,1831102,1607141,87.77
WV,West Virginia,2016,5,2016-05,violent-crime,estimates,567,35.37,1831102,1603117,87.55
WV,West Virginia,2016,6,2016-06,violent-crime,estimates,551,34.15,1831102,1613549,88.12
WV,West Virginia,2016,7,2016-07,violent-crime,estimates,545,34.06,1831102,1600161,87.39
WV,West Virginia,2016,8,2016-08,violent-crime,estimates,572,35.8,1831102,1597924,87.27
WV,West Virginia,2016,9,2016-09,violent-crime,estimates,514,32.06,1831102,1603315,87.56
WV,West Virginia,2016,10,2016-10,violent-crime,estimates,505,32.28,1831102,1564587,85.45
WV,West Virginia,2016,11,2016-11,violent-crime,estimates,460,28.59,1831102,1608693,87.85
WV,West Virginia,2016,12,2016-12,violent-crime,estimates,444,27.66,1831102,1604976,87.65
WV,West Virginia,2017,1,2017-01,violent-crime,estimates,552,34.35,1815857,1607144,88.51
WV,West Virginia,2017,2,2017-02,violent-crime,estimates,435,27.1,1815857,1605459,88.41
WV,West Virginia,2017,3,2017-03,violent-crime,estimates,461,28.83,1815857,1599021,88.06
WV,West Virginia,2017,4,2017-04,violent-crime,estimates,501,31.2,1815857,1605523,88.42
WV,West Virginia,2017,5,2017-05,violent-crime,estimates,525,33.05,1815857,1588669,87.49
WV,West Virginia,2017,6,2017-06,violent-crime,estimates,489,30.73,1815857,1591333,87.64
WV,West Virginia,2017,7,2017-07,violent-crime,estimates,502,31.54,1815857,1591865,87.66
WV,West Virginia,2017,8,2017-08,violent-crime,estimates,562,35.32,1815857,1590970,87.62
WV,West Virginia,2017,9,2017-09,violent-crime,estimates,575,35.99,1815857,1597578,87.98
WV,West Virginia,2017,10,2017-10,violent-crime,estimates,475,29.73,1815857,1597566,87.98
WV,West Virginia,2017,11,2017-11,violent-crime,estimates,476,30.03,1815857,1585134,87.29
WV,West Virginia,2017,12,2017-12,violent-crime,estimates,440,27.87,1815857,1578676,86.94
WI,Wisconsin,1999,1,1999-01,violent-crime,estimates,913,17.62,5250000,5180260,98.67
WI,Wisconsin,1999,2,1999-02,violent-crime,estimates,865,16.74,5250000,5167860,98.44
WI,Wisconsin,1999,3,1999-03,violent-crime,estimates,1078,20.82,5250000,5178914,98.65
WI,Wisconsin,1999,4,1999-04,violent-crime,estimates,1037,20.01,5250000,5183166,98.73
WI,Wisconsin,1999,5,1999-05,violent-crime,estimates,1084,20.93,5250000,5179599,98.66
WI,Wisconsin,1999,6,1999-06,violent-crime,estimates,1112,21.48,5250000,5176126,98.59
WI,Wisconsin,1999,7,1999-07,violent-crime,estimates,1272,24.59,5250000,5173498,98.54
WI,Wisconsin,1999,8,1999-08,violent-crime,estimates,1156,22.37,5250000,5166669,98.41
WI,Wisconsin,1999,9,1999-09,violent-crime,estimates,1087,21.05,5250000,5164614,98.37
WI,Wisconsin,1999,10,1999-10,violent-crime,estimates,1137,21.96,5250000,5178253,98.63
WI,Wisconsin,1999,11,1999-11,violent-crime,estimates,1086,21.39,5250000,5077784,96.72
WI,Wisconsin,1999,12,1999-12,violent-crime,estimates,969,19.14,5250000,5063002,96.44
WI,Wisconsin,2000,1,2000-01,violent-crime,estimates,911,17.74,5363675,5135634,95.75
WI,Wisconsin,2000,2,2000-02,violent-crime,estimates,812,15.79,5363675,5143430,95.89
WI,Wisconsin,2000,3,2000-03,violent-crime,estimates,1017,19.87,5363675,5117317,95.41
WI,Wisconsin,2000,4,2000-04,violent-crime,estimates,901,17.63,5363675,5109647,95.26
WI,Wisconsin,2000,5,2000-05,violent-crime,estimates,1069,20.91,5363675,5111793,95.3
WI,Wisconsin,2000,6,2000-06,violent-crime,estimates,973,19.09,5363675,5096089,95.01
WI,Wisconsin,2000,7,2000-07,violent-crime,estimates,1195,23.77,5363675,5027851,93.74
WI,Wisconsin,2000,8,2000-08,violent-crime,estimates,1122,22.01,5363675,5097442,95.04
WI,Wisconsin,2000,9,2000-09,violent-crime,estimates,1139,22.45,5363675,5073062,94.58
WI,Wisconsin,2000,10,2000-10,violent-crime,estimates,1221,24.05,5363675,5077718,94.67
WI,Wisconsin,2000,11,2000-11,violent-crime,estimates,1086,21.42,5363675,5069626,94.52
WI,Wisconsin,2000,12,2000-12,violent-crime,estimates,941,19,5363675,4953841,92.36
WI,Wisconsin,2001,1,2001-01,violent-crime,estimates,1021,19.27,5401906,5299297,98.1
WI,Wisconsin,2001,2,2001-02,violent-crime,estimates,771,14.56,5401906,5296622,98.05
WI,Wisconsin,2001,3,2001-03,violent-crime,estimates,907,17.18,5401906,5279500,97.73
WI,Wisconsin,2001,4,2001-04,violent-crime,estimates,935,17.65,5401906,5296622,98.05
WI,Wisconsin,2001,5,2001-05,violent-crime,estimates,1028,19.41,5401906,5295029,98.02
WI,Wisconsin,2001,6,2001-06,violent-crime,estimates,1086,20.47,5401906,5306414,98.23
WI,Wisconsin,2001,7,2001-07,violent-crime,estimates,1162,21.85,5401906,5318623,98.46
WI,Wisconsin,2001,8,2001-08,violent-crime,estimates,1135,21.34,5401906,5318623,98.46
WI,Wisconsin,2001,9,2001-09,violent-crime,estimates,1221,23.07,5401906,5292037,97.97
WI,Wisconsin,2001,10,2001-10,violent-crime,estimates,1189,22.48,5401906,5288099,97.89
WI,Wisconsin,2001,11,2001-11,violent-crime,estimates,1088,20.62,5401906,5276862,97.69
WI,Wisconsin,2001,12,2001-12,violent-crime,estimates,836,15.85,5401906,5275358,97.66
WI,Wisconsin,2002,1,2002-01,violent-crime,estimates,936,17.49,5441196,5351719,98.36
WI,Wisconsin,2002,2,2002-02,violent-crime,estimates,855,16.18,5441196,5283087,97.09
WI,Wisconsin,2002,3,2002-03,violent-crime,estimates,854,16.17,5441196,5281561,97.07
WI,Wisconsin,2002,4,2002-04,violent-crime,estimates,862,16.32,5441196,5283087,97.09
WI,Wisconsin,2002,5,2002-05,violent-crime,estimates,982,18.59,5441196,5283087,97.09
WI,Wisconsin,2002,6,2002-06,violent-crime,estimates,1011,19.16,5441196,5276982,96.98
WI,Wisconsin,2002,7,2002-07,violent-crime,estimates,1180,22.27,5441196,5298601,97.38
WI,Wisconsin,2002,8,2002-08,violent-crime,estimates,1054,20.01,5441196,5267662,96.81
WI,Wisconsin,2002,9,2002-09,violent-crime,estimates,1238,23.48,5441196,5273681,96.92
WI,Wisconsin,2002,10,2002-10,violent-crime,estimates,1132,21.55,5441196,5253759,96.56
WI,Wisconsin,2002,11,2002-11,violent-crime,estimates,1020,19.4,5441196,5256712,96.61
WI,Wisconsin,2002,12,2002-12,violent-crime,estimates,977,18.79,5441196,5198698,95.54
WI,Wisconsin,2003,1,2003-01,violent-crime,estimates,824,15.14,5472299,5444202,99.49
WI,Wisconsin,2003,2,2003-02,violent-crime,estimates,675,12.4,5472299,5444202,99.49
WI,Wisconsin,2003,3,2003-03,violent-crime,estimates,905,16.62,5472299,5444202,99.49
WI,Wisconsin,2003,4,2003-04,violent-crime,estimates,968,17.78,5472299,5444202,99.49
WI,Wisconsin,2003,5,2003-05,violent-crime,estimates,1081,19.86,5472299,5444202,99.49
WI,Wisconsin,2003,6,2003-06,violent-crime,estimates,1017,18.68,5472299,5444202,99.49
WI,Wisconsin,2003,7,2003-07,violent-crime,estimates,1198,22.48,5472299,5328937,97.38
WI,Wisconsin,2003,8,2003-08,violent-crime,estimates,1223,22.89,5472299,5341865,97.62
WI,Wisconsin,2003,9,2003-09,violent-crime,estimates,1056,19.83,5472299,5325861,97.32
WI,Wisconsin,2003,10,2003-10,violent-crime,estimates,1071,20.24,5472299,5290540,96.68
WI,Wisconsin,2003,11,2003-11,violent-crime,estimates,1011,19.1,5472299,5292711,96.72
WI,Wisconsin,2003,12,2003-12,violent-crime,estimates,920,17.65,5472299,5212482,95.25
WI,Wisconsin,2004,1,2004-01,violent-crime,estimates,839,15.23,5509026,5509026,100
WI,Wisconsin,2004,2,2004-02,violent-crime,estimates,788,14.3,5509026,5509026,100
WI,Wisconsin,2004,3,2004-03,violent-crime,estimates,857,15.56,5509026,5509026,100
WI,Wisconsin,2004,4,2004-04,violent-crime,estimates,914,16.59,5509026,5509026,100
WI,Wisconsin,2004,5,2004-05,violent-crime,estimates,1029,18.68,5509026,5509026,100
WI,Wisconsin,2004,6,2004-06,violent-crime,estimates,1063,19.3,5509026,5509026,100
WI,Wisconsin,2004,7,2004-07,violent-crime,estimates,1103,20.19,5509026,5462802,99.16
WI,Wisconsin,2004,8,2004-08,violent-crime,estimates,1027,18.78,5509026,5469270,99.28
WI,Wisconsin,2004,9,2004-09,violent-crime,estimates,865,15.8,5509026,5474493,99.37
WI,Wisconsin,2004,10,2004-10,violent-crime,estimates,1107,20.23,5509026,5472789,99.34
WI,Wisconsin,2004,11,2004-11,violent-crime,estimates,1021,18.91,5509026,5398442,97.99
WI,Wisconsin,2004,12,2004-12,violent-crime,estimates,847,15.5,5509026,5465921,99.22
WI,Wisconsin,2005,1,2005-01,violent-crime,estimates,921,16.77,5536201,5492417,99.21
WI,Wisconsin,2005,2,2005-02,violent-crime,estimates,725,13.2,5536201,5492417,99.21
WI,Wisconsin,2005,3,2005-03,violent-crime,estimates,920,16.76,5536201,5488136,99.13
WI,Wisconsin,2005,4,2005-04,violent-crime,estimates,1012,18.44,5536201,5488136,99.13
WI,Wisconsin,2005,5,2005-05,violent-crime,estimates,1169,21.31,5536201,5486012,99.09
WI,Wisconsin,2005,6,2005-06,violent-crime,estimates,1176,21.48,5536201,5474122,98.88
WI,Wisconsin,2005,7,2005-07,violent-crime,estimates,1346,24.61,5536201,5469897,98.8
WI,Wisconsin,2005,8,2005-08,violent-crime,estimates,1242,22.8,5536201,5447455,98.4
WI,Wisconsin,2005,9,2005-09,violent-crime,estimates,1269,23.31,5536201,5443853,98.33
WI,Wisconsin,2005,10,2005-10,violent-crime,estimates,1303,24.09,5536201,5408130,97.69
WI,Wisconsin,2005,11,2005-11,violent-crime,estimates,1087,20.02,5536201,5429804,98.08
WI,Wisconsin,2005,12,2005-12,violent-crime,estimates,1090,20.07,5536201,5431054,98.1
WI,Wisconsin,2006,1,2006-01,violent-crime,estimates,1209,21.76,5556506,5556506,100
WI,Wisconsin,2006,2,2006-02,violent-crime,estimates,928,16.71,5556506,5555002,99.97
WI,Wisconsin,2006,3,2006-03,violent-crime,estimates,1103,19.86,5556506,5555002,99.97
WI,Wisconsin,2006,4,2006-04,violent-crime,estimates,1325,23.86,5556506,5553618,99.95
WI,Wisconsin,2006,5,2006-05,violent-crime,estimates,1373,24.72,5556506,5553618,99.95
WI,Wisconsin,2006,6,2006-06,violent-crime,estimates,1447,26.22,5556506,5517812,99.3
WI,Wisconsin,2006,7,2006-07,violent-crime,estimates,1583,28.52,5556506,5550678,99.9
WI,Wisconsin,2006,8,2006-08,violent-crime,estimates,1438,25.91,5556506,5550678,99.9
WI,Wisconsin,2006,9,2006-09,violent-crime,estimates,1385,24.94,5556506,5552897,99.94
WI,Wisconsin,2006,10,2006-10,violent-crime,estimates,1508,27.2,5556506,5544910,99.79
WI,Wisconsin,2006,11,2006-11,violent-crime,estimates,1319,23.75,5556506,5552897,99.94
WI,Wisconsin,2006,12,2006-12,violent-crime,estimates,1265,22.78,5556506,5552310,99.92
WI,Wisconsin,2007,1,2007-01,violent-crime,estimates,1394,24.92,5601640,5593642,99.86
WI,Wisconsin,2007,2,2007-02,violent-crime,estimates,1035,18.5,5601640,5593642,99.86
WI,Wisconsin,2007,3,2007-03,violent-crime,estimates,1328,23.74,5601640,5593642,99.86
WI,Wisconsin,2007,4,2007-04,violent-crime,estimates,1376,24.6,5601640,5593642,99.86
WI,Wisconsin,2007,5,2007-05,violent-crime,estimates,1358,24.28,5601640,5593642,99.86
WI,Wisconsin,2007,6,2007-06,violent-crime,estimates,1435,25.65,5601640,5593642,99.86
WI,Wisconsin,2007,7,2007-07,violent-crime,estimates,1565,28,5601640,5588929,99.77
WI,Wisconsin,2007,8,2007-08,violent-crime,estimates,1548,27.7,5601640,5588929,99.77
WI,Wisconsin,2007,9,2007-09,violent-crime,estimates,1434,25.66,5601640,5588929,99.77
WI,Wisconsin,2007,10,2007-10,violent-crime,estimates,1474,26.46,5601640,5571404,99.46
WI,Wisconsin,2007,11,2007-11,violent-crime,estimates,1296,23.26,5601640,5571404,99.46
WI,Wisconsin,2007,12,2007-12,violent-crime,estimates,1066,19.13,5601640,5571404,99.46
WI,Wisconsin,2008,1,2008-01,violent-crime,estimates,1198,21.29,5627967,5627380,99.99
WI,Wisconsin,2008,2,2008-02,violent-crime,estimates,963,17.13,5627967,5621266,99.88
WI,Wisconsin,2008,3,2008-03,violent-crime,estimates,1153,20.51,5627967,5621266,99.88
WI,Wisconsin,2008,4,2008-04,violent-crime,estimates,1229,21.86,5627967,5621853,99.89
WI,Wisconsin,2008,5,2008-05,violent-crime,estimates,1341,23.85,5627967,5621853,99.89
WI,Wisconsin,2008,6,2008-06,violent-crime,estimates,1421,25.39,5627967,5597005,99.45
WI,Wisconsin,2008,7,2008-07,violent-crime,estimates,1556,27.81,5627967,5595594,99.42
WI,Wisconsin,2008,8,2008-08,violent-crime,estimates,1441,25.75,5627967,5597005,99.45
WI,Wisconsin,2008,9,2008-09,violent-crime,estimates,1490,26.63,5627967,5595847,99.43
WI,Wisconsin,2008,10,2008-10,violent-crime,estimates,1442,25.76,5627967,5597005,99.45
WI,Wisconsin,2008,11,2008-11,violent-crime,estimates,1281,22.86,5627967,5602744,99.55
WI,Wisconsin,2008,12,2008-12,violent-crime,estimates,975,17.4,5627967,5602744,99.55
WI,Wisconsin,2009,1,2009-01,violent-crime,estimates,1057,18.75,5654774,5638456,99.71
WI,Wisconsin,2009,2,2009-02,violent-crime,estimates,896,15.9,5654774,5635651,99.66
WI,Wisconsin,2009,3,2009-03,violent-crime,estimates,1176,20.87,5654774,5635442,99.66
WI,Wisconsin,2009,4,2009-04,violent-crime,estimates,1225,21.78,5654774,5623984,99.46
WI,Wisconsin,2009,5,2009-05,violent-crime,estimates,1340,23.77,5654774,5637995,99.7
WI,Wisconsin,2009,6,2009-06,violent-crime,estimates,1307,23.18,5654774,5637995,99.7
WI,Wisconsin,2009,7,2009-07,violent-crime,estimates,1331,23.69,5654774,5619222,99.37
WI,Wisconsin,2009,8,2009-08,violent-crime,estimates,1351,24.02,5654774,5625265,99.48
WI,Wisconsin,2009,9,2009-09,violent-crime,estimates,1267,22.56,5654774,5615525,99.31
WI,Wisconsin,2009,10,2009-10,violent-crime,estimates,1406,24.99,5654774,5626720,99.5
WI,Wisconsin,2009,11,2009-11,violent-crime,estimates,1221,21.76,5654774,5612325,99.25
WI,Wisconsin,2009,12,2009-12,violent-crime,estimates,1022,18.21,5654774,5613515,99.27
WI,Wisconsin,2010,1,2010-01,violent-crime,estimates,1140,20.16,5686986,5655179,99.44
WI,Wisconsin,2010,2,2010-02,violent-crime,estimates,832,14.7,5686986,5659167,99.51
WI,Wisconsin,2010,3,2010-03,violent-crime,estimates,1051,18.57,5686986,5659167,99.51
WI,Wisconsin,2010,4,2010-04,violent-crime,estimates,1128,20.05,5686986,5624912,98.91
WI,Wisconsin,2010,5,2010-05,violent-crime,estimates,1307,23.1,5686986,5656967,99.47
WI,Wisconsin,2010,6,2010-06,violent-crime,estimates,1218,21.76,5686986,5597216,98.42
WI,Wisconsin,2010,7,2010-07,violent-crime,estimates,1355,24.35,5686986,5564101,97.84
WI,Wisconsin,2010,8,2010-08,violent-crime,estimates,1318,23.71,5686986,5559170,97.75
WI,Wisconsin,2010,9,2010-09,violent-crime,estimates,1233,22.05,5686986,5590757,98.31
WI,Wisconsin,2010,10,2010-10,violent-crime,estimates,1272,22.85,5686986,5567310,97.9
WI,Wisconsin,2010,11,2010-11,violent-crime,estimates,1130,20.29,5686986,5568171,97.91
WI,Wisconsin,2010,12,2010-12,violent-crime,estimates,1090,19.59,5686986,5565107,97.86
WI,Wisconsin,2011,1,2011-01,violent-crime,estimates,1105,19.46,5711767,5678822,99.42
WI,Wisconsin,2011,2,2011-02,violent-crime,estimates,797,14.04,5711767,5676346,99.38
WI,Wisconsin,2011,3,2011-03,violent-crime,estimates,1078,19.01,5711767,5670079,99.27
WI,Wisconsin,2011,4,2011-04,violent-crime,estimates,1171,20.67,5711767,5666204,99.2
WI,Wisconsin,2011,5,2011-05,violent-crime,estimates,1256,22.16,5711767,5666920,99.21
WI,Wisconsin,2011,6,2011-06,violent-crime,estimates,1292,22.81,5711767,5664829,99.18
WI,Wisconsin,2011,7,2011-07,violent-crime,estimates,1456,25.69,5711767,5668633,99.24
WI,Wisconsin,2011,8,2011-08,violent-crime,estimates,1412,24.96,5711767,5658155,99.06
WI,Wisconsin,2011,9,2011-09,violent-crime,estimates,1174,20.7,5711767,5672062,99.3
WI,Wisconsin,2011,10,2011-10,violent-crime,estimates,1278,23.01,5711767,5555127,97.26
WI,Wisconsin,2011,11,2011-11,violent-crime,estimates,1077,19.3,5711767,5579403,97.68
WI,Wisconsin,2011,12,2011-12,violent-crime,estimates,1056,18.94,5711767,5575339,97.61
WI,Wisconsin,2012,1,2012-01,violent-crime,estimates,1119,19.73,5726398,5670693,99.03
WI,Wisconsin,2012,2,2012-02,violent-crime,estimates,902,15.9,5726398,5674148,99.09
WI,Wisconsin,2012,3,2012-03,violent-crime,estimates,1248,22.02,5726398,5666392,98.95
WI,Wisconsin,2012,4,2012-04,violent-crime,estimates,1293,22.83,5726398,5664658,98.92
WI,Wisconsin,2012,5,2012-05,violent-crime,estimates,1474,26.02,5726398,5664658,98.92
WI,Wisconsin,2012,6,2012-06,violent-crime,estimates,1517,26.85,5726398,5648951,98.65
WI,Wisconsin,2012,7,2012-07,violent-crime,estimates,1667,29.56,5726398,5639852,98.49
WI,Wisconsin,2012,8,2012-08,violent-crime,estimates,1599,28.46,5726398,5619117,98.13
WI,Wisconsin,2012,9,2012-09,violent-crime,estimates,1387,24.57,5726398,5644107,98.56
WI,Wisconsin,2012,10,2012-10,violent-crime,estimates,1315,23.33,5726398,5635604,98.41
WI,Wisconsin,2012,11,2012-11,violent-crime,estimates,1353,23.97,5726398,5644255,98.57
WI,Wisconsin,2012,12,2012-12,violent-crime,estimates,1209,21.46,5726398,5633999,98.39
WI,Wisconsin,2013,1,2013-01,violent-crime,estimates,1277,22.38,5742713,5704847,99.34
WI,Wisconsin,2013,2,2013-02,violent-crime,estimates,933,16.36,5742713,5703659,99.32
WI,Wisconsin,2013,3,2013-03,violent-crime,estimates,1120,19.75,5742713,5672121,98.77
WI,Wisconsin,2013,4,2013-04,violent-crime,estimates,1240,21.86,5742713,5672121,98.77
WI,Wisconsin,2013,5,2013-05,violent-crime,estimates,1400,24.68,5742713,5672121,98.77
WI,Wisconsin,2013,6,2013-06,violent-crime,estimates,1449,25.55,5742713,5672121,98.77
WI,Wisconsin,2013,7,2013-07,violent-crime,estimates,1616,28.49,5742713,5672121,98.77
WI,Wisconsin,2013,8,2013-08,violent-crime,estimates,1550,27.33,5742713,5671223,98.76
WI,Wisconsin,2013,9,2013-09,violent-crime,estimates,1392,24.54,5742713,5672121,98.77
WI,Wisconsin,2013,10,2013-10,violent-crime,estimates,1283,22.62,5742713,5672121,98.77
WI,Wisconsin,2013,11,2013-11,violent-crime,estimates,1214,21.4,5742713,5672121,98.77
WI,Wisconsin,2013,12,2013-12,violent-crime,estimates,1223,21.59,5742713,5665583,98.66
WI,Wisconsin,2014,1,2014-01,violent-crime,estimates,1159,20.58,5757564,5632033,97.82
WI,Wisconsin,2014,2,2014-02,violent-crime,estimates,927,16.43,5757564,5641521,97.98
WI,Wisconsin,2014,3,2014-03,violent-crime,estimates,1210,21.59,5757564,5603546,97.32
WI,Wisconsin,2014,4,2014-04,violent-crime,estimates,1240,22.15,5757564,5599252,97.25
WI,Wisconsin,2014,5,2014-05,violent-crime,estimates,1451,25.91,5757564,5599252,97.25
WI,Wisconsin,2014,6,2014-06,violent-crime,estimates,1594,28.37,5757564,5619052,97.59
WI,Wisconsin,2014,7,2014-07,violent-crime,estimates,1507,26.91,5757564,5599252,97.25
WI,Wisconsin,2014,8,2014-08,violent-crime,estimates,1619,28.91,5757564,5599252,97.25
WI,Wisconsin,2014,9,2014-09,violent-crime,estimates,1444,25.79,5757564,5599252,97.25
WI,Wisconsin,2014,10,2014-10,violent-crime,estimates,1427,25.43,5757564,5611665,97.47
WI,Wisconsin,2014,11,2014-11,violent-crime,estimates,1313,23.48,5757564,5591865,97.12
WI,Wisconsin,2014,12,2014-12,violent-crime,estimates,1434,25.53,5757564,5617486,97.57
WI,Wisconsin,2015,1,2015-01,violent-crime,estimates,1290,22.56,5771337,5717358,99.06
WI,Wisconsin,2015,2,2015-02,violent-crime,estimates,1002,17.53,5771337,5717358,99.06
WI,Wisconsin,2015,3,2015-03,violent-crime,estimates,1288,22.53,5771337,5717358,99.06
WI,Wisconsin,2015,4,2015-04,violent-crime,estimates,1352,23.65,5771337,5717358,99.06
WI,Wisconsin,2015,5,2015-05,violent-crime,estimates,1477,26.05,5771337,5670123,98.25
WI,Wisconsin,2015,6,2015-06,violent-crime,estimates,1500,26.32,5771337,5698802,98.74
WI,Wisconsin,2015,7,2015-07,violent-crime,estimates,1713,30.21,5771337,5670123,98.25
WI,Wisconsin,2015,8,2015-08,violent-crime,estimates,1682,29.66,5771337,5670123,98.25
WI,Wisconsin,2015,9,2015-09,violent-crime,estimates,1480,26.1,5771337,5670123,98.25
WI,Wisconsin,2015,10,2015-10,violent-crime,estimates,1422,25.02,5771337,5682682,98.46
WI,Wisconsin,2015,11,2015-11,violent-crime,estimates,1415,24.96,5771337,5670123,98.25
WI,Wisconsin,2015,12,2015-12,violent-crime,estimates,1459,25.73,5771337,5670123,98.25
WI,Wisconsin,2016,1,2016-01,violent-crime,estimates,1455,25.36,5778708,5738250,99.3
WI,Wisconsin,2016,2,2016-02,violent-crime,estimates,1272,22.17,5778708,5738250,99.3
WI,Wisconsin,2016,3,2016-03,violent-crime,estimates,1408,24.54,5778708,5738250,99.3
WI,Wisconsin,2016,4,2016-04,violent-crime,estimates,1379,24.03,5778708,5738250,99.3
WI,Wisconsin,2016,5,2016-05,violent-crime,estimates,1494,26.04,5778708,5738250,99.3
WI,Wisconsin,2016,6,2016-06,violent-crime,estimates,1502,26.18,5778708,5738250,99.3
WI,Wisconsin,2016,7,2016-07,violent-crime,estimates,1614,28.12,5778708,5738949,99.31
WI,Wisconsin,2016,8,2016-08,violent-crime,estimates,1557,27.13,5778708,5738949,99.31
WI,Wisconsin,2016,9,2016-09,violent-crime,estimates,1452,25.3,5778708,5738949,99.31
WI,Wisconsin,2016,10,2016-10,violent-crime,estimates,1609,28.03,5778708,5740407,99.34
WI,Wisconsin,2016,11,2016-11,violent-crime,estimates,1429,24.89,5778708,5740407,99.34
WI,Wisconsin,2016,12,2016-12,violent-crime,estimates,1293,22.52,5778708,5740407,99.34
WI,Wisconsin,2017,1,2017-01,violent-crime,estimates,1516,26.31,5795483,5762413,99.43
WI,Wisconsin,2017,2,2017-02,violent-crime,estimates,1217,21.11,5795483,5763836,99.45
WI,Wisconsin,2017,3,2017-03,violent-crime,estimates,1379,23.93,5795483,5762413,99.43
WI,Wisconsin,2017,4,2017-04,violent-crime,estimates,1458,25.3,5795483,5762413,99.43
WI,Wisconsin,2017,5,2017-05,violent-crime,estimates,1752,30.4,5795483,5762413,99.43
WI,Wisconsin,2017,6,2017-06,violent-crime,estimates,1643,28.51,5795483,5762413,99.43
WI,Wisconsin,2017,7,2017-07,violent-crime,estimates,1792,31.1,5795483,5761581,99.42
WI,Wisconsin,2017,8,2017-08,violent-crime,estimates,1626,28.22,5795483,5761581,99.42
WI,Wisconsin,2017,9,2017-09,violent-crime,estimates,1678,29.13,5795483,5760433,99.4
WI,Wisconsin,2017,10,2017-10,violent-crime,estimates,1554,26.98,5795483,5760433,99.4
WI,Wisconsin,2017,11,2017-11,violent-crime,estimates,1562,27.12,5795483,5760433,99.4
WI,Wisconsin,2017,12,2017-12,violent-crime,estimates,1425,24.74,5795483,5759342,99.38
WY,Wyoming,1999,1,1999-01,violent-crime,estimates,85,17.78,480000,477967,99.58
WY,Wyoming,1999,2,1999-02,violent-crime,estimates,105,21.97,480000,477967,99.58
WY,Wyoming,1999,3,1999-03,violent-crime,estimates,71,14.85,480000,477967,99.58
WY,Wyoming,1999,4,1999-04,violent-crime,estimates,75,15.69,480000,477967,99.58
WY,Wyoming,1999,5,1999-05,violent-crime,estimates,91,19.08,480000,476985,99.37
WY,Wyoming,1999,6,1999-06,violent-crime,estimates,107,22.43,480000,476985,99.37
WY,Wyoming,1999,7,1999-07,violent-crime,estimates,110,23.06,480000,476985,99.37
WY,Wyoming,1999,8,1999-08,violent-crime,estimates,116,24.32,480000,476985,99.37
WY,Wyoming,1999,9,1999-09,violent-crime,estimates,88,18.45,480000,476985,99.37
WY,Wyoming,1999,10,1999-10,violent-crime,estimates,112,23.48,480000,476985,99.37
WY,Wyoming,1999,11,1999-11,violent-crime,estimates,81,16.98,480000,476985,99.37
WY,Wyoming,1999,12,1999-12,violent-crime,estimates,70,14.68,480000,476985,99.37
WY,Wyoming,2000,1,2000-01,violent-crime,estimates,92,18.7,493782,491996,99.64
WY,Wyoming,2000,2,2000-02,violent-crime,estimates,101,20.53,493782,491996,99.64
WY,Wyoming,2000,3,2000-03,violent-crime,estimates,110,22.36,493782,491996,99.64
WY,Wyoming,2000,4,2000-04,violent-crime,estimates,103,20.94,493782,491996,99.64
WY,Wyoming,2000,5,2000-05,violent-crime,estimates,99,20.12,493782,491996,99.64
WY,Wyoming,2000,6,2000-06,violent-crime,estimates,127,25.81,493782,491996,99.64
WY,Wyoming,2000,7,2000-07,violent-crime,estimates,121,24.59,493782,491996,99.64
WY,Wyoming,2000,8,2000-08,violent-crime,estimates,142,28.86,493782,491996,99.64
WY,Wyoming,2000,9,2000-09,violent-crime,estimates,108,21.95,493782,491996,99.64
WY,Wyoming,2000,10,2000-10,violent-crime,estimates,109,22.15,493782,491996,99.64
WY,Wyoming,2000,11,2000-11,violent-crime,estimates,96,19.51,493782,491996,99.64
WY,Wyoming,2000,12,2000-12,violent-crime,estimates,102,20.73,493782,491996,99.64
WY,Wyoming,2001,1,2001-01,violent-crime,estimates,70,14.21,494423,492634,99.64
WY,Wyoming,2001,2,2001-02,violent-crime,estimates,99,20.1,494423,492634,99.64
WY,Wyoming,2001,3,2001-03,violent-crime,estimates,105,21.31,494423,492634,99.64
WY,Wyoming,2001,4,2001-04,violent-crime,estimates,91,18.71,494423,486499,98.4
WY,Wyoming,2001,5,2001-05,violent-crime,estimates,98,19.89,494423,492634,99.64
WY,Wyoming,2001,6,2001-06,violent-crime,estimates,126,25.58,494423,492634,99.64
WY,Wyoming,2001,7,2001-07,violent-crime,estimates,128,25.98,494423,492634,99.64
WY,Wyoming,2001,8,2001-08,violent-crime,estimates,147,30.22,494423,486499,98.4
WY,Wyoming,2001,9,2001-09,violent-crime,estimates,119,24.46,494423,486499,98.4
WY,Wyoming,2001,10,2001-10,violent-crime,estimates,85,17.47,494423,486499,98.4
WY,Wyoming,2001,11,2001-11,violent-crime,estimates,89,18.29,494423,486499,98.4
WY,Wyoming,2001,12,2001-12,violent-crime,estimates,104,21.38,494423,486499,98.4
WY,Wyoming,2002,1,2002-01,violent-crime,estimates,114,23.01,498703,495437,99.35
WY,Wyoming,2002,2,2002-02,violent-crime,estimates,98,19.78,498703,495437,99.35
WY,Wyoming,2002,3,2002-03,violent-crime,estimates,110,22.2,498703,495437,99.35
WY,Wyoming,2002,4,2002-04,violent-crime,estimates,79,16.15,498703,489249,98.1
WY,Wyoming,2002,5,2002-05,violent-crime,estimates,113,23.1,498703,489249,98.1
WY,Wyoming,2002,6,2002-06,violent-crime,estimates,139,28.52,498703,487292,97.71
WY,Wyoming,2002,7,2002-07,violent-crime,estimates,146,29.96,498703,487292,97.71
WY,Wyoming,2002,8,2002-08,violent-crime,estimates,134,27.5,498703,487292,97.71
WY,Wyoming,2002,9,2002-09,violent-crime,estimates,106,21.75,498703,487292,97.71
WY,Wyoming,2002,10,2002-10,violent-crime,estimates,112,22.98,498703,487292,97.71
WY,Wyoming,2002,11,2002-11,violent-crime,estimates,92,18.88,498703,487292,97.71
WY,Wyoming,2002,12,2002-12,violent-crime,estimates,93,19.09,498703,487292,97.71
WY,Wyoming,2003,1,2003-01,violent-crime,estimates,105,21.42,501242,490145,97.79
WY,Wyoming,2003,2,2003-02,violent-crime,estimates,71,14.49,501242,490145,97.79
WY,Wyoming,2003,3,2003-03,violent-crime,estimates,89,18.16,501242,490145,97.79
WY,Wyoming,2003,4,2003-04,violent-crime,estimates,117,23.93,501242,488962,97.55
WY,Wyoming,2003,5,2003-05,violent-crime,estimates,108,22.09,501242,488962,97.55
WY,Wyoming,2003,6,2003-06,violent-crime,estimates,129,26.38,501242,488962,97.55
WY,Wyoming,2003,7,2003-07,violent-crime,estimates,133,27.3,501242,487191,97.2
WY,Wyoming,2003,8,2003-08,violent-crime,estimates,135,27.71,501242,487191,97.2
WY,Wyoming,2003,9,2003-09,violent-crime,estimates,114,23.4,501242,487191,97.2
WY,Wyoming,2003,10,2003-10,violent-crime,estimates,97,19.65,501242,493665,98.49
WY,Wyoming,2003,11,2003-11,violent-crime,estimates,99,20.07,501242,493167,98.39
WY,Wyoming,2003,12,2003-12,violent-crime,estimates,85,17.45,501242,487191,97.2
WY,Wyoming,2004,1,2004-01,violent-crime,estimates,86,17.37,506529,495000,97.72
WY,Wyoming,2004,2,2004-02,violent-crime,estimates,76,15.35,506529,495000,97.72
WY,Wyoming,2004,3,2004-03,violent-crime,estimates,81,16.36,506529,495000,97.72
WY,Wyoming,2004,4,2004-04,violent-crime,estimates,75,15.15,506529,495000,97.72
WY,Wyoming,2004,5,2004-05,violent-crime,estimates,96,19.25,506529,498720,98.46
WY,Wyoming,2004,6,2004-06,violent-crime,estimates,125,25.37,506529,492693,97.27
WY,Wyoming,2004,7,2004-07,violent-crime,estimates,103,20.91,506529,492693,97.27
WY,Wyoming,2004,8,2004-08,violent-crime,estimates,117,23.75,506529,492693,97.27
WY,Wyoming,2004,9,2004-09,violent-crime,estimates,107,21.72,506529,492693,97.27
WY,Wyoming,2004,10,2004-10,violent-crime,estimates,109,22.12,506529,492693,97.27
WY,Wyoming,2004,11,2004-11,violent-crime,estimates,90,18.27,506529,492693,97.27
WY,Wyoming,2004,12,2004-12,violent-crime,estimates,72,14.61,506529,492693,97.27
WY,Wyoming,2005,1,2005-01,violent-crime,estimates,100,20.09,509294,497656,97.71
WY,Wyoming,2005,2,2005-02,violent-crime,estimates,81,16.08,509294,503805,98.92
WY,Wyoming,2005,3,2005-03,violent-crime,estimates,83,16.68,509294,497656,97.71
WY,Wyoming,2005,4,2005-04,violent-crime,estimates,84,16.88,509294,497656,97.71
WY,Wyoming,2005,5,2005-05,violent-crime,estimates,89,17.88,509294,497656,97.71
WY,Wyoming,2005,6,2005-06,violent-crime,estimates,105,21.1,509294,497656,97.71
WY,Wyoming,2005,7,2005-07,violent-crime,estimates,115,23.11,509294,497656,97.71
WY,Wyoming,2005,8,2005-08,violent-crime,estimates,117,23.51,509294,497656,97.71
WY,Wyoming,2005,9,2005-09,violent-crime,estimates,90,18.08,509294,497656,97.71
WY,Wyoming,2005,10,2005-10,violent-crime,estimates,122,24.22,509294,503805,98.92
WY,Wyoming,2005,11,2005-11,violent-crime,estimates,86,17.07,509294,503805,98.92
WY,Wyoming,2005,12,2005-12,violent-crime,estimates,71,14.48,509294,490411,96.29
WY,Wyoming,2006,1,2006-01,violent-crime,estimates,92,18.28,515004,503327,97.73
WY,Wyoming,2006,2,2006-02,violent-crime,estimates,85,16.89,515004,503327,97.73
WY,Wyoming,2006,3,2006-03,violent-crime,estimates,109,21.66,515004,503327,97.73
WY,Wyoming,2006,4,2006-04,violent-crime,estimates,110,21.85,515004,503327,97.73
WY,Wyoming,2006,5,2006-05,violent-crime,estimates,126,25.03,515004,503327,97.73
WY,Wyoming,2006,6,2006-06,violent-crime,estimates,132,26.23,515004,503327,97.73
WY,Wyoming,2006,7,2006-07,violent-crime,estimates,136,27.04,515004,502901,97.65
WY,Wyoming,2006,8,2006-08,violent-crime,estimates,106,21.08,515004,502901,97.65
WY,Wyoming,2006,9,2006-09,violent-crime,estimates,102,20.28,515004,502901,97.65
WY,Wyoming,2006,10,2006-10,violent-crime,estimates,99,19.69,515004,502901,97.65
WY,Wyoming,2006,11,2006-11,violent-crime,estimates,94,18.69,515004,502901,97.65
WY,Wyoming,2006,12,2006-12,violent-crime,estimates,85,16.9,515004,502901,97.65
WY,Wyoming,2007,1,2007-01,violent-crime,estimates,98,18.96,522830,516866,98.86
WY,Wyoming,2007,2,2007-02,violent-crime,estimates,81,15.67,522830,516866,98.86
WY,Wyoming,2007,3,2007-03,violent-crime,estimates,91,17.61,522830,516866,98.86
WY,Wyoming,2007,4,2007-04,violent-crime,estimates,132,25.54,522830,516866,98.86
WY,Wyoming,2007,5,2007-05,violent-crime,estimates,119,23.02,522830,516866,98.86
WY,Wyoming,2007,6,2007-06,violent-crime,estimates,114,22.07,522830,516496,98.79
WY,Wyoming,2007,7,2007-07,violent-crime,estimates,140,26.99,522830,518691,99.21
WY,Wyoming,2007,8,2007-08,violent-crime,estimates,133,25.66,522830,518250,99.12
WY,Wyoming,2007,9,2007-09,violent-crime,estimates,101,19.49,522830,518250,99.12
WY,Wyoming,2007,10,2007-10,violent-crime,estimates,107,20.65,522830,518250,99.12
WY,Wyoming,2007,11,2007-11,violent-crime,estimates,106,20.45,522830,518250,99.12
WY,Wyoming,2007,12,2007-12,violent-crime,estimates,99,19.1,522830,518250,99.12
WY,Wyoming,2008,1,2008-01,violent-crime,estimates,122,23.11,532668,528009,99.13
WY,Wyoming,2008,2,2008-02,violent-crime,estimates,98,18.56,532668,528009,99.13
WY,Wyoming,2008,3,2008-03,violent-crime,estimates,86,16.29,532668,528009,99.13
WY,Wyoming,2008,4,2008-04,violent-crime,estimates,94,17.8,532668,528009,99.13
WY,Wyoming,2008,5,2008-05,violent-crime,estimates,117,22.16,532668,528009,99.13
WY,Wyoming,2008,6,2008-06,violent-crime,estimates,116,21.97,532668,528009,99.13
WY,Wyoming,2008,7,2008-07,violent-crime,estimates,133,25.19,532668,528009,99.13
WY,Wyoming,2008,8,2008-08,violent-crime,estimates,137,25.95,532668,528009,99.13
WY,Wyoming,2008,9,2008-09,violent-crime,estimates,94,17.8,532668,528009,99.13
WY,Wyoming,2008,10,2008-10,violent-crime,estimates,100,18.94,532668,528009,99.13
WY,Wyoming,2008,11,2008-11,violent-crime,estimates,126,23.86,532668,528009,99.13
WY,Wyoming,2008,12,2008-12,violent-crime,estimates,91,17.23,532668,528009,99.13
WY,Wyoming,2009,1,2009-01,violent-crime,estimates,105,19.46,544270,539500,99.12
WY,Wyoming,2009,2,2009-02,violent-crime,estimates,75,13.9,544270,539500,99.12
WY,Wyoming,2009,3,2009-03,violent-crime,estimates,97,17.98,544270,539500,99.12
WY,Wyoming,2009,4,2009-04,violent-crime,estimates,101,18.72,544270,539500,99.12
WY,Wyoming,2009,5,2009-05,violent-crime,estimates,102,18.91,544270,539500,99.12
WY,Wyoming,2009,6,2009-06,violent-crime,estimates,91,16.87,544270,539500,99.12
WY,Wyoming,2009,7,2009-07,violent-crime,estimates,118,21.87,544270,539500,99.12
WY,Wyoming,2009,8,2009-08,violent-crime,estimates,111,20.57,544270,539500,99.12
WY,Wyoming,2009,9,2009-09,violent-crime,estimates,107,19.83,544270,539500,99.12
WY,Wyoming,2009,10,2009-10,violent-crime,estimates,80,14.83,544270,539500,99.12
WY,Wyoming,2009,11,2009-11,violent-crime,estimates,120,22.24,544270,539500,99.12
WY,Wyoming,2009,12,2009-12,violent-crime,estimates,76,14.09,544270,539500,99.12
WY,Wyoming,2010,1,2010-01,violent-crime,estimates,79,14.14,563626,558885,99.16
WY,Wyoming,2010,2,2010-02,violent-crime,estimates,73,13.06,563626,558885,99.16
WY,Wyoming,2010,3,2010-03,violent-crime,estimates,75,13.42,563626,558885,99.16
WY,Wyoming,2010,4,2010-04,violent-crime,estimates,77,13.78,563626,558885,99.16
WY,Wyoming,2010,5,2010-05,violent-crime,estimates,99,17.71,563626,558885,99.16
WY,Wyoming,2010,6,2010-06,violent-crime,estimates,87,15.57,563626,558885,99.16
WY,Wyoming,2010,7,2010-07,violent-crime,estimates,108,19.32,563626,558885,99.16
WY,Wyoming,2010,8,2010-08,violent-crime,estimates,85,15.21,563626,558885,99.16
WY,Wyoming,2010,9,2010-09,violent-crime,estimates,94,16.82,563626,558885,99.16
WY,Wyoming,2010,10,2010-10,violent-crime,estimates,111,19.82,563626,559985,99.35
WY,Wyoming,2010,11,2010-11,violent-crime,estimates,98,17.53,563626,558885,99.16
WY,Wyoming,2010,12,2010-12,violent-crime,estimates,121,21.65,563626,558885,99.16
WY,Wyoming,2011,1,2011-01,violent-crime,estimates,92,16.4,568158,561000,98.74
WY,Wyoming,2011,2,2011-02,violent-crime,estimates,103,18.36,568158,561000,98.74
WY,Wyoming,2011,3,2011-03,violent-crime,estimates,100,17.83,568158,561000,98.74
WY,Wyoming,2011,4,2011-04,violent-crime,estimates,86,15.36,568158,559844,98.54
WY,Wyoming,2011,5,2011-05,violent-crime,estimates,117,20.9,568158,559844,98.54
WY,Wyoming,2011,6,2011-06,violent-crime,estimates,111,19.83,568158,559844,98.54
WY,Wyoming,2011,7,2011-07,violent-crime,estimates,148,26.44,568158,559844,98.54
WY,Wyoming,2011,8,2011-08,violent-crime,estimates,126,22.51,568158,559844,98.54
WY,Wyoming,2011,9,2011-09,violent-crime,estimates,97,17.33,568158,559844,98.54
WY,Wyoming,2011,10,2011-10,violent-crime,estimates,92,16.43,568158,559844,98.54
WY,Wyoming,2011,11,2011-11,violent-crime,estimates,73,13.04,568158,559844,98.54
WY,Wyoming,2011,12,2011-12,violent-crime,estimates,81,14.78,568158,548033,96.46
WY,Wyoming,2012,1,2012-01,violent-crime,estimates,86,15.47,576412,556031,96.46
WY,Wyoming,2012,2,2012-02,violent-crime,estimates,103,18.52,576412,556031,96.46
WY,Wyoming,2012,3,2012-03,violent-crime,estimates,104,18.7,576412,556031,96.46
WY,Wyoming,2012,4,2012-04,violent-crime,estimates,87,15.65,576412,556031,96.46
WY,Wyoming,2012,5,2012-05,violent-crime,estimates,101,18.16,576412,556031,96.46
WY,Wyoming,2012,6,2012-06,violent-crime,estimates,87,15.65,576412,556031,96.46
WY,Wyoming,2012,7,2012-07,violent-crime,estimates,97,17.47,576412,555285,96.33
WY,Wyoming,2012,8,2012-08,violent-crime,estimates,96,17.29,576412,555285,96.33
WY,Wyoming,2012,9,2012-09,violent-crime,estimates,96,17.29,576412,555285,96.33
WY,Wyoming,2012,10,2012-10,violent-crime,estimates,109,19.63,576412,555285,96.33
WY,Wyoming,2012,11,2012-11,violent-crime,estimates,80,14.41,576412,555285,96.33
WY,Wyoming,2012,12,2012-12,violent-crime,estimates,81,14.59,576412,555285,96.33
WY,Wyoming,2013,1,2013-01,violent-crime,estimates,103,18.27,582658,563633,96.73
WY,Wyoming,2013,2,2013-02,violent-crime,estimates,85,15.08,582658,563633,96.73
WY,Wyoming,2013,3,2013-03,violent-crime,estimates,115,20.4,582658,563633,96.73
WY,Wyoming,2013,4,2013-04,violent-crime,estimates,99,17.56,582658,563633,96.73
WY,Wyoming,2013,5,2013-05,violent-crime,estimates,91,16.15,582658,563633,96.73
WY,Wyoming,2013,6,2013-06,violent-crime,estimates,98,17.39,582658,563633,96.73
WY,Wyoming,2013,7,2013-07,violent-crime,estimates,94,16.68,582658,563633,96.73
WY,Wyoming,2013,8,2013-08,violent-crime,estimates,79,14.02,582658,563633,96.73
WY,Wyoming,2013,9,2013-09,violent-crime,estimates,95,16.85,582658,563633,96.73
WY,Wyoming,2013,10,2013-10,violent-crime,estimates,81,14.4,582658,562339,96.51
WY,Wyoming,2013,11,2013-11,violent-crime,estimates,106,18.85,582658,562339,96.51
WY,Wyoming,2013,12,2013-12,violent-crime,estimates,75,13.34,582658,562339,96.51
WY,Wyoming,2014,1,2014-01,violent-crime,estimates,91,16.1,584153,565089,96.74
WY,Wyoming,2014,2,2014-02,violent-crime,estimates,83,14.72,584153,563896,96.53
WY,Wyoming,2014,3,2014-03,violent-crime,estimates,86,15.23,584153,564686,96.67
WY,Wyoming,2014,4,2014-04,violent-crime,estimates,93,16.47,584153,564686,96.67
WY,Wyoming,2014,5,2014-05,violent-crime,estimates,94,16.73,584153,561865,96.18
WY,Wyoming,2014,6,2014-06,violent-crime,estimates,88,15.66,584153,561865,96.18
WY,Wyoming,2014,7,2014-07,violent-crime,estimates,106,18.87,584153,561865,96.18
WY,Wyoming,2014,8,2014-08,violent-crime,estimates,114,20.29,584153,561865,96.18
WY,Wyoming,2014,9,2014-09,violent-crime,estimates,88,15.66,584153,561865,96.18
WY,Wyoming,2014,10,2014-10,violent-crime,estimates,83,14.77,584153,561865,96.18
WY,Wyoming,2014,11,2014-11,violent-crime,estimates,94,16.73,584153,561865,96.18
WY,Wyoming,2014,12,2014-12,violent-crime,estimates,77,13.7,584153,561865,96.18
WY,Wyoming,2015,1,2015-01,violent-crime,estimates,92,16.3,586107,564577,96.33
WY,Wyoming,2015,2,2015-02,violent-crime,estimates,79,13.99,586107,564577,96.33
WY,Wyoming,2015,3,2015-03,violent-crime,estimates,87,15.41,586107,564577,96.33
WY,Wyoming,2015,4,2015-04,violent-crime,estimates,84,14.88,586107,564577,96.33
WY,Wyoming,2015,5,2015-05,violent-crime,estimates,107,19.03,586107,562162,95.91
WY,Wyoming,2015,6,2015-06,violent-crime,estimates,100,17.79,586107,562162,95.91
WY,Wyoming,2015,7,2015-07,violent-crime,estimates,122,21.7,586107,562162,95.91
WY,Wyoming,2015,8,2015-08,violent-crime,estimates,118,20.99,586107,562162,95.91
WY,Wyoming,2015,9,2015-09,violent-crime,estimates,150,26.68,586107,562162,95.91
WY,Wyoming,2015,10,2015-10,violent-crime,estimates,115,20.46,586107,562162,95.91
WY,Wyoming,2015,11,2015-11,violent-crime,estimates,101,17.97,586107,562162,95.91
WY,Wyoming,2015,12,2015-12,violent-crime,estimates,96,17.08,586107,562162,95.91
WY,Wyoming,2016,1,2016-01,violent-crime,estimates,100,17.97,585501,556446,95.04
WY,Wyoming,2016,2,2016-02,violent-crime,estimates,89,15.99,585501,556446,95.04
WY,Wyoming,2016,3,2016-03,violent-crime,estimates,116,20.85,585501,556446,95.04
WY,Wyoming,2016,4,2016-04,violent-crime,estimates,116,20.85,585501,556446,95.04
WY,Wyoming,2016,5,2016-05,violent-crime,estimates,136,24.44,585501,556446,95.04
WY,Wyoming,2016,6,2016-06,violent-crime,estimates,113,20.31,585501,556446,95.04
WY,Wyoming,2016,7,2016-07,violent-crime,estimates,105,18.87,585501,556446,95.04
WY,Wyoming,2016,8,2016-08,violent-crime,estimates,141,25.34,585501,556446,95.04
WY,Wyoming,2016,9,2016-09,violent-crime,estimates,127,22.82,585501,556446,95.04
WY,Wyoming,2016,10,2016-10,violent-crime,estimates,128,23,585501,556446,95.04
WY,Wyoming,2016,11,2016-11,violent-crime,estimates,113,20.31,585501,556446,95.04
WY,Wyoming,2016,12,2016-12,violent-crime,estimates,78,14.02,585501,556446,95.04
WY,Wyoming,2017,1,2017-01,violent-crime,estimates,103,18.7,579315,550712,95.06
WY,Wyoming,2017,2,2017-02,violent-crime,estimates,101,18.34,579315,550712,95.06
WY,Wyoming,2017,3,2017-03,violent-crime,estimates,129,23.42,579315,550712,95.06
WY,Wyoming,2017,4,2017-04,violent-crime,estimates,90,16.34,579315,550712,95.06
WY,Wyoming,2017,5,2017-05,violent-crime,estimates,111,20.16,579315,550712,95.06
WY,Wyoming,2017,6,2017-06,violent-crime,estimates,112,20.34,579315,550712,95.06
WY,Wyoming,2017,7,2017-07,violent-crime,estimates,124,22.48,579315,551545,95.21
WY,Wyoming,2017,8,2017-08,violent-crime,estimates,125,22.66,579315,551545,95.21
WY,Wyoming,2017,9,2017-09,violent-crime,estimates,116,21.03,579315,551545,95.21
WY,Wyoming,2017,10,2017-10,violent-crime,estimates,108,19.58,579315,551545,95.21
WY,Wyoming,2017,11,2017-11,violent-crime,estimates,87,15.77,579315,551545,95.21
WY,Wyoming,2017,12,2017-12,violent-crime,estimates,107,19.34,579315,553149,95.48
